Finishing_Category,Brand,Product_Name,Category,Specification,Application,Power_W,Quality_Level,Quality_Score,Unit,Quantity_Rule,Rule_Value,Required_For,Optional,Price_EGP,Subcategory,Grade,Quality_Price_Band,Source_File,Price_Outlier
Electrical Finishing,El Sewedy Electric,Modern Chandelier,Electrical,6 Lights LED,Reception,36,Medium,8.5,Piece,Per_Reception,1,Reception,True,1273,Modern Chandelier,Not Applicable,Medium: 174 - 2252,electrical_finishing.csv,False
Electrical Finishing,Venus Electric,Modern Chandelier,Electrical,6 Lights LED,Reception,36,High,8.5,Piece,Per_Reception,1,Reception,True,2564,Modern Chandelier,Not Applicable,High: > 2252,electrical_finishing.csv,False
Electrical Finishing,Opple,Modern Chandelier,Electrical,6 Lights LED,Reception,36,High,8.5,Piece,Per_Reception,1,Reception,True,2699,Modern Chandelier,Not Applicable,High: > 2252,electrical_finishing.csv,False
Electrical Finishing,El Sewedy Electric,LED Spotlight,Electrical,7W Recessed,Bedrooms,7,Low,7.5,Piece,Per_Room,4,Bedroom,False,145,LED Spotlight,Not Applicable,Low: <= 174,electrical_finishing.csv,False
Electrical Finishing,Venus Electric,LED Downlight,Electrical,18W Recessed,Reception,18,Low,8.8,Piece,Per_Reception,8,Reception,False,113,LED Downlight,Not Applicable,Low: <= 174,electrical_finishing.csv,False
Electrical Finishing,Opple,Modern Chandelier,Electrical,6 Lights LED,Reception,36,High,8.5,Piece,Per_Reception,1,Reception,True,2407,Modern Chandelier,Not Applicable,High: > 2252,electrical_finishing.csv,False
Electrical Finishing,Venus Electric,Modern Chandelier,Electrical,6 Lights LED,Reception,36,Medium,8.5,Piece,Per_Reception,1,Reception,True,1683,Modern Chandelier,Not Applicable,Medium: 174 - 2252,electrical_finishing.csv,False
Electrical Finishing,El Sewedy Electric,Modern Chandelier,Electrical,6 Lights LED,Reception,36,High,8.5,Piece,Per_Reception,1,Reception,True,2920,Modern Chandelier,Not Applicable,High: > 2252,electrical_finishing.csv,False
Electrical Finishing,Opple,Modern Chandelier,Electrical,6 Lights LED,Reception,36,Medium,8.5,Piece,Per_Reception,1,Reception,True,1940,Modern Chandelier,Not Applicable,Medium: 174 - 2252,electrical_finishing.csv,False
Electrical Finishing,Venus Electric,Modern Chandelier,Electrical,6 Lights LED,Reception,36,Medium,8.5,Piece,Per_Reception,1,Reception,True,1577,Modern Chandelier,Not Applicable,Medium: 174 - 2252,electrical_finishing.csv,False
Electrical Finishing,Osram,Modern Chandelier,Electrical,6 Lights LED,Reception,36,Medium,8.5,Piece,Per_Reception,1,Reception,True,2047,Modern Chandelier,Not Applicable,Medium: 174 - 2252,electrical_finishing.csv,False
Electrical Finishing,Venus Electric,Modern Chandelier,Electrical,6 Lights LED,Reception,36,Medium,8.5,Piece,Per_Reception,1,Reception,True,1616,Modern Chandelier,Not Applicable,Medium: 174 - 2252,electrical_finishing.csv,False
Electrical Finishing,Philips,Modern Chandelier,Electrical,6 Lights LED,Reception,36,Medium,8.5,Piece,Per_Reception,1,Reception,True,1742,Modern Chandelier,Not Applicable,Medium: 174 - 2252,electrical_finishing.csv,False
Electrical Finishing,Osram,LED Spotlight,Electrical,7W Recessed,Bedrooms,7,Low,7.5,Piece,Per_Room,4,Bedroom,False,136,LED Spotlight,Not Applicable,Low: <= 174,electrical_finishing.csv,False
Electrical Finishing,Venus Electric,Modern Chandelier,Electrical,6 Lights LED,Reception,36,High,8.5,Piece,Per_Reception,1,Reception,True,2818,Modern Chandelier,Not Applicable,High: > 2252,electrical_finishing.csv,False
Electrical Finishing,Osram,Modern Chandelier,Electrical,6 Lights LED,Reception,36,High,8.5,Piece,Per_Reception,1,Reception,True,2343,Modern Chandelier,Not Applicable,High: > 2252,electrical_finishing.csv,False
Electrical Finishing,Venus Electric,Modern Chandelier,Electrical,6 Lights LED,Reception,36,Medium,8.5,Piece,Per_Reception,1,Reception,True,1467,Modern Chandelier,Not Applicable,Medium: 174 - 2252,electrical_finishing.csv,False
Electrical Finishing,Opple,Modern Chandelier,Electrical,6 Lights LED,Reception,36,Medium,8.5,Piece,Per_Reception,1,Reception,True,1803,Modern Chandelier,Not Applicable,Medium: 174 - 2252,electrical_finishing.csv,False
Electrical Finishing,Opple,LED Spotlight,Electrical,7W Recessed,Bedrooms,7,Low,7.5,Piece,Per_Room,4,Bedroom,False,73,LED Spotlight,Not Applicable,Low: <= 174,electrical_finishing.csv,False
Electrical Finishing,Philips,Modern Chandelier,Electrical,6 Lights LED,Reception,36,Medium,8.5,Piece,Per_Reception,1,Reception,True,1785,Modern Chandelier,Not Applicable,Medium: 174 - 2252,electrical_finishing.csv,False
Electrical Finishing,Philips,Modern Chandelier,Electrical,6 Lights LED,Reception,36,High,8.5,Piece,Per_Reception,1,Reception,True,3355,Modern Chandelier,Not Applicable,High: > 2252,electrical_finishing.csv,False
Electrical Finishing,Philips,LED Bulb,Electrical,9W,Bedrooms,9,Low,7.2,Piece,Per_Room,4,Bedroom,False,77,LED Bulb,Not Applicable,Low: <= 174,electrical_finishing.csv,False
Electrical Finishing,Osram,LED Bulb,Electrical,9W,Bedrooms,9,Low,7.2,Piece,Per_Room,4,Bedroom,False,77,LED Bulb,Not Applicable,Low: <= 174,electrical_finishing.csv,False
Electrical Finishing,Opple,Modern Chandelier,Electrical,6 Lights LED,Reception,36,High,8.5,Piece,Per_Reception,1,Reception,True,2579,Modern Chandelier,Not Applicable,High: > 2252,electrical_finishing.csv,False
Electrical Finishing,El Sewedy Electric,Modern Chandelier,Electrical,6 Lights LED,Reception,36,Medium,8.5,Piece,Per_Reception,1,Reception,True,1970,Modern Chandelier,Not Applicable,Medium: 174 - 2252,electrical_finishing.csv,False
Electrical Finishing,Opple,Modern Chandelier,Electrical,6 Lights LED,Reception,36,Medium,8.5,Piece,Per_Reception,1,Reception,True,2202,Modern Chandelier,Not Applicable,Medium: 174 - 2252,electrical_finishing.csv,False
Electrical Finishing,Venus Electric,Modern Chandelier,Electrical,6 Lights LED,Reception,36,Medium,8.5,Piece,Per_Reception,1,Reception,True,1307,Modern Chandelier,Not Applicable,Medium: 174 - 2252,electrical_finishing.csv,False
Electrical Finishing,El Sewedy Electric,Modern Chandelier,Electrical,6 Lights LED,Reception,36,High,8.5,Piece,Per_Reception,1,Reception,True,2254,Modern Chandelier,Not Applicable,High: > 2252,electrical_finishing.csv,False
Electrical Finishing,Osram,LED Spotlight,Electrical,7W Recessed,Bedrooms,7,Low,7.5,Piece,Per_Room,4,Bedroom,False,145,LED Spotlight,Not Applicable,Low: <= 174,electrical_finishing.csv,False
Electrical Finishing,Philips,Modern Chandelier,Electrical,6 Lights LED,Reception,36,Medium,8.5,Piece,Per_Reception,1,Reception,True,1393,Modern Chandelier,Not Applicable,Medium: 174 - 2252,electrical_finishing.csv,False
Electrical Finishing,Philips,Modern Chandelier,Electrical,6 Lights LED,Reception,36,Medium,8.5,Piece,Per_Reception,1,Reception,True,2036,Modern Chandelier,Not Applicable,Medium: 174 - 2252,electrical_finishing.csv,False
Electrical Finishing,Osram,LED Bulb,Electrical,9W,Bedrooms,9,Low,7.2,Piece,Per_Room,4,Bedroom,False,117,LED Bulb,Not Applicable,Low: <= 174,electrical_finishing.csv,False
Electrical Finishing,Venus Electric,Modern Chandelier,Electrical,6 Lights LED,Reception,36,High,8.5,Piece,Per_Reception,1,Reception,True,3356,Modern Chandelier,Not Applicable,High: > 2252,electrical_finishing.csv,False
Electrical Finishing,El Sewedy Electric,LED Downlight,Electrical,18W Recessed,Reception,18,Low,8.8,Piece,Per_Reception,8,Reception,False,56,LED Downlight,Not Applicable,Low: <= 174,electrical_finishing.csv,False
Electrical Finishing,Philips,LED Downlight,Electrical,18W Recessed,Reception,18,Low,8.8,Piece,Per_Reception,8,Reception,False,57,LED Downlight,Not Applicable,Low: <= 174,electrical_finishing.csv,False
Electrical Finishing,Philips,LED Downlight,Electrical,18W Recessed,Reception,18,Low,8.8,Piece,Per_Reception,8,Reception,False,120,LED Downlight,Not Applicable,Low: <= 174,electrical_finishing.csv,False
Electrical Finishing,Philips,LED Bulb,Electrical,9W,Bedrooms,9,Low,7.2,Piece,Per_Room,4,Bedroom,False,142,LED Bulb,Not Applicable,Low: <= 174,electrical_finishing.csv,False
Electrical Finishing,Venus Electric,Modern Chandelier,Electrical,6 Lights LED,Reception,36,High,8.5,Piece,Per_Reception,1,Reception,True,3043,Modern Chandelier,Not Applicable,High: > 2252,electrical_finishing.csv,False
Electrical Finishing,Opple,LED Downlight,Electrical,18W Recessed,Reception,18,Low,8.8,Piece,Per_Reception,8,Reception,False,142,LED Downlight,Not Applicable,Low: <= 174,electrical_finishing.csv,False
Electrical Finishing,Osram,Modern Chandelier,Electrical,6 Lights LED,Reception,36,Medium,8.5,Piece,Per_Reception,1,Reception,True,1436,Modern Chandelier,Not Applicable,Medium: 174 - 2252,electrical_finishing.csv,False
Electrical Finishing,El Sewedy Electric,Modern Chandelier,Electrical,6 Lights LED,Reception,36,High,8.5,Piece,Per_Reception,1,Reception,True,3162,Modern Chandelier,Not Applicable,High: > 2252,electrical_finishing.csv,False
Electrical Finishing,Venus Electric,LED Downlight,Electrical,18W Recessed,Reception,18,Low,8.8,Piece,Per_Reception,8,Reception,False,162,LED Downlight,Not Applicable,Low: <= 174,electrical_finishing.csv,False
Electrical Finishing,Venus Electric,LED Spotlight,Electrical,7W Recessed,Bedrooms,7,Low,7.5,Piece,Per_Room,4,Bedroom,False,125,LED Spotlight,Not Applicable,Low: <= 174,electrical_finishing.csv,False
Electrical Finishing,Philips,Modern Chandelier,Electrical,6 Lights LED,Reception,36,Medium,8.5,Piece,Per_Reception,1,Reception,True,2096,Modern Chandelier,Not Applicable,Medium: 174 - 2252,electrical_finishing.csv,False
Electrical Finishing,Philips,Modern Chandelier,Electrical,6 Lights LED,Reception,36,High,8.5,Piece,Per_Reception,1,Reception,True,2985,Modern Chandelier,Not Applicable,High: > 2252,electrical_finishing.csv,False
Electrical Finishing,El Sewedy Electric,Modern Chandelier,Electrical,6 Lights LED,Reception,36,High,8.5,Piece,Per_Reception,1,Reception,True,2533,Modern Chandelier,Not Applicable,High: > 2252,electrical_finishing.csv,False
Electrical Finishing,Osram,LED Downlight,Electrical,18W Recessed,Reception,18,Low,8.8,Piece,Per_Reception,8,Reception,False,104,LED Downlight,Not Applicable,Low: <= 174,electrical_finishing.csv,False
Electrical Finishing,Venus Electric,Modern Chandelier,Electrical,6 Lights LED,Reception,36,High,8.5,Piece,Per_Reception,1,Reception,True,2554,Modern Chandelier,Not Applicable,High: > 2252,electrical_finishing.csv,False
Electrical Finishing,Opple,LED Bulb,Electrical,9W,Bedrooms,9,Low,7.2,Piece,Per_Room,4,Bedroom,False,148,LED Bulb,Not Applicable,Low: <= 174,electrical_finishing.csv,False
Electrical Finishing,Venus Electric,LED Bulb,Electrical,9W,Bedrooms,9,Low,7.2,Piece,Per_Room,4,Bedroom,False,92,LED Bulb,Not Applicable,Low: <= 174,electrical_finishing.csv,False
Electrical Finishing,Venus Electric,LED Downlight,Electrical,18W Recessed,Reception,18,Low,8.8,Piece,Per_Reception,8,Reception,False,75,LED Downlight,Not Applicable,Low: <= 174,electrical_finishing.csv,False
Electrical Finishing,Opple,LED Spotlight,Electrical,7W Recessed,Bedrooms,7,Low,7.5,Piece,Per_Room,4,Bedroom,False,74,LED Spotlight,Not Applicable,Low: <= 174,electrical_finishing.csv,False
Electrical Finishing,Venus Electric,Modern Chandelier,Electrical,6 Lights LED,Reception,36,High,8.5,Piece,Per_Reception,1,Reception,True,3365,Modern Chandelier,Not Applicable,High: > 2252,electrical_finishing.csv,False
Electrical Finishing,Osram,Modern Chandelier,Electrical,6 Lights LED,Reception,36,High,8.5,Piece,Per_Reception,1,Reception,True,2628,Modern Chandelier,Not Applicable,High: > 2252,electrical_finishing.csv,False
Electrical Finishing,Venus Electric,Modern Chandelier,Electrical,6 Lights LED,Reception,36,High,8.5,Piece,Per_Reception,1,Reception,True,2950,Modern Chandelier,Not Applicable,High: > 2252,electrical_finishing.csv,False
Electrical Finishing,Opple,Modern Chandelier,Electrical,6 Lights LED,Reception,36,Medium,8.5,Piece,Per_Reception,1,Reception,True,2191,Modern Chandelier,Not Applicable,Medium: 174 - 2252,electrical_finishing.csv,False
Electrical Finishing,Opple,Modern Chandelier,Electrical,6 Lights LED,Reception,36,Medium,8.5,Piece,Per_Reception,1,Reception,True,2170,Modern Chandelier,Not Applicable,Medium: 174 - 2252,electrical_finishing.csv,False
Electrical Finishing,Philips,LED Downlight,Electrical,18W Recessed,Reception,18,Low,8.8,Piece,Per_Reception,8,Reception,False,139,LED Downlight,Not Applicable,Low: <= 174,electrical_finishing.csv,False
Electrical Finishing,El Sewedy Electric,Modern Chandelier,Electrical,6 Lights LED,Reception,36,Medium,8.5,Piece,Per_Reception,1,Reception,True,1237,Modern Chandelier,Not Applicable,Medium: 174 - 2252,electrical_finishing.csv,False
Electrical Finishing,Philips,Modern Chandelier,Electrical,6 Lights LED,Reception,36,Medium,8.5,Piece,Per_Reception,1,Reception,True,1779,Modern Chandelier,Not Applicable,Medium: 174 - 2252,electrical_finishing.csv,False
Electrical Finishing,Opple,Modern Chandelier,Electrical,6 Lights LED,Reception,36,Medium,8.5,Piece,Per_Reception,1,Reception,True,1536,Modern Chandelier,Not Applicable,Medium: 174 - 2252,electrical_finishing.csv,False
Electrical Finishing,Venus Electric,Modern Chandelier,Electrical,6 Lights LED,Reception,36,Medium,8.5,Piece,Per_Reception,1,Reception,True,1201,Modern Chandelier,Not Applicable,Medium: 174 - 2252,electrical_finishing.csv,False
Electrical Finishing,Venus Electric,Modern Chandelier,Electrical,6 Lights LED,Reception,36,High,8.5,Piece,Per_Reception,1,Reception,True,2890,Modern Chandelier,Not Applicable,High: > 2252,electrical_finishing.csv,False
Electrical Finishing,Philips,Modern Chandelier,Electrical,6 Lights LED,Reception,36,Medium,8.5,Piece,Per_Reception,1,Reception,True,2251,Modern Chandelier,Not Applicable,Medium: 174 - 2252,electrical_finishing.csv,False
Electrical Finishing,Philips,Modern Chandelier,Electrical,6 Lights LED,Reception,36,High,8.5,Piece,Per_Reception,1,Reception,True,3378,Modern Chandelier,Not Applicable,High: > 2252,electrical_finishing.csv,False
Electrical Finishing,Venus Electric,Modern Chandelier,Electrical,6 Lights LED,Reception,36,High,8.5,Piece,Per_Reception,1,Reception,True,2335,Modern Chandelier,Not Applicable,High: > 2252,electrical_finishing.csv,False
Electrical Finishing,Opple,LED Downlight,Electrical,18W Recessed,Reception,18,Low,8.8,Piece,Per_Reception,8,Reception,False,125,LED Downlight,Not Applicable,Low: <= 174,electrical_finishing.csv,False
Electrical Finishing,Venus Electric,Modern Chandelier,Electrical,6 Lights LED,Reception,36,High,8.5,Piece,Per_Reception,1,Reception,True,3005,Modern Chandelier,Not Applicable,High: > 2252,electrical_finishing.csv,False
Electrical Finishing,Opple,Modern Chandelier,Electrical,6 Lights LED,Reception,36,High,8.5,Piece,Per_Reception,1,Reception,True,2674,Modern Chandelier,Not Applicable,High: > 2252,electrical_finishing.csv,False
Electrical Finishing,El Sewedy Electric,Modern Chandelier,Electrical,6 Lights LED,Reception,36,High,8.5,Piece,Per_Reception,1,Reception,True,3287,Modern Chandelier,Not Applicable,High: > 2252,electrical_finishing.csv,False
Electrical Finishing,Venus Electric,Modern Chandelier,Electrical,6 Lights LED,Reception,36,High,8.5,Piece,Per_Reception,1,Reception,True,3310,Modern Chandelier,Not Applicable,High: > 2252,electrical_finishing.csv,False
Electrical Finishing,Opple,Modern Chandelier,Electrical,6 Lights LED,Reception,36,High,8.5,Piece,Per_Reception,1,Reception,True,2598,Modern Chandelier,Not Applicable,High: > 2252,electrical_finishing.csv,False
Electrical Finishing,Opple,Modern Chandelier,Electrical,6 Lights LED,Reception,36,Medium,8.5,Piece,Per_Reception,1,Reception,True,1428,Modern Chandelier,Not Applicable,Medium: 174 - 2252,electrical_finishing.csv,False
Electrical Finishing,El Sewedy Electric,LED Downlight,Electrical,18W Recessed,Reception,18,Low,8.8,Piece,Per_Reception,8,Reception,False,97,LED Downlight,Not Applicable,Low: <= 174,electrical_finishing.csv,False
Electrical Finishing,Opple,LED Downlight,Electrical,18W Recessed,Reception,18,Low,8.8,Piece,Per_Reception,8,Reception,False,118,LED Downlight,Not Applicable,Low: <= 174,electrical_finishing.csv,False
Electrical Finishing,Osram,LED Spotlight,Electrical,7W Recessed,Bedrooms,7,Low,7.5,Piece,Per_Room,4,Bedroom,False,162,LED Spotlight,Not Applicable,Low: <= 174,electrical_finishing.csv,False
Electrical Finishing,Osram,LED Spotlight,Electrical,7W Recessed,Bedrooms,7,Low,7.5,Piece,Per_Room,4,Bedroom,False,161,LED Spotlight,Not Applicable,Low: <= 174,electrical_finishing.csv,False
Electrical Finishing,Venus Electric,Modern Chandelier,Electrical,6 Lights LED,Reception,36,Medium,8.5,Piece,Per_Reception,1,Reception,True,1675,Modern Chandelier,Not Applicable,Medium: 174 - 2252,electrical_finishing.csv,False
Electrical Finishing,Opple,LED Downlight,Electrical,18W Recessed,Reception,18,Low,8.8,Piece,Per_Reception,8,Reception,False,111,LED Downlight,Not Applicable,Low: <= 174,electrical_finishing.csv,False
Electrical Finishing,Venus Electric,Modern Chandelier,Electrical,6 Lights LED,Reception,36,High,8.5,Piece,Per_Reception,1,Reception,True,2616,Modern Chandelier,Not Applicable,High: > 2252,electrical_finishing.csv,False
Electrical Finishing,Osram,Modern Chandelier,Electrical,6 Lights LED,Reception,36,Medium,8.5,Piece,Per_Reception,1,Reception,True,1710,Modern Chandelier,Not Applicable,Medium: 174 - 2252,electrical_finishing.csv,False
Electrical Finishing,Philips,Modern Chandelier,Electrical,6 Lights LED,Reception,36,Medium,8.5,Piece,Per_Reception,1,Reception,True,1466,Modern Chandelier,Not Applicable,Medium: 174 - 2252,electrical_finishing.csv,False
Electrical Finishing,Venus Electric,LED Bulb,Electrical,9W,Bedrooms,9,Low,7.2,Piece,Per_Room,4,Bedroom,False,124,LED Bulb,Not Applicable,Low: <= 174,electrical_finishing.csv,False
Electrical Finishing,Osram,LED Downlight,Electrical,18W Recessed,Reception,18,Low,8.8,Piece,Per_Reception,8,Reception,False,93,LED Downlight,Not Applicable,Low: <= 174,electrical_finishing.csv,False
Electrical Finishing,Venus Electric,Modern Chandelier,Electrical,6 Lights LED,Reception,36,Medium,8.5,Piece,Per_Reception,1,Reception,True,2022,Modern Chandelier,Not Applicable,Medium: 174 - 2252,electrical_finishing.csv,False
Electrical Finishing,Philips,Modern Chandelier,Electrical,6 Lights LED,Reception,36,High,8.5,Piece,Per_Reception,1,Reception,True,3121,Modern Chandelier,Not Applicable,High: > 2252,electrical_finishing.csv,False
Electrical Finishing,Osram,Modern Chandelier,Electrical,6 Lights LED,Reception,36,Medium,8.5,Piece,Per_Reception,1,Reception,True,1720,Modern Chandelier,Not Applicable,Medium: 174 - 2252,electrical_finishing.csv,False
Electrical Finishing,Opple,LED Downlight,Electrical,18W Recessed,Reception,18,Low,8.8,Piece,Per_Reception,8,Reception,False,97,LED Downlight,Not Applicable,Low: <= 174,electrical_finishing.csv,False
Electrical Finishing,Philips,Modern Chandelier,Electrical,6 Lights LED,Reception,36,High,8.5,Piece,Per_Reception,1,Reception,True,2953,Modern Chandelier,Not Applicable,High: > 2252,electrical_finishing.csv,False
Electrical Finishing,Osram,Modern Chandelier,Electrical,6 Lights LED,Reception,36,High,8.5,Piece,Per_Reception,1,Reception,True,2810,Modern Chandelier,Not Applicable,High: > 2252,electrical_finishing.csv,False
Electrical Finishing,Philips,LED Downlight,Electrical,18W Recessed,Reception,18,Low,8.8,Piece,Per_Reception,8,Reception,False,138,LED Downlight,Not Applicable,Low: <= 174,electrical_finishing.csv,False
Electrical Finishing,El Sewedy Electric,LED Spotlight,Electrical,7W Recessed,Bedrooms,7,Low,7.5,Piece,Per_Room,4,Bedroom,False,140,LED Spotlight,Not Applicable,Low: <= 174,electrical_finishing.csv,False
Electrical Finishing,Venus Electric,Modern Chandelier,Electrical,6 Lights LED,Reception,36,High,8.5,Piece,Per_Reception,1,Reception,True,2738,Modern Chandelier,Not Applicable,High: > 2252,electrical_finishing.csv,False
Electrical Finishing,Osram,LED Downlight,Electrical,18W Recessed,Reception,18,Low,8.8,Piece,Per_Reception,8,Reception,False,110,LED Downlight,Not Applicable,Low: <= 174,electrical_finishing.csv,False
Electrical Finishing,El Sewedy Electric,LED Bulb,Electrical,9W,Bedrooms,9,Low,7.2,Piece,Per_Room,4,Bedroom,False,88,LED Bulb,Not Applicable,Low: <= 174,electrical_finishing.csv,False
Electrical Finishing,Osram,LED Spotlight,Electrical,7W Recessed,Bedrooms,7,Low,7.5,Piece,Per_Room,4,Bedroom,False,124,LED Spotlight,Not Applicable,Low: <= 174,electrical_finishing.csv,False
Electrical Finishing,Osram,Modern Chandelier,Electrical,6 Lights LED,Reception,36,Medium,8.5,Piece,Per_Reception,1,Reception,True,1479,Modern Chandelier,Not Applicable,Medium: 174 - 2252,electrical_finishing.csv,False
Electrical Finishing,Venus Electric,Modern Chandelier,Electrical,6 Lights LED,Reception,36,Medium,8.5,Piece,Per_Reception,1,Reception,True,2244,Modern Chandelier,Not Applicable,Medium: 174 - 2252,electrical_finishing.csv,False
Electrical Finishing,Venus Electric,LED Bulb,Electrical,9W,Bedrooms,9,Low,7.2,Piece,Per_Room,4,Bedroom,False,108,LED Bulb,Not Applicable,Low: <= 174,electrical_finishing.csv,False
Electrical Finishing,Opple,LED Downlight,Electrical,18W Recessed,Reception,18,Low,8.8,Piece,Per_Reception,8,Reception,False,81,LED Downlight,Not Applicable,Low: <= 174,electrical_finishing.csv,False
Electrical Finishing,Opple,LED Downlight,Electrical,18W Recessed,Reception,18,Low,8.8,Piece,Per_Reception,8,Reception,False,160,LED Downlight,Not Applicable,Low: <= 174,electrical_finishing.csv,False
Electrical Finishing,Philips,LED Spotlight,Electrical,7W Recessed,Bedrooms,7,Low,7.5,Piece,Per_Room,4,Bedroom,False,66,LED Spotlight,Not Applicable,Low: <= 174,electrical_finishing.csv,False
Electrical Finishing,Venus Electric,LED Bulb,Electrical,9W,Bedrooms,9,Low,7.2,Piece,Per_Room,4,Bedroom,False,94,LED Bulb,Not Applicable,Low: <= 174,electrical_finishing.csv,False
Electrical Finishing,Venus Electric,Modern Chandelier,Electrical,6 Lights LED,Reception,36,Medium,8.5,Piece,Per_Reception,1,Reception,True,2209,Modern Chandelier,Not Applicable,Medium: 174 - 2252,electrical_finishing.csv,False
Electrical Finishing,Philips,Modern Chandelier,Electrical,6 Lights LED,Reception,36,Medium,8.5,Piece,Per_Reception,1,Reception,True,2154,Modern Chandelier,Not Applicable,Medium: 174 - 2252,electrical_finishing.csv,False
Electrical Finishing,Opple,Modern Chandelier,Electrical,6 Lights LED,Reception,36,High,8.5,Piece,Per_Reception,1,Reception,True,3009,Modern Chandelier,Not Applicable,High: > 2252,electrical_finishing.csv,False
Electrical Finishing,Opple,LED Downlight,Electrical,18W Recessed,Reception,18,Medium,8.8,Piece,Per_Reception,8,Reception,False,177,LED Downlight,Not Applicable,Medium: 174 - 2252,electrical_finishing.csv,True
Electrical Finishing,Osram,Modern Chandelier,Electrical,6 Lights LED,Reception,36,Medium,8.5,Piece,Per_Reception,1,Reception,True,1470,Modern Chandelier,Not Applicable,Medium: 174 - 2252,electrical_finishing.csv,False
Electrical Finishing,Venus Electric,LED Downlight,Electrical,18W Recessed,Reception,18,Low,8.8,Piece,Per_Reception,8,Reception,False,100,LED Downlight,Not Applicable,Low: <= 174,electrical_finishing.csv,False
Electrical Finishing,Venus Electric,Modern Chandelier,Electrical,6 Lights LED,Reception,36,Medium,8.5,Piece,Per_Reception,1,Reception,True,1975,Modern Chandelier,Not Applicable,Medium: 174 - 2252,electrical_finishing.csv,False
Electrical Finishing,Philips,Modern Chandelier,Electrical,6 Lights LED,Reception,36,Medium,8.5,Piece,Per_Reception,1,Reception,True,1623,Modern Chandelier,Not Applicable,Medium: 174 - 2252,electrical_finishing.csv,False
Electrical Finishing,El Sewedy Electric,Modern Chandelier,Electrical,6 Lights LED,Reception,36,Medium,8.5,Piece,Per_Reception,1,Reception,True,1808,Modern Chandelier,Not Applicable,Medium: 174 - 2252,electrical_finishing.csv,False
Electrical Finishing,Philips,LED Bulb,Electrical,9W,Bedrooms,9,Low,7.2,Piece,Per_Room,4,Bedroom,False,99,LED Bulb,Not Applicable,Low: <= 174,electrical_finishing.csv,False
Electrical Finishing,Opple,LED Spotlight,Electrical,7W Recessed,Bedrooms,7,Low,7.5,Piece,Per_Room,4,Bedroom,False,69,LED Spotlight,Not Applicable,Low: <= 174,electrical_finishing.csv,False
Electrical Finishing,El Sewedy Electric,Modern Chandelier,Electrical,6 Lights LED,Reception,36,High,8.5,Piece,Per_Reception,1,Reception,True,2997,Modern Chandelier,Not Applicable,High: > 2252,electrical_finishing.csv,False
Electrical Finishing,Opple,LED Spotlight,Electrical,7W Recessed,Bedrooms,7,Low,7.5,Piece,Per_Room,4,Bedroom,False,70,LED Spotlight,Not Applicable,Low: <= 174,electrical_finishing.csv,False
Electrical Finishing,El Sewedy Electric,Modern Chandelier,Electrical,6 Lights LED,Reception,36,High,8.5,Piece,Per_Reception,1,Reception,True,3359,Modern Chandelier,Not Applicable,High: > 2252,electrical_finishing.csv,False
Electrical Finishing,Philips,Modern Chandelier,Electrical,6 Lights LED,Reception,36,High,8.5,Piece,Per_Reception,1,Reception,True,3368,Modern Chandelier,Not Applicable,High: > 2252,electrical_finishing.csv,False
Electrical Finishing,Venus Electric,LED Downlight,Electrical,18W Recessed,Reception,18,Low,8.8,Piece,Per_Reception,8,Reception,False,156,LED Downlight,Not Applicable,Low: <= 174,electrical_finishing.csv,False
Electrical Finishing,Philips,Modern Chandelier,Electrical,6 Lights LED,Reception,36,Medium,8.5,Piece,Per_Reception,1,Reception,True,1342,Modern Chandelier,Not Applicable,Medium: 174 - 2252,electrical_finishing.csv,False
Electrical Finishing,Opple,Modern Chandelier,Electrical,6 Lights LED,Reception,36,High,8.5,Piece,Per_Reception,1,Reception,True,2816,Modern Chandelier,Not Applicable,High: > 2252,electrical_finishing.csv,False
Electrical Finishing,Philips,Modern Chandelier,Electrical,6 Lights LED,Reception,36,High,8.5,Piece,Per_Reception,1,Reception,True,3292,Modern Chandelier,Not Applicable,High: > 2252,electrical_finishing.csv,False
Electrical Finishing,Philips,LED Spotlight,Electrical,7W Recessed,Bedrooms,7,Low,7.5,Piece,Per_Room,4,Bedroom,False,78,LED Spotlight,Not Applicable,Low: <= 174,electrical_finishing.csv,False
Electrical Finishing,Osram,Modern Chandelier,Electrical,6 Lights LED,Reception,36,High,8.5,Piece,Per_Reception,1,Reception,True,2521,Modern Chandelier,Not Applicable,High: > 2252,electrical_finishing.csv,False
Electrical Finishing,Venus Electric,Modern Chandelier,Electrical,6 Lights LED,Reception,36,Medium,8.5,Piece,Per_Reception,1,Reception,True,1882,Modern Chandelier,Not Applicable,Medium: 174 - 2252,electrical_finishing.csv,False
Electrical Finishing,Opple,LED Downlight,Electrical,18W Recessed,Reception,18,Low,8.8,Piece,Per_Reception,8,Reception,False,135,LED Downlight,Not Applicable,Low: <= 174,electrical_finishing.csv,False
Electrical Finishing,Philips,Modern Chandelier,Electrical,6 Lights LED,Reception,36,Medium,8.5,Piece,Per_Reception,1,Reception,True,1436,Modern Chandelier,Not Applicable,Medium: 174 - 2252,electrical_finishing.csv,False
Electrical Finishing,Osram,Modern Chandelier,Electrical,6 Lights LED,Reception,36,Medium,8.5,Piece,Per_Reception,1,Reception,True,2180,Modern Chandelier,Not Applicable,Medium: 174 - 2252,electrical_finishing.csv,False
Electrical Finishing,El Sewedy Electric,LED Downlight,Electrical,18W Recessed,Reception,18,Low,8.8,Piece,Per_Reception,8,Reception,False,124,LED Downlight,Not Applicable,Low: <= 174,electrical_finishing.csv,False
Electrical Finishing,Philips,Modern Chandelier,Electrical,6 Lights LED,Reception,36,High,8.5,Piece,Per_Reception,1,Reception,True,2269,Modern Chandelier,Not Applicable,High: > 2252,electrical_finishing.csv,False
Electrical Finishing,El Sewedy Electric,LED Spotlight,Electrical,7W Recessed,Bedrooms,7,Low,7.5,Piece,Per_Room,4,Bedroom,False,78,LED Spotlight,Not Applicable,Low: <= 174,electrical_finishing.csv,False
Electrical Finishing,Osram,Modern Chandelier,Electrical,6 Lights LED,Reception,36,High,8.5,Piece,Per_Reception,1,Reception,True,3131,Modern Chandelier,Not Applicable,High: > 2252,electrical_finishing.csv,False
Electrical Finishing,Osram,LED Downlight,Electrical,18W Recessed,Reception,18,Medium,8.8,Piece,Per_Reception,8,Reception,False,174,LED Downlight,Not Applicable,Medium: 174 - 2252,electrical_finishing.csv,True
Electrical Finishing,Philips,Modern Chandelier,Electrical,6 Lights LED,Reception,36,Medium,8.5,Piece,Per_Reception,1,Reception,True,1963,Modern Chandelier,Not Applicable,Medium: 174 - 2252,electrical_finishing.csv,False
Electrical Finishing,Philips,LED Downlight,Electrical,18W Recessed,Reception,18,Low,8.8,Piece,Per_Reception,8,Reception,False,89,LED Downlight,Not Applicable,Low: <= 174,electrical_finishing.csv,False
Electrical Finishing,Opple,Modern Chandelier,Electrical,6 Lights LED,Reception,36,High,8.5,Piece,Per_Reception,1,Reception,True,2600,Modern Chandelier,Not Applicable,High: > 2252,electrical_finishing.csv,False
Electrical Finishing,El Sewedy Electric,Modern Chandelier,Electrical,6 Lights LED,Reception,36,High,8.5,Piece,Per_Reception,1,Reception,True,2338,Modern Chandelier,Not Applicable,High: > 2252,electrical_finishing.csv,False
Electrical Finishing,Opple,Modern Chandelier,Electrical,6 Lights LED,Reception,36,Medium,8.5,Piece,Per_Reception,1,Reception,True,1339,Modern Chandelier,Not Applicable,Medium: 174 - 2252,electrical_finishing.csv,False
Electrical Finishing,Venus Electric,Modern Chandelier,Electrical,6 Lights LED,Reception,36,Medium,8.5,Piece,Per_Reception,1,Reception,True,1543,Modern Chandelier,Not Applicable,Medium: 174 - 2252,electrical_finishing.csv,False
Electrical Finishing,El Sewedy Electric,LED Spotlight,Electrical,7W Recessed,Bedrooms,7,Low,7.5,Piece,Per_Room,4,Bedroom,False,57,LED Spotlight,Not Applicable,Low: <= 174,electrical_finishing.csv,False
Electrical Finishing,Opple,Modern Chandelier,Electrical,6 Lights LED,Reception,36,High,8.5,Piece,Per_Reception,1,Reception,True,3419,Modern Chandelier,Not Applicable,High: > 2252,electrical_finishing.csv,False
Electrical Finishing,Opple,LED Downlight,Electrical,18W Recessed,Reception,18,Low,8.8,Piece,Per_Reception,8,Reception,False,129,LED Downlight,Not Applicable,Low: <= 174,electrical_finishing.csv,False
Electrical Finishing,Osram,LED Downlight,Electrical,18W Recessed,Reception,18,Low,8.8,Piece,Per_Reception,8,Reception,False,108,LED Downlight,Not Applicable,Low: <= 174,electrical_finishing.csv,False
Electrical Finishing,Philips,Modern Chandelier,Electrical,6 Lights LED,Reception,36,High,8.5,Piece,Per_Reception,1,Reception,True,3398,Modern Chandelier,Not Applicable,High: > 2252,electrical_finishing.csv,False
Electrical Finishing,Venus Electric,Modern Chandelier,Electrical,6 Lights LED,Reception,36,High,8.5,Piece,Per_Reception,1,Reception,True,2691,Modern Chandelier,Not Applicable,High: > 2252,electrical_finishing.csv,False
Electrical Finishing,Opple,Modern Chandelier,Electrical,6 Lights LED,Reception,36,Medium,8.5,Piece,Per_Reception,1,Reception,True,2178,Modern Chandelier,Not Applicable,Medium: 174 - 2252,electrical_finishing.csv,False
Electrical Finishing,Venus Electric,Modern Chandelier,Electrical,6 Lights LED,Reception,36,High,8.5,Piece,Per_Reception,1,Reception,True,2723,Modern Chandelier,Not Applicable,High: > 2252,electrical_finishing.csv,False
Electrical Finishing,Opple,Modern Chandelier,Electrical,6 Lights LED,Reception,36,Medium,8.5,Piece,Per_Reception,1,Reception,True,1679,Modern Chandelier,Not Applicable,Medium: 174 - 2252,electrical_finishing.csv,False
Electrical Finishing,Philips,Modern Chandelier,Electrical,6 Lights LED,Reception,36,High,8.5,Piece,Per_Reception,1,Reception,True,2377,Modern Chandelier,Not Applicable,High: > 2252,electrical_finishing.csv,False
Electrical Finishing,Venus Electric,LED Spotlight,Electrical,7W Recessed,Bedrooms,7,Low,7.5,Piece,Per_Room,4,Bedroom,False,113,LED Spotlight,Not Applicable,Low: <= 174,electrical_finishing.csv,False
Electrical Finishing,Opple,LED Spotlight,Electrical,7W Recessed,Bedrooms,7,Low,7.5,Piece,Per_Room,4,Bedroom,False,78,LED Spotlight,Not Applicable,Low: <= 174,electrical_finishing.csv,False
Electrical Finishing,Osram,Modern Chandelier,Electrical,6 Lights LED,Reception,36,Medium,8.5,Piece,Per_Reception,1,Reception,True,1876,Modern Chandelier,Not Applicable,Medium: 174 - 2252,electrical_finishing.csv,False
Electrical Finishing,El Sewedy Electric,LED Spotlight,Electrical,7W Recessed,Bedrooms,7,Low,7.5,Piece,Per_Room,4,Bedroom,False,92,LED Spotlight,Not Applicable,Low: <= 174,electrical_finishing.csv,False
Electrical Finishing,Philips,LED Downlight,Electrical,18W Recessed,Reception,18,Low,8.8,Piece,Per_Reception,8,Reception,False,167,LED Downlight,Not Applicable,Low: <= 174,electrical_finishing.csv,False
Electrical Finishing,Opple,Modern Chandelier,Electrical,6 Lights LED,Reception,36,Medium,8.5,Piece,Per_Reception,1,Reception,True,1287,Modern Chandelier,Not Applicable,Medium: 174 - 2252,electrical_finishing.csv,False
Electrical Finishing,Opple,Modern Chandelier,Electrical,6 Lights LED,Reception,36,High,8.5,Piece,Per_Reception,1,Reception,True,2447,Modern Chandelier,Not Applicable,High: > 2252,electrical_finishing.csv,False
Electrical Finishing,Philips,Modern Chandelier,Electrical,6 Lights LED,Reception,36,Medium,8.5,Piece,Per_Reception,1,Reception,True,1819,Modern Chandelier,Not Applicable,Medium: 174 - 2252,electrical_finishing.csv,False
Electrical Finishing,Osram,Modern Chandelier,Electrical,6 Lights LED,Reception,36,Medium,8.5,Piece,Per_Reception,1,Reception,True,1303,Modern Chandelier,Not Applicable,Medium: 174 - 2252,electrical_finishing.csv,False
Electrical Finishing,Venus Electric,Modern Chandelier,Electrical,6 Lights LED,Reception,36,Medium,8.5,Piece,Per_Reception,1,Reception,True,1339,Modern Chandelier,Not Applicable,Medium: 174 - 2252,electrical_finishing.csv,False
Electrical Finishing,Opple,LED Downlight,Electrical,18W Recessed,Reception,18,Low,8.8,Piece,Per_Reception,8,Reception,False,78,LED Downlight,Not Applicable,Low: <= 174,electrical_finishing.csv,False
Electrical Finishing,Osram,Modern Chandelier,Electrical,6 Lights LED,Reception,36,Medium,8.5,Piece,Per_Reception,1,Reception,True,2133,Modern Chandelier,Not Applicable,Medium: 174 - 2252,electrical_finishing.csv,False
Electrical Finishing,Osram,Modern Chandelier,Electrical,6 Lights LED,Reception,36,Medium,8.5,Piece,Per_Reception,1,Reception,True,1586,Modern Chandelier,Not Applicable,Medium: 174 - 2252,electrical_finishing.csv,False
Electrical Finishing,Osram,Modern Chandelier,Electrical,6 Lights LED,Reception,36,Medium,8.5,Piece,Per_Reception,1,Reception,True,1960,Modern Chandelier,Not Applicable,Medium: 174 - 2252,electrical_finishing.csv,False
Electrical Finishing,Venus Electric,LED Spotlight,Electrical,7W Recessed,Bedrooms,7,Low,7.5,Piece,Per_Room,4,Bedroom,False,79,LED Spotlight,Not Applicable,Low: <= 174,electrical_finishing.csv,False
Electrical Finishing,Opple,LED Bulb,Electrical,9W,Bedrooms,9,Low,7.2,Piece,Per_Room,4,Bedroom,False,150,LED Bulb,Not Applicable,Low: <= 174,electrical_finishing.csv,False
Electrical Finishing,El Sewedy Electric,Modern Chandelier,Electrical,6 Lights LED,Reception,36,High,8.5,Piece,Per_Reception,1,Reception,True,3118,Modern Chandelier,Not Applicable,High: > 2252,electrical_finishing.csv,False
Electrical Finishing,Osram,Modern Chandelier,Electrical,6 Lights LED,Reception,36,Medium,8.5,Piece,Per_Reception,1,Reception,True,2109,Modern Chandelier,Not Applicable,Medium: 174 - 2252,electrical_finishing.csv,False
Electrical Finishing,Osram,LED Spotlight,Electrical,7W Recessed,Bedrooms,7,Low,7.5,Piece,Per_Room,4,Bedroom,False,93,LED Spotlight,Not Applicable,Low: <= 174,electrical_finishing.csv,False
Electrical Finishing,Philips,Modern Chandelier,Electrical,6 Lights LED,Reception,36,Medium,8.5,Piece,Per_Reception,1,Reception,True,1776,Modern Chandelier,Not Applicable,Medium: 174 - 2252,electrical_finishing.csv,False
Electrical Finishing,Osram,Modern Chandelier,Electrical,6 Lights LED,Reception,36,High,8.5,Piece,Per_Reception,1,Reception,True,3025,Modern Chandelier,Not Applicable,High: > 2252,electrical_finishing.csv,False
Electrical Finishing,El Sewedy Electric,LED Downlight,Electrical,18W Recessed,Reception,18,Low,8.8,Piece,Per_Reception,8,Reception,False,152,LED Downlight,Not Applicable,Low: <= 174,electrical_finishing.csv,False
Electrical Finishing,Opple,Modern Chandelier,Electrical,6 Lights LED,Reception,36,Medium,8.5,Piece,Per_Reception,1,Reception,True,1785,Modern Chandelier,Not Applicable,Medium: 174 - 2252,electrical_finishing.csv,False
Electrical Finishing,El Sewedy Electric,LED Downlight,Electrical,18W Recessed,Reception,18,Low,8.8,Piece,Per_Reception,8,Reception,False,71,LED Downlight,Not Applicable,Low: <= 174,electrical_finishing.csv,False
Electrical Finishing,Osram,Modern Chandelier,Electrical,6 Lights LED,Reception,36,Medium,8.5,Piece,Per_Reception,1,Reception,True,1379,Modern Chandelier,Not Applicable,Medium: 174 - 2252,electrical_finishing.csv,False
Electrical Finishing,Venus Electric,Modern Chandelier,Electrical,6 Lights LED,Reception,36,High,8.5,Piece,Per_Reception,1,Reception,True,2589,Modern Chandelier,Not Applicable,High: > 2252,electrical_finishing.csv,False
Electrical Finishing,Philips,Modern Chandelier,Electrical,6 Lights LED,Reception,36,High,8.5,Piece,Per_Reception,1,Reception,True,3491,Modern Chandelier,Not Applicable,High: > 2252,electrical_finishing.csv,False
Electrical Finishing,Osram,Modern Chandelier,Electrical,6 Lights LED,Reception,36,High,8.5,Piece,Per_Reception,1,Reception,True,3114,Modern Chandelier,Not Applicable,High: > 2252,electrical_finishing.csv,False
Electrical Finishing,Philips,LED Downlight,Electrical,18W Recessed,Reception,18,Low,8.8,Piece,Per_Reception,8,Reception,False,153,LED Downlight,Not Applicable,Low: <= 174,electrical_finishing.csv,False
Electrical Finishing,Opple,Modern Chandelier,Electrical,6 Lights LED,Reception,36,Medium,8.5,Piece,Per_Reception,1,Reception,True,1444,Modern Chandelier,Not Applicable,Medium: 174 - 2252,electrical_finishing.csv,False
Electrical Finishing,Osram,Modern Chandelier,Electrical,6 Lights LED,Reception,36,High,8.5,Piece,Per_Reception,1,Reception,True,2261,Modern Chandelier,Not Applicable,High: > 2252,electrical_finishing.csv,False
Electrical Finishing,Philips,Modern Chandelier,Electrical,6 Lights LED,Reception,36,High,8.5,Piece,Per_Reception,1,Reception,True,2668,Modern Chandelier,Not Applicable,High: > 2252,electrical_finishing.csv,False
Electrical Finishing,Osram,LED Spotlight,Electrical,7W Recessed,Bedrooms,7,Low,7.5,Piece,Per_Room,4,Bedroom,False,88,LED Spotlight,Not Applicable,Low: <= 174,electrical_finishing.csv,False
Electrical Finishing,Venus Electric,Modern Chandelier,Electrical,6 Lights LED,Reception,36,Medium,8.5,Piece,Per_Reception,1,Reception,True,1336,Modern Chandelier,Not Applicable,Medium: 174 - 2252,electrical_finishing.csv,False
Electrical Finishing,Osram,LED Downlight,Electrical,18W Recessed,Reception,18,Low,8.8,Piece,Per_Reception,8,Reception,False,157,LED Downlight,Not Applicable,Low: <= 174,electrical_finishing.csv,False
Electrical Finishing,Osram,Modern Chandelier,Electrical,6 Lights LED,Reception,36,Medium,8.5,Piece,Per_Reception,1,Reception,True,1381,Modern Chandelier,Not Applicable,Medium: 174 - 2252,electrical_finishing.csv,False
Electrical Finishing,El Sewedy Electric,Modern Chandelier,Electrical,6 Lights LED,Reception,36,High,8.5,Piece,Per_Reception,1,Reception,True,2794,Modern Chandelier,Not Applicable,High: > 2252,electrical_finishing.csv,False
Electrical Finishing,Venus Electric,LED Downlight,Electrical,18W Recessed,Reception,18,Low,8.8,Piece,Per_Reception,8,Reception,False,69,LED Downlight,Not Applicable,Low: <= 174,electrical_finishing.csv,False
Electrical Finishing,Opple,Modern Chandelier,Electrical,6 Lights LED,Reception,36,High,8.5,Piece,Per_Reception,1,Reception,True,2327,Modern Chandelier,Not Applicable,High: > 2252,electrical_finishing.csv,False
Electrical Finishing,El Sewedy Electric,Modern Chandelier,Electrical,6 Lights LED,Reception,36,High,8.5,Piece,Per_Reception,1,Reception,True,2398,Modern Chandelier,Not Applicable,High: > 2252,electrical_finishing.csv,False
Electrical Finishing,Osram,Modern Chandelier,Electrical,6 Lights LED,Reception,36,Medium,8.5,Piece,Per_Reception,1,Reception,True,1997,Modern Chandelier,Not Applicable,Medium: 174 - 2252,electrical_finishing.csv,False
Electrical Finishing,Philips,Modern Chandelier,Electrical,6 Lights LED,Reception,36,High,8.5,Piece,Per_Reception,1,Reception,True,3457,Modern Chandelier,Not Applicable,High: > 2252,electrical_finishing.csv,False
Electrical Finishing,Osram,LED Downlight,Electrical,18W Recessed,Reception,18,Low,8.8,Piece,Per_Reception,8,Reception,False,56,LED Downlight,Not Applicable,Low: <= 174,electrical_finishing.csv,False
Electrical Finishing,Philips,Modern Chandelier,Electrical,6 Lights LED,Reception,36,High,8.5,Piece,Per_Reception,1,Reception,True,2583,Modern Chandelier,Not Applicable,High: > 2252,electrical_finishing.csv,False
Electrical Finishing,Opple,LED Spotlight,Electrical,7W Recessed,Bedrooms,7,Low,7.5,Piece,Per_Room,4,Bedroom,False,80,LED Spotlight,Not Applicable,Low: <= 174,electrical_finishing.csv,False
Electrical Finishing,El Sewedy Electric,Modern Chandelier,Electrical,6 Lights LED,Reception,36,Medium,8.5,Piece,Per_Reception,1,Reception,True,1248,Modern Chandelier,Not Applicable,Medium: 174 - 2252,electrical_finishing.csv,False
Electrical Finishing,Philips,Modern Chandelier,Electrical,6 Lights LED,Reception,36,Medium,8.5,Piece,Per_Reception,1,Reception,True,1854,Modern Chandelier,Not Applicable,Medium: 174 - 2252,electrical_finishing.csv,False
Electrical Finishing,Osram,LED Bulb,Electrical,9W,Bedrooms,9,Low,7.2,Piece,Per_Room,4,Bedroom,False,119,LED Bulb,Not Applicable,Low: <= 174,electrical_finishing.csv,False
Electrical Finishing,Philips,LED Spotlight,Electrical,7W Recessed,Bedrooms,7,Low,7.5,Piece,Per_Room,4,Bedroom,False,136,LED Spotlight,Not Applicable,Low: <= 174,electrical_finishing.csv,False
Electrical Finishing,Opple,Modern Chandelier,Electrical,6 Lights LED,Reception,36,High,8.5,Piece,Per_Reception,1,Reception,True,3259,Modern Chandelier,Not Applicable,High: > 2252,electrical_finishing.csv,False
Electrical Finishing,Osram,Modern Chandelier,Electrical,6 Lights LED,Reception,36,Medium,8.5,Piece,Per_Reception,1,Reception,True,1486,Modern Chandelier,Not Applicable,Medium: 174 - 2252,electrical_finishing.csv,False
Electrical Finishing,Osram,Modern Chandelier,Electrical,6 Lights LED,Reception,36,Medium,8.5,Piece,Per_Reception,1,Reception,True,1778,Modern Chandelier,Not Applicable,Medium: 174 - 2252,electrical_finishing.csv,False
Electrical Finishing,Philips,Modern Chandelier,Electrical,6 Lights LED,Reception,36,High,8.5,Piece,Per_Reception,1,Reception,True,2512,Modern Chandelier,Not Applicable,High: > 2252,electrical_finishing.csv,False
Electrical Finishing,El Sewedy Electric,Modern Chandelier,Electrical,6 Lights LED,Reception,36,Medium,8.5,Piece,Per_Reception,1,Reception,True,1943,Modern Chandelier,Not Applicable,Medium: 174 - 2252,electrical_finishing.csv,False
Electrical Finishing,Philips,LED Downlight,Electrical,18W Recessed,Reception,18,Low,8.8,Piece,Per_Reception,8,Reception,False,142,LED Downlight,Not Applicable,Low: <= 174,electrical_finishing.csv,False
Electrical Finishing,Opple,Modern Chandelier,Electrical,6 Lights LED,Reception,36,High,8.5,Piece,Per_Reception,1,Reception,True,3214,Modern Chandelier,Not Applicable,High: > 2252,electrical_finishing.csv,False
Electrical Finishing,Philips,LED Spotlight,Electrical,7W Recessed,Bedrooms,7,Low,7.5,Piece,Per_Room,4,Bedroom,False,156,LED Spotlight,Not Applicable,Low: <= 174,electrical_finishing.csv,False
Electrical Finishing,Venus Electric,Modern Chandelier,Electrical,6 Lights LED,Reception,36,High,8.5,Piece,Per_Reception,1,Reception,True,3292,Modern Chandelier,Not Applicable,High: > 2252,electrical_finishing.csv,False
Electrical Finishing,Opple,Modern Chandelier,Electrical,6 Lights LED,Reception,36,Medium,8.5,Piece,Per_Reception,1,Reception,True,1284,Modern Chandelier,Not Applicable,Medium: 174 - 2252,electrical_finishing.csv,False
Electrical Finishing,Osram,LED Downlight,Electrical,18W Recessed,Reception,18,Low,8.8,Piece,Per_Reception,8,Reception,False,117,LED Downlight,Not Applicable,Low: <= 174,electrical_finishing.csv,False
Electrical Finishing,Osram,Modern Chandelier,Electrical,6 Lights LED,Reception,36,High,8.5,Piece,Per_Reception,1,Reception,True,2341,Modern Chandelier,Not Applicable,High: > 2252,electrical_finishing.csv,False
Electrical Finishing,Opple,LED Bulb,Electrical,9W,Bedrooms,9,Low,7.2,Piece,Per_Room,4,Bedroom,False,74,LED Bulb,Not Applicable,Low: <= 174,electrical_finishing.csv,False
Electrical Finishing,El Sewedy Electric,Modern Chandelier,Electrical,6 Lights LED,Reception,36,Medium,8.5,Piece,Per_Reception,1,Reception,True,1860,Modern Chandelier,Not Applicable,Medium: 174 - 2252,electrical_finishing.csv,False
Electrical Finishing,Opple,Modern Chandelier,Electrical,6 Lights LED,Reception,36,Medium,8.5,Piece,Per_Reception,1,Reception,True,2003,Modern Chandelier,Not Applicable,Medium: 174 - 2252,electrical_finishing.csv,False
Electrical Finishing,El Sewedy Electric,LED Downlight,Electrical,18W Recessed,Reception,18,Low,8.8,Piece,Per_Reception,8,Reception,False,118,LED Downlight,Not Applicable,Low: <= 174,electrical_finishing.csv,False
Electrical Finishing,El Sewedy Electric,LED Spotlight,Electrical,7W Recessed,Bedrooms,7,Low,7.5,Piece,Per_Room,4,Bedroom,False,74,LED Spotlight,Not Applicable,Low: <= 174,electrical_finishing.csv,False
Electrical Finishing,El Sewedy Electric,Modern Chandelier,Electrical,6 Lights LED,Reception,36,High,8.5,Piece,Per_Reception,1,Reception,True,2901,Modern Chandelier,Not Applicable,High: > 2252,electrical_finishing.csv,False
Electrical Finishing,Philips,Modern Chandelier,Electrical,6 Lights LED,Reception,36,Medium,8.5,Piece,Per_Reception,1,Reception,True,2009,Modern Chandelier,Not Applicable,Medium: 174 - 2252,electrical_finishing.csv,False
Electrical Finishing,Venus Electric,Modern Chandelier,Electrical,6 Lights LED,Reception,36,High,8.5,Piece,Per_Reception,1,Reception,True,3250,Modern Chandelier,Not Applicable,High: > 2252,electrical_finishing.csv,False
Electrical Finishing,Opple,LED Spotlight,Electrical,7W Recessed,Bedrooms,7,Low,7.5,Piece,Per_Room,4,Bedroom,False,138,LED Spotlight,Not Applicable,Low: <= 174,electrical_finishing.csv,False
Electrical Finishing,Philips,LED Bulb,Electrical,9W,Bedrooms,9,Low,7.2,Piece,Per_Room,4,Bedroom,False,62,LED Bulb,Not Applicable,Low: <= 174,electrical_finishing.csv,False
Electrical Finishing,El Sewedy Electric,Modern Chandelier,Electrical,6 Lights LED,Reception,36,High,8.5,Piece,Per_Reception,1,Reception,True,2368,Modern Chandelier,Not Applicable,High: > 2252,electrical_finishing.csv,False
Electrical Finishing,Osram,Modern Chandelier,Electrical,6 Lights LED,Reception,36,High,8.5,Piece,Per_Reception,1,Reception,True,2303,Modern Chandelier,Not Applicable,High: > 2252,electrical_finishing.csv,False
Electrical Finishing,Venus Electric,Modern Chandelier,Electrical,6 Lights LED,Reception,36,High,8.5,Piece,Per_Reception,1,Reception,True,2610,Modern Chandelier,Not Applicable,High: > 2252,electrical_finishing.csv,False
Electrical Finishing,El Sewedy Electric,LED Downlight,Electrical,18W Recessed,Reception,18,Low,8.8,Piece,Per_Reception,8,Reception,False,148,LED Downlight,Not Applicable,Low: <= 174,electrical_finishing.csv,False
Electrical Finishing,Venus Electric,LED Bulb,Electrical,9W,Bedrooms,9,Low,7.2,Piece,Per_Room,4,Bedroom,False,150,LED Bulb,Not Applicable,Low: <= 174,electrical_finishing.csv,False
Electrical Finishing,El Sewedy Electric,LED Bulb,Electrical,9W,Bedrooms,9,Low,7.2,Piece,Per_Room,4,Bedroom,False,166,LED Bulb,Not Applicable,Low: <= 174,electrical_finishing.csv,False
Electrical Finishing,Osram,Modern Chandelier,Electrical,6 Lights LED,Reception,36,High,8.5,Piece,Per_Reception,1,Reception,True,2466,Modern Chandelier,Not Applicable,High: > 2252,electrical_finishing.csv,False
Electrical Finishing,Philips,Modern Chandelier,Electrical,6 Lights LED,Reception,36,High,8.5,Piece,Per_Reception,1,Reception,True,2453,Modern Chandelier,Not Applicable,High: > 2252,electrical_finishing.csv,False
Electrical Finishing,Osram,LED Bulb,Electrical,9W,Bedrooms,9,Low,7.2,Piece,Per_Room,4,Bedroom,False,108,LED Bulb,Not Applicable,Low: <= 174,electrical_finishing.csv,False
Electrical Finishing,Philips,Modern Chandelier,Electrical,6 Lights LED,Reception,36,High,8.5,Piece,Per_Reception,1,Reception,True,2940,Modern Chandelier,Not Applicable,High: > 2252,electrical_finishing.csv,False
Electrical Finishing,El Sewedy Electric,LED Downlight,Electrical,18W Recessed,Reception,18,Low,8.8,Piece,Per_Reception,8,Reception,False,141,LED Downlight,Not Applicable,Low: <= 174,electrical_finishing.csv,False
Electrical Finishing,Osram,LED Downlight,Electrical,18W Recessed,Reception,18,Low,8.8,Piece,Per_Reception,8,Reception,False,96,LED Downlight,Not Applicable,Low: <= 174,electrical_finishing.csv,False
Electrical Finishing,Venus Electric,Modern Chandelier,Electrical,6 Lights LED,Reception,36,Medium,8.5,Piece,Per_Reception,1,Reception,True,1866,Modern Chandelier,Not Applicable,Medium: 174 - 2252,electrical_finishing.csv,False
Electrical Finishing,Venus Electric,Modern Chandelier,Electrical,6 Lights LED,Reception,36,Medium,8.5,Piece,Per_Reception,1,Reception,True,1316,Modern Chandelier,Not Applicable,Medium: 174 - 2252,electrical_finishing.csv,False
Electrical Finishing,Osram,Modern Chandelier,Electrical,6 Lights LED,Reception,36,High,8.5,Piece,Per_Reception,1,Reception,True,2995,Modern Chandelier,Not Applicable,High: > 2252,electrical_finishing.csv,False
Electrical Finishing,El Sewedy Electric,LED Downlight,Electrical,18W Recessed,Reception,18,Low,8.8,Piece,Per_Reception,8,Reception,False,163,LED Downlight,Not Applicable,Low: <= 174,electrical_finishing.csv,False
Electrical Finishing,El Sewedy Electric,LED Downlight,Electrical,18W Recessed,Reception,18,Low,8.8,Piece,Per_Reception,8,Reception,False,68,LED Downlight,Not Applicable,Low: <= 174,electrical_finishing.csv,False
Electrical Finishing,Opple,Modern Chandelier,Electrical,6 Lights LED,Reception,36,Medium,8.5,Piece,Per_Reception,1,Reception,True,1775,Modern Chandelier,Not Applicable,Medium: 174 - 2252,electrical_finishing.csv,False
Electrical Finishing,Opple,Modern Chandelier,Electrical,6 Lights LED,Reception,36,Medium,8.5,Piece,Per_Reception,1,Reception,True,1756,Modern Chandelier,Not Applicable,Medium: 174 - 2252,electrical_finishing.csv,False
Electrical Finishing,Osram,Modern Chandelier,Electrical,6 Lights LED,Reception,36,Medium,8.5,Piece,Per_Reception,1,Reception,True,1274,Modern Chandelier,Not Applicable,Medium: 174 - 2252,electrical_finishing.csv,False
Electrical Finishing,Osram,Modern Chandelier,Electrical,6 Lights LED,Reception,36,High,8.5,Piece,Per_Reception,1,Reception,True,3319,Modern Chandelier,Not Applicable,High: > 2252,electrical_finishing.csv,False
Electrical Finishing,El Sewedy Electric,Modern Chandelier,Electrical,6 Lights LED,Reception,36,High,8.5,Piece,Per_Reception,1,Reception,True,2344,Modern Chandelier,Not Applicable,High: > 2252,electrical_finishing.csv,False
Electrical Finishing,Philips,LED Downlight,Electrical,18W Recessed,Reception,18,Low,8.8,Piece,Per_Reception,8,Reception,False,72,LED Downlight,Not Applicable,Low: <= 174,electrical_finishing.csv,False
Electrical Finishing,Philips,Modern Chandelier,Electrical,6 Lights LED,Reception,36,Medium,8.5,Piece,Per_Reception,1,Reception,True,1284,Modern Chandelier,Not Applicable,Medium: 174 - 2252,electrical_finishing.csv,False
Electrical Finishing,Venus Electric,Modern Chandelier,Electrical,6 Lights LED,Reception,36,Medium,8.5,Piece,Per_Reception,1,Reception,True,1274,Modern Chandelier,Not Applicable,Medium: 174 - 2252,electrical_finishing.csv,False
Electrical Finishing,El Sewedy Electric,Modern Chandelier,Electrical,6 Lights LED,Reception,36,Medium,8.5,Piece,Per_Reception,1,Reception,True,2099,Modern Chandelier,Not Applicable,Medium: 174 - 2252,electrical_finishing.csv,False
Electrical Finishing,Osram,Modern Chandelier,Electrical,6 Lights LED,Reception,36,High,8.5,Piece,Per_Reception,1,Reception,True,2610,Modern Chandelier,Not Applicable,High: > 2252,electrical_finishing.csv,False
Electrical Finishing,El Sewedy Electric,LED Spotlight,Electrical,7W Recessed,Bedrooms,7,Low,7.5,Piece,Per_Room,4,Bedroom,False,172,LED Spotlight,Not Applicable,Low: <= 174,electrical_finishing.csv,False
Electrical Finishing,Philips,LED Downlight,Electrical,18W Recessed,Reception,18,Medium,8.8,Piece,Per_Reception,8,Reception,False,179,LED Downlight,Not Applicable,Medium: 174 - 2252,electrical_finishing.csv,True
Electrical Finishing,Opple,LED Downlight,Electrical,18W Recessed,Reception,18,Low,8.8,Piece,Per_Reception,8,Reception,False,79,LED Downlight,Not Applicable,Low: <= 174,electrical_finishing.csv,False
Electrical Finishing,Osram,Modern Chandelier,Electrical,6 Lights LED,Reception,36,High,8.5,Piece,Per_Reception,1,Reception,True,3137,Modern Chandelier,Not Applicable,High: > 2252,electrical_finishing.csv,False
Electrical Finishing,Opple,LED Downlight,Electrical,18W Recessed,Reception,18,Low,8.8,Piece,Per_Reception,8,Reception,False,55,LED Downlight,Not Applicable,Low: <= 174,electrical_finishing.csv,False
Electrical Finishing,Opple,Modern Chandelier,Electrical,6 Lights LED,Reception,36,Medium,8.5,Piece,Per_Reception,1,Reception,True,2139,Modern Chandelier,Not Applicable,Medium: 174 - 2252,electrical_finishing.csv,False
Electrical Finishing,Osram,Modern Chandelier,Electrical,6 Lights LED,Reception,36,High,8.5,Piece,Per_Reception,1,Reception,True,3402,Modern Chandelier,Not Applicable,High: > 2252,electrical_finishing.csv,False
Electrical Finishing,Venus Electric,LED Downlight,Electrical,18W Recessed,Reception,18,Low,8.8,Piece,Per_Reception,8,Reception,False,151,LED Downlight,Not Applicable,Low: <= 174,electrical_finishing.csv,False
Electrical Finishing,Venus Electric,Modern Chandelier,Electrical,6 Lights LED,Reception,36,Medium,8.5,Piece,Per_Reception,1,Reception,True,1611,Modern Chandelier,Not Applicable,Medium: 174 - 2252,electrical_finishing.csv,False
Electrical Finishing,Venus Electric,LED Spotlight,Electrical,7W Recessed,Bedrooms,7,Low,7.5,Piece,Per_Room,4,Bedroom,False,123,LED Spotlight,Not Applicable,Low: <= 174,electrical_finishing.csv,False
Electrical Finishing,Venus Electric,LED Downlight,Electrical,18W Recessed,Reception,18,Medium,8.8,Piece,Per_Reception,8,Reception,False,175,LED Downlight,Not Applicable,Medium: 174 - 2252,electrical_finishing.csv,True
Electrical Finishing,Opple,Modern Chandelier,Electrical,6 Lights LED,Reception,36,Medium,8.5,Piece,Per_Reception,1,Reception,True,1855,Modern Chandelier,Not Applicable,Medium: 174 - 2252,electrical_finishing.csv,False
Electrical Finishing,Osram,Modern Chandelier,Electrical,6 Lights LED,Reception,36,High,8.5,Piece,Per_Reception,1,Reception,True,3461,Modern Chandelier,Not Applicable,High: > 2252,electrical_finishing.csv,False
Electrical Finishing,Philips,Modern Chandelier,Electrical,6 Lights LED,Reception,36,High,8.5,Piece,Per_Reception,1,Reception,True,2528,Modern Chandelier,Not Applicable,High: > 2252,electrical_finishing.csv,False
Electrical Finishing,Osram,LED Spotlight,Electrical,7W Recessed,Bedrooms,7,Low,7.5,Piece,Per_Room,4,Bedroom,False,97,LED Spotlight,Not Applicable,Low: <= 174,electrical_finishing.csv,False
Electrical Finishing,Osram,Modern Chandelier,Electrical,6 Lights LED,Reception,36,High,8.5,Piece,Per_Reception,1,Reception,True,3241,Modern Chandelier,Not Applicable,High: > 2252,electrical_finishing.csv,False
Electrical Finishing,Philips,LED Downlight,Electrical,18W Recessed,Reception,18,Low,8.8,Piece,Per_Reception,8,Reception,False,135,LED Downlight,Not Applicable,Low: <= 174,electrical_finishing.csv,False
Electrical Finishing,Venus Electric,Modern Chandelier,Electrical,6 Lights LED,Reception,36,Medium,8.5,Piece,Per_Reception,1,Reception,True,1980,Modern Chandelier,Not Applicable,Medium: 174 - 2252,electrical_finishing.csv,False
Electrical Finishing,Opple,Modern Chandelier,Electrical,6 Lights LED,Reception,36,High,8.5,Piece,Per_Reception,1,Reception,True,2671,Modern Chandelier,Not Applicable,High: > 2252,electrical_finishing.csv,False
Electrical Finishing,Venus Electric,Modern Chandelier,Electrical,6 Lights LED,Reception,36,High,8.5,Piece,Per_Reception,1,Reception,True,2370,Modern Chandelier,Not Applicable,High: > 2252,electrical_finishing.csv,False
Electrical Finishing,Osram,LED Downlight,Electrical,18W Recessed,Reception,18,Low,8.8,Piece,Per_Reception,8,Reception,False,67,LED Downlight,Not Applicable,Low: <= 174,electrical_finishing.csv,False
Electrical Finishing,Opple,Modern Chandelier,Electrical,6 Lights LED,Reception,36,Medium,8.5,Piece,Per_Reception,1,Reception,True,1927,Modern Chandelier,Not Applicable,Medium: 174 - 2252,electrical_finishing.csv,False
Electrical Finishing,Philips,LED Spotlight,Electrical,7W Recessed,Bedrooms,7,Low,7.5,Piece,Per_Room,4,Bedroom,False,73,LED Spotlight,Not Applicable,Low: <= 174,electrical_finishing.csv,False
Electrical Finishing,El Sewedy Electric,Modern Chandelier,Electrical,6 Lights LED,Reception,36,High,8.5,Piece,Per_Reception,1,Reception,True,2934,Modern Chandelier,Not Applicable,High: > 2252,electrical_finishing.csv,False
Electrical Finishing,Opple,Modern Chandelier,Electrical,6 Lights LED,Reception,36,Medium,8.5,Piece,Per_Reception,1,Reception,True,1903,Modern Chandelier,Not Applicable,Medium: 174 - 2252,electrical_finishing.csv,False
Electrical Finishing,Osram,LED Downlight,Electrical,18W Recessed,Reception,18,Low,8.8,Piece,Per_Reception,8,Reception,False,126,LED Downlight,Not Applicable,Low: <= 174,electrical_finishing.csv,False
Electrical Finishing,Venus Electric,Modern Chandelier,Electrical,6 Lights LED,Reception,36,High,8.5,Piece,Per_Reception,1,Reception,True,3468,Modern Chandelier,Not Applicable,High: > 2252,electrical_finishing.csv,False
Electrical Finishing,Opple,Modern Chandelier,Electrical,6 Lights LED,Reception,36,High,8.5,Piece,Per_Reception,1,Reception,True,2385,Modern Chandelier,Not Applicable,High: > 2252,electrical_finishing.csv,False
Electrical Finishing,El Sewedy Electric,Modern Chandelier,Electrical,6 Lights LED,Reception,36,Medium,8.5,Piece,Per_Reception,1,Reception,True,2043,Modern Chandelier,Not Applicable,Medium: 174 - 2252,electrical_finishing.csv,False
Electrical Finishing,Opple,Modern Chandelier,Electrical,6 Lights LED,Reception,36,Medium,8.5,Piece,Per_Reception,1,Reception,True,1707,Modern Chandelier,Not Applicable,Medium: 174 - 2252,electrical_finishing.csv,False
Electrical Finishing,Venus Electric,Modern Chandelier,Electrical,6 Lights LED,Reception,36,High,8.5,Piece,Per_Reception,1,Reception,True,2842,Modern Chandelier,Not Applicable,High: > 2252,electrical_finishing.csv,False
Electrical Finishing,El Sewedy Electric,Modern Chandelier,Electrical,6 Lights LED,Reception,36,Medium,8.5,Piece,Per_Reception,1,Reception,True,1394,Modern Chandelier,Not Applicable,Medium: 174 - 2252,electrical_finishing.csv,False
Electrical Finishing,Philips,Modern Chandelier,Electrical,6 Lights LED,Reception,36,Medium,8.5,Piece,Per_Reception,1,Reception,True,1981,Modern Chandelier,Not Applicable,Medium: 174 - 2252,electrical_finishing.csv,False
Electrical Finishing,Osram,Modern Chandelier,Electrical,6 Lights LED,Reception,36,Medium,8.5,Piece,Per_Reception,1,Reception,True,1559,Modern Chandelier,Not Applicable,Medium: 174 - 2252,electrical_finishing.csv,False
Electrical Finishing,Philips,LED Spotlight,Electrical,7W Recessed,Bedrooms,7,Low,7.5,Piece,Per_Room,4,Bedroom,False,60,LED Spotlight,Not Applicable,Low: <= 174,electrical_finishing.csv,False
Electrical Finishing,Philips,LED Spotlight,Electrical,7W Recessed,Bedrooms,7,Low,7.5,Piece,Per_Room,4,Bedroom,False,81,LED Spotlight,Not Applicable,Low: <= 174,electrical_finishing.csv,False
Electrical Finishing,Venus Electric,LED Bulb,Electrical,9W,Bedrooms,9,Low,7.2,Piece,Per_Room,4,Bedroom,False,91,LED Bulb,Not Applicable,Low: <= 174,electrical_finishing.csv,False
Electrical Finishing,Opple,LED Downlight,Electrical,18W Recessed,Reception,18,Low,8.8,Piece,Per_Reception,8,Reception,False,124,LED Downlight,Not Applicable,Low: <= 174,electrical_finishing.csv,False
Electrical Finishing,El Sewedy Electric,LED Bulb,Electrical,9W,Bedrooms,9,Low,7.2,Piece,Per_Room,4,Bedroom,False,80,LED Bulb,Not Applicable,Low: <= 174,electrical_finishing.csv,False
Electrical Finishing,El Sewedy Electric,LED Downlight,Electrical,18W Recessed,Reception,18,Low,8.8,Piece,Per_Reception,8,Reception,False,169,LED Downlight,Not Applicable,Low: <= 174,electrical_finishing.csv,False
Electrical Finishing,Venus Electric,Modern Chandelier,Electrical,6 Lights LED,Reception,36,Medium,8.5,Piece,Per_Reception,1,Reception,True,1419,Modern Chandelier,Not Applicable,Medium: 174 - 2252,electrical_finishing.csv,False
Electrical Finishing,Opple,Modern Chandelier,Electrical,6 Lights LED,Reception,36,Medium,8.5,Piece,Per_Reception,1,Reception,True,1722,Modern Chandelier,Not Applicable,Medium: 174 - 2252,electrical_finishing.csv,False
Electrical Finishing,El Sewedy Electric,LED Downlight,Electrical,18W Recessed,Reception,18,Low,8.8,Piece,Per_Reception,8,Reception,False,135,LED Downlight,Not Applicable,Low: <= 174,electrical_finishing.csv,False
Electrical Finishing,Opple,Modern Chandelier,Electrical,6 Lights LED,Reception,36,High,8.5,Piece,Per_Reception,1,Reception,True,3200,Modern Chandelier,Not Applicable,High: > 2252,electrical_finishing.csv,False
Electrical Finishing,El Sewedy Electric,Modern Chandelier,Electrical,6 Lights LED,Reception,36,High,8.5,Piece,Per_Reception,1,Reception,True,2690,Modern Chandelier,Not Applicable,High: > 2252,electrical_finishing.csv,False
Electrical Finishing,Venus Electric,Modern Chandelier,Electrical,6 Lights LED,Reception,36,High,8.5,Piece,Per_Reception,1,Reception,True,2436,Modern Chandelier,Not Applicable,High: > 2252,electrical_finishing.csv,False
Electrical Finishing,Venus Electric,LED Downlight,Electrical,18W Recessed,Reception,18,Low,8.8,Piece,Per_Reception,8,Reception,False,58,LED Downlight,Not Applicable,Low: <= 174,electrical_finishing.csv,False
Electrical Finishing,Opple,Modern Chandelier,Electrical,6 Lights LED,Reception,36,High,8.5,Piece,Per_Reception,1,Reception,True,2337,Modern Chandelier,Not Applicable,High: > 2252,electrical_finishing.csv,False
Electrical Finishing,Philips,LED Downlight,Electrical,18W Recessed,Reception,18,Low,8.8,Piece,Per_Reception,8,Reception,False,137,LED Downlight,Not Applicable,Low: <= 174,electrical_finishing.csv,False
Electrical Finishing,Opple,LED Downlight,Electrical,18W Recessed,Reception,18,Low,8.8,Piece,Per_Reception,8,Reception,False,143,LED Downlight,Not Applicable,Low: <= 174,electrical_finishing.csv,False
Electrical Finishing,Venus Electric,Modern Chandelier,Electrical,6 Lights LED,Reception,36,High,8.5,Piece,Per_Reception,1,Reception,True,2863,Modern Chandelier,Not Applicable,High: > 2252,electrical_finishing.csv,False
Electrical Finishing,Philips,Modern Chandelier,Electrical,6 Lights LED,Reception,36,Medium,8.5,Piece,Per_Reception,1,Reception,True,1767,Modern Chandelier,Not Applicable,Medium: 174 - 2252,electrical_finishing.csv,False
Electrical Finishing,Opple,Modern Chandelier,Electrical,6 Lights LED,Reception,36,High,8.5,Piece,Per_Reception,1,Reception,True,3068,Modern Chandelier,Not Applicable,High: > 2252,electrical_finishing.csv,False
Electrical Finishing,El Sewedy Electric,Modern Chandelier,Electrical,6 Lights LED,Reception,36,High,8.5,Piece,Per_Reception,1,Reception,True,2352,Modern Chandelier,Not Applicable,High: > 2252,electrical_finishing.csv,False
Electrical Finishing,Opple,Modern Chandelier,Electrical,6 Lights LED,Reception,36,High,8.5,Piece,Per_Reception,1,Reception,True,3228,Modern Chandelier,Not Applicable,High: > 2252,electrical_finishing.csv,False
Electrical Finishing,Opple,LED Downlight,Electrical,18W Recessed,Reception,18,Low,8.8,Piece,Per_Reception,8,Reception,False,59,LED Downlight,Not Applicable,Low: <= 174,electrical_finishing.csv,False
Electrical Finishing,Opple,Modern Chandelier,Electrical,6 Lights LED,Reception,36,High,8.5,Piece,Per_Reception,1,Reception,True,2889,Modern Chandelier,Not Applicable,High: > 2252,electrical_finishing.csv,False
Electrical Finishing,Venus Electric,LED Spotlight,Electrical,7W Recessed,Bedrooms,7,Low,7.5,Piece,Per_Room,4,Bedroom,False,60,LED Spotlight,Not Applicable,Low: <= 174,electrical_finishing.csv,False
Electrical Finishing,Venus Electric,LED Downlight,Electrical,18W Recessed,Reception,18,Low,8.8,Piece,Per_Reception,8,Reception,False,84,LED Downlight,Not Applicable,Low: <= 174,electrical_finishing.csv,False
Electrical Finishing,Opple,LED Bulb,Electrical,9W,Bedrooms,9,Medium,7.2,Piece,Per_Room,4,Bedroom,False,179,LED Bulb,Not Applicable,Medium: 174 - 2252,electrical_finishing.csv,True
Electrical Finishing,El Sewedy Electric,Modern Chandelier,Electrical,6 Lights LED,Reception,36,Medium,8.5,Piece,Per_Reception,1,Reception,True,2038,Modern Chandelier,Not Applicable,Medium: 174 - 2252,electrical_finishing.csv,False
Electrical Finishing,Philips,LED Bulb,Electrical,9W,Bedrooms,9,Low,7.2,Piece,Per_Room,4,Bedroom,False,58,LED Bulb,Not Applicable,Low: <= 174,electrical_finishing.csv,False
Electrical Finishing,El Sewedy Electric,Modern Chandelier,Electrical,6 Lights LED,Reception,36,High,8.5,Piece,Per_Reception,1,Reception,True,3145,Modern Chandelier,Not Applicable,High: > 2252,electrical_finishing.csv,False
Electrical Finishing,Philips,Modern Chandelier,Electrical,6 Lights LED,Reception,36,High,8.5,Piece,Per_Reception,1,Reception,True,2819,Modern Chandelier,Not Applicable,High: > 2252,electrical_finishing.csv,False
Electrical Finishing,Opple,Modern Chandelier,Electrical,6 Lights LED,Reception,36,High,8.5,Piece,Per_Reception,1,Reception,True,2724,Modern Chandelier,Not Applicable,High: > 2252,electrical_finishing.csv,False
Electrical Finishing,El Sewedy Electric,LED Downlight,Electrical,18W Recessed,Reception,18,Low,8.8,Piece,Per_Reception,8,Reception,False,144,LED Downlight,Not Applicable,Low: <= 174,electrical_finishing.csv,False
Electrical Finishing,El Sewedy Electric,LED Downlight,Electrical,18W Recessed,Reception,18,Low,8.8,Piece,Per_Reception,8,Reception,False,89,LED Downlight,Not Applicable,Low: <= 174,electrical_finishing.csv,False
Electrical Finishing,Opple,Modern Chandelier,Electrical,6 Lights LED,Reception,36,Medium,8.5,Piece,Per_Reception,1,Reception,True,1951,Modern Chandelier,Not Applicable,Medium: 174 - 2252,electrical_finishing.csv,False
Electrical Finishing,Philips,Modern Chandelier,Electrical,6 Lights LED,Reception,36,Medium,8.5,Piece,Per_Reception,1,Reception,True,1816,Modern Chandelier,Not Applicable,Medium: 174 - 2252,electrical_finishing.csv,False
Electrical Finishing,Venus Electric,LED Downlight,Electrical,18W Recessed,Reception,18,Low,8.8,Piece,Per_Reception,8,Reception,False,157,LED Downlight,Not Applicable,Low: <= 174,electrical_finishing.csv,False
Electrical Finishing,El Sewedy Electric,LED Downlight,Electrical,18W Recessed,Reception,18,Low,8.8,Piece,Per_Reception,8,Reception,False,168,LED Downlight,Not Applicable,Low: <= 174,electrical_finishing.csv,False
Electrical Finishing,Philips,Modern Chandelier,Electrical,6 Lights LED,Reception,36,High,8.5,Piece,Per_Reception,1,Reception,True,2421,Modern Chandelier,Not Applicable,High: > 2252,electrical_finishing.csv,False
Electrical Finishing,Venus Electric,Modern Chandelier,Electrical,6 Lights LED,Reception,36,Medium,8.5,Piece,Per_Reception,1,Reception,True,1744,Modern Chandelier,Not Applicable,Medium: 174 - 2252,electrical_finishing.csv,False
Electrical Finishing,Osram,Modern Chandelier,Electrical,6 Lights LED,Reception,36,Medium,8.5,Piece,Per_Reception,1,Reception,True,1970,Modern Chandelier,Not Applicable,Medium: 174 - 2252,electrical_finishing.csv,False
Electrical Finishing,Osram,LED Bulb,Electrical,9W,Bedrooms,9,Low,7.2,Piece,Per_Room,4,Bedroom,False,64,LED Bulb,Not Applicable,Low: <= 174,electrical_finishing.csv,False
Electrical Finishing,El Sewedy Electric,Modern Chandelier,Electrical,6 Lights LED,Reception,36,High,8.5,Piece,Per_Reception,1,Reception,True,3276,Modern Chandelier,Not Applicable,High: > 2252,electrical_finishing.csv,False
Electrical Finishing,El Sewedy Electric,LED Spotlight,Electrical,7W Recessed,Bedrooms,7,Low,7.5,Piece,Per_Room,4,Bedroom,False,108,LED Spotlight,Not Applicable,Low: <= 174,electrical_finishing.csv,False
Electrical Finishing,El Sewedy Electric,Modern Chandelier,Electrical,6 Lights LED,Reception,36,Medium,8.5,Piece,Per_Reception,1,Reception,True,1461,Modern Chandelier,Not Applicable,Medium: 174 - 2252,electrical_finishing.csv,False
Electrical Finishing,Philips,LED Downlight,Electrical,18W Recessed,Reception,18,Low,8.8,Piece,Per_Reception,8,Reception,False,155,LED Downlight,Not Applicable,Low: <= 174,electrical_finishing.csv,False
Electrical Finishing,Philips,LED Downlight,Electrical,18W Recessed,Reception,18,Low,8.8,Piece,Per_Reception,8,Reception,False,90,LED Downlight,Not Applicable,Low: <= 174,electrical_finishing.csv,False
Electrical Finishing,Opple,Modern Chandelier,Electrical,6 Lights LED,Reception,36,Medium,8.5,Piece,Per_Reception,1,Reception,True,2135,Modern Chandelier,Not Applicable,Medium: 174 - 2252,electrical_finishing.csv,False
Electrical Finishing,El Sewedy Electric,Modern Chandelier,Electrical,6 Lights LED,Reception,36,Medium,8.5,Piece,Per_Reception,1,Reception,True,2037,Modern Chandelier,Not Applicable,Medium: 174 - 2252,electrical_finishing.csv,False
Electrical Finishing,El Sewedy Electric,Modern Chandelier,Electrical,6 Lights LED,Reception,36,Medium,8.5,Piece,Per_Reception,1,Reception,True,2246,Modern Chandelier,Not Applicable,Medium: 174 - 2252,electrical_finishing.csv,False
Electrical Finishing,El Sewedy Electric,Modern Chandelier,Electrical,6 Lights LED,Reception,36,High,8.5,Piece,Per_Reception,1,Reception,True,3447,Modern Chandelier,Not Applicable,High: > 2252,electrical_finishing.csv,False
Electrical Finishing,Philips,Modern Chandelier,Electrical,6 Lights LED,Reception,36,Medium,8.5,Piece,Per_Reception,1,Reception,True,2231,Modern Chandelier,Not Applicable,Medium: 174 - 2252,electrical_finishing.csv,False
Electrical Finishing,Osram,Modern Chandelier,Electrical,6 Lights LED,Reception,36,Medium,8.5,Piece,Per_Reception,1,Reception,True,1495,Modern Chandelier,Not Applicable,Medium: 174 - 2252,electrical_finishing.csv,False
Electrical Finishing,Osram,Modern Chandelier,Electrical,6 Lights LED,Reception,36,High,8.5,Piece,Per_Reception,1,Reception,True,3240,Modern Chandelier,Not Applicable,High: > 2252,electrical_finishing.csv,False
Electrical Finishing,Opple,Modern Chandelier,Electrical,6 Lights LED,Reception,36,High,8.5,Piece,Per_Reception,1,Reception,True,3449,Modern Chandelier,Not Applicable,High: > 2252,electrical_finishing.csv,False
Electrical Finishing,Opple,LED Downlight,Electrical,18W Recessed,Reception,18,Low,8.8,Piece,Per_Reception,8,Reception,False,121,LED Downlight,Not Applicable,Low: <= 174,electrical_finishing.csv,False
Electrical Finishing,Opple,Modern Chandelier,Electrical,6 Lights LED,Reception,36,High,8.5,Piece,Per_Reception,1,Reception,True,2814,Modern Chandelier,Not Applicable,High: > 2252,electrical_finishing.csv,False
Electrical Finishing,Opple,Modern Chandelier,Electrical,6 Lights LED,Reception,36,Medium,8.5,Piece,Per_Reception,1,Reception,True,1736,Modern Chandelier,Not Applicable,Medium: 174 - 2252,electrical_finishing.csv,False
Electrical Finishing,El Sewedy Electric,Modern Chandelier,Electrical,6 Lights LED,Reception,36,Medium,8.5,Piece,Per_Reception,1,Reception,True,1423,Modern Chandelier,Not Applicable,Medium: 174 - 2252,electrical_finishing.csv,False
Electrical Finishing,Venus Electric,LED Downlight,Electrical,18W Recessed,Reception,18,Low,8.8,Piece,Per_Reception,8,Reception,False,154,LED Downlight,Not Applicable,Low: <= 174,electrical_finishing.csv,False
Electrical Finishing,Opple,Modern Chandelier,Electrical,6 Lights LED,Reception,36,High,8.5,Piece,Per_Reception,1,Reception,True,2917,Modern Chandelier,Not Applicable,High: > 2252,electrical_finishing.csv,False
Electrical Finishing,Philips,Modern Chandelier,Electrical,6 Lights LED,Reception,36,High,8.5,Piece,Per_Reception,1,Reception,True,2477,Modern Chandelier,Not Applicable,High: > 2252,electrical_finishing.csv,False
Electrical Finishing,El Sewedy Electric,Modern Chandelier,Electrical,6 Lights LED,Reception,36,Medium,8.5,Piece,Per_Reception,1,Reception,True,1816,Modern Chandelier,Not Applicable,Medium: 174 - 2252,electrical_finishing.csv,False
Electrical Finishing,Osram,Modern Chandelier,Electrical,6 Lights LED,Reception,36,Medium,8.5,Piece,Per_Reception,1,Reception,True,1246,Modern Chandelier,Not Applicable,Medium: 174 - 2252,electrical_finishing.csv,False
Electrical Finishing,Philips,Modern Chandelier,Electrical,6 Lights LED,Reception,36,High,8.5,Piece,Per_Reception,1,Reception,True,3197,Modern Chandelier,Not Applicable,High: > 2252,electrical_finishing.csv,False
Electrical Finishing,Opple,Modern Chandelier,Electrical,6 Lights LED,Reception,36,High,8.5,Piece,Per_Reception,1,Reception,True,3479,Modern Chandelier,Not Applicable,High: > 2252,electrical_finishing.csv,False
Electrical Finishing,Osram,Modern Chandelier,Electrical,6 Lights LED,Reception,36,Medium,8.5,Piece,Per_Reception,1,Reception,True,1396,Modern Chandelier,Not Applicable,Medium: 174 - 2252,electrical_finishing.csv,False
Electrical Finishing,Opple,Modern Chandelier,Electrical,6 Lights LED,Reception,36,High,8.5,Piece,Per_Reception,1,Reception,True,2634,Modern Chandelier,Not Applicable,High: > 2252,electrical_finishing.csv,False
Electrical Finishing,Osram,Modern Chandelier,Electrical,6 Lights LED,Reception,36,Medium,8.5,Piece,Per_Reception,1,Reception,True,1912,Modern Chandelier,Not Applicable,Medium: 174 - 2252,electrical_finishing.csv,False
Electrical Finishing,Philips,LED Downlight,Electrical,18W Recessed,Reception,18,Medium,8.8,Piece,Per_Reception,8,Reception,False,178,LED Downlight,Not Applicable,Medium: 174 - 2252,electrical_finishing.csv,True
Electrical Finishing,Osram,LED Downlight,Electrical,18W Recessed,Reception,18,Low,8.8,Piece,Per_Reception,8,Reception,False,71,LED Downlight,Not Applicable,Low: <= 174,electrical_finishing.csv,False
Electrical Finishing,Philips,LED Spotlight,Electrical,7W Recessed,Bedrooms,7,Low,7.5,Piece,Per_Room,4,Bedroom,False,128,LED Spotlight,Not Applicable,Low: <= 174,electrical_finishing.csv,False
Electrical Finishing,Venus Electric,LED Spotlight,Electrical,7W Recessed,Bedrooms,7,Low,7.5,Piece,Per_Room,4,Bedroom,False,57,LED Spotlight,Not Applicable,Low: <= 174,electrical_finishing.csv,False
Electrical Finishing,Venus Electric,Modern Chandelier,Electrical,6 Lights LED,Reception,36,Medium,8.5,Piece,Per_Reception,1,Reception,True,1476,Modern Chandelier,Not Applicable,Medium: 174 - 2252,electrical_finishing.csv,False
Electrical Finishing,El Sewedy Electric,Modern Chandelier,Electrical,6 Lights LED,Reception,36,Medium,8.5,Piece,Per_Reception,1,Reception,True,1624,Modern Chandelier,Not Applicable,Medium: 174 - 2252,electrical_finishing.csv,False
Electrical Finishing,Philips,Modern Chandelier,Electrical,6 Lights LED,Reception,36,High,8.5,Piece,Per_Reception,1,Reception,True,2846,Modern Chandelier,Not Applicable,High: > 2252,electrical_finishing.csv,False
Electrical Finishing,Venus Electric,Modern Chandelier,Electrical,6 Lights LED,Reception,36,Medium,8.5,Piece,Per_Reception,1,Reception,True,1268,Modern Chandelier,Not Applicable,Medium: 174 - 2252,electrical_finishing.csv,False
Electrical Finishing,El Sewedy Electric,Modern Chandelier,Electrical,6 Lights LED,Reception,36,Medium,8.5,Piece,Per_Reception,1,Reception,True,1486,Modern Chandelier,Not Applicable,Medium: 174 - 2252,electrical_finishing.csv,False
Electrical Finishing,Venus Electric,LED Spotlight,Electrical,7W Recessed,Bedrooms,7,Low,7.5,Piece,Per_Room,4,Bedroom,False,154,LED Spotlight,Not Applicable,Low: <= 174,electrical_finishing.csv,False
Electrical Finishing,Venus Electric,Modern Chandelier,Electrical,6 Lights LED,Reception,36,High,8.5,Piece,Per_Reception,1,Reception,True,3446,Modern Chandelier,Not Applicable,High: > 2252,electrical_finishing.csv,False
Electrical Finishing,Philips,Modern Chandelier,Electrical,6 Lights LED,Reception,36,High,8.5,Piece,Per_Reception,1,Reception,True,2482,Modern Chandelier,Not Applicable,High: > 2252,electrical_finishing.csv,False
Electrical Finishing,El Sewedy Electric,Modern Chandelier,Electrical,6 Lights LED,Reception,36,Medium,8.5,Piece,Per_Reception,1,Reception,True,1350,Modern Chandelier,Not Applicable,Medium: 174 - 2252,electrical_finishing.csv,False
Electrical Finishing,Opple,LED Downlight,Electrical,18W Recessed,Reception,18,Low,8.8,Piece,Per_Reception,8,Reception,False,128,LED Downlight,Not Applicable,Low: <= 174,electrical_finishing.csv,False
Electrical Finishing,Osram,Modern Chandelier,Electrical,6 Lights LED,Reception,36,High,8.5,Piece,Per_Reception,1,Reception,True,2979,Modern Chandelier,Not Applicable,High: > 2252,electrical_finishing.csv,False
Electrical Finishing,Opple,Modern Chandelier,Electrical,6 Lights LED,Reception,36,High,8.5,Piece,Per_Reception,1,Reception,True,2866,Modern Chandelier,Not Applicable,High: > 2252,electrical_finishing.csv,False
Electrical Finishing,Osram,Modern Chandelier,Electrical,6 Lights LED,Reception,36,High,8.5,Piece,Per_Reception,1,Reception,True,2418,Modern Chandelier,Not Applicable,High: > 2252,electrical_finishing.csv,False
Electrical Finishing,El Sewedy Electric,Modern Chandelier,Electrical,6 Lights LED,Reception,36,High,8.5,Piece,Per_Reception,1,Reception,True,2715,Modern Chandelier,Not Applicable,High: > 2252,electrical_finishing.csv,False
Electrical Finishing,Osram,Modern Chandelier,Electrical,6 Lights LED,Reception,36,High,8.5,Piece,Per_Reception,1,Reception,True,2383,Modern Chandelier,Not Applicable,High: > 2252,electrical_finishing.csv,False
Electrical Finishing,Philips,LED Downlight,Electrical,18W Recessed,Reception,18,Low,8.8,Piece,Per_Reception,8,Reception,False,124,LED Downlight,Not Applicable,Low: <= 174,electrical_finishing.csv,False
Electrical Finishing,El Sewedy Electric,Modern Chandelier,Electrical,6 Lights LED,Reception,36,Medium,8.5,Piece,Per_Reception,1,Reception,True,1968,Modern Chandelier,Not Applicable,Medium: 174 - 2252,electrical_finishing.csv,False
Electrical Finishing,Philips,Modern Chandelier,Electrical,6 Lights LED,Reception,36,High,8.5,Piece,Per_Reception,1,Reception,True,2932,Modern Chandelier,Not Applicable,High: > 2252,electrical_finishing.csv,False
Electrical Finishing,Philips,LED Downlight,Electrical,18W Recessed,Reception,18,Low,8.8,Piece,Per_Reception,8,Reception,False,129,LED Downlight,Not Applicable,Low: <= 174,electrical_finishing.csv,False
Electrical Finishing,El Sewedy Electric,Modern Chandelier,Electrical,6 Lights LED,Reception,36,Medium,8.5,Piece,Per_Reception,1,Reception,True,1979,Modern Chandelier,Not Applicable,Medium: 174 - 2252,electrical_finishing.csv,False
Electrical Finishing,Venus Electric,LED Spotlight,Electrical,7W Recessed,Bedrooms,7,Low,7.5,Piece,Per_Room,4,Bedroom,False,160,LED Spotlight,Not Applicable,Low: <= 174,electrical_finishing.csv,False
Electrical Finishing,Osram,Modern Chandelier,Electrical,6 Lights LED,Reception,36,High,8.5,Piece,Per_Reception,1,Reception,True,3219,Modern Chandelier,Not Applicable,High: > 2252,electrical_finishing.csv,False
Electrical Finishing,Opple,Modern Chandelier,Electrical,6 Lights LED,Reception,36,High,8.5,Piece,Per_Reception,1,Reception,True,2440,Modern Chandelier,Not Applicable,High: > 2252,electrical_finishing.csv,False
Electrical Finishing,Osram,Modern Chandelier,Electrical,6 Lights LED,Reception,36,High,8.5,Piece,Per_Reception,1,Reception,True,2918,Modern Chandelier,Not Applicable,High: > 2252,electrical_finishing.csv,False
Electrical Finishing,Osram,Modern Chandelier,Electrical,6 Lights LED,Reception,36,Medium,8.5,Piece,Per_Reception,1,Reception,True,1343,Modern Chandelier,Not Applicable,Medium: 174 - 2252,electrical_finishing.csv,False
Electrical Finishing,Venus Electric,Modern Chandelier,Electrical,6 Lights LED,Reception,36,High,8.5,Piece,Per_Reception,1,Reception,True,3208,Modern Chandelier,Not Applicable,High: > 2252,electrical_finishing.csv,False
Electrical Finishing,Philips,LED Downlight,Electrical,18W Recessed,Reception,18,Low,8.8,Piece,Per_Reception,8,Reception,False,162,LED Downlight,Not Applicable,Low: <= 174,electrical_finishing.csv,False
Electrical Finishing,Osram,LED Spotlight,Electrical,7W Recessed,Bedrooms,7,Low,7.5,Piece,Per_Room,4,Bedroom,False,86,LED Spotlight,Not Applicable,Low: <= 174,electrical_finishing.csv,False
Electrical Finishing,Venus Electric,LED Downlight,Electrical,18W Recessed,Reception,18,Low,8.8,Piece,Per_Reception,8,Reception,False,101,LED Downlight,Not Applicable,Low: <= 174,electrical_finishing.csv,False
Electrical Finishing,Opple,Modern Chandelier,Electrical,6 Lights LED,Reception,36,High,8.5,Piece,Per_Reception,1,Reception,True,3312,Modern Chandelier,Not Applicable,High: > 2252,electrical_finishing.csv,False
Electrical Finishing,El Sewedy Electric,LED Spotlight,Electrical,7W Recessed,Bedrooms,7,Low,7.5,Piece,Per_Room,4,Bedroom,False,113,LED Spotlight,Not Applicable,Low: <= 174,electrical_finishing.csv,False
Electrical Finishing,Venus Electric,Modern Chandelier,Electrical,6 Lights LED,Reception,36,High,8.5,Piece,Per_Reception,1,Reception,True,2648,Modern Chandelier,Not Applicable,High: > 2252,electrical_finishing.csv,False
Electrical Finishing,Osram,Modern Chandelier,Electrical,6 Lights LED,Reception,36,High,8.5,Piece,Per_Reception,1,Reception,True,3344,Modern Chandelier,Not Applicable,High: > 2252,electrical_finishing.csv,False
Electrical Finishing,Osram,Modern Chandelier,Electrical,6 Lights LED,Reception,36,High,8.5,Piece,Per_Reception,1,Reception,True,3470,Modern Chandelier,Not Applicable,High: > 2252,electrical_finishing.csv,False
Electrical Finishing,Opple,Modern Chandelier,Electrical,6 Lights LED,Reception,36,High,8.5,Piece,Per_Reception,1,Reception,True,2946,Modern Chandelier,Not Applicable,High: > 2252,electrical_finishing.csv,False
Electrical Finishing,El Sewedy Electric,Modern Chandelier,Electrical,6 Lights LED,Reception,36,High,8.5,Piece,Per_Reception,1,Reception,True,2895,Modern Chandelier,Not Applicable,High: > 2252,electrical_finishing.csv,False
Electrical Finishing,El Sewedy Electric,LED Downlight,Electrical,18W Recessed,Reception,18,Low,8.8,Piece,Per_Reception,8,Reception,False,133,LED Downlight,Not Applicable,Low: <= 174,electrical_finishing.csv,False
Electrical Finishing,Venus Electric,Modern Chandelier,Electrical,6 Lights LED,Reception,36,High,8.5,Piece,Per_Reception,1,Reception,True,2618,Modern Chandelier,Not Applicable,High: > 2252,electrical_finishing.csv,False
Electrical Finishing,Opple,Modern Chandelier,Electrical,6 Lights LED,Reception,36,High,8.5,Piece,Per_Reception,1,Reception,True,3028,Modern Chandelier,Not Applicable,High: > 2252,electrical_finishing.csv,False
Electrical Finishing,Osram,Modern Chandelier,Electrical,6 Lights LED,Reception,36,High,8.5,Piece,Per_Reception,1,Reception,True,2705,Modern Chandelier,Not Applicable,High: > 2252,electrical_finishing.csv,False
Electrical Finishing,Venus Electric,Modern Chandelier,Electrical,6 Lights LED,Reception,36,High,8.5,Piece,Per_Reception,1,Reception,True,2895,Modern Chandelier,Not Applicable,High: > 2252,electrical_finishing.csv,False
Electrical Finishing,Opple,LED Bulb,Electrical,9W,Bedrooms,9,Low,7.2,Piece,Per_Room,4,Bedroom,False,126,LED Bulb,Not Applicable,Low: <= 174,electrical_finishing.csv,False
Electrical Finishing,Osram,Modern Chandelier,Electrical,6 Lights LED,Reception,36,High,8.5,Piece,Per_Reception,1,Reception,True,3065,Modern Chandelier,Not Applicable,High: > 2252,electrical_finishing.csv,False
Electrical Finishing,El Sewedy Electric,LED Downlight,Electrical,18W Recessed,Reception,18,Low,8.8,Piece,Per_Reception,8,Reception,False,110,LED Downlight,Not Applicable,Low: <= 174,electrical_finishing.csv,False
Electrical Finishing,Opple,Modern Chandelier,Electrical,6 Lights LED,Reception,36,Medium,8.5,Piece,Per_Reception,1,Reception,True,1322,Modern Chandelier,Not Applicable,Medium: 174 - 2252,electrical_finishing.csv,False
Electrical Finishing,El Sewedy Electric,Modern Chandelier,Electrical,6 Lights LED,Reception,36,Medium,8.5,Piece,Per_Reception,1,Reception,True,1749,Modern Chandelier,Not Applicable,Medium: 174 - 2252,electrical_finishing.csv,False
Electrical Finishing,Osram,Modern Chandelier,Electrical,6 Lights LED,Reception,36,High,8.5,Piece,Per_Reception,1,Reception,True,2782,Modern Chandelier,Not Applicable,High: > 2252,electrical_finishing.csv,False
Electrical Finishing,Venus Electric,Modern Chandelier,Electrical,6 Lights LED,Reception,36,High,8.5,Piece,Per_Reception,1,Reception,True,2941,Modern Chandelier,Not Applicable,High: > 2252,electrical_finishing.csv,False
Electrical Finishing,El Sewedy Electric,Modern Chandelier,Electrical,6 Lights LED,Reception,36,Medium,8.5,Piece,Per_Reception,1,Reception,True,1430,Modern Chandelier,Not Applicable,Medium: 174 - 2252,electrical_finishing.csv,False
Electrical Finishing,Philips,Modern Chandelier,Electrical,6 Lights LED,Reception,36,Medium,8.5,Piece,Per_Reception,1,Reception,True,1695,Modern Chandelier,Not Applicable,Medium: 174 - 2252,electrical_finishing.csv,False
Electrical Finishing,Venus Electric,Modern Chandelier,Electrical,6 Lights LED,Reception,36,Medium,8.5,Piece,Per_Reception,1,Reception,True,1470,Modern Chandelier,Not Applicable,Medium: 174 - 2252,electrical_finishing.csv,False
Electrical Finishing,Osram,LED Downlight,Electrical,18W Recessed,Reception,18,Low,8.8,Piece,Per_Reception,8,Reception,False,119,LED Downlight,Not Applicable,Low: <= 174,electrical_finishing.csv,False
Electrical Finishing,El Sewedy Electric,Modern Chandelier,Electrical,6 Lights LED,Reception,36,High,8.5,Piece,Per_Reception,1,Reception,True,3300,Modern Chandelier,Not Applicable,High: > 2252,electrical_finishing.csv,False
Electrical Finishing,Osram,Modern Chandelier,Electrical,6 Lights LED,Reception,36,Medium,8.5,Piece,Per_Reception,1,Reception,True,1894,Modern Chandelier,Not Applicable,Medium: 174 - 2252,electrical_finishing.csv,False
Electrical Finishing,Venus Electric,Modern Chandelier,Electrical,6 Lights LED,Reception,36,Medium,8.5,Piece,Per_Reception,1,Reception,True,1799,Modern Chandelier,Not Applicable,Medium: 174 - 2252,electrical_finishing.csv,False
Electrical Finishing,Venus Electric,LED Spotlight,Electrical,7W Recessed,Bedrooms,7,Low,7.5,Piece,Per_Room,4,Bedroom,False,151,LED Spotlight,Not Applicable,Low: <= 174,electrical_finishing.csv,False
Electrical Finishing,Venus Electric,Modern Chandelier,Electrical,6 Lights LED,Reception,36,High,8.5,Piece,Per_Reception,1,Reception,True,3414,Modern Chandelier,Not Applicable,High: > 2252,electrical_finishing.csv,False
Electrical Finishing,El Sewedy Electric,Modern Chandelier,Electrical,6 Lights LED,Reception,36,Medium,8.5,Piece,Per_Reception,1,Reception,True,2132,Modern Chandelier,Not Applicable,Medium: 174 - 2252,electrical_finishing.csv,False
Electrical Finishing,Venus Electric,Modern Chandelier,Electrical,6 Lights LED,Reception,36,Medium,8.5,Piece,Per_Reception,1,Reception,True,1295,Modern Chandelier,Not Applicable,Medium: 174 - 2252,electrical_finishing.csv,False
Electrical Finishing,El Sewedy Electric,LED Downlight,Electrical,18W Recessed,Reception,18,Low,8.8,Piece,Per_Reception,8,Reception,False,82,LED Downlight,Not Applicable,Low: <= 174,electrical_finishing.csv,False
Electrical Finishing,Venus Electric,LED Spotlight,Electrical,7W Recessed,Bedrooms,7,Low,7.5,Piece,Per_Room,4,Bedroom,False,159,LED Spotlight,Not Applicable,Low: <= 174,electrical_finishing.csv,False
Electrical Finishing,Venus Electric,LED Downlight,Electrical,18W Recessed,Reception,18,Low,8.8,Piece,Per_Reception,8,Reception,False,88,LED Downlight,Not Applicable,Low: <= 174,electrical_finishing.csv,False
Electrical Finishing,Philips,Modern Chandelier,Electrical,6 Lights LED,Reception,36,Medium,8.5,Piece,Per_Reception,1,Reception,True,1512,Modern Chandelier,Not Applicable,Medium: 174 - 2252,electrical_finishing.csv,False
Electrical Finishing,El Sewedy Electric,LED Bulb,Electrical,9W,Bedrooms,9,Low,7.2,Piece,Per_Room,4,Bedroom,False,67,LED Bulb,Not Applicable,Low: <= 174,electrical_finishing.csv,False
Electrical Finishing,Opple,Modern Chandelier,Electrical,6 Lights LED,Reception,36,High,8.5,Piece,Per_Reception,1,Reception,True,2519,Modern Chandelier,Not Applicable,High: > 2252,electrical_finishing.csv,False
Electrical Finishing,El Sewedy Electric,LED Spotlight,Electrical,7W Recessed,Bedrooms,7,Low,7.5,Piece,Per_Room,4,Bedroom,False,173,LED Spotlight,Not Applicable,Low: <= 174,electrical_finishing.csv,False
Electrical Finishing,Venus Electric,Modern Chandelier,Electrical,6 Lights LED,Reception,36,High,8.5,Piece,Per_Reception,1,Reception,True,2956,Modern Chandelier,Not Applicable,High: > 2252,electrical_finishing.csv,False
Electrical Finishing,Osram,Modern Chandelier,Electrical,6 Lights LED,Reception,36,High,8.5,Piece,Per_Reception,1,Reception,True,3448,Modern Chandelier,Not Applicable,High: > 2252,electrical_finishing.csv,False
Electrical Finishing,Philips,Modern Chandelier,Electrical,6 Lights LED,Reception,36,Medium,8.5,Piece,Per_Reception,1,Reception,True,2059,Modern Chandelier,Not Applicable,Medium: 174 - 2252,electrical_finishing.csv,False
Electrical Finishing,Osram,Modern Chandelier,Electrical,6 Lights LED,Reception,36,Medium,8.5,Piece,Per_Reception,1,Reception,True,1762,Modern Chandelier,Not Applicable,Medium: 174 - 2252,electrical_finishing.csv,False
Electrical Finishing,El Sewedy Electric,LED Downlight,Electrical,18W Recessed,Reception,18,Low,8.8,Piece,Per_Reception,8,Reception,False,120,LED Downlight,Not Applicable,Low: <= 174,electrical_finishing.csv,False
Electrical Finishing,Osram,Modern Chandelier,Electrical,6 Lights LED,Reception,36,High,8.5,Piece,Per_Reception,1,Reception,True,2624,Modern Chandelier,Not Applicable,High: > 2252,electrical_finishing.csv,False
Electrical Finishing,Venus Electric,Modern Chandelier,Electrical,6 Lights LED,Reception,36,Medium,8.5,Piece,Per_Reception,1,Reception,True,1719,Modern Chandelier,Not Applicable,Medium: 174 - 2252,electrical_finishing.csv,False
Electrical Finishing,Philips,Modern Chandelier,Electrical,6 Lights LED,Reception,36,High,8.5,Piece,Per_Reception,1,Reception,True,2984,Modern Chandelier,Not Applicable,High: > 2252,electrical_finishing.csv,False
Electrical Finishing,Philips,LED Downlight,Electrical,18W Recessed,Reception,18,Low,8.8,Piece,Per_Reception,8,Reception,False,133,LED Downlight,Not Applicable,Low: <= 174,electrical_finishing.csv,False
Electrical Finishing,Philips,Modern Chandelier,Electrical,6 Lights LED,Reception,36,Medium,8.5,Piece,Per_Reception,1,Reception,True,1453,Modern Chandelier,Not Applicable,Medium: 174 - 2252,electrical_finishing.csv,False
Electrical Finishing,Osram,Modern Chandelier,Electrical,6 Lights LED,Reception,36,Medium,8.5,Piece,Per_Reception,1,Reception,True,1293,Modern Chandelier,Not Applicable,Medium: 174 - 2252,electrical_finishing.csv,False
Electrical Finishing,El Sewedy Electric,Modern Chandelier,Electrical,6 Lights LED,Reception,36,Medium,8.5,Piece,Per_Reception,1,Reception,True,1535,Modern Chandelier,Not Applicable,Medium: 174 - 2252,electrical_finishing.csv,False
Electrical Finishing,El Sewedy Electric,Modern Chandelier,Electrical,6 Lights LED,Reception,36,High,8.5,Piece,Per_Reception,1,Reception,True,2698,Modern Chandelier,Not Applicable,High: > 2252,electrical_finishing.csv,False
Electrical Finishing,Philips,Modern Chandelier,Electrical,6 Lights LED,Reception,36,Medium,8.5,Piece,Per_Reception,1,Reception,True,1565,Modern Chandelier,Not Applicable,Medium: 174 - 2252,electrical_finishing.csv,False
Electrical Finishing,Opple,Modern Chandelier,Electrical,6 Lights LED,Reception,36,High,8.5,Piece,Per_Reception,1,Reception,True,3077,Modern Chandelier,Not Applicable,High: > 2252,electrical_finishing.csv,False
Electrical Finishing,Osram,LED Downlight,Electrical,18W Recessed,Reception,18,Low,8.8,Piece,Per_Reception,8,Reception,False,111,LED Downlight,Not Applicable,Low: <= 174,electrical_finishing.csv,False
Electrical Finishing,Osram,LED Downlight,Electrical,18W Recessed,Reception,18,Medium,8.8,Piece,Per_Reception,8,Reception,False,177,LED Downlight,Not Applicable,Medium: 174 - 2252,electrical_finishing.csv,True
Electrical Finishing,Osram,LED Downlight,Electrical,18W Recessed,Reception,18,Low,8.8,Piece,Per_Reception,8,Reception,False,78,LED Downlight,Not Applicable,Low: <= 174,electrical_finishing.csv,False
Electrical Finishing,Philips,Modern Chandelier,Electrical,6 Lights LED,Reception,36,Medium,8.5,Piece,Per_Reception,1,Reception,True,1722,Modern Chandelier,Not Applicable,Medium: 174 - 2252,electrical_finishing.csv,False
Electrical Finishing,Philips,Modern Chandelier,Electrical,6 Lights LED,Reception,36,Medium,8.5,Piece,Per_Reception,1,Reception,True,1356,Modern Chandelier,Not Applicable,Medium: 174 - 2252,electrical_finishing.csv,False
Electrical Finishing,Venus Electric,LED Bulb,Electrical,9W,Bedrooms,9,Low,7.2,Piece,Per_Room,4,Bedroom,False,146,LED Bulb,Not Applicable,Low: <= 174,electrical_finishing.csv,False
Electrical Finishing,El Sewedy Electric,Modern Chandelier,Electrical,6 Lights LED,Reception,36,High,8.5,Piece,Per_Reception,1,Reception,True,3313,Modern Chandelier,Not Applicable,High: > 2252,electrical_finishing.csv,False
Electrical Finishing,El Sewedy Electric,Modern Chandelier,Electrical,6 Lights LED,Reception,36,High,8.5,Piece,Per_Reception,1,Reception,True,2706,Modern Chandelier,Not Applicable,High: > 2252,electrical_finishing.csv,False
Electrical Finishing,Venus Electric,LED Downlight,Electrical,18W Recessed,Reception,18,Low,8.8,Piece,Per_Reception,8,Reception,False,122,LED Downlight,Not Applicable,Low: <= 174,electrical_finishing.csv,False
Electrical Finishing,Venus Electric,LED Downlight,Electrical,18W Recessed,Reception,18,Low,8.8,Piece,Per_Reception,8,Reception,False,81,LED Downlight,Not Applicable,Low: <= 174,electrical_finishing.csv,False
Electrical Finishing,Osram,Modern Chandelier,Electrical,6 Lights LED,Reception,36,High,8.5,Piece,Per_Reception,1,Reception,True,2266,Modern Chandelier,Not Applicable,High: > 2252,electrical_finishing.csv,False
Electrical Finishing,Osram,LED Bulb,Electrical,9W,Bedrooms,9,Low,7.2,Piece,Per_Room,4,Bedroom,False,147,LED Bulb,Not Applicable,Low: <= 174,electrical_finishing.csv,False
Electrical Finishing,Philips,Modern Chandelier,Electrical,6 Lights LED,Reception,36,High,8.5,Piece,Per_Reception,1,Reception,True,2413,Modern Chandelier,Not Applicable,High: > 2252,electrical_finishing.csv,False
Electrical Finishing,Venus Electric,Modern Chandelier,Electrical,6 Lights LED,Reception,36,High,8.5,Piece,Per_Reception,1,Reception,True,2346,Modern Chandelier,Not Applicable,High: > 2252,electrical_finishing.csv,False
Electrical Finishing,Philips,Modern Chandelier,Electrical,6 Lights LED,Reception,36,Medium,8.5,Piece,Per_Reception,1,Reception,True,1504,Modern Chandelier,Not Applicable,Medium: 174 - 2252,electrical_finishing.csv,False
Electrical Finishing,Philips,LED Bulb,Electrical,9W,Bedrooms,9,Low,7.2,Piece,Per_Room,4,Bedroom,False,81,LED Bulb,Not Applicable,Low: <= 174,electrical_finishing.csv,False
Electrical Finishing,Venus Electric,Modern Chandelier,Electrical,6 Lights LED,Reception,36,Medium,8.5,Piece,Per_Reception,1,Reception,True,1457,Modern Chandelier,Not Applicable,Medium: 174 - 2252,electrical_finishing.csv,False
Electrical Finishing,Opple,Modern Chandelier,Electrical,6 Lights LED,Reception,36,Medium,8.5,Piece,Per_Reception,1,Reception,True,1447,Modern Chandelier,Not Applicable,Medium: 174 - 2252,electrical_finishing.csv,False
Electrical Finishing,Philips,LED Downlight,Electrical,18W Recessed,Reception,18,Low,8.8,Piece,Per_Reception,8,Reception,False,55,LED Downlight,Not Applicable,Low: <= 174,electrical_finishing.csv,False
Electrical Finishing,Philips,LED Downlight,Electrical,18W Recessed,Reception,18,Low,8.8,Piece,Per_Reception,8,Reception,False,76,LED Downlight,Not Applicable,Low: <= 174,electrical_finishing.csv,False
Electrical Finishing,El Sewedy Electric,Modern Chandelier,Electrical,6 Lights LED,Reception,36,High,8.5,Piece,Per_Reception,1,Reception,True,3461,Modern Chandelier,Not Applicable,High: > 2252,electrical_finishing.csv,False
Electrical Finishing,Opple,Modern Chandelier,Electrical,6 Lights LED,Reception,36,High,8.5,Piece,Per_Reception,1,Reception,True,3435,Modern Chandelier,Not Applicable,High: > 2252,electrical_finishing.csv,False
Electrical Finishing,El Sewedy Electric,LED Downlight,Electrical,18W Recessed,Reception,18,Low,8.8,Piece,Per_Reception,8,Reception,False,165,LED Downlight,Not Applicable,Low: <= 174,electrical_finishing.csv,False
Electrical Finishing,Philips,LED Spotlight,Electrical,7W Recessed,Bedrooms,7,Low,7.5,Piece,Per_Room,4,Bedroom,False,65,LED Spotlight,Not Applicable,Low: <= 174,electrical_finishing.csv,False
Electrical Finishing,Opple,LED Downlight,Electrical,18W Recessed,Reception,18,Low,8.8,Piece,Per_Reception,8,Reception,False,113,LED Downlight,Not Applicable,Low: <= 174,electrical_finishing.csv,False
Electrical Finishing,El Sewedy Electric,Modern Chandelier,Electrical,6 Lights LED,Reception,36,High,8.5,Piece,Per_Reception,1,Reception,True,3032,Modern Chandelier,Not Applicable,High: > 2252,electrical_finishing.csv,False
Electrical Finishing,Osram,LED Downlight,Electrical,18W Recessed,Reception,18,Low,8.8,Piece,Per_Reception,8,Reception,False,134,LED Downlight,Not Applicable,Low: <= 174,electrical_finishing.csv,False
Electrical Finishing,El Sewedy Electric,Modern Chandelier,Electrical,6 Lights LED,Reception,36,Medium,8.5,Piece,Per_Reception,1,Reception,True,1985,Modern Chandelier,Not Applicable,Medium: 174 - 2252,electrical_finishing.csv,False
Electrical Finishing,Opple,Modern Chandelier,Electrical,6 Lights LED,Reception,36,High,8.5,Piece,Per_Reception,1,Reception,True,2981,Modern Chandelier,Not Applicable,High: > 2252,electrical_finishing.csv,False
Electrical Finishing,Venus Electric,Modern Chandelier,Electrical,6 Lights LED,Reception,36,Medium,8.5,Piece,Per_Reception,1,Reception,True,1221,Modern Chandelier,Not Applicable,Medium: 174 - 2252,electrical_finishing.csv,False
Electrical Finishing,Venus Electric,Modern Chandelier,Electrical,6 Lights LED,Reception,36,Medium,8.5,Piece,Per_Reception,1,Reception,True,1294,Modern Chandelier,Not Applicable,Medium: 174 - 2252,electrical_finishing.csv,False
Electrical Finishing,Osram,Modern Chandelier,Electrical,6 Lights LED,Reception,36,High,8.5,Piece,Per_Reception,1,Reception,True,2998,Modern Chandelier,Not Applicable,High: > 2252,electrical_finishing.csv,False
Electrical Finishing,Osram,Modern Chandelier,Electrical,6 Lights LED,Reception,36,High,8.5,Piece,Per_Reception,1,Reception,True,2886,Modern Chandelier,Not Applicable,High: > 2252,electrical_finishing.csv,False
Electrical Finishing,El Sewedy Electric,Modern Chandelier,Electrical,6 Lights LED,Reception,36,High,8.5,Piece,Per_Reception,1,Reception,True,2782,Modern Chandelier,Not Applicable,High: > 2252,electrical_finishing.csv,False
Electrical Finishing,El Sewedy Electric,Modern Chandelier,Electrical,6 Lights LED,Reception,36,High,8.5,Piece,Per_Reception,1,Reception,True,3237,Modern Chandelier,Not Applicable,High: > 2252,electrical_finishing.csv,False
Electrical Finishing,Opple,Modern Chandelier,Electrical,6 Lights LED,Reception,36,Medium,8.5,Piece,Per_Reception,1,Reception,True,1245,Modern Chandelier,Not Applicable,Medium: 174 - 2252,electrical_finishing.csv,False
Electrical Finishing,Osram,Modern Chandelier,Electrical,6 Lights LED,Reception,36,Medium,8.5,Piece,Per_Reception,1,Reception,True,2066,Modern Chandelier,Not Applicable,Medium: 174 - 2252,electrical_finishing.csv,False
Electrical Finishing,El Sewedy Electric,LED Downlight,Electrical,18W Recessed,Reception,18,Low,8.8,Piece,Per_Reception,8,Reception,False,114,LED Downlight,Not Applicable,Low: <= 174,electrical_finishing.csv,False
Electrical Finishing,Opple,Modern Chandelier,Electrical,6 Lights LED,Reception,36,Medium,8.5,Piece,Per_Reception,1,Reception,True,1802,Modern Chandelier,Not Applicable,Medium: 174 - 2252,electrical_finishing.csv,False
Electrical Finishing,Venus Electric,Modern Chandelier,Electrical,6 Lights LED,Reception,36,High,8.5,Piece,Per_Reception,1,Reception,True,3285,Modern Chandelier,Not Applicable,High: > 2252,electrical_finishing.csv,False
Electrical Finishing,Venus Electric,Modern Chandelier,Electrical,6 Lights LED,Reception,36,High,8.5,Piece,Per_Reception,1,Reception,True,2279,Modern Chandelier,Not Applicable,High: > 2252,electrical_finishing.csv,False
Electrical Finishing,El Sewedy Electric,Modern Chandelier,Electrical,6 Lights LED,Reception,36,High,8.5,Piece,Per_Reception,1,Reception,True,2742,Modern Chandelier,Not Applicable,High: > 2252,electrical_finishing.csv,False
Electrical Finishing,Philips,Modern Chandelier,Electrical,6 Lights LED,Reception,36,Medium,8.5,Piece,Per_Reception,1,Reception,True,1511,Modern Chandelier,Not Applicable,Medium: 174 - 2252,electrical_finishing.csv,False
Electrical Finishing,El Sewedy Electric,Modern Chandelier,Electrical,6 Lights LED,Reception,36,High,8.5,Piece,Per_Reception,1,Reception,True,3401,Modern Chandelier,Not Applicable,High: > 2252,electrical_finishing.csv,False
Electrical Finishing,El Sewedy Electric,Modern Chandelier,Electrical,6 Lights LED,Reception,36,High,8.5,Piece,Per_Reception,1,Reception,True,2979,Modern Chandelier,Not Applicable,High: > 2252,electrical_finishing.csv,False
Electrical Finishing,Osram,LED Bulb,Electrical,9W,Bedrooms,9,Low,7.2,Piece,Per_Room,4,Bedroom,False,154,LED Bulb,Not Applicable,Low: <= 174,electrical_finishing.csv,False
Electrical Finishing,Venus Electric,LED Downlight,Electrical,18W Recessed,Reception,18,Low,8.8,Piece,Per_Reception,8,Reception,False,67,LED Downlight,Not Applicable,Low: <= 174,electrical_finishing.csv,False
Electrical Finishing,Opple,Modern Chandelier,Electrical,6 Lights LED,Reception,36,Medium,8.5,Piece,Per_Reception,1,Reception,True,2088,Modern Chandelier,Not Applicable,Medium: 174 - 2252,electrical_finishing.csv,False
Electrical Finishing,Opple,Modern Chandelier,Electrical,6 Lights LED,Reception,36,High,8.5,Piece,Per_Reception,1,Reception,True,3448,Modern Chandelier,Not Applicable,High: > 2252,electrical_finishing.csv,False
Electrical Finishing,Philips,Modern Chandelier,Electrical,6 Lights LED,Reception,36,Medium,8.5,Piece,Per_Reception,1,Reception,True,2075,Modern Chandelier,Not Applicable,Medium: 174 - 2252,electrical_finishing.csv,False
Electrical Finishing,Philips,Modern Chandelier,Electrical,6 Lights LED,Reception,36,High,8.5,Piece,Per_Reception,1,Reception,True,3429,Modern Chandelier,Not Applicable,High: > 2252,electrical_finishing.csv,False
Electrical Finishing,El Sewedy Electric,Modern Chandelier,Electrical,6 Lights LED,Reception,36,Medium,8.5,Piece,Per_Reception,1,Reception,True,2142,Modern Chandelier,Not Applicable,Medium: 174 - 2252,electrical_finishing.csv,False
Electrical Finishing,Osram,Modern Chandelier,Electrical,6 Lights LED,Reception,36,High,8.5,Piece,Per_Reception,1,Reception,True,2482,Modern Chandelier,Not Applicable,High: > 2252,electrical_finishing.csv,False
Electrical Finishing,Opple,LED Downlight,Electrical,18W Recessed,Reception,18,Low,8.8,Piece,Per_Reception,8,Reception,False,73,LED Downlight,Not Applicable,Low: <= 174,electrical_finishing.csv,False
Electrical Finishing,El Sewedy Electric,LED Downlight,Electrical,18W Recessed,Reception,18,Low,8.8,Piece,Per_Reception,8,Reception,False,145,LED Downlight,Not Applicable,Low: <= 174,electrical_finishing.csv,False
Electrical Finishing,Osram,Modern Chandelier,Electrical,6 Lights LED,Reception,36,Medium,8.5,Piece,Per_Reception,1,Reception,True,2157,Modern Chandelier,Not Applicable,Medium: 174 - 2252,electrical_finishing.csv,False
Electrical Finishing,Osram,Modern Chandelier,Electrical,6 Lights LED,Reception,36,Medium,8.5,Piece,Per_Reception,1,Reception,True,1877,Modern Chandelier,Not Applicable,Medium: 174 - 2252,electrical_finishing.csv,False
Electrical Finishing,Osram,Modern Chandelier,Electrical,6 Lights LED,Reception,36,Medium,8.5,Piece,Per_Reception,1,Reception,True,1357,Modern Chandelier,Not Applicable,Medium: 174 - 2252,electrical_finishing.csv,False
Electrical Finishing,Opple,LED Bulb,Electrical,9W,Bedrooms,9,Low,7.2,Piece,Per_Room,4,Bedroom,False,88,LED Bulb,Not Applicable,Low: <= 174,electrical_finishing.csv,False
Electrical Finishing,Opple,Modern Chandelier,Electrical,6 Lights LED,Reception,36,High,8.5,Piece,Per_Reception,1,Reception,True,3473,Modern Chandelier,Not Applicable,High: > 2252,electrical_finishing.csv,False
Electrical Finishing,Philips,Modern Chandelier,Electrical,6 Lights LED,Reception,36,High,8.5,Piece,Per_Reception,1,Reception,True,3020,Modern Chandelier,Not Applicable,High: > 2252,electrical_finishing.csv,False
Electrical Finishing,Venus Electric,LED Downlight,Electrical,18W Recessed,Reception,18,Medium,8.8,Piece,Per_Reception,8,Reception,False,176,LED Downlight,Not Applicable,Medium: 174 - 2252,electrical_finishing.csv,True
Electrical Finishing,Opple,Modern Chandelier,Electrical,6 Lights LED,Reception,36,Medium,8.5,Piece,Per_Reception,1,Reception,True,1890,Modern Chandelier,Not Applicable,Medium: 174 - 2252,electrical_finishing.csv,False
Electrical Finishing,Osram,Modern Chandelier,Electrical,6 Lights LED,Reception,36,Medium,8.5,Piece,Per_Reception,1,Reception,True,1284,Modern Chandelier,Not Applicable,Medium: 174 - 2252,electrical_finishing.csv,False
Electrical Finishing,Osram,LED Spotlight,Electrical,7W Recessed,Bedrooms,7,Low,7.5,Piece,Per_Room,4,Bedroom,False,166,LED Spotlight,Not Applicable,Low: <= 174,electrical_finishing.csv,False
Electrical Finishing,Venus Electric,Modern Chandelier,Electrical,6 Lights LED,Reception,36,Medium,8.5,Piece,Per_Reception,1,Reception,True,1372,Modern Chandelier,Not Applicable,Medium: 174 - 2252,electrical_finishing.csv,False
Electrical Finishing,Opple,Modern Chandelier,Electrical,6 Lights LED,Reception,36,Medium,8.5,Piece,Per_Reception,1,Reception,True,1839,Modern Chandelier,Not Applicable,Medium: 174 - 2252,electrical_finishing.csv,False
Electrical Finishing,Venus Electric,Modern Chandelier,Electrical,6 Lights LED,Reception,36,High,8.5,Piece,Per_Reception,1,Reception,True,2435,Modern Chandelier,Not Applicable,High: > 2252,electrical_finishing.csv,False
Electrical Finishing,Venus Electric,Modern Chandelier,Electrical,6 Lights LED,Reception,36,Medium,8.5,Piece,Per_Reception,1,Reception,True,1251,Modern Chandelier,Not Applicable,Medium: 174 - 2252,electrical_finishing.csv,False
Electrical Finishing,El Sewedy Electric,Modern Chandelier,Electrical,6 Lights LED,Reception,36,Medium,8.5,Piece,Per_Reception,1,Reception,True,2162,Modern Chandelier,Not Applicable,Medium: 174 - 2252,electrical_finishing.csv,False
Electrical Finishing,Venus Electric,Modern Chandelier,Electrical,6 Lights LED,Reception,36,High,8.5,Piece,Per_Reception,1,Reception,True,2868,Modern Chandelier,Not Applicable,High: > 2252,electrical_finishing.csv,False
Electrical Finishing,Venus Electric,Modern Chandelier,Electrical,6 Lights LED,Reception,36,High,8.5,Piece,Per_Reception,1,Reception,True,2471,Modern Chandelier,Not Applicable,High: > 2252,electrical_finishing.csv,False
Electrical Finishing,El Sewedy Electric,Modern Chandelier,Electrical,6 Lights LED,Reception,36,High,8.5,Piece,Per_Reception,1,Reception,True,3143,Modern Chandelier,Not Applicable,High: > 2252,electrical_finishing.csv,False
Electrical Finishing,Venus Electric,LED Downlight,Electrical,18W Recessed,Reception,18,Low,8.8,Piece,Per_Reception,8,Reception,False,144,LED Downlight,Not Applicable,Low: <= 174,electrical_finishing.csv,False
Electrical Finishing,Venus Electric,Modern Chandelier,Electrical,6 Lights LED,Reception,36,Medium,8.5,Piece,Per_Reception,1,Reception,True,1856,Modern Chandelier,Not Applicable,Medium: 174 - 2252,electrical_finishing.csv,False
Electrical Finishing,Osram,Modern Chandelier,Electrical,6 Lights LED,Reception,36,Medium,8.5,Piece,Per_Reception,1,Reception,True,1296,Modern Chandelier,Not Applicable,Medium: 174 - 2252,electrical_finishing.csv,False
Electrical Finishing,Venus Electric,Modern Chandelier,Electrical,6 Lights LED,Reception,36,High,8.5,Piece,Per_Reception,1,Reception,True,3348,Modern Chandelier,Not Applicable,High: > 2252,electrical_finishing.csv,False
Electrical Finishing,Opple,LED Downlight,Electrical,18W Recessed,Reception,18,Low,8.8,Piece,Per_Reception,8,Reception,False,169,LED Downlight,Not Applicable,Low: <= 174,electrical_finishing.csv,False
Electrical Finishing,El Sewedy Electric,Modern Chandelier,Electrical,6 Lights LED,Reception,36,Medium,8.5,Piece,Per_Reception,1,Reception,True,1328,Modern Chandelier,Not Applicable,Medium: 174 - 2252,electrical_finishing.csv,False
Electrical Finishing,Venus Electric,Modern Chandelier,Electrical,6 Lights LED,Reception,36,Medium,8.5,Piece,Per_Reception,1,Reception,True,1581,Modern Chandelier,Not Applicable,Medium: 174 - 2252,electrical_finishing.csv,False
Electrical Finishing,Opple,Modern Chandelier,Electrical,6 Lights LED,Reception,36,Medium,8.5,Piece,Per_Reception,1,Reception,True,1232,Modern Chandelier,Not Applicable,Medium: 174 - 2252,electrical_finishing.csv,False
Electrical Finishing,El Sewedy Electric,Modern Chandelier,Electrical,6 Lights LED,Reception,36,Medium,8.5,Piece,Per_Reception,1,Reception,True,1705,Modern Chandelier,Not Applicable,Medium: 174 - 2252,electrical_finishing.csv,False
Electrical Finishing,El Sewedy Electric,Modern Chandelier,Electrical,6 Lights LED,Reception,36,Medium,8.5,Piece,Per_Reception,1,Reception,True,2084,Modern Chandelier,Not Applicable,Medium: 174 - 2252,electrical_finishing.csv,False
Electrical Finishing,Osram,Modern Chandelier,Electrical,6 Lights LED,Reception,36,High,8.5,Piece,Per_Reception,1,Reception,True,2413,Modern Chandelier,Not Applicable,High: > 2252,electrical_finishing.csv,False
Electrical Finishing,Opple,LED Spotlight,Electrical,7W Recessed,Bedrooms,7,Low,7.5,Piece,Per_Room,4,Bedroom,False,130,LED Spotlight,Not Applicable,Low: <= 174,electrical_finishing.csv,False
Electrical Finishing,Osram,LED Spotlight,Electrical,7W Recessed,Bedrooms,7,Low,7.5,Piece,Per_Room,4,Bedroom,False,141,LED Spotlight,Not Applicable,Low: <= 174,electrical_finishing.csv,False
Electrical Finishing,Philips,Modern Chandelier,Electrical,6 Lights LED,Reception,36,Medium,8.5,Piece,Per_Reception,1,Reception,True,1712,Modern Chandelier,Not Applicable,Medium: 174 - 2252,electrical_finishing.csv,False
Electrical Finishing,Osram,Modern Chandelier,Electrical,6 Lights LED,Reception,36,High,8.5,Piece,Per_Reception,1,Reception,True,2589,Modern Chandelier,Not Applicable,High: > 2252,electrical_finishing.csv,False
Electrical Finishing,Opple,Modern Chandelier,Electrical,6 Lights LED,Reception,36,High,8.5,Piece,Per_Reception,1,Reception,True,2311,Modern Chandelier,Not Applicable,High: > 2252,electrical_finishing.csv,False
Electrical Finishing,Osram,Modern Chandelier,Electrical,6 Lights LED,Reception,36,High,8.5,Piece,Per_Reception,1,Reception,True,2639,Modern Chandelier,Not Applicable,High: > 2252,electrical_finishing.csv,False
Electrical Finishing,El Sewedy Electric,Modern Chandelier,Electrical,6 Lights LED,Reception,36,Medium,8.5,Piece,Per_Reception,1,Reception,True,1781,Modern Chandelier,Not Applicable,Medium: 174 - 2252,electrical_finishing.csv,False
Electrical Finishing,Venus Electric,LED Downlight,Electrical,18W Recessed,Reception,18,Medium,8.8,Piece,Per_Reception,8,Reception,False,178,LED Downlight,Not Applicable,Medium: 174 - 2252,electrical_finishing.csv,True
Electrical Finishing,Philips,Modern Chandelier,Electrical,6 Lights LED,Reception,36,High,8.5,Piece,Per_Reception,1,Reception,True,3237,Modern Chandelier,Not Applicable,High: > 2252,electrical_finishing.csv,False
Electrical Finishing,Opple,LED Bulb,Electrical,9W,Bedrooms,9,Low,7.2,Piece,Per_Room,4,Bedroom,False,166,LED Bulb,Not Applicable,Low: <= 174,electrical_finishing.csv,False
Electrical Finishing,Osram,Modern Chandelier,Electrical,6 Lights LED,Reception,36,High,8.5,Piece,Per_Reception,1,Reception,True,2787,Modern Chandelier,Not Applicable,High: > 2252,electrical_finishing.csv,False
Electrical Finishing,Philips,LED Downlight,Electrical,18W Recessed,Reception,18,Low,8.8,Piece,Per_Reception,8,Reception,False,116,LED Downlight,Not Applicable,Low: <= 174,electrical_finishing.csv,False
Electrical Finishing,Osram,LED Downlight,Electrical,18W Recessed,Reception,18,Low,8.8,Piece,Per_Reception,8,Reception,False,136,LED Downlight,Not Applicable,Low: <= 174,electrical_finishing.csv,False
Electrical Finishing,Philips,Modern Chandelier,Electrical,6 Lights LED,Reception,36,Medium,8.5,Piece,Per_Reception,1,Reception,True,1618,Modern Chandelier,Not Applicable,Medium: 174 - 2252,electrical_finishing.csv,False
Electrical Finishing,Osram,Modern Chandelier,Electrical,6 Lights LED,Reception,36,High,8.5,Piece,Per_Reception,1,Reception,True,3424,Modern Chandelier,Not Applicable,High: > 2252,electrical_finishing.csv,False
Electrical Finishing,El Sewedy Electric,LED Bulb,Electrical,9W,Bedrooms,9,Low,7.2,Piece,Per_Room,4,Bedroom,False,66,LED Bulb,Not Applicable,Low: <= 174,electrical_finishing.csv,False
Electrical Finishing,El Sewedy Electric,LED Bulb,Electrical,9W,Bedrooms,9,Low,7.2,Piece,Per_Room,4,Bedroom,False,159,LED Bulb,Not Applicable,Low: <= 174,electrical_finishing.csv,False
Electrical Finishing,Opple,Modern Chandelier,Electrical,6 Lights LED,Reception,36,High,8.5,Piece,Per_Reception,1,Reception,True,2850,Modern Chandelier,Not Applicable,High: > 2252,electrical_finishing.csv,False
Electrical Finishing,Venus Electric,Modern Chandelier,Electrical,6 Lights LED,Reception,36,High,8.5,Piece,Per_Reception,1,Reception,True,2649,Modern Chandelier,Not Applicable,High: > 2252,electrical_finishing.csv,False
Electrical Finishing,Philips,Modern Chandelier,Electrical,6 Lights LED,Reception,36,Medium,8.5,Piece,Per_Reception,1,Reception,True,1237,Modern Chandelier,Not Applicable,Medium: 174 - 2252,electrical_finishing.csv,False
Electrical Finishing,Philips,LED Spotlight,Electrical,7W Recessed,Bedrooms,7,Low,7.5,Piece,Per_Room,4,Bedroom,False,112,LED Spotlight,Not Applicable,Low: <= 174,electrical_finishing.csv,False
