Product_ID,Finishing_Category,Subcategory,Product_Name,Brand,Product_Type,Material,Quality_Level,Price_EGP,Unit,Quantity_Rule,Rule_Value,Required_For,Optional
P000001,Ceilings,Decorative Gypsum Ceiling,Decorative Gypsum Ceiling,Knauf,Decorative Panel,Gypsum,Low,203,Piece,Area_m2/Coverage,1.0,Reception,True
P000002,Ceilings,Decorative Gypsum Ceiling,Decorative Gypsum Ceiling,USG Boral,Decorative Panel,Gypsum,Low,219,Piece,Area_m2/Coverage,1.0,Reception,True
P000003,Ceilings,Gypsum Board Ceiling,Gypsum Board Ceiling,Gyproc,Gypsum Board,Gypsum,Low,231,Sheet,Area_m2/Coverage,1.0,Ceiling,False
P000004,Ceilings,Decorative Gypsum Ceiling,Decorative Gypsum Ceiling,Gyproc,Decorative Panel,Gypsum,Medium,281,Piece,Area_m2/Coverage,1.0,Reception,True
P000005,Ceilings,Gypsum Board Ceiling,Gypsum Board Ceiling,Siniat,Gypsum Board,Gypsum,High,298,Sheet,Area_m2/Coverage,1.0,Ceiling,False
P000006,Ceilings,Gypsum Board Ceiling,Gypsum Board Ceiling,Knauf,Gypsum Board,Gypsum,Low,181,Sheet,Area_m2/Coverage,1.0,Ceiling,False
P000007,Ceilings,Decorative Gypsum Ceiling,Decorative Gypsum Ceiling,USG Boral,Decorative Panel,Gypsum,Medium,267,Piece,Area_m2/Coverage,1.0,Reception,True
P000008,Ceilings,Decorative Gypsum Ceiling,Decorative Gypsum Ceiling,USG,Decorative Panel,Gypsum,Low,227,Piece,Area_m2/Coverage,1.0,Reception,True
P000009,Ceilings,Gypsum Board Ceiling,Gypsum Board Ceiling,Siniat,Gypsum Board,Gypsum,High,338,Sheet,Area_m2/Coverage,1.0,Ceiling,False
P000010,Ceilings,Gypsum Board Ceiling,Gypsum Board Ceiling,Gyproc,Gypsum Board,Gypsum,High,289,Sheet,Area_m2/Coverage,1.0,Ceiling,False
P000011,Ceilings,Gypsum Board Ceiling,Gypsum Board Ceiling,Knauf,Gypsum Board,Gypsum,High,311,Sheet,Area_m2/Coverage,1.0,Ceiling,False
P000012,Ceilings,Gypsum Board Ceiling,Gypsum Board Ceiling,USG,Gypsum Board,Gypsum,Low,222,Sheet,Area_m2/Coverage,1.0,Ceiling,False
P000013,Ceilings,Gypsum Board Ceiling,Gypsum Board Ceiling,Knauf,Gypsum Board,Gypsum,High,293,Sheet,Area_m2/Coverage,1.0,Ceiling,False
P000014,Ceilings,Decorative Gypsum Ceiling,Decorative Gypsum Ceiling,Gyproc,Decorative Panel,Gypsum,Low,212,Piece,Area_m2/Coverage,1.0,Reception,True
P000015,Ceilings,Gypsum Board Ceiling,Gypsum Board Ceiling,USG Boral,Gypsum Board,Gypsum,Medium,254,Sheet,Area_m2/Coverage,1.0,Ceiling,False
P000016,Ceilings,Gypsum Board Ceiling,Gypsum Board Ceiling,USG Boral,Gypsum Board,Gypsum,High,344,Sheet,Area_m2/Coverage,1.0,Ceiling,False
P000017,Ceilings,Gypsum Board Ceiling,Gypsum Board Ceiling,Siniat,Gypsum Board,Gypsum,Medium,240,Sheet,Area_m2/Coverage,1.0,Ceiling,False
P000018,Ceilings,Decorative Gypsum Ceiling,Decorative Gypsum Ceiling,USG Boral,Decorative Panel,Gypsum,Medium,251,Piece,Area_m2/Coverage,1.0,Reception,True
P000019,Ceilings,Gypsum Board Ceiling,Gypsum Board Ceiling,Gyproc,Gypsum Board,Gypsum,High,347,Sheet,Area_m2/Coverage,1.0,Ceiling,False
P000020,Ceilings,Decorative Gypsum Ceiling,Decorative Gypsum Ceiling,Knauf,Decorative Panel,Gypsum,High,305,Piece,Area_m2/Coverage,1.0,Reception,True
P000021,Ceilings,Gypsum Board Ceiling,Gypsum Board Ceiling,USG Boral,Gypsum Board,Gypsum,Low,228,Sheet,Area_m2/Coverage,1.0,Ceiling,False
P000022,Ceilings,Gypsum Board Ceiling,Gypsum Board Ceiling,USG,Gypsum Board,Gypsum,High,344,Sheet,Area_m2/Coverage,1.0,Ceiling,False
P000023,Ceilings,Decorative Gypsum Ceiling,Decorative Gypsum Ceiling,Knauf,Decorative Panel,Gypsum,Low,228,Piece,Area_m2/Coverage,1.0,Reception,True
P000024,Ceilings,Gypsum Board Ceiling,Gypsum Board Ceiling,Siniat,Gypsum Board,Gypsum,High,304,Sheet,Area_m2/Coverage,1.0,Ceiling,False
P000025,Ceilings,Decorative Gypsum Ceiling,Decorative Gypsum Ceiling,Gyproc,Decorative Panel,Gypsum,Low,206,Piece,Area_m2/Coverage,1.0,Reception,True
P000026,Ceilings,Decorative Gypsum Ceiling,Decorative Gypsum Ceiling,USG Boral,Decorative Panel,Gypsum,Medium,279,Piece,Area_m2/Coverage,1.0,Reception,True
P000027,Ceilings,Gypsum Board Ceiling,Gypsum Board Ceiling,USG Boral,Gypsum Board,Gypsum,Medium,240,Sheet,Area_m2/Coverage,1.0,Ceiling,False
P000028,Ceilings,Decorative Gypsum Ceiling,Decorative Gypsum Ceiling,USG Boral,Decorative Panel,Gypsum,Medium,283,Piece,Area_m2/Coverage,1.0,Reception,True
P000029,Ceilings,Decorative Gypsum Ceiling,Decorative Gypsum Ceiling,USG,Decorative Panel,Gypsum,High,330,Piece,Area_m2/Coverage,1.0,Reception,True
P000030,Ceilings,Decorative Gypsum Ceiling,Decorative Gypsum Ceiling,Gyproc,Decorative Panel,Gypsum,High,293,Piece,Area_m2/Coverage,1.0,Reception,True
P000031,Ceilings,Gypsum Board Ceiling,Gypsum Board Ceiling,Knauf,Gypsum Board,Gypsum,Medium,261,Sheet,Area_m2/Coverage,1.0,Ceiling,False
P000032,Ceilings,Decorative Gypsum Ceiling,Decorative Gypsum Ceiling,Knauf,Decorative Panel,Gypsum,Low,225,Piece,Area_m2/Coverage,1.0,Reception,True
P000033,Ceilings,Gypsum Board Ceiling,Gypsum Board Ceiling,USG,Gypsum Board,Gypsum,Low,224,Sheet,Area_m2/Coverage,1.0,Ceiling,False
P000034,Ceilings,Gypsum Board Ceiling,Gypsum Board Ceiling,Siniat,Gypsum Board,Gypsum,Low,234,Sheet,Area_m2/Coverage,1.0,Ceiling,False
P000035,Ceilings,Decorative Gypsum Ceiling,Decorative Gypsum Ceiling,Gyproc,Decorative Panel,Gypsum,Medium,246,Piece,Area_m2/Coverage,1.0,Reception,True
P000036,Ceilings,Decorative Gypsum Ceiling,Decorative Gypsum Ceiling,Gyproc,Decorative Panel,Gypsum,Medium,265,Piece,Area_m2/Coverage,1.0,Reception,True
P000037,Ceilings,Decorative Gypsum Ceiling,Decorative Gypsum Ceiling,Siniat,Decorative Panel,Gypsum,Medium,240,Piece,Area_m2/Coverage,1.0,Reception,True
P000038,Ceilings,Decorative Gypsum Ceiling,Decorative Gypsum Ceiling,Gyproc,Decorative Panel,Gypsum,Medium,244,Piece,Area_m2/Coverage,1.0,Reception,True
P000039,Ceilings,Decorative Gypsum Ceiling,Decorative Gypsum Ceiling,Gyproc,Decorative Panel,Gypsum,Medium,241,Piece,Area_m2/Coverage,1.0,Reception,True
P000040,Ceilings,Decorative Gypsum Ceiling,Decorative Gypsum Ceiling,Gyproc,Decorative Panel,Gypsum,Medium,257,Piece,Area_m2/Coverage,1.0,Reception,True
P000041,Ceilings,Decorative Gypsum Ceiling,Decorative Gypsum Ceiling,USG,Decorative Panel,Gypsum,Low,195,Piece,Area_m2/Coverage,1.0,Reception,True
P000042,Ceilings,Gypsum Board Ceiling,Gypsum Board Ceiling,Siniat,Gypsum Board,Gypsum,High,321,Sheet,Area_m2/Coverage,1.0,Ceiling,False
P000043,Ceilings,Decorative Gypsum Ceiling,Decorative Gypsum Ceiling,USG,Decorative Panel,Gypsum,Medium,285,Piece,Area_m2/Coverage,1.0,Reception,True
P000044,Ceilings,Decorative Gypsum Ceiling,Decorative Gypsum Ceiling,Knauf,Decorative Panel,Gypsum,High,339,Piece,Area_m2/Coverage,1.0,Reception,True
P000045,Ceilings,Gypsum Board Ceiling,Gypsum Board Ceiling,Siniat,Gypsum Board,Gypsum,Low,190,Sheet,Area_m2/Coverage,1.0,Ceiling,False
P000046,Ceilings,Decorative Gypsum Ceiling,Decorative Gypsum Ceiling,Siniat,Decorative Panel,Gypsum,High,337,Piece,Area_m2/Coverage,1.0,Reception,True
P000047,Ceilings,Decorative Gypsum Ceiling,Decorative Gypsum Ceiling,USG Boral,Decorative Panel,Gypsum,High,306,Piece,Area_m2/Coverage,1.0,Reception,True
P000048,Ceilings,Gypsum Board Ceiling,Gypsum Board Ceiling,USG Boral,Gypsum Board,Gypsum,Low,209,Sheet,Area_m2/Coverage,1.0,Ceiling,False
P000049,Ceilings,Decorative Gypsum Ceiling,Decorative Gypsum Ceiling,Siniat,Decorative Panel,Gypsum,High,336,Piece,Area_m2/Coverage,1.0,Reception,True
P000050,Ceilings,Gypsum Board Ceiling,Gypsum Board Ceiling,Siniat,Gypsum Board,Gypsum,High,287,Sheet,Area_m2/Coverage,1.0,Ceiling,False
P000051,Ceilings,Decorative Gypsum Ceiling,Decorative Gypsum Ceiling,USG Boral,Decorative Panel,Gypsum,High,299,Piece,Area_m2/Coverage,1.0,Reception,True
P000052,Ceilings,Decorative Gypsum Ceiling,Decorative Gypsum Ceiling,USG Boral,Decorative Panel,Gypsum,Medium,256,Piece,Area_m2/Coverage,1.0,Reception,True
P000053,Ceilings,Gypsum Board Ceiling,Gypsum Board Ceiling,Knauf,Gypsum Board,Gypsum,Medium,258,Sheet,Area_m2/Coverage,1.0,Ceiling,False
P000054,Ceilings,Gypsum Board Ceiling,Gypsum Board Ceiling,Gyproc,Gypsum Board,Gypsum,High,344,Sheet,Area_m2/Coverage,1.0,Ceiling,False
P000055,Ceilings,Gypsum Board Ceiling,Gypsum Board Ceiling,USG,Gypsum Board,Gypsum,Low,225,Sheet,Area_m2/Coverage,1.0,Ceiling,False
P000056,Ceilings,Decorative Gypsum Ceiling,Decorative Gypsum Ceiling,USG,Decorative Panel,Gypsum,Low,229,Piece,Area_m2/Coverage,1.0,Reception,True
P000057,Ceilings,Gypsum Board Ceiling,Gypsum Board Ceiling,USG,Gypsum Board,Gypsum,Low,226,Sheet,Area_m2/Coverage,1.0,Ceiling,False
P000058,Ceilings,Gypsum Board Ceiling,Gypsum Board Ceiling,Gyproc,Gypsum Board,Gypsum,High,322,Sheet,Area_m2/Coverage,1.0,Ceiling,False
P000059,Ceilings,Gypsum Board Ceiling,Gypsum Board Ceiling,USG,Gypsum Board,Gypsum,Low,215,Sheet,Area_m2/Coverage,1.0,Ceiling,False
P000060,Ceilings,Gypsum Board Ceiling,Gypsum Board Ceiling,USG,Gypsum Board,Gypsum,High,349,Sheet,Area_m2/Coverage,1.0,Ceiling,False
P000061,Ceilings,Gypsum Board Ceiling,Gypsum Board Ceiling,Knauf,Gypsum Board,Gypsum,High,326,Sheet,Area_m2/Coverage,1.0,Ceiling,False
P000062,Ceilings,Gypsum Board Ceiling,Gypsum Board Ceiling,USG Boral,Gypsum Board,Gypsum,Low,234,Sheet,Area_m2/Coverage,1.0,Ceiling,False
P000063,Ceilings,Decorative Gypsum Ceiling,Decorative Gypsum Ceiling,Knauf,Decorative Panel,Gypsum,Medium,282,Piece,Area_m2/Coverage,1.0,Reception,True
P000064,Ceilings,Gypsum Board Ceiling,Gypsum Board Ceiling,Siniat,Gypsum Board,Gypsum,Low,220,Sheet,Area_m2/Coverage,1.0,Ceiling,False
P000065,Ceilings,Decorative Gypsum Ceiling,Decorative Gypsum Ceiling,Siniat,Decorative Panel,Gypsum,Low,199,Piece,Area_m2/Coverage,1.0,Reception,True
P000066,Ceilings,Gypsum Board Ceiling,Gypsum Board Ceiling,USG Boral,Gypsum Board,Gypsum,Low,227,Sheet,Area_m2/Coverage,1.0,Ceiling,False
P000067,Ceilings,Gypsum Board Ceiling,Gypsum Board Ceiling,USG,Gypsum Board,Gypsum,High,294,Sheet,Area_m2/Coverage,1.0,Ceiling,False
P000068,Ceilings,Decorative Gypsum Ceiling,Decorative Gypsum Ceiling,Siniat,Decorative Panel,Gypsum,Medium,270,Piece,Area_m2/Coverage,1.0,Reception,True
P000069,Ceilings,Gypsum Board Ceiling,Gypsum Board Ceiling,USG Boral,Gypsum Board,Gypsum,Low,202,Sheet,Area_m2/Coverage,1.0,Ceiling,False
P000070,Ceilings,Gypsum Board Ceiling,Gypsum Board Ceiling,USG,Gypsum Board,Gypsum,Medium,255,Sheet,Area_m2/Coverage,1.0,Ceiling,False
P000071,Ceilings,Decorative Gypsum Ceiling,Decorative Gypsum Ceiling,USG,Decorative Panel,Gypsum,Medium,254,Piece,Area_m2/Coverage,1.0,Reception,True
P000072,Ceilings,Gypsum Board Ceiling,Gypsum Board Ceiling,USG,Gypsum Board,Gypsum,Low,181,Sheet,Area_m2/Coverage,1.0,Ceiling,False
P000073,Ceilings,Gypsum Board Ceiling,Gypsum Board Ceiling,Gyproc,Gypsum Board,Gypsum,Medium,281,Sheet,Area_m2/Coverage,1.0,Ceiling,False
P000074,Ceilings,Gypsum Board Ceiling,Gypsum Board Ceiling,USG,Gypsum Board,Gypsum,Medium,269,Sheet,Area_m2/Coverage,1.0,Ceiling,False
P000075,Ceilings,Gypsum Board Ceiling,Gypsum Board Ceiling,USG,Gypsum Board,Gypsum,Low,186,Sheet,Area_m2/Coverage,1.0,Ceiling,False
P000076,Ceilings,Gypsum Board Ceiling,Gypsum Board Ceiling,Knauf,Gypsum Board,Gypsum,Medium,264,Sheet,Area_m2/Coverage,1.0,Ceiling,False
P000077,Ceilings,Gypsum Board Ceiling,Gypsum Board Ceiling,Gyproc,Gypsum Board,Gypsum,Medium,263,Sheet,Area_m2/Coverage,1.0,Ceiling,False
P000078,Ceilings,Gypsum Board Ceiling,Gypsum Board Ceiling,Siniat,Gypsum Board,Gypsum,Low,199,Sheet,Area_m2/Coverage,1.0,Ceiling,False
P000079,Ceilings,Decorative Gypsum Ceiling,Decorative Gypsum Ceiling,Knauf,Decorative Panel,Gypsum,High,344,Piece,Area_m2/Coverage,1.0,Reception,True
P000080,Ceilings,Gypsum Board Ceiling,Gypsum Board Ceiling,USG Boral,Gypsum Board,Gypsum,Low,214,Sheet,Area_m2/Coverage,1.0,Ceiling,False
P000081,Ceilings,Gypsum Board Ceiling,Gypsum Board Ceiling,Gyproc,Gypsum Board,Gypsum,Low,191,Sheet,Area_m2/Coverage,1.0,Ceiling,False
P000082,Ceilings,Decorative Gypsum Ceiling,Decorative Gypsum Ceiling,USG,Decorative Panel,Gypsum,Medium,274,Piece,Area_m2/Coverage,1.0,Reception,True
P000083,Ceilings,Gypsum Board Ceiling,Gypsum Board Ceiling,USG,Gypsum Board,Gypsum,Medium,274,Sheet,Area_m2/Coverage,1.0,Ceiling,False
P000084,Ceilings,Gypsum Board Ceiling,Gypsum Board Ceiling,USG Boral,Gypsum Board,Gypsum,High,330,Sheet,Area_m2/Coverage,1.0,Ceiling,False
P000085,Ceilings,Gypsum Board Ceiling,Gypsum Board Ceiling,Siniat,Gypsum Board,Gypsum,High,308,Sheet,Area_m2/Coverage,1.0,Ceiling,False
P000086,Ceilings,Decorative Gypsum Ceiling,Decorative Gypsum Ceiling,USG,Decorative Panel,Gypsum,Low,184,Piece,Area_m2/Coverage,1.0,Reception,True
P000087,Ceilings,Gypsum Board Ceiling,Gypsum Board Ceiling,Gyproc,Gypsum Board,Gypsum,High,288,Sheet,Area_m2/Coverage,1.0,Ceiling,False
P000088,Ceilings,Gypsum Board Ceiling,Gypsum Board Ceiling,USG Boral,Gypsum Board,Gypsum,Low,180,Sheet,Area_m2/Coverage,1.0,Ceiling,False
P000089,Ceilings,Decorative Gypsum Ceiling,Decorative Gypsum Ceiling,Gyproc,Decorative Panel,Gypsum,High,327,Piece,Area_m2/Coverage,1.0,Reception,True
P000090,Ceilings,Gypsum Board Ceiling,Gypsum Board Ceiling,Gyproc,Gypsum Board,Gypsum,Medium,283,Sheet,Area_m2/Coverage,1.0,Ceiling,False
P000091,Ceilings,Decorative Gypsum Ceiling,Decorative Gypsum Ceiling,Gyproc,Decorative Panel,Gypsum,Medium,262,Piece,Area_m2/Coverage,1.0,Reception,True
P000092,Ceilings,Gypsum Board Ceiling,Gypsum Board Ceiling,USG Boral,Gypsum Board,Gypsum,High,307,Sheet,Area_m2/Coverage,1.0,Ceiling,False
P000093,Ceilings,Gypsum Board Ceiling,Gypsum Board Ceiling,Knauf,Gypsum Board,Gypsum,High,322,Sheet,Area_m2/Coverage,1.0,Ceiling,False
P000094,Ceilings,Decorative Gypsum Ceiling,Decorative Gypsum Ceiling,Gyproc,Decorative Panel,Gypsum,Medium,251,Piece,Area_m2/Coverage,1.0,Reception,True
P000095,Ceilings,Gypsum Board Ceiling,Gypsum Board Ceiling,Knauf,Gypsum Board,Gypsum,Low,227,Sheet,Area_m2/Coverage,1.0,Ceiling,False
P000096,Ceilings,Decorative Gypsum Ceiling,Decorative Gypsum Ceiling,USG Boral,Decorative Panel,Gypsum,Medium,276,Piece,Area_m2/Coverage,1.0,Reception,True
P000097,Ceilings,Decorative Gypsum Ceiling,Decorative Gypsum Ceiling,Siniat,Decorative Panel,Gypsum,Low,191,Piece,Area_m2/Coverage,1.0,Reception,True
P000098,Ceilings,Gypsum Board Ceiling,Gypsum Board Ceiling,USG Boral,Gypsum Board,Gypsum,High,286,Sheet,Area_m2/Coverage,1.0,Ceiling,False
P000099,Ceilings,Gypsum Board Ceiling,Gypsum Board Ceiling,Gyproc,Gypsum Board,Gypsum,Low,226,Sheet,Area_m2/Coverage,1.0,Ceiling,False
P000100,Ceilings,Decorative Gypsum Ceiling,Decorative Gypsum Ceiling,USG,Decorative Panel,Gypsum,Low,213,Piece,Area_m2/Coverage,1.0,Reception,True
P000101,Ceilings,Gypsum Board Ceiling,Gypsum Board Ceiling,Knauf,Gypsum Board,Gypsum,High,298,Sheet,Area_m2/Coverage,1.0,Ceiling,False
P000102,Ceilings,Gypsum Board Ceiling,Gypsum Board Ceiling,Siniat,Gypsum Board,Gypsum,Medium,278,Sheet,Area_m2/Coverage,1.0,Ceiling,False
P000103,Ceilings,Gypsum Board Ceiling,Gypsum Board Ceiling,USG Boral,Gypsum Board,Gypsum,Low,204,Sheet,Area_m2/Coverage,1.0,Ceiling,False
P000104,Ceilings,Gypsum Board Ceiling,Gypsum Board Ceiling,Knauf,Gypsum Board,Gypsum,Medium,279,Sheet,Area_m2/Coverage,1.0,Ceiling,False
P000105,Ceilings,Gypsum Board Ceiling,Gypsum Board Ceiling,USG Boral,Gypsum Board,Gypsum,High,296,Sheet,Area_m2/Coverage,1.0,Ceiling,False
P000106,Ceilings,Decorative Gypsum Ceiling,Decorative Gypsum Ceiling,Knauf,Decorative Panel,Gypsum,Medium,279,Piece,Area_m2/Coverage,1.0,Reception,True
P000107,Ceilings,Decorative Gypsum Ceiling,Decorative Gypsum Ceiling,USG,Decorative Panel,Gypsum,Medium,277,Piece,Area_m2/Coverage,1.0,Reception,True
P000108,Ceilings,Gypsum Board Ceiling,Gypsum Board Ceiling,Gyproc,Gypsum Board,Gypsum,Low,207,Sheet,Area_m2/Coverage,1.0,Ceiling,False
P000109,Ceilings,Gypsum Board Ceiling,Gypsum Board Ceiling,Gyproc,Gypsum Board,Gypsum,Medium,265,Sheet,Area_m2/Coverage,1.0,Ceiling,False
P000110,Ceilings,Gypsum Board Ceiling,Gypsum Board Ceiling,Gyproc,Gypsum Board,Gypsum,High,329,Sheet,Area_m2/Coverage,1.0,Ceiling,False
P000111,Ceilings,Decorative Gypsum Ceiling,Decorative Gypsum Ceiling,Siniat,Decorative Panel,Gypsum,Medium,238,Piece,Area_m2/Coverage,1.0,Reception,True
P000112,Ceilings,Gypsum Board Ceiling,Gypsum Board Ceiling,Gyproc,Gypsum Board,Gypsum,Medium,235,Sheet,Area_m2/Coverage,1.0,Ceiling,False
P000113,Ceilings,Gypsum Board Ceiling,Gypsum Board Ceiling,Gyproc,Gypsum Board,Gypsum,Medium,285,Sheet,Area_m2/Coverage,1.0,Ceiling,False
P000114,Ceilings,Gypsum Board Ceiling,Gypsum Board Ceiling,Gyproc,Gypsum Board,Gypsum,Medium,255,Sheet,Area_m2/Coverage,1.0,Ceiling,False
P000115,Ceilings,Gypsum Board Ceiling,Gypsum Board Ceiling,Knauf,Gypsum Board,Gypsum,Low,231,Sheet,Area_m2/Coverage,1.0,Ceiling,False
P000116,Ceilings,Decorative Gypsum Ceiling,Decorative Gypsum Ceiling,USG Boral,Decorative Panel,Gypsum,Low,199,Piece,Area_m2/Coverage,1.0,Reception,True
P000117,Ceilings,Gypsum Board Ceiling,Gypsum Board Ceiling,Siniat,Gypsum Board,Gypsum,Medium,254,Sheet,Area_m2/Coverage,1.0,Ceiling,False
P000118,Ceilings,Gypsum Board Ceiling,Gypsum Board Ceiling,Gyproc,Gypsum Board,Gypsum,Medium,271,Sheet,Area_m2/Coverage,1.0,Ceiling,False
P000119,Ceilings,Gypsum Board Ceiling,Gypsum Board Ceiling,USG,Gypsum Board,Gypsum,High,328,Sheet,Area_m2/Coverage,1.0,Ceiling,False
P000120,Ceilings,Decorative Gypsum Ceiling,Decorative Gypsum Ceiling,Knauf,Decorative Panel,Gypsum,Medium,271,Piece,Area_m2/Coverage,1.0,Reception,True
P000121,Ceilings,Gypsum Board Ceiling,Gypsum Board Ceiling,Knauf,Gypsum Board,Gypsum,Low,188,Sheet,Area_m2/Coverage,1.0,Ceiling,False
P000122,Ceilings,Decorative Gypsum Ceiling,Decorative Gypsum Ceiling,Knauf,Decorative Panel,Gypsum,Medium,261,Piece,Area_m2/Coverage,1.0,Reception,True
P000123,Ceilings,Gypsum Board Ceiling,Gypsum Board Ceiling,USG,Gypsum Board,Gypsum,High,348,Sheet,Area_m2/Coverage,1.0,Ceiling,False
P000124,Ceilings,Gypsum Board Ceiling,Gypsum Board Ceiling,Knauf,Gypsum Board,Gypsum,High,341,Sheet,Area_m2/Coverage,1.0,Ceiling,False
P000125,Ceilings,Gypsum Board Ceiling,Gypsum Board Ceiling,Gyproc,Gypsum Board,Gypsum,Medium,284,Sheet,Area_m2/Coverage,1.0,Ceiling,False
P000126,Ceilings,Gypsum Board Ceiling,Gypsum Board Ceiling,USG Boral,Gypsum Board,Gypsum,High,333,Sheet,Area_m2/Coverage,1.0,Ceiling,False
P000127,Ceilings,Decorative Gypsum Ceiling,Decorative Gypsum Ceiling,Knauf,Decorative Panel,Gypsum,Low,215,Piece,Area_m2/Coverage,1.0,Reception,True
P000128,Ceilings,Gypsum Board Ceiling,Gypsum Board Ceiling,Knauf,Gypsum Board,Gypsum,High,318,Sheet,Area_m2/Coverage,1.0,Ceiling,False
P000129,Ceilings,Gypsum Board Ceiling,Gypsum Board Ceiling,Knauf,Gypsum Board,Gypsum,Low,196,Sheet,Area_m2/Coverage,1.0,Ceiling,False
P000130,Ceilings,Gypsum Board Ceiling,Gypsum Board Ceiling,Siniat,Gypsum Board,Gypsum,High,301,Sheet,Area_m2/Coverage,1.0,Ceiling,False
P000131,Ceilings,Decorative Gypsum Ceiling,Decorative Gypsum Ceiling,USG,Decorative Panel,Gypsum,Medium,269,Piece,Area_m2/Coverage,1.0,Reception,True
P000132,Ceilings,Gypsum Board Ceiling,Gypsum Board Ceiling,Siniat,Gypsum Board,Gypsum,Low,195,Sheet,Area_m2/Coverage,1.0,Ceiling,False
P000133,Ceilings,Gypsum Board Ceiling,Gypsum Board Ceiling,USG Boral,Gypsum Board,Gypsum,Medium,246,Sheet,Area_m2/Coverage,1.0,Ceiling,False
P000134,Ceilings,Decorative Gypsum Ceiling,Decorative Gypsum Ceiling,USG Boral,Decorative Panel,Gypsum,High,327,Piece,Area_m2/Coverage,1.0,Reception,True
P000135,Ceilings,Decorative Gypsum Ceiling,Decorative Gypsum Ceiling,Gyproc,Decorative Panel,Gypsum,High,306,Piece,Area_m2/Coverage,1.0,Reception,True
P000136,Ceilings,Decorative Gypsum Ceiling,Decorative Gypsum Ceiling,Gyproc,Decorative Panel,Gypsum,Medium,261,Piece,Area_m2/Coverage,1.0,Reception,True
P000137,Ceilings,Gypsum Board Ceiling,Gypsum Board Ceiling,Siniat,Gypsum Board,Gypsum,High,292,Sheet,Area_m2/Coverage,1.0,Ceiling,False
P000138,Ceilings,Gypsum Board Ceiling,Gypsum Board Ceiling,Siniat,Gypsum Board,Gypsum,Low,233,Sheet,Area_m2/Coverage,1.0,Ceiling,False
P000139,Ceilings,Gypsum Board Ceiling,Gypsum Board Ceiling,USG Boral,Gypsum Board,Gypsum,High,327,Sheet,Area_m2/Coverage,1.0,Ceiling,False
P000140,Ceilings,Gypsum Board Ceiling,Gypsum Board Ceiling,USG,Gypsum Board,Gypsum,Low,212,Sheet,Area_m2/Coverage,1.0,Ceiling,False
P000141,Ceilings,Gypsum Board Ceiling,Gypsum Board Ceiling,Gyproc,Gypsum Board,Gypsum,Medium,250,Sheet,Area_m2/Coverage,1.0,Ceiling,False
P000142,Ceilings,Gypsum Board Ceiling,Gypsum Board Ceiling,USG Boral,Gypsum Board,Gypsum,High,337,Sheet,Area_m2/Coverage,1.0,Ceiling,False
P000143,Ceilings,Decorative Gypsum Ceiling,Decorative Gypsum Ceiling,Knauf,Decorative Panel,Gypsum,Medium,241,Piece,Area_m2/Coverage,1.0,Reception,True
P000144,Ceilings,Decorative Gypsum Ceiling,Decorative Gypsum Ceiling,USG,Decorative Panel,Gypsum,Medium,263,Piece,Area_m2/Coverage,1.0,Reception,True
P000145,Ceilings,Gypsum Board Ceiling,Gypsum Board Ceiling,USG,Gypsum Board,Gypsum,High,290,Sheet,Area_m2/Coverage,1.0,Ceiling,False
P000146,Ceilings,Gypsum Board Ceiling,Gypsum Board Ceiling,Knauf,Gypsum Board,Gypsum,High,327,Sheet,Area_m2/Coverage,1.0,Ceiling,False
P000147,Ceilings,Decorative Gypsum Ceiling,Decorative Gypsum Ceiling,Siniat,Decorative Panel,Gypsum,Medium,254,Piece,Area_m2/Coverage,1.0,Reception,True
P000148,Ceilings,Gypsum Board Ceiling,Gypsum Board Ceiling,USG Boral,Gypsum Board,Gypsum,Medium,243,Sheet,Area_m2/Coverage,1.0,Ceiling,False
P000149,Ceilings,Decorative Gypsum Ceiling,Decorative Gypsum Ceiling,Siniat,Decorative Panel,Gypsum,Medium,241,Piece,Area_m2/Coverage,1.0,Reception,True
P000150,Ceilings,Gypsum Board Ceiling,Gypsum Board Ceiling,Gyproc,Gypsum Board,Gypsum,Medium,244,Sheet,Area_m2/Coverage,1.0,Ceiling,False
P000151,Ceilings,Decorative Gypsum Ceiling,Decorative Gypsum Ceiling,Gyproc,Decorative Panel,Gypsum,Medium,245,Piece,Area_m2/Coverage,1.0,Reception,True
P000152,Ceilings,Gypsum Board Ceiling,Gypsum Board Ceiling,USG Boral,Gypsum Board,Gypsum,High,329,Sheet,Area_m2/Coverage,1.0,Ceiling,False
P000153,Ceilings,Decorative Gypsum Ceiling,Decorative Gypsum Ceiling,Knauf,Decorative Panel,Gypsum,Low,218,Piece,Area_m2/Coverage,1.0,Reception,True
P000154,Ceilings,Decorative Gypsum Ceiling,Decorative Gypsum Ceiling,Gyproc,Decorative Panel,Gypsum,High,339,Piece,Area_m2/Coverage,1.0,Reception,True
P000155,Ceilings,Gypsum Board Ceiling,Gypsum Board Ceiling,Siniat,Gypsum Board,Gypsum,Low,227,Sheet,Area_m2/Coverage,1.0,Ceiling,False
P000156,Ceilings,Gypsum Board Ceiling,Gypsum Board Ceiling,Gyproc,Gypsum Board,Gypsum,High,337,Sheet,Area_m2/Coverage,1.0,Ceiling,False
P000157,Ceilings,Decorative Gypsum Ceiling,Decorative Gypsum Ceiling,USG Boral,Decorative Panel,Gypsum,Low,195,Piece,Area_m2/Coverage,1.0,Reception,True
P000158,Ceilings,Gypsum Board Ceiling,Gypsum Board Ceiling,Gyproc,Gypsum Board,Gypsum,High,304,Sheet,Area_m2/Coverage,1.0,Ceiling,False
P000159,Ceilings,Decorative Gypsum Ceiling,Decorative Gypsum Ceiling,Knauf,Decorative Panel,Gypsum,Medium,274,Piece,Area_m2/Coverage,1.0,Reception,True
P000160,Ceilings,Gypsum Board Ceiling,Gypsum Board Ceiling,Knauf,Gypsum Board,Gypsum,Medium,277,Sheet,Area_m2/Coverage,1.0,Ceiling,False
P000161,Ceilings,Decorative Gypsum Ceiling,Decorative Gypsum Ceiling,USG Boral,Decorative Panel,Gypsum,High,342,Piece,Area_m2/Coverage,1.0,Reception,True
P000162,Ceilings,Gypsum Board Ceiling,Gypsum Board Ceiling,Siniat,Gypsum Board,Gypsum,High,339,Sheet,Area_m2/Coverage,1.0,Ceiling,False
P000163,Ceilings,Decorative Gypsum Ceiling,Decorative Gypsum Ceiling,Gyproc,Decorative Panel,Gypsum,Low,188,Piece,Area_m2/Coverage,1.0,Reception,True
P000164,Ceilings,Decorative Gypsum Ceiling,Decorative Gypsum Ceiling,USG,Decorative Panel,Gypsum,Medium,246,Piece,Area_m2/Coverage,1.0,Reception,True
P000165,Ceilings,Decorative Gypsum Ceiling,Decorative Gypsum Ceiling,Siniat,Decorative Panel,Gypsum,High,322,Piece,Area_m2/Coverage,1.0,Reception,True
P000166,Ceilings,Gypsum Board Ceiling,Gypsum Board Ceiling,USG Boral,Gypsum Board,Gypsum,Low,217,Sheet,Area_m2/Coverage,1.0,Ceiling,False
P000167,Ceilings,Gypsum Board Ceiling,Gypsum Board Ceiling,Knauf,Gypsum Board,Gypsum,High,347,Sheet,Area_m2/Coverage,1.0,Ceiling,False
P000168,Ceilings,Decorative Gypsum Ceiling,Decorative Gypsum Ceiling,USG Boral,Decorative Panel,Gypsum,Low,202,Piece,Area_m2/Coverage,1.0,Reception,True
P000169,Ceilings,Gypsum Board Ceiling,Gypsum Board Ceiling,Siniat,Gypsum Board,Gypsum,Medium,285,Sheet,Area_m2/Coverage,1.0,Ceiling,False
P000170,Ceilings,Gypsum Board Ceiling,Gypsum Board Ceiling,USG Boral,Gypsum Board,Gypsum,High,315,Sheet,Area_m2/Coverage,1.0,Ceiling,False
P000171,Ceilings,Gypsum Board Ceiling,Gypsum Board Ceiling,Siniat,Gypsum Board,Gypsum,Low,187,Sheet,Area_m2/Coverage,1.0,Ceiling,False
P000172,Ceilings,Decorative Gypsum Ceiling,Decorative Gypsum Ceiling,USG,Decorative Panel,Gypsum,High,320,Piece,Area_m2/Coverage,1.0,Reception,True
P000173,Ceilings,Gypsum Board Ceiling,Gypsum Board Ceiling,USG,Gypsum Board,Gypsum,Low,187,Sheet,Area_m2/Coverage,1.0,Ceiling,False
P000174,Ceilings,Decorative Gypsum Ceiling,Decorative Gypsum Ceiling,Siniat,Decorative Panel,Gypsum,Medium,252,Piece,Area_m2/Coverage,1.0,Reception,True
P000175,Ceilings,Decorative Gypsum Ceiling,Decorative Gypsum Ceiling,Knauf,Decorative Panel,Gypsum,Low,212,Piece,Area_m2/Coverage,1.0,Reception,True
P000176,Ceilings,Gypsum Board Ceiling,Gypsum Board Ceiling,USG,Gypsum Board,Gypsum,Medium,275,Sheet,Area_m2/Coverage,1.0,Ceiling,False
P000177,Ceilings,Decorative Gypsum Ceiling,Decorative Gypsum Ceiling,Gyproc,Decorative Panel,Gypsum,High,297,Piece,Area_m2/Coverage,1.0,Reception,True
P000178,Ceilings,Gypsum Board Ceiling,Gypsum Board Ceiling,Knauf,Gypsum Board,Gypsum,Medium,272,Sheet,Area_m2/Coverage,1.0,Ceiling,False
P000179,Ceilings,Decorative Gypsum Ceiling,Decorative Gypsum Ceiling,USG Boral,Decorative Panel,Gypsum,High,325,Piece,Area_m2/Coverage,1.0,Reception,True
P000180,Ceilings,Gypsum Board Ceiling,Gypsum Board Ceiling,USG,Gypsum Board,Gypsum,Low,202,Sheet,Area_m2/Coverage,1.0,Ceiling,False
P000181,Ceilings,Decorative Gypsum Ceiling,Decorative Gypsum Ceiling,USG,Decorative Panel,Gypsum,Medium,268,Piece,Area_m2/Coverage,1.0,Reception,True
P000182,Ceilings,Gypsum Board Ceiling,Gypsum Board Ceiling,USG,Gypsum Board,Gypsum,Medium,260,Sheet,Area_m2/Coverage,1.0,Ceiling,False
P000183,Ceilings,Gypsum Board Ceiling,Gypsum Board Ceiling,Knauf,Gypsum Board,Gypsum,High,336,Sheet,Area_m2/Coverage,1.0,Ceiling,False
P000184,Ceilings,Decorative Gypsum Ceiling,Decorative Gypsum Ceiling,USG,Decorative Panel,Gypsum,Low,209,Piece,Area_m2/Coverage,1.0,Reception,True
P000185,Ceilings,Gypsum Board Ceiling,Gypsum Board Ceiling,Siniat,Gypsum Board,Gypsum,High,289,Sheet,Area_m2/Coverage,1.0,Ceiling,False
P000186,Ceilings,Decorative Gypsum Ceiling,Decorative Gypsum Ceiling,Gyproc,Decorative Panel,Gypsum,High,332,Piece,Area_m2/Coverage,1.0,Reception,True
P000187,Ceilings,Decorative Gypsum Ceiling,Decorative Gypsum Ceiling,Siniat,Decorative Panel,Gypsum,Low,183,Piece,Area_m2/Coverage,1.0,Reception,True
P000188,Ceilings,Gypsum Board Ceiling,Gypsum Board Ceiling,Knauf,Gypsum Board,Gypsum,Low,199,Sheet,Area_m2/Coverage,1.0,Ceiling,False
P000189,Ceilings,Decorative Gypsum Ceiling,Decorative Gypsum Ceiling,Siniat,Decorative Panel,Gypsum,Medium,243,Piece,Area_m2/Coverage,1.0,Reception,True
P000190,Ceilings,Gypsum Board Ceiling,Gypsum Board Ceiling,USG Boral,Gypsum Board,Gypsum,High,293,Sheet,Area_m2/Coverage,1.0,Ceiling,False
P000191,Ceilings,Decorative Gypsum Ceiling,Decorative Gypsum Ceiling,Siniat,Decorative Panel,Gypsum,Medium,276,Piece,Area_m2/Coverage,1.0,Reception,True
P000192,Ceilings,Decorative Gypsum Ceiling,Decorative Gypsum Ceiling,USG Boral,Decorative Panel,Gypsum,Medium,273,Piece,Area_m2/Coverage,1.0,Reception,True
P000193,Ceilings,Gypsum Board Ceiling,Gypsum Board Ceiling,USG Boral,Gypsum Board,Gypsum,Low,195,Sheet,Area_m2/Coverage,1.0,Ceiling,False
P000194,Ceilings,Gypsum Board Ceiling,Gypsum Board Ceiling,Knauf,Gypsum Board,Gypsum,Medium,259,Sheet,Area_m2/Coverage,1.0,Ceiling,False
P000195,Ceilings,Decorative Gypsum Ceiling,Decorative Gypsum Ceiling,Siniat,Decorative Panel,Gypsum,Low,207,Piece,Area_m2/Coverage,1.0,Reception,True
P000196,Ceilings,Gypsum Board Ceiling,Gypsum Board Ceiling,Knauf,Gypsum Board,Gypsum,Low,183,Sheet,Area_m2/Coverage,1.0,Ceiling,False
P000197,Ceilings,Gypsum Board Ceiling,Gypsum Board Ceiling,USG,Gypsum Board,Gypsum,Medium,261,Sheet,Area_m2/Coverage,1.0,Ceiling,False
P000198,Ceilings,Gypsum Board Ceiling,Gypsum Board Ceiling,Gyproc,Gypsum Board,Gypsum,High,290,Sheet,Area_m2/Coverage,1.0,Ceiling,False
P000199,Ceilings,Decorative Gypsum Ceiling,Decorative Gypsum Ceiling,USG Boral,Decorative Panel,Gypsum,High,317,Piece,Area_m2/Coverage,1.0,Reception,True
P000200,Ceilings,Decorative Gypsum Ceiling,Decorative Gypsum Ceiling,USG Boral,Decorative Panel,Gypsum,Low,211,Piece,Area_m2/Coverage,1.0,Reception,True
P000201,Ceilings,Gypsum Board Ceiling,Gypsum Board Ceiling,USG,Gypsum Board,Gypsum,High,324,Sheet,Area_m2/Coverage,1.0,Ceiling,False
P000202,Ceilings,Gypsum Board Ceiling,Gypsum Board Ceiling,USG Boral,Gypsum Board,Gypsum,High,295,Sheet,Area_m2/Coverage,1.0,Ceiling,False
P000203,Ceilings,Decorative Gypsum Ceiling,Decorative Gypsum Ceiling,Siniat,Decorative Panel,Gypsum,Low,185,Piece,Area_m2/Coverage,1.0,Reception,True
P000204,Ceilings,Gypsum Board Ceiling,Gypsum Board Ceiling,Knauf,Gypsum Board,Gypsum,High,340,Sheet,Area_m2/Coverage,1.0,Ceiling,False
P000205,Ceilings,Decorative Gypsum Ceiling,Decorative Gypsum Ceiling,Siniat,Decorative Panel,Gypsum,High,317,Piece,Area_m2/Coverage,1.0,Reception,True
P000206,Ceilings,Decorative Gypsum Ceiling,Decorative Gypsum Ceiling,USG Boral,Decorative Panel,Gypsum,Medium,285,Piece,Area_m2/Coverage,1.0,Reception,True
P000207,Ceilings,Decorative Gypsum Ceiling,Decorative Gypsum Ceiling,Knauf,Decorative Panel,Gypsum,Medium,242,Piece,Area_m2/Coverage,1.0,Reception,True
P000208,Ceilings,Gypsum Board Ceiling,Gypsum Board Ceiling,Siniat,Gypsum Board,Gypsum,Medium,280,Sheet,Area_m2/Coverage,1.0,Ceiling,False
P000209,Ceilings,Decorative Gypsum Ceiling,Decorative Gypsum Ceiling,Siniat,Decorative Panel,Gypsum,Medium,266,Piece,Area_m2/Coverage,1.0,Reception,True
P000210,Ceilings,Decorative Gypsum Ceiling,Decorative Gypsum Ceiling,Knauf,Decorative Panel,Gypsum,Low,199,Piece,Area_m2/Coverage,1.0,Reception,True
P000211,Ceilings,Decorative Gypsum Ceiling,Decorative Gypsum Ceiling,Siniat,Decorative Panel,Gypsum,High,286,Piece,Area_m2/Coverage,1.0,Reception,True
P000212,Ceilings,Decorative Gypsum Ceiling,Decorative Gypsum Ceiling,Knauf,Decorative Panel,Gypsum,High,348,Piece,Area_m2/Coverage,1.0,Reception,True
P000213,Ceilings,Decorative Gypsum Ceiling,Decorative Gypsum Ceiling,Knauf,Decorative Panel,Gypsum,High,292,Piece,Area_m2/Coverage,1.0,Reception,True
P000214,Ceilings,Gypsum Board Ceiling,Gypsum Board Ceiling,USG,Gypsum Board,Gypsum,Medium,244,Sheet,Area_m2/Coverage,1.0,Ceiling,False
P000215,Ceilings,Decorative Gypsum Ceiling,Decorative Gypsum Ceiling,USG Boral,Decorative Panel,Gypsum,High,308,Piece,Area_m2/Coverage,1.0,Reception,True
P000216,Ceilings,Decorative Gypsum Ceiling,Decorative Gypsum Ceiling,USG,Decorative Panel,Gypsum,High,321,Piece,Area_m2/Coverage,1.0,Reception,True
P000217,Ceilings,Gypsum Board Ceiling,Gypsum Board Ceiling,Gyproc,Gypsum Board,Gypsum,Medium,270,Sheet,Area_m2/Coverage,1.0,Ceiling,False
P000218,Ceilings,Decorative Gypsum Ceiling,Decorative Gypsum Ceiling,USG,Decorative Panel,Gypsum,Low,180,Piece,Area_m2/Coverage,1.0,Reception,True
P000219,Ceilings,Gypsum Board Ceiling,Gypsum Board Ceiling,USG,Gypsum Board,Gypsum,Low,205,Sheet,Area_m2/Coverage,1.0,Ceiling,False
P000220,Ceilings,Decorative Gypsum Ceiling,Decorative Gypsum Ceiling,USG Boral,Decorative Panel,Gypsum,Medium,274,Piece,Area_m2/Coverage,1.0,Reception,True
P000221,Ceilings,Decorative Gypsum Ceiling,Decorative Gypsum Ceiling,Siniat,Decorative Panel,Gypsum,Medium,236,Piece,Area_m2/Coverage,1.0,Reception,True
P000222,Ceilings,Decorative Gypsum Ceiling,Decorative Gypsum Ceiling,USG,Decorative Panel,Gypsum,Low,212,Piece,Area_m2/Coverage,1.0,Reception,True
P000223,Ceilings,Gypsum Board Ceiling,Gypsum Board Ceiling,USG,Gypsum Board,Gypsum,Medium,252,Sheet,Area_m2/Coverage,1.0,Ceiling,False
P000224,Ceilings,Gypsum Board Ceiling,Gypsum Board Ceiling,Knauf,Gypsum Board,Gypsum,Low,194,Sheet,Area_m2/Coverage,1.0,Ceiling,False
P000225,Ceilings,Gypsum Board Ceiling,Gypsum Board Ceiling,Knauf,Gypsum Board,Gypsum,Medium,278,Sheet,Area_m2/Coverage,1.0,Ceiling,False
P000226,Ceilings,Decorative Gypsum Ceiling,Decorative Gypsum Ceiling,USG,Decorative Panel,Gypsum,High,342,Piece,Area_m2/Coverage,1.0,Reception,True
P000227,Ceilings,Gypsum Board Ceiling,Gypsum Board Ceiling,Siniat,Gypsum Board,Gypsum,Low,183,Sheet,Area_m2/Coverage,1.0,Ceiling,False
P000228,Ceilings,Gypsum Board Ceiling,Gypsum Board Ceiling,USG,Gypsum Board,Gypsum,High,319,Sheet,Area_m2/Coverage,1.0,Ceiling,False
P000229,Ceilings,Gypsum Board Ceiling,Gypsum Board Ceiling,Gyproc,Gypsum Board,Gypsum,High,345,Sheet,Area_m2/Coverage,1.0,Ceiling,False
P000230,Ceilings,Gypsum Board Ceiling,Gypsum Board Ceiling,USG Boral,Gypsum Board,Gypsum,Low,185,Sheet,Area_m2/Coverage,1.0,Ceiling,False
P000231,Ceilings,Gypsum Board Ceiling,Gypsum Board Ceiling,Siniat,Gypsum Board,Gypsum,Medium,253,Sheet,Area_m2/Coverage,1.0,Ceiling,False
P000232,Ceilings,Gypsum Board Ceiling,Gypsum Board Ceiling,USG,Gypsum Board,Gypsum,Low,204,Sheet,Area_m2/Coverage,1.0,Ceiling,False
P000233,Ceilings,Gypsum Board Ceiling,Gypsum Board Ceiling,USG,Gypsum Board,Gypsum,High,293,Sheet,Area_m2/Coverage,1.0,Ceiling,False
P000234,Ceilings,Decorative Gypsum Ceiling,Decorative Gypsum Ceiling,Gyproc,Decorative Panel,Gypsum,Medium,253,Piece,Area_m2/Coverage,1.0,Reception,True
P000235,Ceilings,Gypsum Board Ceiling,Gypsum Board Ceiling,Gyproc,Gypsum Board,Gypsum,High,291,Sheet,Area_m2/Coverage,1.0,Ceiling,False
P000236,Ceilings,Decorative Gypsum Ceiling,Decorative Gypsum Ceiling,Siniat,Decorative Panel,Gypsum,Low,212,Piece,Area_m2/Coverage,1.0,Reception,True
P000237,Ceilings,Decorative Gypsum Ceiling,Decorative Gypsum Ceiling,Gyproc,Decorative Panel,Gypsum,Low,186,Piece,Area_m2/Coverage,1.0,Reception,True
P000238,Ceilings,Gypsum Board Ceiling,Gypsum Board Ceiling,USG,Gypsum Board,Gypsum,Low,196,Sheet,Area_m2/Coverage,1.0,Ceiling,False
P000239,Ceilings,Decorative Gypsum Ceiling,Decorative Gypsum Ceiling,Siniat,Decorative Panel,Gypsum,Low,204,Piece,Area_m2/Coverage,1.0,Reception,True
P000240,Ceilings,Gypsum Board Ceiling,Gypsum Board Ceiling,Siniat,Gypsum Board,Gypsum,Low,185,Sheet,Area_m2/Coverage,1.0,Ceiling,False
P000241,Ceilings,Gypsum Board Ceiling,Gypsum Board Ceiling,Knauf,Gypsum Board,Gypsum,Medium,245,Sheet,Area_m2/Coverage,1.0,Ceiling,False
P000242,Ceilings,Gypsum Board Ceiling,Gypsum Board Ceiling,Knauf,Gypsum Board,Gypsum,Medium,280,Sheet,Area_m2/Coverage,1.0,Ceiling,False
P000243,Ceilings,Decorative Gypsum Ceiling,Decorative Gypsum Ceiling,Knauf,Decorative Panel,Gypsum,High,286,Piece,Area_m2/Coverage,1.0,Reception,True
P000244,Ceilings,Decorative Gypsum Ceiling,Decorative Gypsum Ceiling,USG,Decorative Panel,Gypsum,Low,182,Piece,Area_m2/Coverage,1.0,Reception,True
P000245,Ceilings,Gypsum Board Ceiling,Gypsum Board Ceiling,Siniat,Gypsum Board,Gypsum,Low,188,Sheet,Area_m2/Coverage,1.0,Ceiling,False
P000246,Ceilings,Gypsum Board Ceiling,Gypsum Board Ceiling,Gyproc,Gypsum Board,Gypsum,Medium,282,Sheet,Area_m2/Coverage,1.0,Ceiling,False
P000247,Ceilings,Gypsum Board Ceiling,Gypsum Board Ceiling,Knauf,Gypsum Board,Gypsum,Low,222,Sheet,Area_m2/Coverage,1.0,Ceiling,False
P000248,Ceilings,Decorative Gypsum Ceiling,Decorative Gypsum Ceiling,USG Boral,Decorative Panel,Gypsum,Low,201,Piece,Area_m2/Coverage,1.0,Reception,True
P000249,Ceilings,Gypsum Board Ceiling,Gypsum Board Ceiling,Siniat,Gypsum Board,Gypsum,Low,216,Sheet,Area_m2/Coverage,1.0,Ceiling,False
P000250,Doors,Balcony,Aluminum Balcony Door,Security Doors,Sliding,Aluminum,Low,5176,Piece,Per_Balcony,1.0,Balcony,False
P000251,Doors,Balcony,Aluminum Balcony Door,WPC Brand,Sliding,Aluminum,Medium,6332,Piece,Per_Balcony,1.0,Balcony,False
P000252,Doors,Interior,Interior MDF Door,WPC Brand,Solid,MDF,Low,4337,Piece,Per_Room,1.0,Bedroom,False
P000253,Doors,Entrance,Armored Security Door,AluDoor,Armored,Steel,High,13462,Piece,Fixed,1.0,Apartment,False
P000254,Doors,Balcony,Aluminum Balcony Door,DoorTech,Sliding,Aluminum,Low,5077,Piece,Per_Balcony,1.0,Balcony,False
P000255,Doors,Interior,Interior MDF Door,AluDoor,Solid,MDF,Low,4421,Piece,Per_Room,1.0,Bedroom,False
P000256,Doors,Interior,Interior MDF Door,Security Doors,Solid,MDF,Low,4649,Piece,Per_Room,1.0,Bedroom,False
P000257,Doors,Balcony,Aluminum Balcony Door,WoodCraft,Sliding,Aluminum,Medium,5441,Piece,Per_Balcony,1.0,Balcony,False
P000258,Doors,Interior,Interior MDF Door,WPC Brand,Solid,MDF,Low,5100,Piece,Per_Room,1.0,Bedroom,False
P000259,Doors,Balcony,Aluminum Balcony Door,AluDoor,Sliding,Aluminum,Medium,5666,Piece,Per_Balcony,1.0,Balcony,False
P000260,Doors,Balcony,Aluminum Balcony Door,WPC Brand,Sliding,Aluminum,Low,5085,Piece,Per_Balcony,1.0,Balcony,False
P000261,Doors,Balcony,Aluminum Balcony Door,AluDoor,Sliding,Aluminum,Medium,6771,Piece,Per_Balcony,1.0,Balcony,False
P000262,Doors,Interior,Interior MDF Door,AluDoor,Solid,MDF,Low,3940,Piece,Per_Room,1.0,Bedroom,False
P000263,Doors,Entrance,Armored Security Door,AluDoor,Armored,Steel,High,13241,Piece,Fixed,1.0,Apartment,False
P000264,Doors,Entrance,Armored Security Door,Security Doors,Armored,Steel,High,9924,Piece,Fixed,1.0,Apartment,False
P000265,Doors,Entrance,Armored Security Door,Security Doors,Armored,Steel,High,11979,Piece,Fixed,1.0,Apartment,False
P000266,Doors,Balcony,Aluminum Balcony Door,WPC Brand,Sliding,Aluminum,Medium,6294,Piece,Per_Balcony,1.0,Balcony,False
P000267,Doors,Entrance,Armored Security Door,AluDoor,Armored,Steel,High,13388,Piece,Fixed,1.0,Apartment,False
P000268,Doors,Balcony,Aluminum Balcony Door,WoodCraft,Sliding,Aluminum,Low,4877,Piece,Per_Balcony,1.0,Balcony,False
P000269,Doors,Interior,Interior MDF Door,AluDoor,Solid,MDF,Medium,5569,Piece,Per_Room,1.0,Bedroom,False
P000270,Doors,Balcony,Aluminum Balcony Door,Security Doors,Sliding,Aluminum,Medium,5830,Piece,Per_Balcony,1.0,Balcony,False
P000271,Doors,Entrance,Armored Security Door,Security Doors,Armored,Steel,High,10298,Piece,Fixed,1.0,Apartment,False
P000272,Doors,Balcony,Aluminum Balcony Door,WPC Brand,Sliding,Aluminum,Low,4689,Piece,Per_Balcony,1.0,Balcony,False
P000273,Doors,Interior,Interior MDF Door,WPC Brand,Solid,MDF,Low,4683,Piece,Per_Room,1.0,Bedroom,False
P000274,Doors,Interior,Interior MDF Door,Security Doors,Solid,MDF,Medium,5462,Piece,Per_Room,1.0,Bedroom,False
P000275,Doors,Entrance,Armored Security Door,WPC Brand,Armored,Steel,High,11166,Piece,Fixed,1.0,Apartment,False
P000276,Doors,Entrance,Armored Security Door,AluDoor,Armored,Steel,High,13850,Piece,Fixed,1.0,Apartment,False
P000277,Doors,Interior,Interior MDF Door,Security Doors,Solid,MDF,Low,3979,Piece,Per_Room,1.0,Bedroom,False
P000278,Doors,Balcony,Aluminum Balcony Door,DoorTech,Sliding,Aluminum,Medium,6121,Piece,Per_Balcony,1.0,Balcony,False
P000279,Doors,Interior,Interior MDF Door,Security Doors,Solid,MDF,Low,5035,Piece,Per_Room,1.0,Bedroom,False
P000280,Doors,Entrance,Armored Security Door,Security Doors,Armored,Steel,High,14040,Piece,Fixed,1.0,Apartment,False
P000281,Doors,Balcony,Aluminum Balcony Door,WoodCraft,Sliding,Aluminum,Medium,7429,Piece,Per_Balcony,1.0,Balcony,False
P000282,Doors,Balcony,Aluminum Balcony Door,WoodCraft,Sliding,Aluminum,Medium,5716,Piece,Per_Balcony,1.0,Balcony,False
P000283,Doors,Balcony,Aluminum Balcony Door,AluDoor,Sliding,Aluminum,Medium,5439,Piece,Per_Balcony,1.0,Balcony,False
P000284,Doors,Balcony,Aluminum Balcony Door,Security Doors,Sliding,Aluminum,Medium,5526,Piece,Per_Balcony,1.0,Balcony,False
P000285,Doors,Entrance,Armored Security Door,Security Doors,Armored,Steel,High,11323,Piece,Fixed,1.0,Apartment,False
P000286,Doors,Entrance,Armored Security Door,AluDoor,Armored,Steel,High,11823,Piece,Fixed,1.0,Apartment,False
P000287,Doors,Interior,Interior MDF Door,Security Doors,Solid,MDF,Low,3861,Piece,Per_Room,1.0,Bedroom,False
P000288,Doors,Entrance,Armored Security Door,AluDoor,Armored,Steel,High,10876,Piece,Fixed,1.0,Apartment,False
P000289,Doors,Entrance,Armored Security Door,AluDoor,Armored,Steel,High,13900,Piece,Fixed,1.0,Apartment,False
P000290,Doors,Interior,Interior MDF Door,WPC Brand,Solid,MDF,Medium,5654,Piece,Per_Room,1.0,Bedroom,False
P000291,Doors,Balcony,Aluminum Balcony Door,Security Doors,Sliding,Aluminum,Medium,5924,Piece,Per_Balcony,1.0,Balcony,False
P000292,Doors,Balcony,Aluminum Balcony Door,WoodCraft,Sliding,Aluminum,Medium,5732,Piece,Per_Balcony,1.0,Balcony,False
P000293,Doors,Entrance,Armored Security Door,AluDoor,Armored,Steel,High,12219,Piece,Fixed,1.0,Apartment,False
P000294,Doors,Balcony,Aluminum Balcony Door,WPC Brand,Sliding,Aluminum,Low,5307,Piece,Per_Balcony,1.0,Balcony,False
P000295,Doors,Interior,Interior MDF Door,AluDoor,Solid,MDF,Low,3253,Piece,Per_Room,1.0,Bedroom,False
P000296,Doors,Entrance,Armored Security Door,DoorTech,Armored,Steel,High,10559,Piece,Fixed,1.0,Apartment,False
P000297,Doors,Balcony,Aluminum Balcony Door,DoorTech,Sliding,Aluminum,Medium,7026,Piece,Per_Balcony,1.0,Balcony,False
P000298,Doors,Interior,Interior MDF Door,DoorTech,Solid,MDF,Low,3844,Piece,Per_Room,1.0,Bedroom,False
P000299,Doors,Entrance,Armored Security Door,WPC Brand,Armored,Steel,High,11872,Piece,Fixed,1.0,Apartment,False
P000300,Doors,Interior,Interior MDF Door,WoodCraft,Solid,MDF,Low,5189,Piece,Per_Room,1.0,Bedroom,False
P000301,Doors,Balcony,Aluminum Balcony Door,WPC Brand,Sliding,Aluminum,Medium,5767,Piece,Per_Balcony,1.0,Balcony,False
P000302,Doors,Entrance,Armored Security Door,WPC Brand,Armored,Steel,High,13337,Piece,Fixed,1.0,Apartment,False
P000303,Doors,Entrance,Armored Security Door,AluDoor,Armored,Steel,High,10656,Piece,Fixed,1.0,Apartment,False
P000304,Doors,Interior,Interior MDF Door,WPC Brand,Solid,MDF,Low,3754,Piece,Per_Room,1.0,Bedroom,False
P000305,Doors,Balcony,Aluminum Balcony Door,WoodCraft,Sliding,Aluminum,Low,4855,Piece,Per_Balcony,1.0,Balcony,False
P000306,Doors,Balcony,Aluminum Balcony Door,Security Doors,Sliding,Aluminum,Low,4655,Piece,Per_Balcony,1.0,Balcony,False
P000307,Doors,Interior,Interior MDF Door,WPC Brand,Solid,MDF,Low,3734,Piece,Per_Room,1.0,Bedroom,False
P000308,Doors,Entrance,Armored Security Door,WPC Brand,Armored,Steel,High,12089,Piece,Fixed,1.0,Apartment,False
P000309,Doors,Interior,Interior MDF Door,AluDoor,Solid,MDF,Low,3759,Piece,Per_Room,1.0,Bedroom,False
P000310,Doors,Balcony,Aluminum Balcony Door,Security Doors,Sliding,Aluminum,Medium,6389,Piece,Per_Balcony,1.0,Balcony,False
P000311,Doors,Balcony,Aluminum Balcony Door,DoorTech,Sliding,Aluminum,Medium,7291,Piece,Per_Balcony,1.0,Balcony,False
P000312,Doors,Entrance,Armored Security Door,Security Doors,Armored,Steel,High,14484,Piece,Fixed,1.0,Apartment,False
P000313,Doors,Balcony,Aluminum Balcony Door,DoorTech,Sliding,Aluminum,Medium,6401,Piece,Per_Balcony,1.0,Balcony,False
P000314,Doors,Entrance,Armored Security Door,WPC Brand,Armored,Steel,High,13482,Piece,Fixed,1.0,Apartment,False
P000315,Doors,Balcony,Aluminum Balcony Door,WPC Brand,Sliding,Aluminum,Medium,7312,Piece,Per_Balcony,1.0,Balcony,False
P000316,Doors,Entrance,Armored Security Door,DoorTech,Armored,Steel,High,13451,Piece,Fixed,1.0,Apartment,False
P000317,Doors,Entrance,Armored Security Door,DoorTech,Armored,Steel,High,12436,Piece,Fixed,1.0,Apartment,False
P000318,Doors,Balcony,Aluminum Balcony Door,DoorTech,Sliding,Aluminum,Medium,7402,Piece,Per_Balcony,1.0,Balcony,False
P000319,Doors,Interior,Interior MDF Door,AluDoor,Solid,MDF,Low,5287,Piece,Per_Room,1.0,Bedroom,False
P000320,Doors,Entrance,Armored Security Door,Security Doors,Armored,Steel,High,10337,Piece,Fixed,1.0,Apartment,False
P000321,Doors,Entrance,Armored Security Door,WPC Brand,Armored,Steel,High,11623,Piece,Fixed,1.0,Apartment,False
P000322,Doors,Entrance,Armored Security Door,DoorTech,Armored,Steel,High,12950,Piece,Fixed,1.0,Apartment,False
P000323,Doors,Balcony,Aluminum Balcony Door,AluDoor,Sliding,Aluminum,Medium,6263,Piece,Per_Balcony,1.0,Balcony,False
P000324,Doors,Balcony,Aluminum Balcony Door,DoorTech,Sliding,Aluminum,Medium,6938,Piece,Per_Balcony,1.0,Balcony,False
P000325,Doors,Entrance,Armored Security Door,WoodCraft,Armored,Steel,High,10292,Piece,Fixed,1.0,Apartment,False
P000326,Doors,Balcony,Aluminum Balcony Door,Security Doors,Sliding,Aluminum,Medium,7110,Piece,Per_Balcony,1.0,Balcony,False
P000327,Doors,Entrance,Armored Security Door,AluDoor,Armored,Steel,High,9953,Piece,Fixed,1.0,Apartment,False
P000328,Doors,Entrance,Armored Security Door,DoorTech,Armored,Steel,High,11269,Piece,Fixed,1.0,Apartment,False
P000329,Doors,Entrance,Armored Security Door,WoodCraft,Armored,Steel,High,13564,Piece,Fixed,1.0,Apartment,False
P000330,Doors,Interior,Interior MDF Door,Security Doors,Solid,MDF,Low,4756,Piece,Per_Room,1.0,Bedroom,False
P000331,Doors,Balcony,Aluminum Balcony Door,WoodCraft,Sliding,Aluminum,Medium,5436,Piece,Per_Balcony,1.0,Balcony,False
P000332,Doors,Interior,Interior MDF Door,WPC Brand,Solid,MDF,Low,4723,Piece,Per_Room,1.0,Bedroom,False
P000333,Doors,Balcony,Aluminum Balcony Door,WoodCraft,Sliding,Aluminum,Medium,6168,Piece,Per_Balcony,1.0,Balcony,False
P000334,Doors,Interior,Interior MDF Door,Security Doors,Solid,MDF,Low,4300,Piece,Per_Room,1.0,Bedroom,False
P000335,Doors,Balcony,Aluminum Balcony Door,WoodCraft,Sliding,Aluminum,Medium,5458,Piece,Per_Balcony,1.0,Balcony,False
P000336,Doors,Entrance,Armored Security Door,WoodCraft,Armored,Steel,High,12146,Piece,Fixed,1.0,Apartment,False
P000337,Doors,Entrance,Armored Security Door,AluDoor,Armored,Steel,High,12137,Piece,Fixed,1.0,Apartment,False
P000338,Doors,Balcony,Aluminum Balcony Door,Security Doors,Sliding,Aluminum,Medium,5943,Piece,Per_Balcony,1.0,Balcony,False
P000339,Doors,Entrance,Armored Security Door,AluDoor,Armored,Steel,High,14185,Piece,Fixed,1.0,Apartment,False
P000340,Doors,Entrance,Armored Security Door,DoorTech,Armored,Steel,High,10480,Piece,Fixed,1.0,Apartment,False
P000341,Doors,Interior,Interior MDF Door,AluDoor,Solid,MDF,Low,5272,Piece,Per_Room,1.0,Bedroom,False
P000342,Doors,Entrance,Armored Security Door,DoorTech,Armored,Steel,High,10513,Piece,Fixed,1.0,Apartment,False
P000343,Doors,Entrance,Armored Security Door,DoorTech,Armored,Steel,High,12182,Piece,Fixed,1.0,Apartment,False
P000344,Doors,Balcony,Aluminum Balcony Door,WoodCraft,Sliding,Aluminum,Medium,6311,Piece,Per_Balcony,1.0,Balcony,False
P000345,Doors,Entrance,Armored Security Door,Security Doors,Armored,Steel,High,10090,Piece,Fixed,1.0,Apartment,False
P000346,Doors,Entrance,Armored Security Door,AluDoor,Armored,Steel,High,13843,Piece,Fixed,1.0,Apartment,False
P000347,Doors,Entrance,Armored Security Door,WPC Brand,Armored,Steel,High,10709,Piece,Fixed,1.0,Apartment,False
P000348,Doors,Entrance,Armored Security Door,DoorTech,Armored,Steel,High,11363,Piece,Fixed,1.0,Apartment,False
P000349,Doors,Balcony,Aluminum Balcony Door,WoodCraft,Sliding,Aluminum,Medium,5919,Piece,Per_Balcony,1.0,Balcony,False
P000350,Doors,Interior,Interior MDF Door,WPC Brand,Solid,MDF,Low,4345,Piece,Per_Room,1.0,Bedroom,False
P000351,Doors,Interior,Interior MDF Door,WPC Brand,Solid,MDF,Low,4531,Piece,Per_Room,1.0,Bedroom,False
P000352,Doors,Interior,Interior MDF Door,Security Doors,Solid,MDF,Medium,5357,Piece,Per_Room,1.0,Bedroom,False
P000353,Doors,Interior,Interior MDF Door,WoodCraft,Solid,MDF,Medium,5703,Piece,Per_Room,1.0,Bedroom,False
P000354,Doors,Balcony,Aluminum Balcony Door,Security Doors,Sliding,Aluminum,Medium,6347,Piece,Per_Balcony,1.0,Balcony,False
P000355,Doors,Entrance,Armored Security Door,Security Doors,Armored,Steel,High,12373,Piece,Fixed,1.0,Apartment,False
P000356,Doors,Balcony,Aluminum Balcony Door,DoorTech,Sliding,Aluminum,Medium,6447,Piece,Per_Balcony,1.0,Balcony,False
P000357,Doors,Interior,Interior MDF Door,WPC Brand,Solid,MDF,Low,4488,Piece,Per_Room,1.0,Bedroom,False
P000358,Doors,Interior,Interior MDF Door,WPC Brand,Solid,MDF,Low,4259,Piece,Per_Room,1.0,Bedroom,False
P000359,Doors,Interior,Interior MDF Door,Security Doors,Solid,MDF,Low,4587,Piece,Per_Room,1.0,Bedroom,False
P000360,Doors,Entrance,Armored Security Door,AluDoor,Armored,Steel,High,12844,Piece,Fixed,1.0,Apartment,False
P000361,Doors,Interior,Interior MDF Door,Security Doors,Solid,MDF,Low,3376,Piece,Per_Room,1.0,Bedroom,False
P000362,Doors,Balcony,Aluminum Balcony Door,WoodCraft,Sliding,Aluminum,Medium,6373,Piece,Per_Balcony,1.0,Balcony,False
P000363,Doors,Interior,Interior MDF Door,WoodCraft,Solid,MDF,Low,3516,Piece,Per_Room,1.0,Bedroom,False
P000364,Doors,Entrance,Armored Security Door,Security Doors,Armored,Steel,High,14438,Piece,Fixed,1.0,Apartment,False
P000365,Doors,Entrance,Armored Security Door,WoodCraft,Armored,Steel,High,11278,Piece,Fixed,1.0,Apartment,False
P000366,Doors,Entrance,Armored Security Door,WPC Brand,Armored,Steel,High,10047,Piece,Fixed,1.0,Apartment,False
P000367,Doors,Entrance,Armored Security Door,WPC Brand,Armored,Steel,High,12557,Piece,Fixed,1.0,Apartment,False
P000368,Doors,Entrance,Armored Security Door,DoorTech,Armored,Steel,High,12130,Piece,Fixed,1.0,Apartment,False
P000369,Doors,Balcony,Aluminum Balcony Door,AluDoor,Sliding,Aluminum,Medium,7208,Piece,Per_Balcony,1.0,Balcony,False
P000370,Doors,Entrance,Armored Security Door,AluDoor,Armored,Steel,High,10017,Piece,Fixed,1.0,Apartment,False
P000371,Doors,Entrance,Armored Security Door,Security Doors,Armored,Steel,High,13132,Piece,Fixed,1.0,Apartment,False
P000372,Doors,Interior,Interior MDF Door,WPC Brand,Solid,MDF,Medium,5393,Piece,Per_Room,1.0,Bedroom,False
P000373,Doors,Balcony,Aluminum Balcony Door,Security Doors,Sliding,Aluminum,Medium,6874,Piece,Per_Balcony,1.0,Balcony,False
P000374,Doors,Interior,Interior MDF Door,AluDoor,Solid,MDF,Low,4849,Piece,Per_Room,1.0,Bedroom,False
P000375,Doors,Balcony,Aluminum Balcony Door,DoorTech,Sliding,Aluminum,Medium,7059,Piece,Per_Balcony,1.0,Balcony,False
P000376,Doors,Balcony,Aluminum Balcony Door,WPC Brand,Sliding,Aluminum,Medium,6207,Piece,Per_Balcony,1.0,Balcony,False
P000377,Doors,Interior,Interior MDF Door,Security Doors,Solid,MDF,Low,3486,Piece,Per_Room,1.0,Bedroom,False
P000378,Doors,Entrance,Armored Security Door,DoorTech,Armored,Steel,High,11333,Piece,Fixed,1.0,Apartment,False
P000379,Doors,Interior,Interior MDF Door,WoodCraft,Solid,MDF,Medium,5483,Piece,Per_Room,1.0,Bedroom,False
P000380,Doors,Balcony,Aluminum Balcony Door,WPC Brand,Sliding,Aluminum,Medium,5704,Piece,Per_Balcony,1.0,Balcony,False
P000381,Doors,Entrance,Armored Security Door,WPC Brand,Armored,Steel,High,10275,Piece,Fixed,1.0,Apartment,False
P000382,Doors,Entrance,Armored Security Door,DoorTech,Armored,Steel,High,10163,Piece,Fixed,1.0,Apartment,False
P000383,Doors,Entrance,Armored Security Door,WoodCraft,Armored,Steel,High,10439,Piece,Fixed,1.0,Apartment,False
P000384,Doors,Interior,Interior MDF Door,DoorTech,Solid,MDF,Medium,5604,Piece,Per_Room,1.0,Bedroom,False
P000385,Doors,Entrance,Armored Security Door,AluDoor,Armored,Steel,High,13358,Piece,Fixed,1.0,Apartment,False
P000386,Doors,Balcony,Aluminum Balcony Door,AluDoor,Sliding,Aluminum,Low,5033,Piece,Per_Balcony,1.0,Balcony,False
P000387,Doors,Balcony,Aluminum Balcony Door,AluDoor,Sliding,Aluminum,Medium,7295,Piece,Per_Balcony,1.0,Balcony,False
P000388,Doors,Interior,Interior MDF Door,WPC Brand,Solid,MDF,Low,5046,Piece,Per_Room,1.0,Bedroom,False
P000389,Doors,Balcony,Aluminum Balcony Door,DoorTech,Sliding,Aluminum,Medium,7121,Piece,Per_Balcony,1.0,Balcony,False
P000390,Doors,Interior,Interior MDF Door,DoorTech,Solid,MDF,Low,4375,Piece,Per_Room,1.0,Bedroom,False
P000391,Doors,Entrance,Armored Security Door,Security Doors,Armored,Steel,High,11749,Piece,Fixed,1.0,Apartment,False
P000392,Doors,Interior,Interior MDF Door,WoodCraft,Solid,MDF,Low,4855,Piece,Per_Room,1.0,Bedroom,False
P000393,Doors,Balcony,Aluminum Balcony Door,WPC Brand,Sliding,Aluminum,Medium,6820,Piece,Per_Balcony,1.0,Balcony,False
P000394,Doors,Balcony,Aluminum Balcony Door,WPC Brand,Sliding,Aluminum,Low,4632,Piece,Per_Balcony,1.0,Balcony,False
P000395,Doors,Entrance,Armored Security Door,AluDoor,Armored,Steel,High,10413,Piece,Fixed,1.0,Apartment,False
P000396,Doors,Balcony,Aluminum Balcony Door,DoorTech,Sliding,Aluminum,Low,5112,Piece,Per_Balcony,1.0,Balcony,False
P000397,Doors,Interior,Interior MDF Door,WPC Brand,Solid,MDF,Low,5034,Piece,Per_Room,1.0,Bedroom,False
P000398,Doors,Interior,Interior MDF Door,AluDoor,Solid,MDF,Medium,5604,Piece,Per_Room,1.0,Bedroom,False
P000399,Doors,Balcony,Aluminum Balcony Door,Security Doors,Sliding,Aluminum,Medium,6679,Piece,Per_Balcony,1.0,Balcony,False
P000400,Doors,Interior,Interior MDF Door,WPC Brand,Solid,MDF,Medium,5627,Piece,Per_Room,1.0,Bedroom,False
P000401,Doors,Entrance,Armored Security Door,Security Doors,Armored,Steel,High,12790,Piece,Fixed,1.0,Apartment,False
P000402,Doors,Balcony,Aluminum Balcony Door,AluDoor,Sliding,Aluminum,Medium,7171,Piece,Per_Balcony,1.0,Balcony,False
P000403,Doors,Entrance,Armored Security Door,Security Doors,Armored,Steel,High,13897,Piece,Fixed,1.0,Apartment,False
P000404,Doors,Entrance,Armored Security Door,Security Doors,Armored,Steel,High,10633,Piece,Fixed,1.0,Apartment,False
P000405,Doors,Balcony,Aluminum Balcony Door,Security Doors,Sliding,Aluminum,Medium,5833,Piece,Per_Balcony,1.0,Balcony,False
P000406,Doors,Balcony,Aluminum Balcony Door,WPC Brand,Sliding,Aluminum,Low,5060,Piece,Per_Balcony,1.0,Balcony,False
P000407,Doors,Interior,Interior MDF Door,AluDoor,Solid,MDF,Low,3320,Piece,Per_Room,1.0,Bedroom,False
P000408,Doors,Interior,Interior MDF Door,WPC Brand,Solid,MDF,Medium,5744,Piece,Per_Room,1.0,Bedroom,False
P000409,Doors,Balcony,Aluminum Balcony Door,Security Doors,Sliding,Aluminum,Medium,5721,Piece,Per_Balcony,1.0,Balcony,False
P000410,Doors,Interior,Interior MDF Door,DoorTech,Solid,MDF,Low,3201,Piece,Per_Room,1.0,Bedroom,False
P000411,Doors,Interior,Interior MDF Door,AluDoor,Solid,MDF,Low,3309,Piece,Per_Room,1.0,Bedroom,False
P000412,Doors,Balcony,Aluminum Balcony Door,DoorTech,Sliding,Aluminum,Low,4869,Piece,Per_Balcony,1.0,Balcony,False
P000413,Doors,Entrance,Armored Security Door,DoorTech,Armored,Steel,High,12546,Piece,Fixed,1.0,Apartment,False
P000414,Doors,Entrance,Armored Security Door,WoodCraft,Armored,Steel,High,10262,Piece,Fixed,1.0,Apartment,False
P000415,Doors,Entrance,Armored Security Door,WPC Brand,Armored,Steel,High,13440,Piece,Fixed,1.0,Apartment,False
P000416,Doors,Interior,Interior MDF Door,Security Doors,Solid,MDF,Low,5051,Piece,Per_Room,1.0,Bedroom,False
P000417,Doors,Entrance,Armored Security Door,Security Doors,Armored,Steel,High,11118,Piece,Fixed,1.0,Apartment,False
P000418,Doors,Balcony,Aluminum Balcony Door,Security Doors,Sliding,Aluminum,Medium,6719,Piece,Per_Balcony,1.0,Balcony,False
P000419,Doors,Interior,Interior MDF Door,DoorTech,Solid,MDF,Low,5086,Piece,Per_Room,1.0,Bedroom,False
P000420,Doors,Interior,Interior MDF Door,WPC Brand,Solid,MDF,Low,4480,Piece,Per_Room,1.0,Bedroom,False
P000421,Doors,Entrance,Armored Security Door,WoodCraft,Armored,Steel,High,11125,Piece,Fixed,1.0,Apartment,False
P000422,Doors,Interior,Interior MDF Door,Security Doors,Solid,MDF,Medium,5593,Piece,Per_Room,1.0,Bedroom,False
P000423,Doors,Interior,Interior MDF Door,AluDoor,Solid,MDF,Low,3827,Piece,Per_Room,1.0,Bedroom,False
P000424,Doors,Balcony,Aluminum Balcony Door,AluDoor,Sliding,Aluminum,Medium,5864,Piece,Per_Balcony,1.0,Balcony,False
P000425,Doors,Entrance,Armored Security Door,WoodCraft,Armored,Steel,High,12246,Piece,Fixed,1.0,Apartment,False
P000426,Doors,Balcony,Aluminum Balcony Door,WPC Brand,Sliding,Aluminum,Medium,5381,Piece,Per_Balcony,1.0,Balcony,False
P000427,Doors,Balcony,Aluminum Balcony Door,AluDoor,Sliding,Aluminum,Low,4527,Piece,Per_Balcony,1.0,Balcony,False
P000428,Doors,Interior,Interior MDF Door,DoorTech,Solid,MDF,Low,5177,Piece,Per_Room,1.0,Bedroom,False
P000429,Doors,Balcony,Aluminum Balcony Door,WoodCraft,Sliding,Aluminum,Medium,6493,Piece,Per_Balcony,1.0,Balcony,False
P000430,Doors,Balcony,Aluminum Balcony Door,Security Doors,Sliding,Aluminum,Medium,5553,Piece,Per_Balcony,1.0,Balcony,False
P000431,Doors,Balcony,Aluminum Balcony Door,WoodCraft,Sliding,Aluminum,Medium,6564,Piece,Per_Balcony,1.0,Balcony,False
P000432,Doors,Entrance,Armored Security Door,Security Doors,Armored,Steel,Medium,9639,Piece,Fixed,1.0,Apartment,False
P000433,Doors,Interior,Interior MDF Door,WoodCraft,Solid,MDF,Low,3290,Piece,Per_Room,1.0,Bedroom,False
P000434,Doors,Entrance,Armored Security Door,DoorTech,Armored,Steel,High,11736,Piece,Fixed,1.0,Apartment,False
P000435,Doors,Balcony,Aluminum Balcony Door,WoodCraft,Sliding,Aluminum,Medium,6541,Piece,Per_Balcony,1.0,Balcony,False
P000436,Doors,Balcony,Aluminum Balcony Door,Security Doors,Sliding,Aluminum,Low,5022,Piece,Per_Balcony,1.0,Balcony,False
P000437,Doors,Interior,Interior MDF Door,WPC Brand,Solid,MDF,Low,3305,Piece,Per_Room,1.0,Bedroom,False
P000438,Doors,Interior,Interior MDF Door,Security Doors,Solid,MDF,Low,3450,Piece,Per_Room,1.0,Bedroom,False
P000439,Doors,Entrance,Armored Security Door,DoorTech,Armored,Steel,High,12844,Piece,Fixed,1.0,Apartment,False
P000440,Doors,Balcony,Aluminum Balcony Door,DoorTech,Sliding,Aluminum,Medium,7219,Piece,Per_Balcony,1.0,Balcony,False
P000441,Doors,Entrance,Armored Security Door,WPC Brand,Armored,Steel,High,14376,Piece,Fixed,1.0,Apartment,False
P000442,Doors,Balcony,Aluminum Balcony Door,AluDoor,Sliding,Aluminum,Medium,6062,Piece,Per_Balcony,1.0,Balcony,False
P000443,Doors,Balcony,Aluminum Balcony Door,AluDoor,Sliding,Aluminum,Medium,6523,Piece,Per_Balcony,1.0,Balcony,False
P000444,Doors,Balcony,Aluminum Balcony Door,Security Doors,Sliding,Aluminum,Low,4672,Piece,Per_Balcony,1.0,Balcony,False
P000445,Doors,Entrance,Armored Security Door,DoorTech,Armored,Steel,High,13061,Piece,Fixed,1.0,Apartment,False
P000446,Doors,Entrance,Armored Security Door,Security Doors,Armored,Steel,High,13400,Piece,Fixed,1.0,Apartment,False
P000447,Doors,Balcony,Aluminum Balcony Door,Security Doors,Sliding,Aluminum,Medium,5357,Piece,Per_Balcony,1.0,Balcony,False
P000448,Doors,Interior,Interior MDF Door,DoorTech,Solid,MDF,Low,4656,Piece,Per_Room,1.0,Bedroom,False
P000449,Doors,Interior,Interior MDF Door,Security Doors,Solid,MDF,Low,3337,Piece,Per_Room,1.0,Bedroom,False
P000450,Doors,Entrance,Armored Security Door,WPC Brand,Armored,Steel,High,13590,Piece,Fixed,1.0,Apartment,False
P000451,Doors,Entrance,Armored Security Door,WoodCraft,Armored,Steel,High,11552,Piece,Fixed,1.0,Apartment,False
P000452,Doors,Entrance,Armored Security Door,DoorTech,Armored,Steel,High,13095,Piece,Fixed,1.0,Apartment,False
P000453,Doors,Balcony,Aluminum Balcony Door,Security Doors,Sliding,Aluminum,Low,4687,Piece,Per_Balcony,1.0,Balcony,False
P000454,Doors,Balcony,Aluminum Balcony Door,DoorTech,Sliding,Aluminum,Medium,5410,Piece,Per_Balcony,1.0,Balcony,False
P000455,Doors,Balcony,Aluminum Balcony Door,Security Doors,Sliding,Aluminum,Medium,6403,Piece,Per_Balcony,1.0,Balcony,False
P000456,Doors,Entrance,Armored Security Door,Security Doors,Armored,Steel,High,13812,Piece,Fixed,1.0,Apartment,False
P000457,Doors,Balcony,Aluminum Balcony Door,DoorTech,Sliding,Aluminum,Low,5157,Piece,Per_Balcony,1.0,Balcony,False
P000458,Doors,Balcony,Aluminum Balcony Door,AluDoor,Sliding,Aluminum,Medium,7043,Piece,Per_Balcony,1.0,Balcony,False
P000459,Doors,Interior,Interior MDF Door,AluDoor,Solid,MDF,Low,4550,Piece,Per_Room,1.0,Bedroom,False
P000460,Doors,Balcony,Aluminum Balcony Door,Security Doors,Sliding,Aluminum,Medium,6049,Piece,Per_Balcony,1.0,Balcony,False
P000461,Doors,Balcony,Aluminum Balcony Door,WoodCraft,Sliding,Aluminum,Medium,6228,Piece,Per_Balcony,1.0,Balcony,False
P000462,Doors,Interior,Interior MDF Door,DoorTech,Solid,MDF,Low,3238,Piece,Per_Room,1.0,Bedroom,False
P000463,Doors,Entrance,Armored Security Door,WPC Brand,Armored,Steel,High,14296,Piece,Fixed,1.0,Apartment,False
P000464,Doors,Interior,Interior MDF Door,WPC Brand,Solid,MDF,Low,4358,Piece,Per_Room,1.0,Bedroom,False
P000465,Doors,Interior,Interior MDF Door,AluDoor,Solid,MDF,Low,5302,Piece,Per_Room,1.0,Bedroom,False
P000466,Doors,Balcony,Aluminum Balcony Door,WPC Brand,Sliding,Aluminum,Medium,7141,Piece,Per_Balcony,1.0,Balcony,False
P000467,Doors,Entrance,Armored Security Door,AluDoor,Armored,Steel,High,14407,Piece,Fixed,1.0,Apartment,False
P000468,Doors,Balcony,Aluminum Balcony Door,DoorTech,Sliding,Aluminum,Medium,5586,Piece,Per_Balcony,1.0,Balcony,False
P000469,Doors,Entrance,Armored Security Door,AluDoor,Armored,Steel,High,13640,Piece,Fixed,1.0,Apartment,False
P000470,Doors,Balcony,Aluminum Balcony Door,Security Doors,Sliding,Aluminum,Medium,7078,Piece,Per_Balcony,1.0,Balcony,False
P000471,Doors,Entrance,Armored Security Door,WPC Brand,Armored,Steel,High,13471,Piece,Fixed,1.0,Apartment,False
P000472,Doors,Balcony,Aluminum Balcony Door,WoodCraft,Sliding,Aluminum,Medium,5711,Piece,Per_Balcony,1.0,Balcony,False
P000473,Doors,Entrance,Armored Security Door,AluDoor,Armored,Steel,High,13262,Piece,Fixed,1.0,Apartment,False
P000474,Doors,Balcony,Aluminum Balcony Door,DoorTech,Sliding,Aluminum,Low,4666,Piece,Per_Balcony,1.0,Balcony,False
P000475,Doors,Entrance,Armored Security Door,AluDoor,Armored,Steel,High,11831,Piece,Fixed,1.0,Apartment,False
P000476,Doors,Entrance,Armored Security Door,WPC Brand,Armored,Steel,High,12139,Piece,Fixed,1.0,Apartment,False
P000477,Doors,Interior,Interior MDF Door,Security Doors,Solid,MDF,Medium,5312,Piece,Per_Room,1.0,Bedroom,False
P000478,Doors,Entrance,Armored Security Door,WoodCraft,Armored,Steel,High,9816,Piece,Fixed,1.0,Apartment,False
P000479,Doors,Interior,Interior MDF Door,WPC Brand,Solid,MDF,Low,3389,Piece,Per_Room,1.0,Bedroom,False
P000480,Doors,Entrance,Armored Security Door,DoorTech,Armored,Steel,High,10536,Piece,Fixed,1.0,Apartment,False
P000481,Doors,Interior,Interior MDF Door,Security Doors,Solid,MDF,Low,4324,Piece,Per_Room,1.0,Bedroom,False
P000482,Doors,Balcony,Aluminum Balcony Door,AluDoor,Sliding,Aluminum,Medium,6531,Piece,Per_Balcony,1.0,Balcony,False
P000483,Doors,Entrance,Armored Security Door,WoodCraft,Armored,Steel,High,10061,Piece,Fixed,1.0,Apartment,False
P000484,Doors,Entrance,Armored Security Door,DoorTech,Armored,Steel,High,10024,Piece,Fixed,1.0,Apartment,False
P000485,Doors,Entrance,Armored Security Door,DoorTech,Armored,Steel,High,11258,Piece,Fixed,1.0,Apartment,False
P000486,Doors,Balcony,Aluminum Balcony Door,WoodCraft,Sliding,Aluminum,Medium,6083,Piece,Per_Balcony,1.0,Balcony,False
P000487,Doors,Interior,Interior MDF Door,Security Doors,Solid,MDF,Low,3817,Piece,Per_Room,1.0,Bedroom,False
P000488,Doors,Balcony,Aluminum Balcony Door,DoorTech,Sliding,Aluminum,Medium,5573,Piece,Per_Balcony,1.0,Balcony,False
P000489,Doors,Interior,Interior MDF Door,WoodCraft,Solid,MDF,Low,3824,Piece,Per_Room,1.0,Bedroom,False
P000490,Doors,Entrance,Armored Security Door,WoodCraft,Armored,Steel,High,12347,Piece,Fixed,1.0,Apartment,False
P000491,Doors,Entrance,Armored Security Door,AluDoor,Armored,Steel,High,13556,Piece,Fixed,1.0,Apartment,False
P000492,Doors,Interior,Interior MDF Door,DoorTech,Solid,MDF,Low,4389,Piece,Per_Room,1.0,Bedroom,False
P000493,Doors,Interior,Interior MDF Door,AluDoor,Solid,MDF,Low,5009,Piece,Per_Room,1.0,Bedroom,False
P000494,Doors,Balcony,Aluminum Balcony Door,WoodCraft,Sliding,Aluminum,Medium,5537,Piece,Per_Balcony,1.0,Balcony,False
P000495,Doors,Entrance,Armored Security Door,DoorTech,Armored,Steel,High,10687,Piece,Fixed,1.0,Apartment,False
P000496,Doors,Entrance,Armored Security Door,WPC Brand,Armored,Steel,High,11918,Piece,Fixed,1.0,Apartment,False
P000497,Doors,Balcony,Aluminum Balcony Door,WPC Brand,Sliding,Aluminum,Medium,6602,Piece,Per_Balcony,1.0,Balcony,False
P000498,Doors,Balcony,Aluminum Balcony Door,AluDoor,Sliding,Aluminum,Medium,6939,Piece,Per_Balcony,1.0,Balcony,False
P000499,Doors,Entrance,Armored Security Door,WoodCraft,Armored,Steel,High,12636,Piece,Fixed,1.0,Apartment,False
P000500,Doors,Entrance,Armored Security Door,WPC Brand,Armored,Steel,High,13655,Piece,Fixed,1.0,Apartment,False
P000501,Doors,Interior,Interior MDF Door,AluDoor,Solid,MDF,Low,4913,Piece,Per_Room,1.0,Bedroom,False
P000502,Doors,Entrance,Armored Security Door,Security Doors,Armored,Steel,High,10963,Piece,Fixed,1.0,Apartment,False
P000503,Doors,Interior,Interior MDF Door,AluDoor,Solid,MDF,Low,4328,Piece,Per_Room,1.0,Bedroom,False
P000504,Doors,Entrance,Armored Security Door,WPC Brand,Armored,Steel,High,13141,Piece,Fixed,1.0,Apartment,False
P000505,Doors,Balcony,Aluminum Balcony Door,WoodCraft,Sliding,Aluminum,Low,5283,Piece,Per_Balcony,1.0,Balcony,False
P000506,Doors,Entrance,Armored Security Door,Security Doors,Armored,Steel,High,11935,Piece,Fixed,1.0,Apartment,False
P000507,Doors,Interior,Interior MDF Door,WPC Brand,Solid,MDF,Medium,5487,Piece,Per_Room,1.0,Bedroom,False
P000508,Doors,Entrance,Armored Security Door,WPC Brand,Armored,Steel,High,13267,Piece,Fixed,1.0,Apartment,False
P000509,Doors,Entrance,Armored Security Door,Security Doors,Armored,Steel,High,11378,Piece,Fixed,1.0,Apartment,False
P000510,Doors,Interior,Interior MDF Door,WoodCraft,Solid,MDF,Low,4400,Piece,Per_Room,1.0,Bedroom,False
P000511,Doors,Entrance,Armored Security Door,AluDoor,Armored,Steel,High,9897,Piece,Fixed,1.0,Apartment,False
P000512,Doors,Interior,Interior MDF Door,Security Doors,Solid,MDF,Low,3535,Piece,Per_Room,1.0,Bedroom,False
P000513,Doors,Interior,Interior MDF Door,DoorTech,Solid,MDF,Low,4424,Piece,Per_Room,1.0,Bedroom,False
P000514,Doors,Entrance,Armored Security Door,AluDoor,Armored,Steel,High,13245,Piece,Fixed,1.0,Apartment,False
P000515,Doors,Interior,Interior MDF Door,AluDoor,Solid,MDF,Low,4999,Piece,Per_Room,1.0,Bedroom,False
P000516,Doors,Interior,Interior MDF Door,WPC Brand,Solid,MDF,Low,4545,Piece,Per_Room,1.0,Bedroom,False
P000517,Doors,Balcony,Aluminum Balcony Door,WPC Brand,Sliding,Aluminum,Low,4995,Piece,Per_Balcony,1.0,Balcony,False
P000518,Doors,Entrance,Armored Security Door,DoorTech,Armored,Steel,High,14273,Piece,Fixed,1.0,Apartment,False
P000519,Doors,Balcony,Aluminum Balcony Door,AluDoor,Sliding,Aluminum,Low,4893,Piece,Per_Balcony,1.0,Balcony,False
P000520,Doors,Entrance,Armored Security Door,WPC Brand,Armored,Steel,High,13355,Piece,Fixed,1.0,Apartment,False
P000521,Doors,Entrance,Armored Security Door,WPC Brand,Armored,Steel,High,10472,Piece,Fixed,1.0,Apartment,False
P000522,Doors,Balcony,Aluminum Balcony Door,AluDoor,Sliding,Aluminum,Medium,6986,Piece,Per_Balcony,1.0,Balcony,False
P000523,Doors,Balcony,Aluminum Balcony Door,Security Doors,Sliding,Aluminum,Medium,5649,Piece,Per_Balcony,1.0,Balcony,False
P000524,Doors,Interior,Interior MDF Door,Security Doors,Solid,MDF,Low,4304,Piece,Per_Room,1.0,Bedroom,False
P000525,Doors,Entrance,Armored Security Door,WPC Brand,Armored,Steel,High,9918,Piece,Fixed,1.0,Apartment,False
P000526,Doors,Balcony,Aluminum Balcony Door,Security Doors,Sliding,Aluminum,Low,4965,Piece,Per_Balcony,1.0,Balcony,False
P000527,Doors,Interior,Interior MDF Door,AluDoor,Solid,MDF,Low,4238,Piece,Per_Room,1.0,Bedroom,False
P000528,Doors,Entrance,Armored Security Door,WoodCraft,Armored,Steel,High,10336,Piece,Fixed,1.0,Apartment,False
P000529,Doors,Interior,Interior MDF Door,WPC Brand,Solid,MDF,Low,5020,Piece,Per_Room,1.0,Bedroom,False
P000530,Doors,Interior,Interior MDF Door,AluDoor,Solid,MDF,Low,4864,Piece,Per_Room,1.0,Bedroom,False
P000531,Doors,Interior,Interior MDF Door,WoodCraft,Solid,MDF,Low,4589,Piece,Per_Room,1.0,Bedroom,False
P000532,Doors,Interior,Interior MDF Door,WoodCraft,Solid,MDF,Low,4745,Piece,Per_Room,1.0,Bedroom,False
P000533,Doors,Entrance,Armored Security Door,WoodCraft,Armored,Steel,High,11857,Piece,Fixed,1.0,Apartment,False
P000534,Doors,Entrance,Armored Security Door,Security Doors,Armored,Steel,High,12586,Piece,Fixed,1.0,Apartment,False
P000535,Doors,Entrance,Armored Security Door,WoodCraft,Armored,Steel,High,10323,Piece,Fixed,1.0,Apartment,False
P000536,Doors,Entrance,Armored Security Door,AluDoor,Armored,Steel,High,12030,Piece,Fixed,1.0,Apartment,False
P000537,Doors,Entrance,Armored Security Door,WPC Brand,Armored,Steel,High,10893,Piece,Fixed,1.0,Apartment,False
P000538,Doors,Entrance,Armored Security Door,WoodCraft,Armored,Steel,High,10955,Piece,Fixed,1.0,Apartment,False
P000539,Doors,Entrance,Armored Security Door,WoodCraft,Armored,Steel,High,10821,Piece,Fixed,1.0,Apartment,False
P000540,Doors,Entrance,Armored Security Door,WPC Brand,Armored,Steel,High,13689,Piece,Fixed,1.0,Apartment,False
P000541,Doors,Interior,Interior MDF Door,DoorTech,Solid,MDF,Low,3967,Piece,Per_Room,1.0,Bedroom,False
P000542,Doors,Interior,Interior MDF Door,WoodCraft,Solid,MDF,Low,4454,Piece,Per_Room,1.0,Bedroom,False
P000543,Doors,Entrance,Armored Security Door,WoodCraft,Armored,Steel,High,12742,Piece,Fixed,1.0,Apartment,False
P000544,Doors,Entrance,Armored Security Door,WoodCraft,Armored,Steel,High,10987,Piece,Fixed,1.0,Apartment,False
P000545,Doors,Entrance,Armored Security Door,DoorTech,Armored,Steel,High,10082,Piece,Fixed,1.0,Apartment,False
P000546,Doors,Interior,Interior MDF Door,DoorTech,Solid,MDF,Low,3989,Piece,Per_Room,1.0,Bedroom,False
P000547,Doors,Interior,Interior MDF Door,Security Doors,Solid,MDF,Low,3650,Piece,Per_Room,1.0,Bedroom,False
P000548,Doors,Interior,Interior MDF Door,AluDoor,Solid,MDF,Low,4889,Piece,Per_Room,1.0,Bedroom,False
P000549,Doors,Interior,Interior MDF Door,DoorTech,Solid,MDF,Low,4591,Piece,Per_Room,1.0,Bedroom,False
P000550,Doors,Balcony,Aluminum Balcony Door,DoorTech,Sliding,Aluminum,Medium,6928,Piece,Per_Balcony,1.0,Balcony,False
P000551,Doors,Balcony,Aluminum Balcony Door,DoorTech,Sliding,Aluminum,Medium,6629,Piece,Per_Balcony,1.0,Balcony,False
P000552,Doors,Balcony,Aluminum Balcony Door,DoorTech,Sliding,Aluminum,Medium,6735,Piece,Per_Balcony,1.0,Balcony,False
P000553,Doors,Balcony,Aluminum Balcony Door,WPC Brand,Sliding,Aluminum,Medium,7220,Piece,Per_Balcony,1.0,Balcony,False
P000554,Doors,Interior,Interior MDF Door,DoorTech,Solid,MDF,Low,4699,Piece,Per_Room,1.0,Bedroom,False
P000555,Doors,Interior,Interior MDF Door,Security Doors,Solid,MDF,Low,3555,Piece,Per_Room,1.0,Bedroom,False
P000556,Doors,Interior,Interior MDF Door,WoodCraft,Solid,MDF,Medium,5629,Piece,Per_Room,1.0,Bedroom,False
P000557,Doors,Interior,Interior MDF Door,WPC Brand,Solid,MDF,Low,4399,Piece,Per_Room,1.0,Bedroom,False
P000558,Doors,Interior,Interior MDF Door,WoodCraft,Solid,MDF,Medium,5668,Piece,Per_Room,1.0,Bedroom,False
P000559,Doors,Balcony,Aluminum Balcony Door,WoodCraft,Sliding,Aluminum,Low,4703,Piece,Per_Balcony,1.0,Balcony,False
P000560,Doors,Balcony,Aluminum Balcony Door,Security Doors,Sliding,Aluminum,Medium,6641,Piece,Per_Balcony,1.0,Balcony,False
P000561,Doors,Entrance,Armored Security Door,DoorTech,Armored,Steel,High,9895,Piece,Fixed,1.0,Apartment,False
P000562,Doors,Interior,Interior MDF Door,Security Doors,Solid,MDF,Low,3619,Piece,Per_Room,1.0,Bedroom,False
P000563,Doors,Interior,Interior MDF Door,Security Doors,Solid,MDF,Low,3641,Piece,Per_Room,1.0,Bedroom,False
P000564,Doors,Entrance,Armored Security Door,DoorTech,Armored,Steel,High,10038,Piece,Fixed,1.0,Apartment,False
P000565,Doors,Entrance,Armored Security Door,AluDoor,Armored,Steel,High,13934,Piece,Fixed,1.0,Apartment,False
P000566,Doors,Entrance,Armored Security Door,WoodCraft,Armored,Steel,High,12175,Piece,Fixed,1.0,Apartment,False
P000567,Doors,Entrance,Armored Security Door,WoodCraft,Armored,Steel,High,12945,Piece,Fixed,1.0,Apartment,False
P000568,Doors,Entrance,Armored Security Door,WPC Brand,Armored,Steel,High,10121,Piece,Fixed,1.0,Apartment,False
P000569,Doors,Interior,Interior MDF Door,DoorTech,Solid,MDF,Low,4583,Piece,Per_Room,1.0,Bedroom,False
P000570,Doors,Interior,Interior MDF Door,WoodCraft,Solid,MDF,Medium,5514,Piece,Per_Room,1.0,Bedroom,False
P000571,Doors,Interior,Interior MDF Door,WPC Brand,Solid,MDF,Medium,5620,Piece,Per_Room,1.0,Bedroom,False
P000572,Doors,Interior,Interior MDF Door,AluDoor,Solid,MDF,Low,3919,Piece,Per_Room,1.0,Bedroom,False
P000573,Doors,Interior,Interior MDF Door,AluDoor,Solid,MDF,Low,4960,Piece,Per_Room,1.0,Bedroom,False
P000574,Doors,Interior,Interior MDF Door,AluDoor,Solid,MDF,Low,4719,Piece,Per_Room,1.0,Bedroom,False
P000575,Doors,Entrance,Armored Security Door,AluDoor,Armored,Steel,High,11672,Piece,Fixed,1.0,Apartment,False
P000576,Doors,Entrance,Armored Security Door,DoorTech,Armored,Steel,High,14118,Piece,Fixed,1.0,Apartment,False
P000577,Doors,Balcony,Aluminum Balcony Door,DoorTech,Sliding,Aluminum,Medium,6593,Piece,Per_Balcony,1.0,Balcony,False
P000578,Doors,Interior,Interior MDF Door,Security Doors,Solid,MDF,Low,4081,Piece,Per_Room,1.0,Bedroom,False
P000579,Doors,Entrance,Armored Security Door,AluDoor,Armored,Steel,High,12396,Piece,Fixed,1.0,Apartment,False
P000580,Doors,Balcony,Aluminum Balcony Door,AluDoor,Sliding,Aluminum,Medium,5495,Piece,Per_Balcony,1.0,Balcony,False
P000581,Doors,Balcony,Aluminum Balcony Door,WoodCraft,Sliding,Aluminum,Medium,5773,Piece,Per_Balcony,1.0,Balcony,False
P000582,Doors,Entrance,Armored Security Door,WoodCraft,Armored,Steel,High,13787,Piece,Fixed,1.0,Apartment,False
P000583,Doors,Interior,Interior MDF Door,WoodCraft,Solid,MDF,Low,4662,Piece,Per_Room,1.0,Bedroom,False
P000584,Doors,Balcony,Aluminum Balcony Door,WPC Brand,Sliding,Aluminum,Low,4514,Piece,Per_Balcony,1.0,Balcony,False
P000585,Doors,Interior,Interior MDF Door,WPC Brand,Solid,MDF,Low,4698,Piece,Per_Room,1.0,Bedroom,False
P000586,Doors,Balcony,Aluminum Balcony Door,Security Doors,Sliding,Aluminum,Low,4569,Piece,Per_Balcony,1.0,Balcony,False
P000587,Doors,Entrance,Armored Security Door,DoorTech,Armored,Steel,High,11053,Piece,Fixed,1.0,Apartment,False
P000588,Doors,Interior,Interior MDF Door,AluDoor,Solid,MDF,Low,3353,Piece,Per_Room,1.0,Bedroom,False
P000589,Doors,Entrance,Armored Security Door,DoorTech,Armored,Steel,High,12445,Piece,Fixed,1.0,Apartment,False
P000590,Doors,Entrance,Armored Security Door,WPC Brand,Armored,Steel,High,9857,Piece,Fixed,1.0,Apartment,False
P000591,Doors,Balcony,Aluminum Balcony Door,DoorTech,Sliding,Aluminum,Medium,6737,Piece,Per_Balcony,1.0,Balcony,False
P000592,Doors,Balcony,Aluminum Balcony Door,DoorTech,Sliding,Aluminum,Medium,6919,Piece,Per_Balcony,1.0,Balcony,False
P000593,Doors,Balcony,Aluminum Balcony Door,Security Doors,Sliding,Aluminum,Medium,6002,Piece,Per_Balcony,1.0,Balcony,False
P000594,Doors,Balcony,Aluminum Balcony Door,Security Doors,Sliding,Aluminum,Low,4599,Piece,Per_Balcony,1.0,Balcony,False
P000595,Doors,Entrance,Armored Security Door,WPC Brand,Armored,Steel,High,13169,Piece,Fixed,1.0,Apartment,False
P000596,Doors,Balcony,Aluminum Balcony Door,DoorTech,Sliding,Aluminum,Medium,6886,Piece,Per_Balcony,1.0,Balcony,False
P000597,Doors,Entrance,Armored Security Door,WPC Brand,Armored,Steel,High,14481,Piece,Fixed,1.0,Apartment,False
P000598,Doors,Balcony,Aluminum Balcony Door,Security Doors,Sliding,Aluminum,Medium,7243,Piece,Per_Balcony,1.0,Balcony,False
P000599,Doors,Balcony,Aluminum Balcony Door,DoorTech,Sliding,Aluminum,Medium,6584,Piece,Per_Balcony,1.0,Balcony,False
P000600,Doors,Interior,Interior MDF Door,AluDoor,Solid,MDF,Low,4170,Piece,Per_Room,1.0,Bedroom,False
P000601,Doors,Entrance,Armored Security Door,AluDoor,Armored,Steel,High,11639,Piece,Fixed,1.0,Apartment,False
P000602,Doors,Interior,Interior MDF Door,DoorTech,Solid,MDF,Low,3514,Piece,Per_Room,1.0,Bedroom,False
P000603,Doors,Entrance,Armored Security Door,DoorTech,Armored,Steel,High,13008,Piece,Fixed,1.0,Apartment,False
P000604,Doors,Interior,Interior MDF Door,WoodCraft,Solid,MDF,Low,3493,Piece,Per_Room,1.0,Bedroom,False
P000605,Doors,Entrance,Armored Security Door,WPC Brand,Armored,Steel,High,14257,Piece,Fixed,1.0,Apartment,False
P000606,Doors,Balcony,Aluminum Balcony Door,Security Doors,Sliding,Aluminum,Low,4641,Piece,Per_Balcony,1.0,Balcony,False
P000607,Doors,Balcony,Aluminum Balcony Door,WPC Brand,Sliding,Aluminum,Medium,7081,Piece,Per_Balcony,1.0,Balcony,False
P000608,Doors,Balcony,Aluminum Balcony Door,WPC Brand,Sliding,Aluminum,Medium,5938,Piece,Per_Balcony,1.0,Balcony,False
P000609,Doors,Interior,Interior MDF Door,WoodCraft,Solid,MDF,Medium,5406,Piece,Per_Room,1.0,Bedroom,False
P000610,Doors,Entrance,Armored Security Door,AluDoor,Armored,Steel,High,11307,Piece,Fixed,1.0,Apartment,False
P000611,Doors,Entrance,Armored Security Door,WoodCraft,Armored,Steel,High,10204,Piece,Fixed,1.0,Apartment,False
P000612,Doors,Interior,Interior MDF Door,WoodCraft,Solid,MDF,Low,5005,Piece,Per_Room,1.0,Bedroom,False
P000613,Doors,Interior,Interior MDF Door,WoodCraft,Solid,MDF,Medium,5637,Piece,Per_Room,1.0,Bedroom,False
P000614,Doors,Entrance,Armored Security Door,DoorTech,Armored,Steel,High,11906,Piece,Fixed,1.0,Apartment,False
P000615,Doors,Interior,Interior MDF Door,DoorTech,Solid,MDF,Low,4013,Piece,Per_Room,1.0,Bedroom,False
P000616,Doors,Interior,Interior MDF Door,WoodCraft,Solid,MDF,Medium,5309,Piece,Per_Room,1.0,Bedroom,False
P000617,Doors,Balcony,Aluminum Balcony Door,WoodCraft,Sliding,Aluminum,Medium,6828,Piece,Per_Balcony,1.0,Balcony,False
P000618,Doors,Balcony,Aluminum Balcony Door,WPC Brand,Sliding,Aluminum,Low,4734,Piece,Per_Balcony,1.0,Balcony,False
P000619,Doors,Entrance,Armored Security Door,WPC Brand,Armored,Steel,High,11470,Piece,Fixed,1.0,Apartment,False
P000620,Doors,Balcony,Aluminum Balcony Door,AluDoor,Sliding,Aluminum,Medium,6054,Piece,Per_Balcony,1.0,Balcony,False
P000621,Doors,Entrance,Armored Security Door,DoorTech,Armored,Steel,High,11987,Piece,Fixed,1.0,Apartment,False
P000622,Doors,Entrance,Armored Security Door,DoorTech,Armored,Steel,High,11701,Piece,Fixed,1.0,Apartment,False
P000623,Doors,Entrance,Armored Security Door,Security Doors,Armored,Steel,Medium,9502,Piece,Fixed,1.0,Apartment,False
P000624,Doors,Balcony,Aluminum Balcony Door,WPC Brand,Sliding,Aluminum,Low,4804,Piece,Per_Balcony,1.0,Balcony,False
P000625,Doors,Balcony,Aluminum Balcony Door,WPC Brand,Sliding,Aluminum,Medium,6622,Piece,Per_Balcony,1.0,Balcony,False
P000626,Doors,Entrance,Armored Security Door,DoorTech,Armored,Steel,High,13431,Piece,Fixed,1.0,Apartment,False
P000627,Doors,Entrance,Armored Security Door,DoorTech,Armored,Steel,Medium,9565,Piece,Fixed,1.0,Apartment,False
P000628,Doors,Entrance,Armored Security Door,Security Doors,Armored,Steel,High,13581,Piece,Fixed,1.0,Apartment,False
P000629,Doors,Interior,Interior MDF Door,Security Doors,Solid,MDF,Low,4232,Piece,Per_Room,1.0,Bedroom,False
P000630,Doors,Entrance,Armored Security Door,DoorTech,Armored,Steel,High,12225,Piece,Fixed,1.0,Apartment,False
P000631,Doors,Balcony,Aluminum Balcony Door,WoodCraft,Sliding,Aluminum,Medium,5971,Piece,Per_Balcony,1.0,Balcony,False
P000632,Doors,Interior,Interior MDF Door,WoodCraft,Solid,MDF,Low,4952,Piece,Per_Room,1.0,Bedroom,False
P000633,Doors,Balcony,Aluminum Balcony Door,Security Doors,Sliding,Aluminum,Medium,7389,Piece,Per_Balcony,1.0,Balcony,False
P000634,Doors,Interior,Interior MDF Door,AluDoor,Solid,MDF,Low,4132,Piece,Per_Room,1.0,Bedroom,False
P000635,Doors,Entrance,Armored Security Door,WoodCraft,Armored,Steel,High,11583,Piece,Fixed,1.0,Apartment,False
P000636,Doors,Balcony,Aluminum Balcony Door,Security Doors,Sliding,Aluminum,Medium,7304,Piece,Per_Balcony,1.0,Balcony,False
P000637,Doors,Entrance,Armored Security Door,AluDoor,Armored,Steel,High,11560,Piece,Fixed,1.0,Apartment,False
P000638,Doors,Entrance,Armored Security Door,DoorTech,Armored,Steel,High,11550,Piece,Fixed,1.0,Apartment,False
P000639,Doors,Balcony,Aluminum Balcony Door,WPC Brand,Sliding,Aluminum,Medium,6065,Piece,Per_Balcony,1.0,Balcony,False
P000640,Doors,Interior,Interior MDF Door,AluDoor,Solid,MDF,Low,5050,Piece,Per_Room,1.0,Bedroom,False
P000641,Doors,Interior,Interior MDF Door,WPC Brand,Solid,MDF,Low,3609,Piece,Per_Room,1.0,Bedroom,False
P000642,Doors,Interior,Interior MDF Door,Security Doors,Solid,MDF,Medium,5543,Piece,Per_Room,1.0,Bedroom,False
P000643,Doors,Interior,Interior MDF Door,WoodCraft,Solid,MDF,Low,3774,Piece,Per_Room,1.0,Bedroom,False
P000644,Doors,Interior,Interior MDF Door,DoorTech,Solid,MDF,Low,5013,Piece,Per_Room,1.0,Bedroom,False
P000645,Doors,Interior,Interior MDF Door,AluDoor,Solid,MDF,Low,3349,Piece,Per_Room,1.0,Bedroom,False
P000646,Doors,Entrance,Armored Security Door,Security Doors,Armored,Steel,High,13838,Piece,Fixed,1.0,Apartment,False
P000647,Doors,Interior,Interior MDF Door,WPC Brand,Solid,MDF,Low,3942,Piece,Per_Room,1.0,Bedroom,False
P000648,Doors,Entrance,Armored Security Door,DoorTech,Armored,Steel,High,9829,Piece,Fixed,1.0,Apartment,False
P000649,Doors,Balcony,Aluminum Balcony Door,Security Doors,Sliding,Aluminum,Medium,6973,Piece,Per_Balcony,1.0,Balcony,False
P000650,Doors,Entrance,Armored Security Door,WPC Brand,Armored,Steel,High,11267,Piece,Fixed,1.0,Apartment,False
P000651,Doors,Balcony,Aluminum Balcony Door,WPC Brand,Sliding,Aluminum,Medium,7002,Piece,Per_Balcony,1.0,Balcony,False
P000652,Doors,Interior,Interior MDF Door,WPC Brand,Solid,MDF,Low,3644,Piece,Per_Room,1.0,Bedroom,False
P000653,Doors,Balcony,Aluminum Balcony Door,AluDoor,Sliding,Aluminum,Low,4985,Piece,Per_Balcony,1.0,Balcony,False
P000654,Doors,Entrance,Armored Security Door,Security Doors,Armored,Steel,High,10906,Piece,Fixed,1.0,Apartment,False
P000655,Doors,Interior,Interior MDF Door,DoorTech,Solid,MDF,Low,3993,Piece,Per_Room,1.0,Bedroom,False
P000656,Doors,Balcony,Aluminum Balcony Door,Security Doors,Sliding,Aluminum,Medium,5365,Piece,Per_Balcony,1.0,Balcony,False
P000657,Doors,Balcony,Aluminum Balcony Door,DoorTech,Sliding,Aluminum,Low,5103,Piece,Per_Balcony,1.0,Balcony,False
P000658,Doors,Interior,Interior MDF Door,WPC Brand,Solid,MDF,Low,4929,Piece,Per_Room,1.0,Bedroom,False
P000659,Doors,Interior,Interior MDF Door,AluDoor,Solid,MDF,Medium,5481,Piece,Per_Room,1.0,Bedroom,False
P000660,Doors,Balcony,Aluminum Balcony Door,WoodCraft,Sliding,Aluminum,Medium,6660,Piece,Per_Balcony,1.0,Balcony,False
P000661,Doors,Entrance,Armored Security Door,DoorTech,Armored,Steel,High,10738,Piece,Fixed,1.0,Apartment,False
P000662,Doors,Balcony,Aluminum Balcony Door,DoorTech,Sliding,Aluminum,Medium,7110,Piece,Per_Balcony,1.0,Balcony,False
P000663,Doors,Interior,Interior MDF Door,WPC Brand,Solid,MDF,Low,3606,Piece,Per_Room,1.0,Bedroom,False
P000664,Doors,Balcony,Aluminum Balcony Door,DoorTech,Sliding,Aluminum,Medium,7349,Piece,Per_Balcony,1.0,Balcony,False
P000665,Doors,Entrance,Armored Security Door,WoodCraft,Armored,Steel,High,9960,Piece,Fixed,1.0,Apartment,False
P000666,Doors,Interior,Interior MDF Door,WPC Brand,Solid,MDF,Low,3294,Piece,Per_Room,1.0,Bedroom,False
P000667,Doors,Entrance,Armored Security Door,AluDoor,Armored,Steel,High,14181,Piece,Fixed,1.0,Apartment,False
P000668,Doors,Balcony,Aluminum Balcony Door,WoodCraft,Sliding,Aluminum,Medium,6861,Piece,Per_Balcony,1.0,Balcony,False
P000669,Doors,Balcony,Aluminum Balcony Door,WPC Brand,Sliding,Aluminum,Medium,6276,Piece,Per_Balcony,1.0,Balcony,False
P000670,Doors,Interior,Interior MDF Door,WPC Brand,Solid,MDF,Low,4602,Piece,Per_Room,1.0,Bedroom,False
P000671,Doors,Balcony,Aluminum Balcony Door,AluDoor,Sliding,Aluminum,Low,4668,Piece,Per_Balcony,1.0,Balcony,False
P000672,Doors,Interior,Interior MDF Door,AluDoor,Solid,MDF,Medium,5492,Piece,Per_Room,1.0,Bedroom,False
P000673,Doors,Interior,Interior MDF Door,Security Doors,Solid,MDF,Low,3914,Piece,Per_Room,1.0,Bedroom,False
P000674,Doors,Entrance,Armored Security Door,Security Doors,Armored,Steel,High,10576,Piece,Fixed,1.0,Apartment,False
P000675,Doors,Interior,Interior MDF Door,Security Doors,Solid,MDF,Low,5217,Piece,Per_Room,1.0,Bedroom,False
P000676,Doors,Entrance,Armored Security Door,WPC Brand,Armored,Steel,Medium,9558,Piece,Fixed,1.0,Apartment,False
P000677,Doors,Balcony,Aluminum Balcony Door,AluDoor,Sliding,Aluminum,Medium,6901,Piece,Per_Balcony,1.0,Balcony,False
P000678,Doors,Entrance,Armored Security Door,DoorTech,Armored,Steel,High,12449,Piece,Fixed,1.0,Apartment,False
P000679,Doors,Interior,Interior MDF Door,WPC Brand,Solid,MDF,Low,4591,Piece,Per_Room,1.0,Bedroom,False
P000680,Doors,Balcony,Aluminum Balcony Door,DoorTech,Sliding,Aluminum,Medium,7096,Piece,Per_Balcony,1.0,Balcony,False
P000681,Doors,Balcony,Aluminum Balcony Door,DoorTech,Sliding,Aluminum,Low,4508,Piece,Per_Balcony,1.0,Balcony,False
P000682,Doors,Interior,Interior MDF Door,Security Doors,Solid,MDF,Low,4455,Piece,Per_Room,1.0,Bedroom,False
P000683,Doors,Balcony,Aluminum Balcony Door,WoodCraft,Sliding,Aluminum,Medium,5555,Piece,Per_Balcony,1.0,Balcony,False
P000684,Doors,Entrance,Armored Security Door,AluDoor,Armored,Steel,High,10157,Piece,Fixed,1.0,Apartment,False
P000685,Doors,Interior,Interior MDF Door,AluDoor,Solid,MDF,Low,4201,Piece,Per_Room,1.0,Bedroom,False
P000686,Doors,Balcony,Aluminum Balcony Door,DoorTech,Sliding,Aluminum,Low,4705,Piece,Per_Balcony,1.0,Balcony,False
P000687,Doors,Entrance,Armored Security Door,WPC Brand,Armored,Steel,High,13427,Piece,Fixed,1.0,Apartment,False
P000688,Doors,Interior,Interior MDF Door,Security Doors,Solid,MDF,Low,3445,Piece,Per_Room,1.0,Bedroom,False
P000689,Doors,Entrance,Armored Security Door,DoorTech,Armored,Steel,High,11189,Piece,Fixed,1.0,Apartment,False
P000690,Doors,Balcony,Aluminum Balcony Door,DoorTech,Sliding,Aluminum,Medium,5765,Piece,Per_Balcony,1.0,Balcony,False
P000691,Doors,Entrance,Armored Security Door,AluDoor,Armored,Steel,High,10686,Piece,Fixed,1.0,Apartment,False
P000692,Doors,Interior,Interior MDF Door,WPC Brand,Solid,MDF,Low,4281,Piece,Per_Room,1.0,Bedroom,False
P000693,Doors,Interior,Interior MDF Door,WPC Brand,Solid,MDF,Low,4839,Piece,Per_Room,1.0,Bedroom,False
P000694,Doors,Balcony,Aluminum Balcony Door,DoorTech,Sliding,Aluminum,Medium,5517,Piece,Per_Balcony,1.0,Balcony,False
P000695,Doors,Balcony,Aluminum Balcony Door,DoorTech,Sliding,Aluminum,Medium,5356,Piece,Per_Balcony,1.0,Balcony,False
P000696,Doors,Entrance,Armored Security Door,Security Doors,Armored,Steel,High,10848,Piece,Fixed,1.0,Apartment,False
P000697,Doors,Interior,Interior MDF Door,AluDoor,Solid,MDF,Low,4400,Piece,Per_Room,1.0,Bedroom,False
P000698,Doors,Balcony,Aluminum Balcony Door,AluDoor,Sliding,Aluminum,Low,4506,Piece,Per_Balcony,1.0,Balcony,False
P000699,Doors,Entrance,Armored Security Door,Security Doors,Armored,Steel,High,13935,Piece,Fixed,1.0,Apartment,False
P000700,Doors,Balcony,Aluminum Balcony Door,WoodCraft,Sliding,Aluminum,Medium,5603,Piece,Per_Balcony,1.0,Balcony,False
P000701,Doors,Interior,Interior MDF Door,WPC Brand,Solid,MDF,Low,4038,Piece,Per_Room,1.0,Bedroom,False
P000702,Doors,Entrance,Armored Security Door,Security Doors,Armored,Steel,High,11889,Piece,Fixed,1.0,Apartment,False
P000703,Doors,Balcony,Aluminum Balcony Door,DoorTech,Sliding,Aluminum,Medium,5632,Piece,Per_Balcony,1.0,Balcony,False
P000704,Doors,Entrance,Armored Security Door,AluDoor,Armored,Steel,High,10411,Piece,Fixed,1.0,Apartment,False
P000705,Doors,Interior,Interior MDF Door,Security Doors,Solid,MDF,Low,5265,Piece,Per_Room,1.0,Bedroom,False
P000706,Doors,Balcony,Aluminum Balcony Door,WPC Brand,Sliding,Aluminum,Medium,5929,Piece,Per_Balcony,1.0,Balcony,False
P000707,Doors,Interior,Interior MDF Door,WPC Brand,Solid,MDF,Medium,5407,Piece,Per_Room,1.0,Bedroom,False
P000708,Doors,Interior,Interior MDF Door,WoodCraft,Solid,MDF,Low,4961,Piece,Per_Room,1.0,Bedroom,False
P000709,Doors,Interior,Interior MDF Door,WoodCraft,Solid,MDF,Low,3328,Piece,Per_Room,1.0,Bedroom,False
P000710,Doors,Balcony,Aluminum Balcony Door,WPC Brand,Sliding,Aluminum,Medium,6859,Piece,Per_Balcony,1.0,Balcony,False
P000711,Doors,Balcony,Aluminum Balcony Door,AluDoor,Sliding,Aluminum,Low,4504,Piece,Per_Balcony,1.0,Balcony,False
P000712,Doors,Interior,Interior MDF Door,DoorTech,Solid,MDF,Low,4075,Piece,Per_Room,1.0,Bedroom,False
P000713,Doors,Entrance,Armored Security Door,AluDoor,Armored,Steel,High,9939,Piece,Fixed,1.0,Apartment,False
P000714,Doors,Interior,Interior MDF Door,AluDoor,Solid,MDF,Medium,5507,Piece,Per_Room,1.0,Bedroom,False
P000715,Doors,Interior,Interior MDF Door,WoodCraft,Solid,MDF,Low,5004,Piece,Per_Room,1.0,Bedroom,False
P000716,Doors,Interior,Interior MDF Door,WoodCraft,Solid,MDF,Low,3712,Piece,Per_Room,1.0,Bedroom,False
P000717,Doors,Entrance,Armored Security Door,WPC Brand,Armored,Steel,High,14464,Piece,Fixed,1.0,Apartment,False
P000718,Doors,Entrance,Armored Security Door,DoorTech,Armored,Steel,Medium,9681,Piece,Fixed,1.0,Apartment,False
P000719,Doors,Balcony,Aluminum Balcony Door,WPC Brand,Sliding,Aluminum,Low,4959,Piece,Per_Balcony,1.0,Balcony,False
P000720,Doors,Entrance,Armored Security Door,WoodCraft,Armored,Steel,High,11115,Piece,Fixed,1.0,Apartment,False
P000721,Doors,Interior,Interior MDF Door,WPC Brand,Solid,MDF,Low,4682,Piece,Per_Room,1.0,Bedroom,False
P000722,Doors,Balcony,Aluminum Balcony Door,WoodCraft,Sliding,Aluminum,Low,4714,Piece,Per_Balcony,1.0,Balcony,False
P000723,Doors,Entrance,Armored Security Door,WoodCraft,Armored,Steel,High,10878,Piece,Fixed,1.0,Apartment,False
P000724,Doors,Balcony,Aluminum Balcony Door,AluDoor,Sliding,Aluminum,Medium,6782,Piece,Per_Balcony,1.0,Balcony,False
P000725,Doors,Balcony,Aluminum Balcony Door,Security Doors,Sliding,Aluminum,Medium,5371,Piece,Per_Balcony,1.0,Balcony,False
P000726,Doors,Entrance,Armored Security Door,WoodCraft,Armored,Steel,High,12900,Piece,Fixed,1.0,Apartment,False
P000727,Doors,Interior,Interior MDF Door,AluDoor,Solid,MDF,Low,4115,Piece,Per_Room,1.0,Bedroom,False
P000728,Doors,Interior,Interior MDF Door,Security Doors,Solid,MDF,Low,5019,Piece,Per_Room,1.0,Bedroom,False
P000729,Doors,Balcony,Aluminum Balcony Door,WPC Brand,Sliding,Aluminum,Medium,6925,Piece,Per_Balcony,1.0,Balcony,False
P000730,Doors,Balcony,Aluminum Balcony Door,WPC Brand,Sliding,Aluminum,Medium,6543,Piece,Per_Balcony,1.0,Balcony,False
P000731,Doors,Balcony,Aluminum Balcony Door,DoorTech,Sliding,Aluminum,Medium,6676,Piece,Per_Balcony,1.0,Balcony,False
P000732,Doors,Entrance,Armored Security Door,Security Doors,Armored,Steel,High,13086,Piece,Fixed,1.0,Apartment,False
P000733,Doors,Entrance,Armored Security Door,Security Doors,Armored,Steel,High,12564,Piece,Fixed,1.0,Apartment,False
P000734,Doors,Interior,Interior MDF Door,Security Doors,Solid,MDF,Low,3749,Piece,Per_Room,1.0,Bedroom,False
P000735,Doors,Interior,Interior MDF Door,WoodCraft,Solid,MDF,Low,4261,Piece,Per_Room,1.0,Bedroom,False
P000736,Doors,Entrance,Armored Security Door,AluDoor,Armored,Steel,High,10899,Piece,Fixed,1.0,Apartment,False
P000737,Doors,Interior,Interior MDF Door,WPC Brand,Solid,MDF,Low,3990,Piece,Per_Room,1.0,Bedroom,False
P000738,Doors,Balcony,Aluminum Balcony Door,WoodCraft,Sliding,Aluminum,Medium,5431,Piece,Per_Balcony,1.0,Balcony,False
P000739,Doors,Interior,Interior MDF Door,WPC Brand,Solid,MDF,Medium,5481,Piece,Per_Room,1.0,Bedroom,False
P000740,Doors,Entrance,Armored Security Door,DoorTech,Armored,Steel,High,10876,Piece,Fixed,1.0,Apartment,False
P000741,Doors,Balcony,Aluminum Balcony Door,DoorTech,Sliding,Aluminum,Low,5120,Piece,Per_Balcony,1.0,Balcony,False
P000742,Doors,Interior,Interior MDF Door,AluDoor,Solid,MDF,Low,5183,Piece,Per_Room,1.0,Bedroom,False
P000743,Doors,Balcony,Aluminum Balcony Door,Security Doors,Sliding,Aluminum,Low,4806,Piece,Per_Balcony,1.0,Balcony,False
P000744,Doors,Balcony,Aluminum Balcony Door,WoodCraft,Sliding,Aluminum,Medium,6583,Piece,Per_Balcony,1.0,Balcony,False
P000745,Doors,Interior,Interior MDF Door,WoodCraft,Solid,MDF,Low,3905,Piece,Per_Room,1.0,Bedroom,False
P000746,Doors,Entrance,Armored Security Door,Security Doors,Armored,Steel,High,12205,Piece,Fixed,1.0,Apartment,False
P000747,Doors,Interior,Interior MDF Door,WoodCraft,Solid,MDF,Low,3848,Piece,Per_Room,1.0,Bedroom,False
P000748,Doors,Interior,Interior MDF Door,WPC Brand,Solid,MDF,Low,4329,Piece,Per_Room,1.0,Bedroom,False
P000749,Doors,Balcony,Aluminum Balcony Door,WPC Brand,Sliding,Aluminum,Medium,7417,Piece,Per_Balcony,1.0,Balcony,False
P000750,Doors,Interior,Interior MDF Door,WoodCraft,Solid,MDF,Low,4451,Piece,Per_Room,1.0,Bedroom,False
P000751,Doors,Balcony,Aluminum Balcony Door,Security Doors,Sliding,Aluminum,Medium,6632,Piece,Per_Balcony,1.0,Balcony,False
P000752,Doors,Interior,Interior MDF Door,WoodCraft,Solid,MDF,Low,4501,Piece,Per_Room,1.0,Bedroom,False
P000753,Doors,Balcony,Aluminum Balcony Door,Security Doors,Sliding,Aluminum,Low,4981,Piece,Per_Balcony,1.0,Balcony,False
P000754,Doors,Interior,Interior MDF Door,AluDoor,Solid,MDF,Low,5264,Piece,Per_Room,1.0,Bedroom,False
P000755,Doors,Interior,Interior MDF Door,WoodCraft,Solid,MDF,Low,4370,Piece,Per_Room,1.0,Bedroom,False
P000756,Doors,Entrance,Armored Security Door,AluDoor,Armored,Steel,High,11416,Piece,Fixed,1.0,Apartment,False
P000757,Doors,Entrance,Armored Security Door,WoodCraft,Armored,Steel,High,14281,Piece,Fixed,1.0,Apartment,False
P000758,Doors,Entrance,Armored Security Door,AluDoor,Armored,Steel,High,10214,Piece,Fixed,1.0,Apartment,False
P000759,Doors,Entrance,Armored Security Door,DoorTech,Armored,Steel,High,10408,Piece,Fixed,1.0,Apartment,False
P000760,Doors,Entrance,Armored Security Door,DoorTech,Armored,Steel,High,10809,Piece,Fixed,1.0,Apartment,False
P000761,Doors,Balcony,Aluminum Balcony Door,DoorTech,Sliding,Aluminum,Medium,6983,Piece,Per_Balcony,1.0,Balcony,False
P000762,Doors,Balcony,Aluminum Balcony Door,WoodCraft,Sliding,Aluminum,Medium,7333,Piece,Per_Balcony,1.0,Balcony,False
P000763,Doors,Entrance,Armored Security Door,AluDoor,Armored,Steel,High,11066,Piece,Fixed,1.0,Apartment,False
P000764,Doors,Entrance,Armored Security Door,WPC Brand,Armored,Steel,High,14009,Piece,Fixed,1.0,Apartment,False
P000765,Doors,Balcony,Aluminum Balcony Door,DoorTech,Sliding,Aluminum,Medium,5641,Piece,Per_Balcony,1.0,Balcony,False
P000766,Doors,Interior,Interior MDF Door,DoorTech,Solid,MDF,Medium,5339,Piece,Per_Room,1.0,Bedroom,False
P000767,Doors,Entrance,Armored Security Door,WoodCraft,Armored,Steel,High,13182,Piece,Fixed,1.0,Apartment,False
P000768,Doors,Interior,Interior MDF Door,WoodCraft,Solid,MDF,Low,4489,Piece,Per_Room,1.0,Bedroom,False
P000769,Doors,Balcony,Aluminum Balcony Door,WPC Brand,Sliding,Aluminum,Medium,5514,Piece,Per_Balcony,1.0,Balcony,False
P000770,Doors,Entrance,Armored Security Door,AluDoor,Armored,Steel,High,11339,Piece,Fixed,1.0,Apartment,False
P000771,Doors,Entrance,Armored Security Door,Security Doors,Armored,Steel,High,12658,Piece,Fixed,1.0,Apartment,False
P000772,Doors,Entrance,Armored Security Door,DoorTech,Armored,Steel,High,10749,Piece,Fixed,1.0,Apartment,False
P000773,Doors,Entrance,Armored Security Door,DoorTech,Armored,Steel,High,13696,Piece,Fixed,1.0,Apartment,False
P000774,Doors,Interior,Interior MDF Door,AluDoor,Solid,MDF,Low,3342,Piece,Per_Room,1.0,Bedroom,False
P000775,Doors,Entrance,Armored Security Door,WoodCraft,Armored,Steel,High,13393,Piece,Fixed,1.0,Apartment,False
P000776,Doors,Balcony,Aluminum Balcony Door,Security Doors,Sliding,Aluminum,Medium,7405,Piece,Per_Balcony,1.0,Balcony,False
P000777,Doors,Balcony,Aluminum Balcony Door,DoorTech,Sliding,Aluminum,Medium,6991,Piece,Per_Balcony,1.0,Balcony,False
P000778,Doors,Balcony,Aluminum Balcony Door,Security Doors,Sliding,Aluminum,Medium,5622,Piece,Per_Balcony,1.0,Balcony,False
P000779,Doors,Entrance,Armored Security Door,WoodCraft,Armored,Steel,High,12245,Piece,Fixed,1.0,Apartment,False
P000780,Doors,Balcony,Aluminum Balcony Door,DoorTech,Sliding,Aluminum,Medium,5502,Piece,Per_Balcony,1.0,Balcony,False
P000781,Doors,Balcony,Aluminum Balcony Door,WoodCraft,Sliding,Aluminum,Medium,6520,Piece,Per_Balcony,1.0,Balcony,False
P000782,Doors,Entrance,Armored Security Door,DoorTech,Armored,Steel,High,10710,Piece,Fixed,1.0,Apartment,False
P000783,Doors,Interior,Interior MDF Door,DoorTech,Solid,MDF,Low,3850,Piece,Per_Room,1.0,Bedroom,False
P000784,Doors,Interior,Interior MDF Door,AluDoor,Solid,MDF,Low,4024,Piece,Per_Room,1.0,Bedroom,False
P000785,Doors,Entrance,Armored Security Door,AluDoor,Armored,Steel,High,14472,Piece,Fixed,1.0,Apartment,False
P000786,Doors,Balcony,Aluminum Balcony Door,DoorTech,Sliding,Aluminum,Medium,5350,Piece,Per_Balcony,1.0,Balcony,False
P000787,Doors,Entrance,Armored Security Door,WoodCraft,Armored,Steel,High,11727,Piece,Fixed,1.0,Apartment,False
P000788,Doors,Entrance,Armored Security Door,DoorTech,Armored,Steel,Medium,9725,Piece,Fixed,1.0,Apartment,False
P000789,Doors,Entrance,Armored Security Door,WoodCraft,Armored,Steel,High,10341,Piece,Fixed,1.0,Apartment,False
P000790,Doors,Entrance,Armored Security Door,DoorTech,Armored,Steel,High,13819,Piece,Fixed,1.0,Apartment,False
P000791,Doors,Interior,Interior MDF Door,WoodCraft,Solid,MDF,Low,3263,Piece,Per_Room,1.0,Bedroom,False
P000792,Doors,Entrance,Armored Security Door,WPC Brand,Armored,Steel,High,11142,Piece,Fixed,1.0,Apartment,False
P000793,Doors,Entrance,Armored Security Door,WoodCraft,Armored,Steel,High,11483,Piece,Fixed,1.0,Apartment,False
P000794,Doors,Entrance,Armored Security Door,DoorTech,Armored,Steel,High,10989,Piece,Fixed,1.0,Apartment,False
P000795,Doors,Interior,Interior MDF Door,WoodCraft,Solid,MDF,Low,5040,Piece,Per_Room,1.0,Bedroom,False
P000796,Doors,Entrance,Armored Security Door,WPC Brand,Armored,Steel,High,10648,Piece,Fixed,1.0,Apartment,False
P000797,Doors,Balcony,Aluminum Balcony Door,DoorTech,Sliding,Aluminum,Medium,6444,Piece,Per_Balcony,1.0,Balcony,False
P000798,Doors,Balcony,Aluminum Balcony Door,WPC Brand,Sliding,Aluminum,Medium,5715,Piece,Per_Balcony,1.0,Balcony,False
P000799,Doors,Balcony,Aluminum Balcony Door,AluDoor,Sliding,Aluminum,Medium,6167,Piece,Per_Balcony,1.0,Balcony,False
P000800,Doors,Balcony,Aluminum Balcony Door,Security Doors,Sliding,Aluminum,Medium,6022,Piece,Per_Balcony,1.0,Balcony,False
P000801,Doors,Entrance,Armored Security Door,AluDoor,Armored,Steel,High,11048,Piece,Fixed,1.0,Apartment,False
P000802,Doors,Interior,Interior MDF Door,WoodCraft,Solid,MDF,Medium,5743,Piece,Per_Room,1.0,Bedroom,False
P000803,Doors,Balcony,Aluminum Balcony Door,Security Doors,Sliding,Aluminum,Medium,5627,Piece,Per_Balcony,1.0,Balcony,False
P000804,Doors,Interior,Interior MDF Door,DoorTech,Solid,MDF,Low,3354,Piece,Per_Room,1.0,Bedroom,False
P000805,Doors,Entrance,Armored Security Door,Security Doors,Armored,Steel,High,13866,Piece,Fixed,1.0,Apartment,False
P000806,Doors,Interior,Interior MDF Door,DoorTech,Solid,MDF,Low,3742,Piece,Per_Room,1.0,Bedroom,False
P000807,Doors,Interior,Interior MDF Door,AluDoor,Solid,MDF,Low,3402,Piece,Per_Room,1.0,Bedroom,False
P000808,Doors,Balcony,Aluminum Balcony Door,WoodCraft,Sliding,Aluminum,Low,4623,Piece,Per_Balcony,1.0,Balcony,False
P000809,Doors,Entrance,Armored Security Door,Security Doors,Armored,Steel,High,14098,Piece,Fixed,1.0,Apartment,False
P000810,Doors,Entrance,Armored Security Door,AluDoor,Armored,Steel,High,10565,Piece,Fixed,1.0,Apartment,False
P000811,Doors,Entrance,Armored Security Door,WoodCraft,Armored,Steel,High,10069,Piece,Fixed,1.0,Apartment,False
P000812,Doors,Interior,Interior MDF Door,AluDoor,Solid,MDF,Low,4457,Piece,Per_Room,1.0,Bedroom,False
P000813,Doors,Entrance,Armored Security Door,WoodCraft,Armored,Steel,High,13792,Piece,Fixed,1.0,Apartment,False
P000814,Doors,Entrance,Armored Security Door,WPC Brand,Armored,Steel,High,13333,Piece,Fixed,1.0,Apartment,False
P000815,Doors,Balcony,Aluminum Balcony Door,WoodCraft,Sliding,Aluminum,Medium,6132,Piece,Per_Balcony,1.0,Balcony,False
P000816,Doors,Balcony,Aluminum Balcony Door,WPC Brand,Sliding,Aluminum,Low,5162,Piece,Per_Balcony,1.0,Balcony,False
P000817,Doors,Balcony,Aluminum Balcony Door,AluDoor,Sliding,Aluminum,Medium,6625,Piece,Per_Balcony,1.0,Balcony,False
P000818,Doors,Entrance,Armored Security Door,Security Doors,Armored,Steel,High,12815,Piece,Fixed,1.0,Apartment,False
P000819,Doors,Interior,Interior MDF Door,WoodCraft,Solid,MDF,Medium,5444,Piece,Per_Room,1.0,Bedroom,False
P000820,Doors,Entrance,Armored Security Door,WPC Brand,Armored,Steel,High,13346,Piece,Fixed,1.0,Apartment,False
P000821,Doors,Balcony,Aluminum Balcony Door,AluDoor,Sliding,Aluminum,Low,5150,Piece,Per_Balcony,1.0,Balcony,False
P000822,Doors,Entrance,Armored Security Door,WoodCraft,Armored,Steel,High,12955,Piece,Fixed,1.0,Apartment,False
P000823,Doors,Balcony,Aluminum Balcony Door,WoodCraft,Sliding,Aluminum,Medium,7135,Piece,Per_Balcony,1.0,Balcony,False
P000824,Doors,Balcony,Aluminum Balcony Door,WPC Brand,Sliding,Aluminum,Medium,6360,Piece,Per_Balcony,1.0,Balcony,False
P000825,Doors,Balcony,Aluminum Balcony Door,DoorTech,Sliding,Aluminum,Medium,6917,Piece,Per_Balcony,1.0,Balcony,False
P000826,Doors,Entrance,Armored Security Door,AluDoor,Armored,Steel,High,13178,Piece,Fixed,1.0,Apartment,False
P000827,Doors,Entrance,Armored Security Door,WPC Brand,Armored,Steel,High,9943,Piece,Fixed,1.0,Apartment,False
P000828,Doors,Balcony,Aluminum Balcony Door,WPC Brand,Sliding,Aluminum,Medium,5563,Piece,Per_Balcony,1.0,Balcony,False
P000829,Doors,Interior,Interior MDF Door,Security Doors,Solid,MDF,Low,3687,Piece,Per_Room,1.0,Bedroom,False
P000830,Doors,Entrance,Armored Security Door,Security Doors,Armored,Steel,High,14417,Piece,Fixed,1.0,Apartment,False
P000831,Doors,Entrance,Armored Security Door,AluDoor,Armored,Steel,High,10654,Piece,Fixed,1.0,Apartment,False
P000832,Doors,Balcony,Aluminum Balcony Door,WPC Brand,Sliding,Aluminum,Low,4950,Piece,Per_Balcony,1.0,Balcony,False
P000833,Doors,Entrance,Armored Security Door,Security Doors,Armored,Steel,High,13893,Piece,Fixed,1.0,Apartment,False
P000834,Doors,Entrance,Armored Security Door,WoodCraft,Armored,Steel,High,12734,Piece,Fixed,1.0,Apartment,False
P000835,Doors,Interior,Interior MDF Door,DoorTech,Solid,MDF,Medium,5508,Piece,Per_Room,1.0,Bedroom,False
P000836,Doors,Interior,Interior MDF Door,AluDoor,Solid,MDF,Low,4103,Piece,Per_Room,1.0,Bedroom,False
P000837,Doors,Interior,Interior MDF Door,WPC Brand,Solid,MDF,Medium,5425,Piece,Per_Room,1.0,Bedroom,False
P000838,Doors,Entrance,Armored Security Door,Security Doors,Armored,Steel,High,12913,Piece,Fixed,1.0,Apartment,False
P000839,Doors,Entrance,Armored Security Door,DoorTech,Armored,Steel,Medium,9657,Piece,Fixed,1.0,Apartment,False
P000840,Doors,Interior,Interior MDF Door,DoorTech,Solid,MDF,Low,3462,Piece,Per_Room,1.0,Bedroom,False
P000841,Doors,Entrance,Armored Security Door,WoodCraft,Armored,Steel,High,14204,Piece,Fixed,1.0,Apartment,False
P000842,Doors,Balcony,Aluminum Balcony Door,DoorTech,Sliding,Aluminum,Medium,6306,Piece,Per_Balcony,1.0,Balcony,False
P000843,Doors,Entrance,Armored Security Door,Security Doors,Armored,Steel,High,13861,Piece,Fixed,1.0,Apartment,False
P000844,Doors,Balcony,Aluminum Balcony Door,AluDoor,Sliding,Aluminum,Medium,6849,Piece,Per_Balcony,1.0,Balcony,False
P000845,Doors,Entrance,Armored Security Door,Security Doors,Armored,Steel,High,12959,Piece,Fixed,1.0,Apartment,False
P000846,Doors,Entrance,Armored Security Door,AluDoor,Armored,Steel,High,13249,Piece,Fixed,1.0,Apartment,False
P000847,Doors,Interior,Interior MDF Door,AluDoor,Solid,MDF,Low,4187,Piece,Per_Room,1.0,Bedroom,False
P000848,Doors,Balcony,Aluminum Balcony Door,AluDoor,Sliding,Aluminum,Medium,6559,Piece,Per_Balcony,1.0,Balcony,False
P000849,Doors,Interior,Interior MDF Door,DoorTech,Solid,MDF,Medium,5456,Piece,Per_Room,1.0,Bedroom,False
P000850,Doors,Interior,Interior MDF Door,WoodCraft,Solid,MDF,Low,4259,Piece,Per_Room,1.0,Bedroom,False
P000851,Doors,Balcony,Aluminum Balcony Door,WoodCraft,Sliding,Aluminum,Low,4761,Piece,Per_Balcony,1.0,Balcony,False
P000852,Doors,Balcony,Aluminum Balcony Door,Security Doors,Sliding,Aluminum,Medium,7400,Piece,Per_Balcony,1.0,Balcony,False
P000853,Doors,Interior,Interior MDF Door,Security Doors,Solid,MDF,Low,3223,Piece,Per_Room,1.0,Bedroom,False
P000854,Doors,Interior,Interior MDF Door,WoodCraft,Solid,MDF,Low,3643,Piece,Per_Room,1.0,Bedroom,False
P000855,Doors,Entrance,Armored Security Door,WoodCraft,Armored,Steel,High,13295,Piece,Fixed,1.0,Apartment,False
P000856,Doors,Entrance,Armored Security Door,Security Doors,Armored,Steel,High,11065,Piece,Fixed,1.0,Apartment,False
P000857,Doors,Interior,Interior MDF Door,Security Doors,Solid,MDF,Low,4240,Piece,Per_Room,1.0,Bedroom,False
P000858,Doors,Balcony,Aluminum Balcony Door,WoodCraft,Sliding,Aluminum,Medium,6479,Piece,Per_Balcony,1.0,Balcony,False
P000859,Doors,Entrance,Armored Security Door,DoorTech,Armored,Steel,High,10463,Piece,Fixed,1.0,Apartment,False
P000860,Doors,Balcony,Aluminum Balcony Door,WoodCraft,Sliding,Aluminum,Low,4658,Piece,Per_Balcony,1.0,Balcony,False
P000861,Doors,Entrance,Armored Security Door,WPC Brand,Armored,Steel,High,12315,Piece,Fixed,1.0,Apartment,False
P000862,Doors,Interior,Interior MDF Door,Security Doors,Solid,MDF,Low,4495,Piece,Per_Room,1.0,Bedroom,False
P000863,Doors,Balcony,Aluminum Balcony Door,WoodCraft,Sliding,Aluminum,Medium,6733,Piece,Per_Balcony,1.0,Balcony,False
P000864,Doors,Interior,Interior MDF Door,DoorTech,Solid,MDF,Low,4744,Piece,Per_Room,1.0,Bedroom,False
P000865,Doors,Interior,Interior MDF Door,DoorTech,Solid,MDF,Medium,5765,Piece,Per_Room,1.0,Bedroom,False
P000866,Doors,Entrance,Armored Security Door,DoorTech,Armored,Steel,High,10794,Piece,Fixed,1.0,Apartment,False
P000867,Doors,Balcony,Aluminum Balcony Door,DoorTech,Sliding,Aluminum,Medium,7209,Piece,Per_Balcony,1.0,Balcony,False
P000868,Doors,Interior,Interior MDF Door,WPC Brand,Solid,MDF,Low,4588,Piece,Per_Room,1.0,Bedroom,False
P000869,Doors,Entrance,Armored Security Door,WoodCraft,Armored,Steel,High,12768,Piece,Fixed,1.0,Apartment,False
P000870,Doors,Interior,Interior MDF Door,WoodCraft,Solid,MDF,Low,5156,Piece,Per_Room,1.0,Bedroom,False
P000871,Doors,Balcony,Aluminum Balcony Door,WoodCraft,Sliding,Aluminum,Low,5077,Piece,Per_Balcony,1.0,Balcony,False
P000872,Doors,Interior,Interior MDF Door,AluDoor,Solid,MDF,Low,3741,Piece,Per_Room,1.0,Bedroom,False
P000873,Doors,Balcony,Aluminum Balcony Door,Security Doors,Sliding,Aluminum,Medium,5571,Piece,Per_Balcony,1.0,Balcony,False
P000874,Doors,Entrance,Armored Security Door,WoodCraft,Armored,Steel,High,11710,Piece,Fixed,1.0,Apartment,False
P000875,Doors,Balcony,Aluminum Balcony Door,AluDoor,Sliding,Aluminum,Medium,7040,Piece,Per_Balcony,1.0,Balcony,False
P000876,Doors,Balcony,Aluminum Balcony Door,DoorTech,Sliding,Aluminum,Medium,5624,Piece,Per_Balcony,1.0,Balcony,False
P000877,Doors,Balcony,Aluminum Balcony Door,Security Doors,Sliding,Aluminum,Medium,7472,Piece,Per_Balcony,1.0,Balcony,False
P000878,Doors,Interior,Interior MDF Door,Security Doors,Solid,MDF,Low,3658,Piece,Per_Room,1.0,Bedroom,False
P000879,Doors,Balcony,Aluminum Balcony Door,WoodCraft,Sliding,Aluminum,Medium,6497,Piece,Per_Balcony,1.0,Balcony,False
P000880,Doors,Interior,Interior MDF Door,WoodCraft,Solid,MDF,Low,4289,Piece,Per_Room,1.0,Bedroom,False
P000881,Doors,Balcony,Aluminum Balcony Door,WPC Brand,Sliding,Aluminum,Low,4751,Piece,Per_Balcony,1.0,Balcony,False
P000882,Doors,Entrance,Armored Security Door,WPC Brand,Armored,Steel,High,13188,Piece,Fixed,1.0,Apartment,False
P000883,Doors,Balcony,Aluminum Balcony Door,WoodCraft,Sliding,Aluminum,Medium,6263,Piece,Per_Balcony,1.0,Balcony,False
P000884,Doors,Entrance,Armored Security Door,WoodCraft,Armored,Steel,High,14218,Piece,Fixed,1.0,Apartment,False
P000885,Doors,Balcony,Aluminum Balcony Door,WoodCraft,Sliding,Aluminum,Medium,7203,Piece,Per_Balcony,1.0,Balcony,False
P000886,Doors,Entrance,Armored Security Door,Security Doors,Armored,Steel,High,12568,Piece,Fixed,1.0,Apartment,False
P000887,Doors,Entrance,Armored Security Door,Security Doors,Armored,Steel,High,13535,Piece,Fixed,1.0,Apartment,False
P000888,Doors,Entrance,Armored Security Door,WPC Brand,Armored,Steel,High,14141,Piece,Fixed,1.0,Apartment,False
P000889,Doors,Interior,Interior MDF Door,DoorTech,Solid,MDF,Low,5025,Piece,Per_Room,1.0,Bedroom,False
P000890,Doors,Entrance,Armored Security Door,Security Doors,Armored,Steel,High,11027,Piece,Fixed,1.0,Apartment,False
P000891,Doors,Balcony,Aluminum Balcony Door,Security Doors,Sliding,Aluminum,Medium,6266,Piece,Per_Balcony,1.0,Balcony,False
P000892,Doors,Entrance,Armored Security Door,WPC Brand,Armored,Steel,High,10431,Piece,Fixed,1.0,Apartment,False
P000893,Doors,Entrance,Armored Security Door,Security Doors,Armored,Steel,High,9945,Piece,Fixed,1.0,Apartment,False
P000894,Doors,Entrance,Armored Security Door,AluDoor,Armored,Steel,High,11892,Piece,Fixed,1.0,Apartment,False
P000895,Doors,Balcony,Aluminum Balcony Door,AluDoor,Sliding,Aluminum,Medium,5428,Piece,Per_Balcony,1.0,Balcony,False
P000896,Doors,Entrance,Armored Security Door,WPC Brand,Armored,Steel,High,12099,Piece,Fixed,1.0,Apartment,False
P000897,Doors,Balcony,Aluminum Balcony Door,WPC Brand,Sliding,Aluminum,Low,4871,Piece,Per_Balcony,1.0,Balcony,False
P000898,Doors,Balcony,Aluminum Balcony Door,AluDoor,Sliding,Aluminum,Medium,6436,Piece,Per_Balcony,1.0,Balcony,False
P000899,Doors,Balcony,Aluminum Balcony Door,Security Doors,Sliding,Aluminum,Medium,7115,Piece,Per_Balcony,1.0,Balcony,False
P000900,Doors,Balcony,Aluminum Balcony Door,Security Doors,Sliding,Aluminum,Medium,5701,Piece,Per_Balcony,1.0,Balcony,False
P000901,Doors,Entrance,Armored Security Door,AluDoor,Armored,Steel,High,12105,Piece,Fixed,1.0,Apartment,False
P000902,Doors,Interior,Interior MDF Door,WPC Brand,Solid,MDF,Low,5247,Piece,Per_Room,1.0,Bedroom,False
P000903,Doors,Balcony,Aluminum Balcony Door,Security Doors,Sliding,Aluminum,Medium,6307,Piece,Per_Balcony,1.0,Balcony,False
P000904,Doors,Balcony,Aluminum Balcony Door,WPC Brand,Sliding,Aluminum,Low,4619,Piece,Per_Balcony,1.0,Balcony,False
P000905,Doors,Entrance,Armored Security Door,Security Doors,Armored,Steel,High,13752,Piece,Fixed,1.0,Apartment,False
P000906,Doors,Interior,Interior MDF Door,AluDoor,Solid,MDF,Low,4041,Piece,Per_Room,1.0,Bedroom,False
P000907,Doors,Interior,Interior MDF Door,WoodCraft,Solid,MDF,Low,3702,Piece,Per_Room,1.0,Bedroom,False
P000908,Doors,Entrance,Armored Security Door,DoorTech,Armored,Steel,High,10129,Piece,Fixed,1.0,Apartment,False
P000909,Doors,Entrance,Armored Security Door,WPC Brand,Armored,Steel,High,14438,Piece,Fixed,1.0,Apartment,False
P000910,Doors,Interior,Interior MDF Door,WPC Brand,Solid,MDF,Low,4534,Piece,Per_Room,1.0,Bedroom,False
P000911,Doors,Interior,Interior MDF Door,WoodCraft,Solid,MDF,Medium,5553,Piece,Per_Room,1.0,Bedroom,False
P000912,Doors,Entrance,Armored Security Door,WPC Brand,Armored,Steel,High,11394,Piece,Fixed,1.0,Apartment,False
P000913,Doors,Balcony,Aluminum Balcony Door,Security Doors,Sliding,Aluminum,Medium,5846,Piece,Per_Balcony,1.0,Balcony,False
P000914,Doors,Entrance,Armored Security Door,AluDoor,Armored,Steel,High,11706,Piece,Fixed,1.0,Apartment,False
P000915,Doors,Interior,Interior MDF Door,Security Doors,Solid,MDF,Low,5089,Piece,Per_Room,1.0,Bedroom,False
P000916,Doors,Balcony,Aluminum Balcony Door,DoorTech,Sliding,Aluminum,Medium,6004,Piece,Per_Balcony,1.0,Balcony,False
P000917,Doors,Balcony,Aluminum Balcony Door,AluDoor,Sliding,Aluminum,Medium,5409,Piece,Per_Balcony,1.0,Balcony,False
P000918,Doors,Entrance,Armored Security Door,Security Doors,Armored,Steel,High,11357,Piece,Fixed,1.0,Apartment,False
P000919,Doors,Interior,Interior MDF Door,DoorTech,Solid,MDF,Low,4570,Piece,Per_Room,1.0,Bedroom,False
P000920,Doors,Interior,Interior MDF Door,AluDoor,Solid,MDF,Low,4160,Piece,Per_Room,1.0,Bedroom,False
P000921,Doors,Entrance,Armored Security Door,Security Doors,Armored,Steel,High,12710,Piece,Fixed,1.0,Apartment,False
P000922,Doors,Interior,Interior MDF Door,Security Doors,Solid,MDF,Low,5139,Piece,Per_Room,1.0,Bedroom,False
P000923,Doors,Balcony,Aluminum Balcony Door,AluDoor,Sliding,Aluminum,Medium,7476,Piece,Per_Balcony,1.0,Balcony,False
P000924,Doors,Balcony,Aluminum Balcony Door,DoorTech,Sliding,Aluminum,Low,5243,Piece,Per_Balcony,1.0,Balcony,False
P000925,Doors,Entrance,Armored Security Door,WPC Brand,Armored,Steel,High,10092,Piece,Fixed,1.0,Apartment,False
P000926,Doors,Balcony,Aluminum Balcony Door,DoorTech,Sliding,Aluminum,Medium,5806,Piece,Per_Balcony,1.0,Balcony,False
P000927,Doors,Interior,Interior MDF Door,WPC Brand,Solid,MDF,Low,3263,Piece,Per_Room,1.0,Bedroom,False
P000928,Doors,Interior,Interior MDF Door,DoorTech,Solid,MDF,Low,5306,Piece,Per_Room,1.0,Bedroom,False
P000929,Doors,Balcony,Aluminum Balcony Door,Security Doors,Sliding,Aluminum,Medium,7424,Piece,Per_Balcony,1.0,Balcony,False
P000930,Doors,Interior,Interior MDF Door,DoorTech,Solid,MDF,Low,5274,Piece,Per_Room,1.0,Bedroom,False
P000931,Doors,Interior,Interior MDF Door,WPC Brand,Solid,MDF,Low,4140,Piece,Per_Room,1.0,Bedroom,False
P000932,Doors,Entrance,Armored Security Door,WPC Brand,Armored,Steel,High,13523,Piece,Fixed,1.0,Apartment,False
P000933,Doors,Balcony,Aluminum Balcony Door,Security Doors,Sliding,Aluminum,Low,5146,Piece,Per_Balcony,1.0,Balcony,False
P000934,Doors,Interior,Interior MDF Door,Security Doors,Solid,MDF,Low,4433,Piece,Per_Room,1.0,Bedroom,False
P000935,Doors,Balcony,Aluminum Balcony Door,AluDoor,Sliding,Aluminum,Medium,5334,Piece,Per_Balcony,1.0,Balcony,False
P000936,Doors,Balcony,Aluminum Balcony Door,DoorTech,Sliding,Aluminum,Medium,5740,Piece,Per_Balcony,1.0,Balcony,False
P000937,Doors,Balcony,Aluminum Balcony Door,WPC Brand,Sliding,Aluminum,Medium,5741,Piece,Per_Balcony,1.0,Balcony,False
P000938,Doors,Balcony,Aluminum Balcony Door,DoorTech,Sliding,Aluminum,Low,5024,Piece,Per_Balcony,1.0,Balcony,False
P000939,Doors,Interior,Interior MDF Door,AluDoor,Solid,MDF,Low,3818,Piece,Per_Room,1.0,Bedroom,False
P000940,Doors,Entrance,Armored Security Door,DoorTech,Armored,Steel,High,12243,Piece,Fixed,1.0,Apartment,False
P000941,Doors,Interior,Interior MDF Door,DoorTech,Solid,MDF,Medium,5325,Piece,Per_Room,1.0,Bedroom,False
P000942,Doors,Interior,Interior MDF Door,WoodCraft,Solid,MDF,Low,3486,Piece,Per_Room,1.0,Bedroom,False
P000943,Doors,Entrance,Armored Security Door,DoorTech,Armored,Steel,High,13925,Piece,Fixed,1.0,Apartment,False
P000944,Doors,Interior,Interior MDF Door,WoodCraft,Solid,MDF,Medium,5430,Piece,Per_Room,1.0,Bedroom,False
P000945,Doors,Interior,Interior MDF Door,WoodCraft,Solid,MDF,Low,4159,Piece,Per_Room,1.0,Bedroom,False
P000946,Doors,Balcony,Aluminum Balcony Door,WPC Brand,Sliding,Aluminum,Medium,6334,Piece,Per_Balcony,1.0,Balcony,False
P000947,Doors,Balcony,Aluminum Balcony Door,AluDoor,Sliding,Aluminum,Medium,6041,Piece,Per_Balcony,1.0,Balcony,False
P000948,Doors,Interior,Interior MDF Door,WoodCraft,Solid,MDF,Low,3872,Piece,Per_Room,1.0,Bedroom,False
P000949,Doors,Interior,Interior MDF Door,AluDoor,Solid,MDF,Low,4301,Piece,Per_Room,1.0,Bedroom,False
P000950,Doors,Interior,Interior MDF Door,Security Doors,Solid,MDF,Low,3806,Piece,Per_Room,1.0,Bedroom,False
P000951,Doors,Balcony,Aluminum Balcony Door,AluDoor,Sliding,Aluminum,Medium,5815,Piece,Per_Balcony,1.0,Balcony,False
P000952,Doors,Entrance,Armored Security Door,WPC Brand,Armored,Steel,High,13693,Piece,Fixed,1.0,Apartment,False
P000953,Doors,Interior,Interior MDF Door,WoodCraft,Solid,MDF,Low,3257,Piece,Per_Room,1.0,Bedroom,False
P000954,Doors,Interior,Interior MDF Door,AluDoor,Solid,MDF,Medium,5642,Piece,Per_Room,1.0,Bedroom,False
P000955,Doors,Balcony,Aluminum Balcony Door,Security Doors,Sliding,Aluminum,Medium,7061,Piece,Per_Balcony,1.0,Balcony,False
P000956,Doors,Interior,Interior MDF Door,DoorTech,Solid,MDF,Low,3747,Piece,Per_Room,1.0,Bedroom,False
P000957,Doors,Entrance,Armored Security Door,WoodCraft,Armored,Steel,High,12178,Piece,Fixed,1.0,Apartment,False
P000958,Doors,Entrance,Armored Security Door,Security Doors,Armored,Steel,High,12930,Piece,Fixed,1.0,Apartment,False
P000959,Doors,Balcony,Aluminum Balcony Door,Security Doors,Sliding,Aluminum,Medium,6646,Piece,Per_Balcony,1.0,Balcony,False
P000960,Doors,Balcony,Aluminum Balcony Door,WoodCraft,Sliding,Aluminum,Medium,5461,Piece,Per_Balcony,1.0,Balcony,False
P000961,Doors,Balcony,Aluminum Balcony Door,DoorTech,Sliding,Aluminum,Low,4872,Piece,Per_Balcony,1.0,Balcony,False
P000962,Doors,Balcony,Aluminum Balcony Door,DoorTech,Sliding,Aluminum,Medium,6825,Piece,Per_Balcony,1.0,Balcony,False
P000963,Doors,Interior,Interior MDF Door,WoodCraft,Solid,MDF,Medium,5654,Piece,Per_Room,1.0,Bedroom,False
P000964,Doors,Interior,Interior MDF Door,WoodCraft,Solid,MDF,Low,3283,Piece,Per_Room,1.0,Bedroom,False
P000965,Doors,Entrance,Armored Security Door,WoodCraft,Armored,Steel,High,14234,Piece,Fixed,1.0,Apartment,False
P000966,Doors,Balcony,Aluminum Balcony Door,DoorTech,Sliding,Aluminum,Medium,5683,Piece,Per_Balcony,1.0,Balcony,False
P000967,Doors,Entrance,Armored Security Door,AluDoor,Armored,Steel,High,13893,Piece,Fixed,1.0,Apartment,False
P000968,Doors,Entrance,Armored Security Door,WoodCraft,Armored,Steel,High,13186,Piece,Fixed,1.0,Apartment,False
P000969,Doors,Interior,Interior MDF Door,DoorTech,Solid,MDF,Low,3550,Piece,Per_Room,1.0,Bedroom,False
P000970,Doors,Balcony,Aluminum Balcony Door,AluDoor,Sliding,Aluminum,Medium,5893,Piece,Per_Balcony,1.0,Balcony,False
P000971,Doors,Balcony,Aluminum Balcony Door,AluDoor,Sliding,Aluminum,Medium,6138,Piece,Per_Balcony,1.0,Balcony,False
P000972,Doors,Balcony,Aluminum Balcony Door,DoorTech,Sliding,Aluminum,Medium,5933,Piece,Per_Balcony,1.0,Balcony,False
P000973,Doors,Balcony,Aluminum Balcony Door,WoodCraft,Sliding,Aluminum,Medium,5337,Piece,Per_Balcony,1.0,Balcony,False
P000974,Doors,Entrance,Armored Security Door,DoorTech,Armored,Steel,Medium,9629,Piece,Fixed,1.0,Apartment,False
P000975,Doors,Balcony,Aluminum Balcony Door,WPC Brand,Sliding,Aluminum,Medium,7124,Piece,Per_Balcony,1.0,Balcony,False
P000976,Doors,Balcony,Aluminum Balcony Door,DoorTech,Sliding,Aluminum,Low,4993,Piece,Per_Balcony,1.0,Balcony,False
P000977,Doors,Entrance,Armored Security Door,AluDoor,Armored,Steel,High,12279,Piece,Fixed,1.0,Apartment,False
P000978,Doors,Entrance,Armored Security Door,Security Doors,Armored,Steel,High,12143,Piece,Fixed,1.0,Apartment,False
P000979,Doors,Interior,Interior MDF Door,WoodCraft,Solid,MDF,Low,5171,Piece,Per_Room,1.0,Bedroom,False
P000980,Doors,Interior,Interior MDF Door,AluDoor,Solid,MDF,Low,4837,Piece,Per_Room,1.0,Bedroom,False
P000981,Doors,Balcony,Aluminum Balcony Door,WPC Brand,Sliding,Aluminum,Medium,6603,Piece,Per_Balcony,1.0,Balcony,False
P000982,Doors,Entrance,Armored Security Door,DoorTech,Armored,Steel,High,11553,Piece,Fixed,1.0,Apartment,False
P000983,Doors,Interior,Interior MDF Door,Security Doors,Solid,MDF,Low,4551,Piece,Per_Room,1.0,Bedroom,False
P000984,Doors,Interior,Interior MDF Door,DoorTech,Solid,MDF,Low,3736,Piece,Per_Room,1.0,Bedroom,False
P000985,Doors,Balcony,Aluminum Balcony Door,Security Doors,Sliding,Aluminum,Medium,7315,Piece,Per_Balcony,1.0,Balcony,False
P000986,Doors,Balcony,Aluminum Balcony Door,AluDoor,Sliding,Aluminum,Medium,6887,Piece,Per_Balcony,1.0,Balcony,False
P000987,Doors,Balcony,Aluminum Balcony Door,Security Doors,Sliding,Aluminum,Low,4581,Piece,Per_Balcony,1.0,Balcony,False
P000988,Doors,Interior,Interior MDF Door,WPC Brand,Solid,MDF,Low,4911,Piece,Per_Room,1.0,Bedroom,False
P000989,Doors,Interior,Interior MDF Door,AluDoor,Solid,MDF,Low,4077,Piece,Per_Room,1.0,Bedroom,False
P000990,Doors,Entrance,Armored Security Door,WoodCraft,Armored,Steel,High,10636,Piece,Fixed,1.0,Apartment,False
P000991,Doors,Balcony,Aluminum Balcony Door,Security Doors,Sliding,Aluminum,Medium,5776,Piece,Per_Balcony,1.0,Balcony,False
P000992,Doors,Interior,Interior MDF Door,DoorTech,Solid,MDF,Low,4994,Piece,Per_Room,1.0,Bedroom,False
P000993,Doors,Balcony,Aluminum Balcony Door,Security Doors,Sliding,Aluminum,Low,5236,Piece,Per_Balcony,1.0,Balcony,False
P000994,Doors,Interior,Interior MDF Door,AluDoor,Solid,MDF,Low,4038,Piece,Per_Room,1.0,Bedroom,False
P000995,Doors,Entrance,Armored Security Door,WoodCraft,Armored,Steel,High,10345,Piece,Fixed,1.0,Apartment,False
P000996,Doors,Interior,Interior MDF Door,AluDoor,Solid,MDF,Low,5012,Piece,Per_Room,1.0,Bedroom,False
P000997,Doors,Interior,Interior MDF Door,WoodCraft,Solid,MDF,Low,3296,Piece,Per_Room,1.0,Bedroom,False
P000998,Doors,Interior,Interior MDF Door,AluDoor,Solid,MDF,Low,3807,Piece,Per_Room,1.0,Bedroom,False
P000999,Doors,Balcony,Aluminum Balcony Door,WPC Brand,Sliding,Aluminum,Low,4684,Piece,Per_Balcony,1.0,Balcony,False
P001000,Doors,Interior,Interior MDF Door,WPC Brand,Solid,MDF,Low,4554,Piece,Per_Room,1.0,Bedroom,False
P001001,Doors,Entrance,Armored Security Door,WPC Brand,Armored,Steel,High,11818,Piece,Fixed,1.0,Apartment,False
P001002,Doors,Entrance,Armored Security Door,WPC Brand,Armored,Steel,High,11939,Piece,Fixed,1.0,Apartment,False
P001003,Doors,Entrance,Armored Security Door,Security Doors,Armored,Steel,High,14356,Piece,Fixed,1.0,Apartment,False
P001004,Doors,Entrance,Armored Security Door,AluDoor,Armored,Steel,High,10758,Piece,Fixed,1.0,Apartment,False
P001005,Doors,Entrance,Armored Security Door,WPC Brand,Armored,Steel,High,10856,Piece,Fixed,1.0,Apartment,False
P001006,Doors,Interior,Interior MDF Door,AluDoor,Solid,MDF,Low,4417,Piece,Per_Room,1.0,Bedroom,False
P001007,Doors,Interior,Interior MDF Door,AluDoor,Solid,MDF,Low,4874,Piece,Per_Room,1.0,Bedroom,False
P001008,Doors,Entrance,Armored Security Door,AluDoor,Armored,Steel,High,12862,Piece,Fixed,1.0,Apartment,False
P001009,Doors,Entrance,Armored Security Door,WPC Brand,Armored,Steel,High,13822,Piece,Fixed,1.0,Apartment,False
P001010,Doors,Balcony,Aluminum Balcony Door,DoorTech,Sliding,Aluminum,Medium,6801,Piece,Per_Balcony,1.0,Balcony,False
P001011,Doors,Balcony,Aluminum Balcony Door,AluDoor,Sliding,Aluminum,Medium,5888,Piece,Per_Balcony,1.0,Balcony,False
P001012,Doors,Entrance,Armored Security Door,Security Doors,Armored,Steel,High,12898,Piece,Fixed,1.0,Apartment,False
P001013,Doors,Interior,Interior MDF Door,DoorTech,Solid,MDF,Medium,5440,Piece,Per_Room,1.0,Bedroom,False
P001014,Doors,Entrance,Armored Security Door,WPC Brand,Armored,Steel,Medium,9616,Piece,Fixed,1.0,Apartment,False
P001015,Doors,Interior,Interior MDF Door,WPC Brand,Solid,MDF,Low,4239,Piece,Per_Room,1.0,Bedroom,False
P001016,Doors,Interior,Interior MDF Door,DoorTech,Solid,MDF,Low,4688,Piece,Per_Room,1.0,Bedroom,False
P001017,Doors,Balcony,Aluminum Balcony Door,DoorTech,Sliding,Aluminum,Medium,7478,Piece,Per_Balcony,1.0,Balcony,False
P001018,Doors,Interior,Interior MDF Door,WPC Brand,Solid,MDF,Low,4823,Piece,Per_Room,1.0,Bedroom,False
P001019,Doors,Balcony,Aluminum Balcony Door,AluDoor,Sliding,Aluminum,Low,5058,Piece,Per_Balcony,1.0,Balcony,False
P001020,Doors,Interior,Interior MDF Door,WPC Brand,Solid,MDF,Low,4633,Piece,Per_Room,1.0,Bedroom,False
P001021,Doors,Entrance,Armored Security Door,AluDoor,Armored,Steel,High,10197,Piece,Fixed,1.0,Apartment,False
P001022,Doors,Entrance,Armored Security Door,WoodCraft,Armored,Steel,High,14439,Piece,Fixed,1.0,Apartment,False
P001023,Doors,Entrance,Armored Security Door,Security Doors,Armored,Steel,High,13190,Piece,Fixed,1.0,Apartment,False
P001024,Doors,Interior,Interior MDF Door,WPC Brand,Solid,MDF,Low,3361,Piece,Per_Room,1.0,Bedroom,False
P001025,Doors,Entrance,Armored Security Door,DoorTech,Armored,Steel,High,12304,Piece,Fixed,1.0,Apartment,False
P001026,Doors,Balcony,Aluminum Balcony Door,AluDoor,Sliding,Aluminum,Medium,6635,Piece,Per_Balcony,1.0,Balcony,False
P001027,Doors,Interior,Interior MDF Door,WPC Brand,Solid,MDF,Low,4011,Piece,Per_Room,1.0,Bedroom,False
P001028,Doors,Interior,Interior MDF Door,DoorTech,Solid,MDF,Medium,5319,Piece,Per_Room,1.0,Bedroom,False
P001029,Doors,Balcony,Aluminum Balcony Door,Security Doors,Sliding,Aluminum,Medium,5945,Piece,Per_Balcony,1.0,Balcony,False
P001030,Doors,Entrance,Armored Security Door,AluDoor,Armored,Steel,High,12273,Piece,Fixed,1.0,Apartment,False
P001031,Doors,Balcony,Aluminum Balcony Door,Security Doors,Sliding,Aluminum,Medium,6070,Piece,Per_Balcony,1.0,Balcony,False
P001032,Doors,Interior,Interior MDF Door,WPC Brand,Solid,MDF,Low,4878,Piece,Per_Room,1.0,Bedroom,False
P001033,Doors,Entrance,Armored Security Door,WoodCraft,Armored,Steel,Medium,9638,Piece,Fixed,1.0,Apartment,False
P001034,Doors,Balcony,Aluminum Balcony Door,WPC Brand,Sliding,Aluminum,Medium,6491,Piece,Per_Balcony,1.0,Balcony,False
P001035,Doors,Entrance,Armored Security Door,WPC Brand,Armored,Steel,High,12917,Piece,Fixed,1.0,Apartment,False
P001036,Doors,Entrance,Armored Security Door,WoodCraft,Armored,Steel,High,10717,Piece,Fixed,1.0,Apartment,False
P001037,Doors,Interior,Interior MDF Door,WoodCraft,Solid,MDF,Low,4783,Piece,Per_Room,1.0,Bedroom,False
P001038,Doors,Entrance,Armored Security Door,WoodCraft,Armored,Steel,High,10801,Piece,Fixed,1.0,Apartment,False
P001039,Doors,Entrance,Armored Security Door,WPC Brand,Armored,Steel,Medium,9540,Piece,Fixed,1.0,Apartment,False
P001040,Doors,Entrance,Armored Security Door,AluDoor,Armored,Steel,Medium,9655,Piece,Fixed,1.0,Apartment,False
P001041,Doors,Entrance,Armored Security Door,DoorTech,Armored,Steel,High,12529,Piece,Fixed,1.0,Apartment,False
P001042,Doors,Entrance,Armored Security Door,WoodCraft,Armored,Steel,High,9900,Piece,Fixed,1.0,Apartment,False
P001043,Doors,Entrance,Armored Security Door,WoodCraft,Armored,Steel,High,10682,Piece,Fixed,1.0,Apartment,False
P001044,Doors,Entrance,Armored Security Door,WPC Brand,Armored,Steel,High,12516,Piece,Fixed,1.0,Apartment,False
P001045,Doors,Balcony,Aluminum Balcony Door,AluDoor,Sliding,Aluminum,Medium,7489,Piece,Per_Balcony,1.0,Balcony,False
P001046,Doors,Balcony,Aluminum Balcony Door,DoorTech,Sliding,Aluminum,Medium,7322,Piece,Per_Balcony,1.0,Balcony,False
P001047,Doors,Balcony,Aluminum Balcony Door,DoorTech,Sliding,Aluminum,Medium,5614,Piece,Per_Balcony,1.0,Balcony,False
P001048,Doors,Balcony,Aluminum Balcony Door,AluDoor,Sliding,Aluminum,Medium,6346,Piece,Per_Balcony,1.0,Balcony,False
P001049,Doors,Entrance,Armored Security Door,DoorTech,Armored,Steel,High,13226,Piece,Fixed,1.0,Apartment,False
P001050,Doors,Interior,Interior MDF Door,AluDoor,Solid,MDF,Low,4016,Piece,Per_Room,1.0,Bedroom,False
P001051,Doors,Entrance,Armored Security Door,DoorTech,Armored,Steel,High,13756,Piece,Fixed,1.0,Apartment,False
P001052,Doors,Interior,Interior MDF Door,DoorTech,Solid,MDF,Low,4417,Piece,Per_Room,1.0,Bedroom,False
P001053,Doors,Entrance,Armored Security Door,AluDoor,Armored,Steel,High,13560,Piece,Fixed,1.0,Apartment,False
P001054,Doors,Interior,Interior MDF Door,Security Doors,Solid,MDF,Low,4794,Piece,Per_Room,1.0,Bedroom,False
P001055,Doors,Interior,Interior MDF Door,DoorTech,Solid,MDF,Low,3994,Piece,Per_Room,1.0,Bedroom,False
P001056,Doors,Interior,Interior MDF Door,AluDoor,Solid,MDF,Low,4877,Piece,Per_Room,1.0,Bedroom,False
P001057,Doors,Entrance,Armored Security Door,DoorTech,Armored,Steel,High,12983,Piece,Fixed,1.0,Apartment,False
P001058,Doors,Entrance,Armored Security Door,DoorTech,Armored,Steel,High,9990,Piece,Fixed,1.0,Apartment,False
P001059,Doors,Entrance,Armored Security Door,WoodCraft,Armored,Steel,High,13647,Piece,Fixed,1.0,Apartment,False
P001060,Doors,Entrance,Armored Security Door,WPC Brand,Armored,Steel,High,10425,Piece,Fixed,1.0,Apartment,False
P001061,Doors,Balcony,Aluminum Balcony Door,DoorTech,Sliding,Aluminum,Medium,7017,Piece,Per_Balcony,1.0,Balcony,False
P001062,Doors,Interior,Interior MDF Door,Security Doors,Solid,MDF,Medium,5717,Piece,Per_Room,1.0,Bedroom,False
P001063,Doors,Interior,Interior MDF Door,AluDoor,Solid,MDF,Medium,5725,Piece,Per_Room,1.0,Bedroom,False
P001064,Doors,Entrance,Armored Security Door,WPC Brand,Armored,Steel,High,10588,Piece,Fixed,1.0,Apartment,False
P001065,Doors,Balcony,Aluminum Balcony Door,WoodCraft,Sliding,Aluminum,Medium,7311,Piece,Per_Balcony,1.0,Balcony,False
P001066,Doors,Entrance,Armored Security Door,DoorTech,Armored,Steel,High,12561,Piece,Fixed,1.0,Apartment,False
P001067,Doors,Entrance,Armored Security Door,DoorTech,Armored,Steel,High,13362,Piece,Fixed,1.0,Apartment,False
P001068,Doors,Balcony,Aluminum Balcony Door,DoorTech,Sliding,Aluminum,Medium,5499,Piece,Per_Balcony,1.0,Balcony,False
P001069,Doors,Entrance,Armored Security Door,Security Doors,Armored,Steel,High,10428,Piece,Fixed,1.0,Apartment,False
P001070,Doors,Interior,Interior MDF Door,DoorTech,Solid,MDF,Low,4290,Piece,Per_Room,1.0,Bedroom,False
P001071,Doors,Interior,Interior MDF Door,Security Doors,Solid,MDF,Low,5197,Piece,Per_Room,1.0,Bedroom,False
P001072,Doors,Interior,Interior MDF Door,WoodCraft,Solid,MDF,Medium,5384,Piece,Per_Room,1.0,Bedroom,False
P001073,Doors,Interior,Interior MDF Door,WoodCraft,Solid,MDF,Low,4224,Piece,Per_Room,1.0,Bedroom,False
P001074,Doors,Balcony,Aluminum Balcony Door,WPC Brand,Sliding,Aluminum,Medium,7474,Piece,Per_Balcony,1.0,Balcony,False
P001075,Doors,Balcony,Aluminum Balcony Door,WoodCraft,Sliding,Aluminum,Medium,6073,Piece,Per_Balcony,1.0,Balcony,False
P001076,Doors,Balcony,Aluminum Balcony Door,Security Doors,Sliding,Aluminum,Medium,6383,Piece,Per_Balcony,1.0,Balcony,False
P001077,Doors,Interior,Interior MDF Door,AluDoor,Solid,MDF,Low,3643,Piece,Per_Room,1.0,Bedroom,False
P001078,Doors,Entrance,Armored Security Door,AluDoor,Armored,Steel,High,10476,Piece,Fixed,1.0,Apartment,False
P001079,Doors,Entrance,Armored Security Door,Security Doors,Armored,Steel,High,13262,Piece,Fixed,1.0,Apartment,False
P001080,Doors,Interior,Interior MDF Door,DoorTech,Solid,MDF,Low,4970,Piece,Per_Room,1.0,Bedroom,False
P001081,Doors,Balcony,Aluminum Balcony Door,AluDoor,Sliding,Aluminum,Medium,6287,Piece,Per_Balcony,1.0,Balcony,False
P001082,Doors,Balcony,Aluminum Balcony Door,AluDoor,Sliding,Aluminum,Medium,7119,Piece,Per_Balcony,1.0,Balcony,False
P001083,Doors,Entrance,Armored Security Door,Security Doors,Armored,Steel,High,14264,Piece,Fixed,1.0,Apartment,False
P001084,Doors,Entrance,Armored Security Door,DoorTech,Armored,Steel,High,11968,Piece,Fixed,1.0,Apartment,False
P001085,Doors,Entrance,Armored Security Door,AluDoor,Armored,Steel,High,10675,Piece,Fixed,1.0,Apartment,False
P001086,Doors,Balcony,Aluminum Balcony Door,AluDoor,Sliding,Aluminum,Low,4717,Piece,Per_Balcony,1.0,Balcony,False
P001087,Doors,Entrance,Armored Security Door,AluDoor,Armored,Steel,High,10763,Piece,Fixed,1.0,Apartment,False
P001088,Doors,Entrance,Armored Security Door,WPC Brand,Armored,Steel,High,11492,Piece,Fixed,1.0,Apartment,False
P001089,Doors,Entrance,Armored Security Door,Security Doors,Armored,Steel,High,14423,Piece,Fixed,1.0,Apartment,False
P001090,Doors,Balcony,Aluminum Balcony Door,WPC Brand,Sliding,Aluminum,Low,5137,Piece,Per_Balcony,1.0,Balcony,False
P001091,Doors,Balcony,Aluminum Balcony Door,DoorTech,Sliding,Aluminum,Medium,5475,Piece,Per_Balcony,1.0,Balcony,False
P001092,Doors,Interior,Interior MDF Door,WPC Brand,Solid,MDF,Low,4791,Piece,Per_Room,1.0,Bedroom,False
P001093,Doors,Entrance,Armored Security Door,Security Doors,Armored,Steel,High,11583,Piece,Fixed,1.0,Apartment,False
P001094,Doors,Interior,Interior MDF Door,AluDoor,Solid,MDF,Medium,5567,Piece,Per_Room,1.0,Bedroom,False
P001095,Doors,Balcony,Aluminum Balcony Door,DoorTech,Sliding,Aluminum,Low,5296,Piece,Per_Balcony,1.0,Balcony,False
P001096,Doors,Interior,Interior MDF Door,WoodCraft,Solid,MDF,Low,4352,Piece,Per_Room,1.0,Bedroom,False
P001097,Doors,Entrance,Armored Security Door,DoorTech,Armored,Steel,High,9872,Piece,Fixed,1.0,Apartment,False
P001098,Doors,Balcony,Aluminum Balcony Door,AluDoor,Sliding,Aluminum,Medium,5976,Piece,Per_Balcony,1.0,Balcony,False
P001099,Doors,Entrance,Armored Security Door,Security Doors,Armored,Steel,High,12223,Piece,Fixed,1.0,Apartment,False
P001100,Doors,Balcony,Aluminum Balcony Door,AluDoor,Sliding,Aluminum,Medium,6372,Piece,Per_Balcony,1.0,Balcony,False
P001101,Doors,Balcony,Aluminum Balcony Door,DoorTech,Sliding,Aluminum,Medium,7297,Piece,Per_Balcony,1.0,Balcony,False
P001102,Doors,Entrance,Armored Security Door,AluDoor,Armored,Steel,High,13038,Piece,Fixed,1.0,Apartment,False
P001103,Doors,Entrance,Armored Security Door,AluDoor,Armored,Steel,High,12772,Piece,Fixed,1.0,Apartment,False
P001104,Doors,Balcony,Aluminum Balcony Door,Security Doors,Sliding,Aluminum,Medium,6554,Piece,Per_Balcony,1.0,Balcony,False
P001105,Doors,Interior,Interior MDF Door,WPC Brand,Solid,MDF,Low,4339,Piece,Per_Room,1.0,Bedroom,False
P001106,Doors,Entrance,Armored Security Door,WoodCraft,Armored,Steel,High,13864,Piece,Fixed,1.0,Apartment,False
P001107,Doors,Balcony,Aluminum Balcony Door,DoorTech,Sliding,Aluminum,Medium,5654,Piece,Per_Balcony,1.0,Balcony,False
P001108,Doors,Interior,Interior MDF Door,Security Doors,Solid,MDF,Low,4432,Piece,Per_Room,1.0,Bedroom,False
P001109,Doors,Balcony,Aluminum Balcony Door,WPC Brand,Sliding,Aluminum,Medium,6576,Piece,Per_Balcony,1.0,Balcony,False
P001110,Doors,Balcony,Aluminum Balcony Door,DoorTech,Sliding,Aluminum,Medium,7493,Piece,Per_Balcony,1.0,Balcony,False
P001111,Doors,Balcony,Aluminum Balcony Door,DoorTech,Sliding,Aluminum,Medium,6816,Piece,Per_Balcony,1.0,Balcony,False
P001112,Doors,Balcony,Aluminum Balcony Door,WoodCraft,Sliding,Aluminum,Medium,5659,Piece,Per_Balcony,1.0,Balcony,False
P001113,Doors,Balcony,Aluminum Balcony Door,WPC Brand,Sliding,Aluminum,Low,4911,Piece,Per_Balcony,1.0,Balcony,False
P001114,Doors,Balcony,Aluminum Balcony Door,WoodCraft,Sliding,Aluminum,Medium,5486,Piece,Per_Balcony,1.0,Balcony,False
P001115,Doors,Balcony,Aluminum Balcony Door,WPC Brand,Sliding,Aluminum,Medium,5575,Piece,Per_Balcony,1.0,Balcony,False
P001116,Doors,Balcony,Aluminum Balcony Door,Security Doors,Sliding,Aluminum,Medium,5460,Piece,Per_Balcony,1.0,Balcony,False
P001117,Doors,Interior,Interior MDF Door,WoodCraft,Solid,MDF,Low,4905,Piece,Per_Room,1.0,Bedroom,False
P001118,Doors,Balcony,Aluminum Balcony Door,AluDoor,Sliding,Aluminum,Medium,5310,Piece,Per_Balcony,1.0,Balcony,False
P001119,Doors,Balcony,Aluminum Balcony Door,WPC Brand,Sliding,Aluminum,Medium,7395,Piece,Per_Balcony,1.0,Balcony,False
P001120,Doors,Balcony,Aluminum Balcony Door,WoodCraft,Sliding,Aluminum,Medium,7430,Piece,Per_Balcony,1.0,Balcony,False
P001121,Doors,Balcony,Aluminum Balcony Door,WPC Brand,Sliding,Aluminum,Medium,5791,Piece,Per_Balcony,1.0,Balcony,False
P001122,Doors,Balcony,Aluminum Balcony Door,AluDoor,Sliding,Aluminum,Medium,6686,Piece,Per_Balcony,1.0,Balcony,False
P001123,Doors,Entrance,Armored Security Door,AluDoor,Armored,Steel,High,14016,Piece,Fixed,1.0,Apartment,False
P001124,Doors,Balcony,Aluminum Balcony Door,WPC Brand,Sliding,Aluminum,Medium,5492,Piece,Per_Balcony,1.0,Balcony,False
P001125,Doors,Entrance,Armored Security Door,WoodCraft,Armored,Steel,High,12706,Piece,Fixed,1.0,Apartment,False
P001126,Doors,Interior,Interior MDF Door,Security Doors,Solid,MDF,Low,5307,Piece,Per_Room,1.0,Bedroom,False
P001127,Doors,Interior,Interior MDF Door,Security Doors,Solid,MDF,Low,5158,Piece,Per_Room,1.0,Bedroom,False
P001128,Doors,Balcony,Aluminum Balcony Door,Security Doors,Sliding,Aluminum,Medium,6509,Piece,Per_Balcony,1.0,Balcony,False
P001129,Doors,Interior,Interior MDF Door,DoorTech,Solid,MDF,Low,4057,Piece,Per_Room,1.0,Bedroom,False
P001130,Doors,Entrance,Armored Security Door,WoodCraft,Armored,Steel,High,12634,Piece,Fixed,1.0,Apartment,False
P001131,Doors,Entrance,Armored Security Door,Security Doors,Armored,Steel,High,13380,Piece,Fixed,1.0,Apartment,False
P001132,Doors,Balcony,Aluminum Balcony Door,WPC Brand,Sliding,Aluminum,Low,5009,Piece,Per_Balcony,1.0,Balcony,False
P001133,Doors,Interior,Interior MDF Door,WoodCraft,Solid,MDF,Low,3329,Piece,Per_Room,1.0,Bedroom,False
P001134,Doors,Interior,Interior MDF Door,WoodCraft,Solid,MDF,Medium,5604,Piece,Per_Room,1.0,Bedroom,False
P001135,Doors,Entrance,Armored Security Door,Security Doors,Armored,Steel,High,11795,Piece,Fixed,1.0,Apartment,False
P001136,Doors,Balcony,Aluminum Balcony Door,DoorTech,Sliding,Aluminum,Medium,5600,Piece,Per_Balcony,1.0,Balcony,False
P001137,Doors,Entrance,Armored Security Door,WoodCraft,Armored,Steel,High,10132,Piece,Fixed,1.0,Apartment,False
P001138,Doors,Interior,Interior MDF Door,WPC Brand,Solid,MDF,Low,4198,Piece,Per_Room,1.0,Bedroom,False
P001139,Doors,Entrance,Armored Security Door,AluDoor,Armored,Steel,High,10002,Piece,Fixed,1.0,Apartment,False
P001140,Doors,Entrance,Armored Security Door,DoorTech,Armored,Steel,High,13406,Piece,Fixed,1.0,Apartment,False
P001141,Doors,Balcony,Aluminum Balcony Door,WPC Brand,Sliding,Aluminum,Medium,6891,Piece,Per_Balcony,1.0,Balcony,False
P001142,Doors,Balcony,Aluminum Balcony Door,Security Doors,Sliding,Aluminum,Medium,7140,Piece,Per_Balcony,1.0,Balcony,False
P001143,Doors,Entrance,Armored Security Door,AluDoor,Armored,Steel,High,13892,Piece,Fixed,1.0,Apartment,False
P001144,Doors,Entrance,Armored Security Door,WPC Brand,Armored,Steel,High,10147,Piece,Fixed,1.0,Apartment,False
P001145,Doors,Balcony,Aluminum Balcony Door,WoodCraft,Sliding,Aluminum,Low,4988,Piece,Per_Balcony,1.0,Balcony,False
P001146,Doors,Balcony,Aluminum Balcony Door,AluDoor,Sliding,Aluminum,Medium,5848,Piece,Per_Balcony,1.0,Balcony,False
P001147,Doors,Interior,Interior MDF Door,WoodCraft,Solid,MDF,Low,5098,Piece,Per_Room,1.0,Bedroom,False
P001148,Doors,Interior,Interior MDF Door,AluDoor,Solid,MDF,Medium,5675,Piece,Per_Room,1.0,Bedroom,False
P001149,Doors,Interior,Interior MDF Door,AluDoor,Solid,MDF,Low,4388,Piece,Per_Room,1.0,Bedroom,False
P001150,Doors,Interior,Interior MDF Door,WPC Brand,Solid,MDF,Low,3632,Piece,Per_Room,1.0,Bedroom,False
P001151,Doors,Entrance,Armored Security Door,WPC Brand,Armored,Steel,High,12291,Piece,Fixed,1.0,Apartment,False
P001152,Doors,Balcony,Aluminum Balcony Door,WPC Brand,Sliding,Aluminum,Medium,6727,Piece,Per_Balcony,1.0,Balcony,False
P001153,Doors,Balcony,Aluminum Balcony Door,WoodCraft,Sliding,Aluminum,Medium,5678,Piece,Per_Balcony,1.0,Balcony,False
P001154,Doors,Entrance,Armored Security Door,AluDoor,Armored,Steel,High,10772,Piece,Fixed,1.0,Apartment,False
P001155,Doors,Entrance,Armored Security Door,Security Doors,Armored,Steel,High,10751,Piece,Fixed,1.0,Apartment,False
P001156,Doors,Entrance,Armored Security Door,Security Doors,Armored,Steel,High,10042,Piece,Fixed,1.0,Apartment,False
P001157,Doors,Interior,Interior MDF Door,DoorTech,Solid,MDF,Low,3905,Piece,Per_Room,1.0,Bedroom,False
P001158,Doors,Entrance,Armored Security Door,Security Doors,Armored,Steel,High,12130,Piece,Fixed,1.0,Apartment,False
P001159,Doors,Balcony,Aluminum Balcony Door,WoodCraft,Sliding,Aluminum,Medium,5690,Piece,Per_Balcony,1.0,Balcony,False
P001160,Doors,Entrance,Armored Security Door,WoodCraft,Armored,Steel,High,11879,Piece,Fixed,1.0,Apartment,False
P001161,Doors,Balcony,Aluminum Balcony Door,WPC Brand,Sliding,Aluminum,Medium,5364,Piece,Per_Balcony,1.0,Balcony,False
P001162,Doors,Interior,Interior MDF Door,DoorTech,Solid,MDF,Low,4121,Piece,Per_Room,1.0,Bedroom,False
P001163,Doors,Interior,Interior MDF Door,WPC Brand,Solid,MDF,Medium,5748,Piece,Per_Room,1.0,Bedroom,False
P001164,Doors,Balcony,Aluminum Balcony Door,Security Doors,Sliding,Aluminum,Medium,6273,Piece,Per_Balcony,1.0,Balcony,False
P001165,Doors,Interior,Interior MDF Door,DoorTech,Solid,MDF,Low,3666,Piece,Per_Room,1.0,Bedroom,False
P001166,Doors,Entrance,Armored Security Door,AluDoor,Armored,Steel,High,10145,Piece,Fixed,1.0,Apartment,False
P001167,Doors,Balcony,Aluminum Balcony Door,Security Doors,Sliding,Aluminum,Medium,5793,Piece,Per_Balcony,1.0,Balcony,False
P001168,Doors,Interior,Interior MDF Door,AluDoor,Solid,MDF,Medium,5443,Piece,Per_Room,1.0,Bedroom,False
P001169,Doors,Balcony,Aluminum Balcony Door,WPC Brand,Sliding,Aluminum,Low,4580,Piece,Per_Balcony,1.0,Balcony,False
P001170,Doors,Interior,Interior MDF Door,Security Doors,Solid,MDF,Medium,5431,Piece,Per_Room,1.0,Bedroom,False
P001171,Doors,Balcony,Aluminum Balcony Door,DoorTech,Sliding,Aluminum,Medium,6977,Piece,Per_Balcony,1.0,Balcony,False
P001172,Doors,Balcony,Aluminum Balcony Door,AluDoor,Sliding,Aluminum,Medium,7375,Piece,Per_Balcony,1.0,Balcony,False
P001173,Doors,Balcony,Aluminum Balcony Door,WoodCraft,Sliding,Aluminum,Medium,7212,Piece,Per_Balcony,1.0,Balcony,False
P001174,Doors,Balcony,Aluminum Balcony Door,WPC Brand,Sliding,Aluminum,Medium,6739,Piece,Per_Balcony,1.0,Balcony,False
P001175,Doors,Entrance,Armored Security Door,WoodCraft,Armored,Steel,High,11973,Piece,Fixed,1.0,Apartment,False
P001176,Doors,Balcony,Aluminum Balcony Door,DoorTech,Sliding,Aluminum,Medium,5382,Piece,Per_Balcony,1.0,Balcony,False
P001177,Doors,Entrance,Armored Security Door,WoodCraft,Armored,Steel,High,9932,Piece,Fixed,1.0,Apartment,False
P001178,Doors,Balcony,Aluminum Balcony Door,Security Doors,Sliding,Aluminum,Medium,7255,Piece,Per_Balcony,1.0,Balcony,False
P001179,Doors,Balcony,Aluminum Balcony Door,AluDoor,Sliding,Aluminum,Medium,6262,Piece,Per_Balcony,1.0,Balcony,False
P001180,Doors,Entrance,Armored Security Door,Security Doors,Armored,Steel,High,10215,Piece,Fixed,1.0,Apartment,False
P001181,Doors,Balcony,Aluminum Balcony Door,Security Doors,Sliding,Aluminum,Medium,6823,Piece,Per_Balcony,1.0,Balcony,False
P001182,Doors,Entrance,Armored Security Door,AluDoor,Armored,Steel,High,10327,Piece,Fixed,1.0,Apartment,False
P001183,Doors,Interior,Interior MDF Door,WPC Brand,Solid,MDF,Medium,5438,Piece,Per_Room,1.0,Bedroom,False
P001184,Doors,Balcony,Aluminum Balcony Door,Security Doors,Sliding,Aluminum,Medium,7451,Piece,Per_Balcony,1.0,Balcony,False
P001185,Doors,Entrance,Armored Security Door,Security Doors,Armored,Steel,Medium,9692,Piece,Fixed,1.0,Apartment,False
P001186,Doors,Entrance,Armored Security Door,WPC Brand,Armored,Steel,High,11396,Piece,Fixed,1.0,Apartment,False
P001187,Doors,Balcony,Aluminum Balcony Door,DoorTech,Sliding,Aluminum,Low,5066,Piece,Per_Balcony,1.0,Balcony,False
P001188,Doors,Interior,Interior MDF Door,AluDoor,Solid,MDF,Low,5271,Piece,Per_Room,1.0,Bedroom,False
P001189,Doors,Entrance,Armored Security Door,WoodCraft,Armored,Steel,Medium,9609,Piece,Fixed,1.0,Apartment,False
P001190,Doors,Entrance,Armored Security Door,AluDoor,Armored,Steel,High,13772,Piece,Fixed,1.0,Apartment,False
P001191,Doors,Balcony,Aluminum Balcony Door,WoodCraft,Sliding,Aluminum,Medium,7443,Piece,Per_Balcony,1.0,Balcony,False
P001192,Doors,Interior,Interior MDF Door,AluDoor,Solid,MDF,Low,4991,Piece,Per_Room,1.0,Bedroom,False
P001193,Doors,Entrance,Armored Security Door,WPC Brand,Armored,Steel,High,11594,Piece,Fixed,1.0,Apartment,False
P001194,Doors,Balcony,Aluminum Balcony Door,WoodCraft,Sliding,Aluminum,Medium,6746,Piece,Per_Balcony,1.0,Balcony,False
P001195,Doors,Interior,Interior MDF Door,Security Doors,Solid,MDF,Low,4353,Piece,Per_Room,1.0,Bedroom,False
P001196,Doors,Balcony,Aluminum Balcony Door,Security Doors,Sliding,Aluminum,Medium,7276,Piece,Per_Balcony,1.0,Balcony,False
P001197,Doors,Entrance,Armored Security Door,AluDoor,Armored,Steel,High,14087,Piece,Fixed,1.0,Apartment,False
P001198,Doors,Balcony,Aluminum Balcony Door,WPC Brand,Sliding,Aluminum,Medium,6531,Piece,Per_Balcony,1.0,Balcony,False
P001199,Doors,Interior,Interior MDF Door,WPC Brand,Solid,MDF,Medium,5344,Piece,Per_Room,1.0,Bedroom,False
P001200,Doors,Interior,Interior MDF Door,DoorTech,Solid,MDF,Low,4469,Piece,Per_Room,1.0,Bedroom,False
P001201,Doors,Interior,Interior MDF Door,WoodCraft,Solid,MDF,Low,4424,Piece,Per_Room,1.0,Bedroom,False
P001202,Doors,Interior,Interior MDF Door,DoorTech,Solid,MDF,Low,4355,Piece,Per_Room,1.0,Bedroom,False
P001203,Doors,Entrance,Armored Security Door,Security Doors,Armored,Steel,High,12443,Piece,Fixed,1.0,Apartment,False
P001204,Doors,Interior,Interior MDF Door,DoorTech,Solid,MDF,Medium,5694,Piece,Per_Room,1.0,Bedroom,False
P001205,Doors,Interior,Interior MDF Door,AluDoor,Solid,MDF,Low,3700,Piece,Per_Room,1.0,Bedroom,False
P001206,Doors,Entrance,Armored Security Door,WPC Brand,Armored,Steel,High,10161,Piece,Fixed,1.0,Apartment,False
P001207,Doors,Entrance,Armored Security Door,Security Doors,Armored,Steel,High,11797,Piece,Fixed,1.0,Apartment,False
P001208,Doors,Balcony,Aluminum Balcony Door,DoorTech,Sliding,Aluminum,Low,4522,Piece,Per_Balcony,1.0,Balcony,False
P001209,Doors,Balcony,Aluminum Balcony Door,DoorTech,Sliding,Aluminum,Medium,7251,Piece,Per_Balcony,1.0,Balcony,False
P001210,Doors,Balcony,Aluminum Balcony Door,DoorTech,Sliding,Aluminum,Medium,6363,Piece,Per_Balcony,1.0,Balcony,False
P001211,Doors,Interior,Interior MDF Door,AluDoor,Solid,MDF,Low,5265,Piece,Per_Room,1.0,Bedroom,False
P001212,Doors,Interior,Interior MDF Door,AluDoor,Solid,MDF,Low,4731,Piece,Per_Room,1.0,Bedroom,False
P001213,Doors,Interior,Interior MDF Door,AluDoor,Solid,MDF,Low,5266,Piece,Per_Room,1.0,Bedroom,False
P001214,Doors,Entrance,Armored Security Door,WPC Brand,Armored,Steel,High,11689,Piece,Fixed,1.0,Apartment,False
P001215,Doors,Balcony,Aluminum Balcony Door,DoorTech,Sliding,Aluminum,Medium,5571,Piece,Per_Balcony,1.0,Balcony,False
P001216,Doors,Interior,Interior MDF Door,DoorTech,Solid,MDF,Low,4433,Piece,Per_Room,1.0,Bedroom,False
P001217,Doors,Interior,Interior MDF Door,WPC Brand,Solid,MDF,Low,3933,Piece,Per_Room,1.0,Bedroom,False
P001218,Doors,Balcony,Aluminum Balcony Door,DoorTech,Sliding,Aluminum,Medium,5444,Piece,Per_Balcony,1.0,Balcony,False
P001219,Doors,Interior,Interior MDF Door,DoorTech,Solid,MDF,Low,3693,Piece,Per_Room,1.0,Bedroom,False
P001220,Doors,Balcony,Aluminum Balcony Door,AluDoor,Sliding,Aluminum,Low,4743,Piece,Per_Balcony,1.0,Balcony,False
P001221,Doors,Interior,Interior MDF Door,Security Doors,Solid,MDF,Low,4385,Piece,Per_Room,1.0,Bedroom,False
P001222,Doors,Interior,Interior MDF Door,WoodCraft,Solid,MDF,Low,3503,Piece,Per_Room,1.0,Bedroom,False
P001223,Doors,Interior,Interior MDF Door,AluDoor,Solid,MDF,Low,4785,Piece,Per_Room,1.0,Bedroom,False
P001224,Doors,Interior,Interior MDF Door,WoodCraft,Solid,MDF,Low,4945,Piece,Per_Room,1.0,Bedroom,False
P001225,Doors,Interior,Interior MDF Door,WPC Brand,Solid,MDF,Medium,5562,Piece,Per_Room,1.0,Bedroom,False
P001226,Doors,Entrance,Armored Security Door,WPC Brand,Armored,Steel,High,9861,Piece,Fixed,1.0,Apartment,False
P001227,Doors,Entrance,Armored Security Door,Security Doors,Armored,Steel,High,12749,Piece,Fixed,1.0,Apartment,False
P001228,Doors,Entrance,Armored Security Door,WPC Brand,Armored,Steel,High,13647,Piece,Fixed,1.0,Apartment,False
P001229,Doors,Interior,Interior MDF Door,WPC Brand,Solid,MDF,Low,5066,Piece,Per_Room,1.0,Bedroom,False
P001230,Doors,Balcony,Aluminum Balcony Door,WoodCraft,Sliding,Aluminum,Low,4693,Piece,Per_Balcony,1.0,Balcony,False
P001231,Doors,Entrance,Armored Security Door,AluDoor,Armored,Steel,High,12464,Piece,Fixed,1.0,Apartment,False
P001232,Doors,Interior,Interior MDF Door,AluDoor,Solid,MDF,Low,4692,Piece,Per_Room,1.0,Bedroom,False
P001233,Doors,Interior,Interior MDF Door,AluDoor,Solid,MDF,Low,3631,Piece,Per_Room,1.0,Bedroom,False
P001234,Doors,Interior,Interior MDF Door,DoorTech,Solid,MDF,Low,4599,Piece,Per_Room,1.0,Bedroom,False
P001235,Doors,Balcony,Aluminum Balcony Door,Security Doors,Sliding,Aluminum,Medium,6610,Piece,Per_Balcony,1.0,Balcony,False
P001236,Doors,Entrance,Armored Security Door,Security Doors,Armored,Steel,High,11540,Piece,Fixed,1.0,Apartment,False
P001237,Doors,Balcony,Aluminum Balcony Door,WoodCraft,Sliding,Aluminum,Low,4786,Piece,Per_Balcony,1.0,Balcony,False
P001238,Doors,Interior,Interior MDF Door,WPC Brand,Solid,MDF,Low,4222,Piece,Per_Room,1.0,Bedroom,False
P001239,Doors,Interior,Interior MDF Door,WoodCraft,Solid,MDF,Low,4640,Piece,Per_Room,1.0,Bedroom,False
P001240,Doors,Entrance,Armored Security Door,Security Doors,Armored,Steel,Medium,9596,Piece,Fixed,1.0,Apartment,False
P001241,Doors,Entrance,Armored Security Door,DoorTech,Armored,Steel,High,12156,Piece,Fixed,1.0,Apartment,False
P001242,Doors,Balcony,Aluminum Balcony Door,WPC Brand,Sliding,Aluminum,Medium,5496,Piece,Per_Balcony,1.0,Balcony,False
P001243,Doors,Entrance,Armored Security Door,WPC Brand,Armored,Steel,High,13519,Piece,Fixed,1.0,Apartment,False
P001244,Doors,Balcony,Aluminum Balcony Door,Security Doors,Sliding,Aluminum,Medium,5538,Piece,Per_Balcony,1.0,Balcony,False
P001245,Doors,Entrance,Armored Security Door,WPC Brand,Armored,Steel,High,14264,Piece,Fixed,1.0,Apartment,False
P001246,Doors,Entrance,Armored Security Door,Security Doors,Armored,Steel,High,11855,Piece,Fixed,1.0,Apartment,False
P001247,Doors,Balcony,Aluminum Balcony Door,WoodCraft,Sliding,Aluminum,Low,5184,Piece,Per_Balcony,1.0,Balcony,False
P001248,Doors,Interior,Interior MDF Door,DoorTech,Solid,MDF,Low,4292,Piece,Per_Room,1.0,Bedroom,False
P001249,Doors,Balcony,Aluminum Balcony Door,Security Doors,Sliding,Aluminum,Medium,6464,Piece,Per_Balcony,1.0,Balcony,False
P001250,Doors,Balcony,Aluminum Balcony Door,WoodCraft,Sliding,Aluminum,Medium,6430,Piece,Per_Balcony,1.0,Balcony,False
P001251,Doors,Balcony,Aluminum Balcony Door,DoorTech,Sliding,Aluminum,Medium,7498,Piece,Per_Balcony,1.0,Balcony,False
P001252,Doors,Interior,Interior MDF Door,Security Doors,Solid,MDF,Low,5258,Piece,Per_Room,1.0,Bedroom,False
P001253,Doors,Interior,Interior MDF Door,AluDoor,Solid,MDF,Low,4689,Piece,Per_Room,1.0,Bedroom,False
P001254,Doors,Interior,Interior MDF Door,AluDoor,Solid,MDF,Low,3415,Piece,Per_Room,1.0,Bedroom,False
P001255,Doors,Entrance,Armored Security Door,AluDoor,Armored,Steel,High,12698,Piece,Fixed,1.0,Apartment,False
P001256,Doors,Entrance,Armored Security Door,WPC Brand,Armored,Steel,High,13805,Piece,Fixed,1.0,Apartment,False
P001257,Doors,Balcony,Aluminum Balcony Door,WoodCraft,Sliding,Aluminum,Medium,6629,Piece,Per_Balcony,1.0,Balcony,False
P001258,Doors,Entrance,Armored Security Door,WoodCraft,Armored,Steel,High,11354,Piece,Fixed,1.0,Apartment,False
P001259,Doors,Balcony,Aluminum Balcony Door,AluDoor,Sliding,Aluminum,Medium,6164,Piece,Per_Balcony,1.0,Balcony,False
P001260,Doors,Entrance,Armored Security Door,DoorTech,Armored,Steel,High,10084,Piece,Fixed,1.0,Apartment,False
P001261,Doors,Balcony,Aluminum Balcony Door,AluDoor,Sliding,Aluminum,Medium,6083,Piece,Per_Balcony,1.0,Balcony,False
P001262,Doors,Balcony,Aluminum Balcony Door,Security Doors,Sliding,Aluminum,Low,5259,Piece,Per_Balcony,1.0,Balcony,False
P001263,Doors,Interior,Interior MDF Door,AluDoor,Solid,MDF,Low,5285,Piece,Per_Room,1.0,Bedroom,False
P001264,Doors,Entrance,Armored Security Door,WoodCraft,Armored,Steel,High,10404,Piece,Fixed,1.0,Apartment,False
P001265,Doors,Entrance,Armored Security Door,DoorTech,Armored,Steel,High,13652,Piece,Fixed,1.0,Apartment,False
P001266,Doors,Entrance,Armored Security Door,AluDoor,Armored,Steel,High,10102,Piece,Fixed,1.0,Apartment,False
P001267,Doors,Balcony,Aluminum Balcony Door,Security Doors,Sliding,Aluminum,Medium,5353,Piece,Per_Balcony,1.0,Balcony,False
P001268,Doors,Balcony,Aluminum Balcony Door,DoorTech,Sliding,Aluminum,Medium,7293,Piece,Per_Balcony,1.0,Balcony,False
P001269,Doors,Interior,Interior MDF Door,AluDoor,Solid,MDF,Low,3742,Piece,Per_Room,1.0,Bedroom,False
P001270,Doors,Entrance,Armored Security Door,Security Doors,Armored,Steel,High,11149,Piece,Fixed,1.0,Apartment,False
P001271,Doors,Entrance,Armored Security Door,AluDoor,Armored,Steel,High,14137,Piece,Fixed,1.0,Apartment,False
P001272,Doors,Balcony,Aluminum Balcony Door,AluDoor,Sliding,Aluminum,Low,4820,Piece,Per_Balcony,1.0,Balcony,False
P001273,Doors,Balcony,Aluminum Balcony Door,WoodCraft,Sliding,Aluminum,Medium,6185,Piece,Per_Balcony,1.0,Balcony,False
P001274,Doors,Entrance,Armored Security Door,Security Doors,Armored,Steel,High,12075,Piece,Fixed,1.0,Apartment,False
P001275,Doors,Balcony,Aluminum Balcony Door,WPC Brand,Sliding,Aluminum,Low,4862,Piece,Per_Balcony,1.0,Balcony,False
P001276,Doors,Interior,Interior MDF Door,WPC Brand,Solid,MDF,Low,3278,Piece,Per_Room,1.0,Bedroom,False
P001277,Doors,Entrance,Armored Security Door,AluDoor,Armored,Steel,High,13541,Piece,Fixed,1.0,Apartment,False
P001278,Doors,Balcony,Aluminum Balcony Door,AluDoor,Sliding,Aluminum,Medium,5749,Piece,Per_Balcony,1.0,Balcony,False
P001279,Doors,Interior,Interior MDF Door,WPC Brand,Solid,MDF,Low,4161,Piece,Per_Room,1.0,Bedroom,False
P001280,Doors,Entrance,Armored Security Door,AluDoor,Armored,Steel,High,12775,Piece,Fixed,1.0,Apartment,False
P001281,Doors,Interior,Interior MDF Door,AluDoor,Solid,MDF,Medium,5695,Piece,Per_Room,1.0,Bedroom,False
P001282,Doors,Balcony,Aluminum Balcony Door,WoodCraft,Sliding,Aluminum,Medium,5993,Piece,Per_Balcony,1.0,Balcony,False
P001283,Doors,Interior,Interior MDF Door,WoodCraft,Solid,MDF,Low,3403,Piece,Per_Room,1.0,Bedroom,False
P001284,Doors,Entrance,Armored Security Door,AluDoor,Armored,Steel,High,12861,Piece,Fixed,1.0,Apartment,False
P001285,Doors,Balcony,Aluminum Balcony Door,WPC Brand,Sliding,Aluminum,Medium,6092,Piece,Per_Balcony,1.0,Balcony,False
P001286,Doors,Entrance,Armored Security Door,DoorTech,Armored,Steel,High,10326,Piece,Fixed,1.0,Apartment,False
P001287,Doors,Entrance,Armored Security Door,WPC Brand,Armored,Steel,High,14033,Piece,Fixed,1.0,Apartment,False
P001288,Doors,Balcony,Aluminum Balcony Door,WPC Brand,Sliding,Aluminum,Low,4719,Piece,Per_Balcony,1.0,Balcony,False
P001289,Doors,Balcony,Aluminum Balcony Door,WPC Brand,Sliding,Aluminum,Medium,5750,Piece,Per_Balcony,1.0,Balcony,False
P001290,Doors,Balcony,Aluminum Balcony Door,DoorTech,Sliding,Aluminum,Low,4695,Piece,Per_Balcony,1.0,Balcony,False
P001291,Doors,Interior,Interior MDF Door,AluDoor,Solid,MDF,Low,3846,Piece,Per_Room,1.0,Bedroom,False
P001292,Doors,Interior,Interior MDF Door,WoodCraft,Solid,MDF,Low,3365,Piece,Per_Room,1.0,Bedroom,False
P001293,Doors,Entrance,Armored Security Door,WPC Brand,Armored,Steel,High,10503,Piece,Fixed,1.0,Apartment,False
P001294,Doors,Interior,Interior MDF Door,DoorTech,Solid,MDF,Medium,5614,Piece,Per_Room,1.0,Bedroom,False
P001295,Doors,Entrance,Armored Security Door,Security Doors,Armored,Steel,High,9973,Piece,Fixed,1.0,Apartment,False
P001296,Doors,Entrance,Armored Security Door,WoodCraft,Armored,Steel,High,13020,Piece,Fixed,1.0,Apartment,False
P001297,Doors,Balcony,Aluminum Balcony Door,WoodCraft,Sliding,Aluminum,Medium,5955,Piece,Per_Balcony,1.0,Balcony,False
P001298,Doors,Balcony,Aluminum Balcony Door,WPC Brand,Sliding,Aluminum,Medium,7268,Piece,Per_Balcony,1.0,Balcony,False
P001299,Doors,Entrance,Armored Security Door,WPC Brand,Armored,Steel,High,13595,Piece,Fixed,1.0,Apartment,False
P001300,Doors,Balcony,Aluminum Balcony Door,DoorTech,Sliding,Aluminum,Medium,6982,Piece,Per_Balcony,1.0,Balcony,False
P001301,Doors,Interior,Interior MDF Door,DoorTech,Solid,MDF,Low,5209,Piece,Per_Room,1.0,Bedroom,False
P001302,Doors,Balcony,Aluminum Balcony Door,WoodCraft,Sliding,Aluminum,Medium,6012,Piece,Per_Balcony,1.0,Balcony,False
P001303,Doors,Balcony,Aluminum Balcony Door,AluDoor,Sliding,Aluminum,Low,5034,Piece,Per_Balcony,1.0,Balcony,False
P001304,Doors,Interior,Interior MDF Door,AluDoor,Solid,MDF,Low,3991,Piece,Per_Room,1.0,Bedroom,False
P001305,Doors,Interior,Interior MDF Door,Security Doors,Solid,MDF,Medium,5776,Piece,Per_Room,1.0,Bedroom,False
P001306,Doors,Interior,Interior MDF Door,WPC Brand,Solid,MDF,Low,5155,Piece,Per_Room,1.0,Bedroom,False
P001307,Doors,Entrance,Armored Security Door,WPC Brand,Armored,Steel,High,14485,Piece,Fixed,1.0,Apartment,False
P001308,Doors,Interior,Interior MDF Door,Security Doors,Solid,MDF,Low,3600,Piece,Per_Room,1.0,Bedroom,False
P001309,Doors,Balcony,Aluminum Balcony Door,WoodCraft,Sliding,Aluminum,Medium,7300,Piece,Per_Balcony,1.0,Balcony,False
P001310,Doors,Entrance,Armored Security Door,AluDoor,Armored,Steel,High,11139,Piece,Fixed,1.0,Apartment,False
P001311,Doors,Interior,Interior MDF Door,WoodCraft,Solid,MDF,Low,4010,Piece,Per_Room,1.0,Bedroom,False
P001312,Doors,Interior,Interior MDF Door,WoodCraft,Solid,MDF,Low,4237,Piece,Per_Room,1.0,Bedroom,False
P001313,Doors,Interior,Interior MDF Door,Security Doors,Solid,MDF,Low,4386,Piece,Per_Room,1.0,Bedroom,False
P001314,Doors,Balcony,Aluminum Balcony Door,WoodCraft,Sliding,Aluminum,Low,4862,Piece,Per_Balcony,1.0,Balcony,False
P001315,Doors,Balcony,Aluminum Balcony Door,Security Doors,Sliding,Aluminum,Medium,6114,Piece,Per_Balcony,1.0,Balcony,False
P001316,Doors,Balcony,Aluminum Balcony Door,Security Doors,Sliding,Aluminum,Medium,5835,Piece,Per_Balcony,1.0,Balcony,False
P001317,Doors,Interior,Interior MDF Door,AluDoor,Solid,MDF,Low,4112,Piece,Per_Room,1.0,Bedroom,False
P001318,Doors,Balcony,Aluminum Balcony Door,WPC Brand,Sliding,Aluminum,Medium,6577,Piece,Per_Balcony,1.0,Balcony,False
P001319,Doors,Balcony,Aluminum Balcony Door,Security Doors,Sliding,Aluminum,Low,4997,Piece,Per_Balcony,1.0,Balcony,False
P001320,Doors,Interior,Interior MDF Door,WoodCraft,Solid,MDF,Low,4354,Piece,Per_Room,1.0,Bedroom,False
P001321,Doors,Interior,Interior MDF Door,Security Doors,Solid,MDF,Medium,5551,Piece,Per_Room,1.0,Bedroom,False
P001322,Doors,Interior,Interior MDF Door,WPC Brand,Solid,MDF,Low,3917,Piece,Per_Room,1.0,Bedroom,False
P001323,Doors,Balcony,Aluminum Balcony Door,AluDoor,Sliding,Aluminum,Medium,6231,Piece,Per_Balcony,1.0,Balcony,False
P001324,Doors,Entrance,Armored Security Door,DoorTech,Armored,Steel,High,14228,Piece,Fixed,1.0,Apartment,False
P001325,Doors,Interior,Interior MDF Door,WoodCraft,Solid,MDF,Medium,5636,Piece,Per_Room,1.0,Bedroom,False
P001326,Doors,Balcony,Aluminum Balcony Door,WoodCraft,Sliding,Aluminum,Medium,5883,Piece,Per_Balcony,1.0,Balcony,False
P001327,Doors,Balcony,Aluminum Balcony Door,WPC Brand,Sliding,Aluminum,Low,4905,Piece,Per_Balcony,1.0,Balcony,False
P001328,Doors,Balcony,Aluminum Balcony Door,DoorTech,Sliding,Aluminum,Medium,7352,Piece,Per_Balcony,1.0,Balcony,False
P001329,Doors,Entrance,Armored Security Door,WPC Brand,Armored,Steel,High,9871,Piece,Fixed,1.0,Apartment,False
P001330,Doors,Entrance,Armored Security Door,DoorTech,Armored,Steel,High,13910,Piece,Fixed,1.0,Apartment,False
P001331,Doors,Interior,Interior MDF Door,AluDoor,Solid,MDF,Low,3536,Piece,Per_Room,1.0,Bedroom,False
P001332,Doors,Entrance,Armored Security Door,AluDoor,Armored,Steel,High,11516,Piece,Fixed,1.0,Apartment,False
P001333,Doors,Interior,Interior MDF Door,WPC Brand,Solid,MDF,Low,5123,Piece,Per_Room,1.0,Bedroom,False
P001334,Doors,Entrance,Armored Security Door,WoodCraft,Armored,Steel,High,13015,Piece,Fixed,1.0,Apartment,False
P001335,Doors,Balcony,Aluminum Balcony Door,DoorTech,Sliding,Aluminum,Medium,6850,Piece,Per_Balcony,1.0,Balcony,False
P001336,Doors,Entrance,Armored Security Door,WoodCraft,Armored,Steel,High,13212,Piece,Fixed,1.0,Apartment,False
P001337,Doors,Balcony,Aluminum Balcony Door,Security Doors,Sliding,Aluminum,Medium,7077,Piece,Per_Balcony,1.0,Balcony,False
P001338,Doors,Entrance,Armored Security Door,DoorTech,Armored,Steel,High,11275,Piece,Fixed,1.0,Apartment,False
P001339,Doors,Interior,Interior MDF Door,Security Doors,Solid,MDF,Medium,5338,Piece,Per_Room,1.0,Bedroom,False
P001340,Doors,Entrance,Armored Security Door,DoorTech,Armored,Steel,High,13234,Piece,Fixed,1.0,Apartment,False
P001341,Doors,Entrance,Armored Security Door,WoodCraft,Armored,Steel,High,10922,Piece,Fixed,1.0,Apartment,False
P001342,Doors,Interior,Interior MDF Door,AluDoor,Solid,MDF,Low,3326,Piece,Per_Room,1.0,Bedroom,False
P001343,Doors,Entrance,Armored Security Door,AluDoor,Armored,Steel,High,14064,Piece,Fixed,1.0,Apartment,False
P001344,Doors,Entrance,Armored Security Door,AluDoor,Armored,Steel,High,10096,Piece,Fixed,1.0,Apartment,False
P001345,Doors,Entrance,Armored Security Door,Security Doors,Armored,Steel,High,12952,Piece,Fixed,1.0,Apartment,False
P001346,Doors,Interior,Interior MDF Door,Security Doors,Solid,MDF,Low,5009,Piece,Per_Room,1.0,Bedroom,False
P001347,Doors,Entrance,Armored Security Door,Security Doors,Armored,Steel,High,14430,Piece,Fixed,1.0,Apartment,False
P001348,Doors,Interior,Interior MDF Door,AluDoor,Solid,MDF,Low,3378,Piece,Per_Room,1.0,Bedroom,False
P001349,Doors,Entrance,Armored Security Door,AluDoor,Armored,Steel,High,11680,Piece,Fixed,1.0,Apartment,False
P001350,Doors,Balcony,Aluminum Balcony Door,Security Doors,Sliding,Aluminum,Medium,6877,Piece,Per_Balcony,1.0,Balcony,False
P001351,Doors,Entrance,Armored Security Door,WoodCraft,Armored,Steel,Medium,9554,Piece,Fixed,1.0,Apartment,False
P001352,Doors,Entrance,Armored Security Door,DoorTech,Armored,Steel,High,12612,Piece,Fixed,1.0,Apartment,False
P001353,Doors,Entrance,Armored Security Door,AluDoor,Armored,Steel,High,14348,Piece,Fixed,1.0,Apartment,False
P001354,Doors,Entrance,Armored Security Door,WoodCraft,Armored,Steel,High,12574,Piece,Fixed,1.0,Apartment,False
P001355,Doors,Balcony,Aluminum Balcony Door,WoodCraft,Sliding,Aluminum,Medium,6149,Piece,Per_Balcony,1.0,Balcony,False
P001356,Doors,Interior,Interior MDF Door,WoodCraft,Solid,MDF,Low,3243,Piece,Per_Room,1.0,Bedroom,False
P001357,Doors,Balcony,Aluminum Balcony Door,WPC Brand,Sliding,Aluminum,Medium,5884,Piece,Per_Balcony,1.0,Balcony,False
P001358,Doors,Balcony,Aluminum Balcony Door,Security Doors,Sliding,Aluminum,Medium,7419,Piece,Per_Balcony,1.0,Balcony,False
P001359,Doors,Entrance,Armored Security Door,WoodCraft,Armored,Steel,High,12845,Piece,Fixed,1.0,Apartment,False
P001360,Doors,Interior,Interior MDF Door,Security Doors,Solid,MDF,Low,5290,Piece,Per_Room,1.0,Bedroom,False
P001361,Doors,Entrance,Armored Security Door,Security Doors,Armored,Steel,High,14355,Piece,Fixed,1.0,Apartment,False
P001362,Doors,Entrance,Armored Security Door,WoodCraft,Armored,Steel,High,13573,Piece,Fixed,1.0,Apartment,False
P001363,Doors,Interior,Interior MDF Door,AluDoor,Solid,MDF,Low,4180,Piece,Per_Room,1.0,Bedroom,False
P001364,Doors,Entrance,Armored Security Door,DoorTech,Armored,Steel,High,11312,Piece,Fixed,1.0,Apartment,False
P001365,Doors,Entrance,Armored Security Door,WoodCraft,Armored,Steel,High,13739,Piece,Fixed,1.0,Apartment,False
P001366,Doors,Entrance,Armored Security Door,WPC Brand,Armored,Steel,High,10079,Piece,Fixed,1.0,Apartment,False
P001367,Doors,Entrance,Armored Security Door,WoodCraft,Armored,Steel,High,12238,Piece,Fixed,1.0,Apartment,False
P001368,Doors,Interior,Interior MDF Door,AluDoor,Solid,MDF,Low,3732,Piece,Per_Room,1.0,Bedroom,False
P001369,Doors,Balcony,Aluminum Balcony Door,AluDoor,Sliding,Aluminum,Medium,7109,Piece,Per_Balcony,1.0,Balcony,False
P001370,Doors,Balcony,Aluminum Balcony Door,AluDoor,Sliding,Aluminum,Medium,6880,Piece,Per_Balcony,1.0,Balcony,False
P001371,Doors,Balcony,Aluminum Balcony Door,WoodCraft,Sliding,Aluminum,Low,5304,Piece,Per_Balcony,1.0,Balcony,False
P001372,Doors,Entrance,Armored Security Door,AluDoor,Armored,Steel,High,10719,Piece,Fixed,1.0,Apartment,False
P001373,Doors,Entrance,Armored Security Door,WoodCraft,Armored,Steel,High,11461,Piece,Fixed,1.0,Apartment,False
P001374,Doors,Interior,Interior MDF Door,DoorTech,Solid,MDF,Low,5214,Piece,Per_Room,1.0,Bedroom,False
P001375,Doors,Entrance,Armored Security Door,WPC Brand,Armored,Steel,High,13105,Piece,Fixed,1.0,Apartment,False
P001376,Doors,Entrance,Armored Security Door,Security Doors,Armored,Steel,High,12334,Piece,Fixed,1.0,Apartment,False
P001377,Doors,Entrance,Armored Security Door,Security Doors,Armored,Steel,High,10223,Piece,Fixed,1.0,Apartment,False
P001378,Doors,Entrance,Armored Security Door,AluDoor,Armored,Steel,High,9791,Piece,Fixed,1.0,Apartment,False
P001379,Doors,Interior,Interior MDF Door,WPC Brand,Solid,MDF,Low,3235,Piece,Per_Room,1.0,Bedroom,False
P001380,Doors,Entrance,Armored Security Door,AluDoor,Armored,Steel,High,11966,Piece,Fixed,1.0,Apartment,False
P001381,Doors,Entrance,Armored Security Door,DoorTech,Armored,Steel,High,14095,Piece,Fixed,1.0,Apartment,False
P001382,Doors,Interior,Interior MDF Door,AluDoor,Solid,MDF,Low,4547,Piece,Per_Room,1.0,Bedroom,False
P001383,Doors,Balcony,Aluminum Balcony Door,WPC Brand,Sliding,Aluminum,Medium,5982,Piece,Per_Balcony,1.0,Balcony,False
P001384,Doors,Entrance,Armored Security Door,AluDoor,Armored,Steel,High,10794,Piece,Fixed,1.0,Apartment,False
P001385,Doors,Balcony,Aluminum Balcony Door,Security Doors,Sliding,Aluminum,Medium,5416,Piece,Per_Balcony,1.0,Balcony,False
P001386,Doors,Entrance,Armored Security Door,DoorTech,Armored,Steel,High,10305,Piece,Fixed,1.0,Apartment,False
P001387,Doors,Balcony,Aluminum Balcony Door,DoorTech,Sliding,Aluminum,Medium,6349,Piece,Per_Balcony,1.0,Balcony,False
P001388,Doors,Interior,Interior MDF Door,DoorTech,Solid,MDF,Low,4275,Piece,Per_Room,1.0,Bedroom,False
P001389,Doors,Entrance,Armored Security Door,DoorTech,Armored,Steel,High,11644,Piece,Fixed,1.0,Apartment,False
P001390,Doors,Interior,Interior MDF Door,WPC Brand,Solid,MDF,Low,4193,Piece,Per_Room,1.0,Bedroom,False
P001391,Doors,Balcony,Aluminum Balcony Door,WPC Brand,Sliding,Aluminum,Medium,5770,Piece,Per_Balcony,1.0,Balcony,False
P001392,Doors,Entrance,Armored Security Door,WoodCraft,Armored,Steel,High,10412,Piece,Fixed,1.0,Apartment,False
P001393,Doors,Interior,Interior MDF Door,DoorTech,Solid,MDF,Low,3408,Piece,Per_Room,1.0,Bedroom,False
P001394,Doors,Interior,Interior MDF Door,WoodCraft,Solid,MDF,Low,4064,Piece,Per_Room,1.0,Bedroom,False
P001395,Doors,Entrance,Armored Security Door,AluDoor,Armored,Steel,High,14422,Piece,Fixed,1.0,Apartment,False
P001396,Doors,Balcony,Aluminum Balcony Door,WoodCraft,Sliding,Aluminum,Medium,6713,Piece,Per_Balcony,1.0,Balcony,False
P001397,Doors,Entrance,Armored Security Door,WPC Brand,Armored,Steel,High,13820,Piece,Fixed,1.0,Apartment,False
P001398,Doors,Entrance,Armored Security Door,WoodCraft,Armored,Steel,High,11961,Piece,Fixed,1.0,Apartment,False
P001399,Doors,Interior,Interior MDF Door,AluDoor,Solid,MDF,Medium,5522,Piece,Per_Room,1.0,Bedroom,False
P001400,Doors,Balcony,Aluminum Balcony Door,Security Doors,Sliding,Aluminum,Medium,7448,Piece,Per_Balcony,1.0,Balcony,False
P001401,Doors,Interior,Interior MDF Door,WPC Brand,Solid,MDF,Low,3952,Piece,Per_Room,1.0,Bedroom,False
P001402,Doors,Interior,Interior MDF Door,DoorTech,Solid,MDF,Low,3412,Piece,Per_Room,1.0,Bedroom,False
P001403,Doors,Entrance,Armored Security Door,Security Doors,Armored,Steel,High,12975,Piece,Fixed,1.0,Apartment,False
P001404,Doors,Balcony,Aluminum Balcony Door,WPC Brand,Sliding,Aluminum,Low,5113,Piece,Per_Balcony,1.0,Balcony,False
P001405,Doors,Entrance,Armored Security Door,AluDoor,Armored,Steel,High,9986,Piece,Fixed,1.0,Apartment,False
P001406,Doors,Interior,Interior MDF Door,WPC Brand,Solid,MDF,Low,4311,Piece,Per_Room,1.0,Bedroom,False
P001407,Doors,Balcony,Aluminum Balcony Door,AluDoor,Sliding,Aluminum,Medium,6527,Piece,Per_Balcony,1.0,Balcony,False
P001408,Doors,Balcony,Aluminum Balcony Door,WoodCraft,Sliding,Aluminum,Medium,6850,Piece,Per_Balcony,1.0,Balcony,False
P001409,Doors,Balcony,Aluminum Balcony Door,Security Doors,Sliding,Aluminum,Medium,7037,Piece,Per_Balcony,1.0,Balcony,False
P001410,Doors,Entrance,Armored Security Door,AluDoor,Armored,Steel,High,10505,Piece,Fixed,1.0,Apartment,False
P001411,Doors,Balcony,Aluminum Balcony Door,WPC Brand,Sliding,Aluminum,Medium,5595,Piece,Per_Balcony,1.0,Balcony,False
P001412,Doors,Interior,Interior MDF Door,WPC Brand,Solid,MDF,Low,4645,Piece,Per_Room,1.0,Bedroom,False
P001413,Doors,Balcony,Aluminum Balcony Door,DoorTech,Sliding,Aluminum,Medium,5727,Piece,Per_Balcony,1.0,Balcony,False
P001414,Doors,Interior,Interior MDF Door,WPC Brand,Solid,MDF,Low,3509,Piece,Per_Room,1.0,Bedroom,False
P001415,Doors,Balcony,Aluminum Balcony Door,AluDoor,Sliding,Aluminum,Medium,7283,Piece,Per_Balcony,1.0,Balcony,False
P001416,Doors,Balcony,Aluminum Balcony Door,Security Doors,Sliding,Aluminum,Medium,6953,Piece,Per_Balcony,1.0,Balcony,False
P001417,Doors,Entrance,Armored Security Door,DoorTech,Armored,Steel,High,9772,Piece,Fixed,1.0,Apartment,False
P001418,Doors,Entrance,Armored Security Door,Security Doors,Armored,Steel,Medium,9770,Piece,Fixed,1.0,Apartment,False
P001419,Doors,Entrance,Armored Security Door,DoorTech,Armored,Steel,High,14188,Piece,Fixed,1.0,Apartment,False
P001420,Doors,Interior,Interior MDF Door,WoodCraft,Solid,MDF,Low,4220,Piece,Per_Room,1.0,Bedroom,False
P001421,Doors,Entrance,Armored Security Door,Security Doors,Armored,Steel,Medium,9756,Piece,Fixed,1.0,Apartment,False
P001422,Doors,Balcony,Aluminum Balcony Door,WoodCraft,Sliding,Aluminum,Medium,5835,Piece,Per_Balcony,1.0,Balcony,False
P001423,Doors,Balcony,Aluminum Balcony Door,WoodCraft,Sliding,Aluminum,Medium,5948,Piece,Per_Balcony,1.0,Balcony,False
P001424,Doors,Balcony,Aluminum Balcony Door,WPC Brand,Sliding,Aluminum,Medium,6105,Piece,Per_Balcony,1.0,Balcony,False
P001425,Doors,Balcony,Aluminum Balcony Door,DoorTech,Sliding,Aluminum,Medium,6569,Piece,Per_Balcony,1.0,Balcony,False
P001426,Doors,Entrance,Armored Security Door,WoodCraft,Armored,Steel,High,11644,Piece,Fixed,1.0,Apartment,False
P001427,Doors,Interior,Interior MDF Door,DoorTech,Solid,MDF,Low,3284,Piece,Per_Room,1.0,Bedroom,False
P001428,Doors,Interior,Interior MDF Door,Security Doors,Solid,MDF,Medium,5721,Piece,Per_Room,1.0,Bedroom,False
P001429,Doors,Entrance,Armored Security Door,WoodCraft,Armored,Steel,High,14364,Piece,Fixed,1.0,Apartment,False
P001430,Doors,Entrance,Armored Security Door,WoodCraft,Armored,Steel,High,11053,Piece,Fixed,1.0,Apartment,False
P001431,Doors,Entrance,Armored Security Door,WPC Brand,Armored,Steel,High,10032,Piece,Fixed,1.0,Apartment,False
P001432,Doors,Entrance,Armored Security Door,Security Doors,Armored,Steel,High,11085,Piece,Fixed,1.0,Apartment,False
P001433,Doors,Interior,Interior MDF Door,Security Doors,Solid,MDF,Low,4311,Piece,Per_Room,1.0,Bedroom,False
P001434,Doors,Entrance,Armored Security Door,WoodCraft,Armored,Steel,High,13738,Piece,Fixed,1.0,Apartment,False
P001435,Doors,Balcony,Aluminum Balcony Door,Security Doors,Sliding,Aluminum,Medium,7001,Piece,Per_Balcony,1.0,Balcony,False
P001436,Doors,Entrance,Armored Security Door,Security Doors,Armored,Steel,High,11708,Piece,Fixed,1.0,Apartment,False
P001437,Doors,Interior,Interior MDF Door,AluDoor,Solid,MDF,Low,4619,Piece,Per_Room,1.0,Bedroom,False
P001438,Doors,Balcony,Aluminum Balcony Door,WoodCraft,Sliding,Aluminum,Medium,7218,Piece,Per_Balcony,1.0,Balcony,False
P001439,Doors,Entrance,Armored Security Door,WPC Brand,Armored,Steel,High,12071,Piece,Fixed,1.0,Apartment,False
P001440,Doors,Interior,Interior MDF Door,DoorTech,Solid,MDF,Low,3339,Piece,Per_Room,1.0,Bedroom,False
P001441,Doors,Interior,Interior MDF Door,WoodCraft,Solid,MDF,Low,3721,Piece,Per_Room,1.0,Bedroom,False
P001442,Doors,Entrance,Armored Security Door,AluDoor,Armored,Steel,High,13143,Piece,Fixed,1.0,Apartment,False
P001443,Doors,Entrance,Armored Security Door,AluDoor,Armored,Steel,Medium,9505,Piece,Fixed,1.0,Apartment,False
P001444,Doors,Interior,Interior MDF Door,DoorTech,Solid,MDF,Low,3320,Piece,Per_Room,1.0,Bedroom,False
P001445,Doors,Entrance,Armored Security Door,AluDoor,Armored,Steel,High,9839,Piece,Fixed,1.0,Apartment,False
P001446,Doors,Balcony,Aluminum Balcony Door,Security Doors,Sliding,Aluminum,Low,5130,Piece,Per_Balcony,1.0,Balcony,False
P001447,Doors,Interior,Interior MDF Door,WPC Brand,Solid,MDF,Low,5169,Piece,Per_Room,1.0,Bedroom,False
P001448,Doors,Balcony,Aluminum Balcony Door,Security Doors,Sliding,Aluminum,Medium,7365,Piece,Per_Balcony,1.0,Balcony,False
P001449,Doors,Interior,Interior MDF Door,WoodCraft,Solid,MDF,Low,3928,Piece,Per_Room,1.0,Bedroom,False
P001450,Doors,Entrance,Armored Security Door,Security Doors,Armored,Steel,High,13599,Piece,Fixed,1.0,Apartment,False
P001451,Doors,Entrance,Armored Security Door,AluDoor,Armored,Steel,High,12500,Piece,Fixed,1.0,Apartment,False
P001452,Doors,Interior,Interior MDF Door,DoorTech,Solid,MDF,Low,4267,Piece,Per_Room,1.0,Bedroom,False
P001453,Doors,Entrance,Armored Security Door,AluDoor,Armored,Steel,High,9949,Piece,Fixed,1.0,Apartment,False
P001454,Doors,Entrance,Armored Security Door,DoorTech,Armored,Steel,High,9953,Piece,Fixed,1.0,Apartment,False
P001455,Doors,Entrance,Armored Security Door,DoorTech,Armored,Steel,High,9853,Piece,Fixed,1.0,Apartment,False
P001456,Doors,Interior,Interior MDF Door,WPC Brand,Solid,MDF,Low,3657,Piece,Per_Room,1.0,Bedroom,False
P001457,Doors,Balcony,Aluminum Balcony Door,AluDoor,Sliding,Aluminum,Medium,6653,Piece,Per_Balcony,1.0,Balcony,False
P001458,Doors,Balcony,Aluminum Balcony Door,AluDoor,Sliding,Aluminum,Medium,6154,Piece,Per_Balcony,1.0,Balcony,False
P001459,Doors,Entrance,Armored Security Door,AluDoor,Armored,Steel,High,10957,Piece,Fixed,1.0,Apartment,False
P001460,Doors,Balcony,Aluminum Balcony Door,AluDoor,Sliding,Aluminum,Medium,5330,Piece,Per_Balcony,1.0,Balcony,False
P001461,Doors,Entrance,Armored Security Door,WoodCraft,Armored,Steel,High,10978,Piece,Fixed,1.0,Apartment,False
P001462,Doors,Balcony,Aluminum Balcony Door,AluDoor,Sliding,Aluminum,Low,4526,Piece,Per_Balcony,1.0,Balcony,False
P001463,Doors,Entrance,Armored Security Door,WoodCraft,Armored,Steel,High,13870,Piece,Fixed,1.0,Apartment,False
P001464,Doors,Entrance,Armored Security Door,WoodCraft,Armored,Steel,High,13931,Piece,Fixed,1.0,Apartment,False
P001465,Doors,Interior,Interior MDF Door,DoorTech,Solid,MDF,Medium,5409,Piece,Per_Room,1.0,Bedroom,False
P001466,Doors,Interior,Interior MDF Door,AluDoor,Solid,MDF,Low,3488,Piece,Per_Room,1.0,Bedroom,False
P001467,Doors,Balcony,Aluminum Balcony Door,AluDoor,Sliding,Aluminum,Medium,5832,Piece,Per_Balcony,1.0,Balcony,False
P001468,Doors,Entrance,Armored Security Door,AluDoor,Armored,Steel,High,13141,Piece,Fixed,1.0,Apartment,False
P001469,Doors,Interior,Interior MDF Door,Security Doors,Solid,MDF,Low,4654,Piece,Per_Room,1.0,Bedroom,False
P001470,Doors,Interior,Interior MDF Door,WoodCraft,Solid,MDF,Low,3914,Piece,Per_Room,1.0,Bedroom,False
P001471,Doors,Interior,Interior MDF Door,WPC Brand,Solid,MDF,Low,4234,Piece,Per_Room,1.0,Bedroom,False
P001472,Doors,Entrance,Armored Security Door,Security Doors,Armored,Steel,High,11123,Piece,Fixed,1.0,Apartment,False
P001473,Doors,Balcony,Aluminum Balcony Door,WPC Brand,Sliding,Aluminum,Medium,7176,Piece,Per_Balcony,1.0,Balcony,False
P001474,Doors,Entrance,Armored Security Door,DoorTech,Armored,Steel,High,12559,Piece,Fixed,1.0,Apartment,False
P001475,Doors,Balcony,Aluminum Balcony Door,Security Doors,Sliding,Aluminum,Medium,7344,Piece,Per_Balcony,1.0,Balcony,False
P001476,Doors,Balcony,Aluminum Balcony Door,WoodCraft,Sliding,Aluminum,Medium,6235,Piece,Per_Balcony,1.0,Balcony,False
P001477,Doors,Entrance,Armored Security Door,WPC Brand,Armored,Steel,High,12126,Piece,Fixed,1.0,Apartment,False
P001478,Doors,Balcony,Aluminum Balcony Door,WoodCraft,Sliding,Aluminum,Medium,5335,Piece,Per_Balcony,1.0,Balcony,False
P001479,Doors,Interior,Interior MDF Door,WoodCraft,Solid,MDF,Low,3730,Piece,Per_Room,1.0,Bedroom,False
P001480,Doors,Balcony,Aluminum Balcony Door,DoorTech,Sliding,Aluminum,Medium,5609,Piece,Per_Balcony,1.0,Balcony,False
P001481,Doors,Interior,Interior MDF Door,WoodCraft,Solid,MDF,Medium,5753,Piece,Per_Room,1.0,Bedroom,False
P001482,Doors,Balcony,Aluminum Balcony Door,AluDoor,Sliding,Aluminum,Medium,7004,Piece,Per_Balcony,1.0,Balcony,False
P001483,Doors,Balcony,Aluminum Balcony Door,WoodCraft,Sliding,Aluminum,Medium,6496,Piece,Per_Balcony,1.0,Balcony,False
P001484,Doors,Interior,Interior MDF Door,DoorTech,Solid,MDF,Low,4981,Piece,Per_Room,1.0,Bedroom,False
P001485,Doors,Entrance,Armored Security Door,WoodCraft,Armored,Steel,High,14073,Piece,Fixed,1.0,Apartment,False
P001486,Doors,Interior,Interior MDF Door,AluDoor,Solid,MDF,Low,4444,Piece,Per_Room,1.0,Bedroom,False
P001487,Doors,Balcony,Aluminum Balcony Door,DoorTech,Sliding,Aluminum,Low,4996,Piece,Per_Balcony,1.0,Balcony,False
P001488,Doors,Interior,Interior MDF Door,AluDoor,Solid,MDF,Low,3664,Piece,Per_Room,1.0,Bedroom,False
P001489,Doors,Interior,Interior MDF Door,DoorTech,Solid,MDF,Low,3872,Piece,Per_Room,1.0,Bedroom,False
P001490,Doors,Interior,Interior MDF Door,WPC Brand,Solid,MDF,Low,5053,Piece,Per_Room,1.0,Bedroom,False
P001491,Doors,Interior,Interior MDF Door,Security Doors,Solid,MDF,Low,5218,Piece,Per_Room,1.0,Bedroom,False
P001492,Doors,Entrance,Armored Security Door,WPC Brand,Armored,Steel,High,10985,Piece,Fixed,1.0,Apartment,False
P001493,Doors,Balcony,Aluminum Balcony Door,AluDoor,Sliding,Aluminum,Medium,6258,Piece,Per_Balcony,1.0,Balcony,False
P001494,Doors,Interior,Interior MDF Door,WoodCraft,Solid,MDF,Low,3750,Piece,Per_Room,1.0,Bedroom,False
P001495,Doors,Balcony,Aluminum Balcony Door,WPC Brand,Sliding,Aluminum,Medium,5993,Piece,Per_Balcony,1.0,Balcony,False
P001496,Doors,Interior,Interior MDF Door,Security Doors,Solid,MDF,Low,5098,Piece,Per_Room,1.0,Bedroom,False
P001497,Doors,Interior,Interior MDF Door,WoodCraft,Solid,MDF,Low,4199,Piece,Per_Room,1.0,Bedroom,False
P001498,Doors,Entrance,Armored Security Door,DoorTech,Armored,Steel,High,12062,Piece,Fixed,1.0,Apartment,False
P001499,Doors,Balcony,Aluminum Balcony Door,WPC Brand,Sliding,Aluminum,Low,5094,Piece,Per_Balcony,1.0,Balcony,False
P001500,Doors,Interior,Interior MDF Door,WPC Brand,Solid,MDF,Low,3811,Piece,Per_Room,1.0,Bedroom,False
P001501,Doors,Balcony,Aluminum Balcony Door,DoorTech,Sliding,Aluminum,Medium,5686,Piece,Per_Balcony,1.0,Balcony,False
P001502,Doors,Balcony,Aluminum Balcony Door,WPC Brand,Sliding,Aluminum,Medium,6874,Piece,Per_Balcony,1.0,Balcony,False
P001503,Doors,Entrance,Armored Security Door,AluDoor,Armored,Steel,High,13679,Piece,Fixed,1.0,Apartment,False
P001504,Doors,Interior,Interior MDF Door,WoodCraft,Solid,MDF,Low,3943,Piece,Per_Room,1.0,Bedroom,False
P001505,Doors,Interior,Interior MDF Door,AluDoor,Solid,MDF,Medium,5457,Piece,Per_Room,1.0,Bedroom,False
P001506,Doors,Entrance,Armored Security Door,Security Doors,Armored,Steel,High,11691,Piece,Fixed,1.0,Apartment,False
P001507,Doors,Balcony,Aluminum Balcony Door,Security Doors,Sliding,Aluminum,Medium,6882,Piece,Per_Balcony,1.0,Balcony,False
P001508,Doors,Balcony,Aluminum Balcony Door,WoodCraft,Sliding,Aluminum,Medium,5671,Piece,Per_Balcony,1.0,Balcony,False
P001509,Doors,Balcony,Aluminum Balcony Door,WPC Brand,Sliding,Aluminum,Medium,5837,Piece,Per_Balcony,1.0,Balcony,False
P001510,Doors,Entrance,Armored Security Door,AluDoor,Armored,Steel,High,14357,Piece,Fixed,1.0,Apartment,False
P001511,Doors,Entrance,Armored Security Door,DoorTech,Armored,Steel,High,12700,Piece,Fixed,1.0,Apartment,False
P001512,Doors,Interior,Interior MDF Door,WPC Brand,Solid,MDF,Low,4988,Piece,Per_Room,1.0,Bedroom,False
P001513,Doors,Entrance,Armored Security Door,Security Doors,Armored,Steel,High,10197,Piece,Fixed,1.0,Apartment,False
P001514,Doors,Balcony,Aluminum Balcony Door,DoorTech,Sliding,Aluminum,Low,5155,Piece,Per_Balcony,1.0,Balcony,False
P001515,Doors,Interior,Interior MDF Door,WoodCraft,Solid,MDF,Low,5262,Piece,Per_Room,1.0,Bedroom,False
P001516,Doors,Balcony,Aluminum Balcony Door,AluDoor,Sliding,Aluminum,Medium,6886,Piece,Per_Balcony,1.0,Balcony,False
P001517,Doors,Interior,Interior MDF Door,WPC Brand,Solid,MDF,Low,4982,Piece,Per_Room,1.0,Bedroom,False
P001518,Doors,Interior,Interior MDF Door,DoorTech,Solid,MDF,Low,4460,Piece,Per_Room,1.0,Bedroom,False
P001519,Doors,Balcony,Aluminum Balcony Door,WoodCraft,Sliding,Aluminum,Medium,5521,Piece,Per_Balcony,1.0,Balcony,False
P001520,Doors,Balcony,Aluminum Balcony Door,Security Doors,Sliding,Aluminum,Low,5195,Piece,Per_Balcony,1.0,Balcony,False
P001521,Doors,Balcony,Aluminum Balcony Door,DoorTech,Sliding,Aluminum,Medium,6045,Piece,Per_Balcony,1.0,Balcony,False
P001522,Doors,Balcony,Aluminum Balcony Door,WPC Brand,Sliding,Aluminum,Medium,5309,Piece,Per_Balcony,1.0,Balcony,False
P001523,Doors,Interior,Interior MDF Door,DoorTech,Solid,MDF,Low,5262,Piece,Per_Room,1.0,Bedroom,False
P001524,Doors,Balcony,Aluminum Balcony Door,AluDoor,Sliding,Aluminum,Medium,5560,Piece,Per_Balcony,1.0,Balcony,False
P001525,Doors,Interior,Interior MDF Door,DoorTech,Solid,MDF,Low,4916,Piece,Per_Room,1.0,Bedroom,False
P001526,Doors,Entrance,Armored Security Door,DoorTech,Armored,Steel,High,13311,Piece,Fixed,1.0,Apartment,False
P001527,Doors,Interior,Interior MDF Door,AluDoor,Solid,MDF,Low,4497,Piece,Per_Room,1.0,Bedroom,False
P001528,Doors,Entrance,Armored Security Door,Security Doors,Armored,Steel,High,14322,Piece,Fixed,1.0,Apartment,False
P001529,Doors,Interior,Interior MDF Door,WPC Brand,Solid,MDF,Low,4687,Piece,Per_Room,1.0,Bedroom,False
P001530,Doors,Entrance,Armored Security Door,WoodCraft,Armored,Steel,High,13303,Piece,Fixed,1.0,Apartment,False
P001531,Doors,Balcony,Aluminum Balcony Door,Security Doors,Sliding,Aluminum,Medium,5881,Piece,Per_Balcony,1.0,Balcony,False
P001532,Doors,Entrance,Armored Security Door,AluDoor,Armored,Steel,High,9946,Piece,Fixed,1.0,Apartment,False
P001533,Doors,Balcony,Aluminum Balcony Door,WoodCraft,Sliding,Aluminum,Low,4670,Piece,Per_Balcony,1.0,Balcony,False
P001534,Doors,Balcony,Aluminum Balcony Door,WoodCraft,Sliding,Aluminum,Low,4730,Piece,Per_Balcony,1.0,Balcony,False
P001535,Doors,Entrance,Armored Security Door,Security Doors,Armored,Steel,High,10594,Piece,Fixed,1.0,Apartment,False
P001536,Doors,Entrance,Armored Security Door,WPC Brand,Armored,Steel,High,9835,Piece,Fixed,1.0,Apartment,False
P001537,Doors,Entrance,Armored Security Door,WPC Brand,Armored,Steel,High,10986,Piece,Fixed,1.0,Apartment,False
P001538,Doors,Entrance,Armored Security Door,DoorTech,Armored,Steel,High,13531,Piece,Fixed,1.0,Apartment,False
P001539,Doors,Interior,Interior MDF Door,WoodCraft,Solid,MDF,Low,3605,Piece,Per_Room,1.0,Bedroom,False
P001540,Doors,Balcony,Aluminum Balcony Door,WPC Brand,Sliding,Aluminum,Medium,6687,Piece,Per_Balcony,1.0,Balcony,False
P001541,Doors,Interior,Interior MDF Door,WPC Brand,Solid,MDF,Low,3249,Piece,Per_Room,1.0,Bedroom,False
P001542,Doors,Entrance,Armored Security Door,WoodCraft,Armored,Steel,High,12384,Piece,Fixed,1.0,Apartment,False
P001543,Doors,Balcony,Aluminum Balcony Door,WPC Brand,Sliding,Aluminum,Medium,6821,Piece,Per_Balcony,1.0,Balcony,False
P001544,Doors,Entrance,Armored Security Door,DoorTech,Armored,Steel,High,10776,Piece,Fixed,1.0,Apartment,False
P001545,Doors,Balcony,Aluminum Balcony Door,WoodCraft,Sliding,Aluminum,Medium,5466,Piece,Per_Balcony,1.0,Balcony,False
P001546,Doors,Balcony,Aluminum Balcony Door,DoorTech,Sliding,Aluminum,Medium,6492,Piece,Per_Balcony,1.0,Balcony,False
P001547,Doors,Entrance,Armored Security Door,AluDoor,Armored,Steel,High,13272,Piece,Fixed,1.0,Apartment,False
P001548,Doors,Entrance,Armored Security Door,Security Doors,Armored,Steel,High,10882,Piece,Fixed,1.0,Apartment,False
P001549,Doors,Interior,Interior MDF Door,WoodCraft,Solid,MDF,Low,4610,Piece,Per_Room,1.0,Bedroom,False
P001550,Doors,Entrance,Armored Security Door,DoorTech,Armored,Steel,High,14043,Piece,Fixed,1.0,Apartment,False
P001551,Doors,Balcony,Aluminum Balcony Door,WPC Brand,Sliding,Aluminum,Medium,5555,Piece,Per_Balcony,1.0,Balcony,False
P001552,Doors,Entrance,Armored Security Door,WoodCraft,Armored,Steel,Medium,9603,Piece,Fixed,1.0,Apartment,False
P001553,Doors,Balcony,Aluminum Balcony Door,Security Doors,Sliding,Aluminum,Medium,5418,Piece,Per_Balcony,1.0,Balcony,False
P001554,Doors,Balcony,Aluminum Balcony Door,AluDoor,Sliding,Aluminum,Medium,6930,Piece,Per_Balcony,1.0,Balcony,False
P001555,Doors,Interior,Interior MDF Door,WoodCraft,Solid,MDF,Low,4898,Piece,Per_Room,1.0,Bedroom,False
P001556,Doors,Entrance,Armored Security Door,Security Doors,Armored,Steel,High,13054,Piece,Fixed,1.0,Apartment,False
P001557,Doors,Balcony,Aluminum Balcony Door,DoorTech,Sliding,Aluminum,Medium,7455,Piece,Per_Balcony,1.0,Balcony,False
P001558,Doors,Interior,Interior MDF Door,WoodCraft,Solid,MDF,Medium,5718,Piece,Per_Room,1.0,Bedroom,False
P001559,Doors,Balcony,Aluminum Balcony Door,AluDoor,Sliding,Aluminum,Low,4558,Piece,Per_Balcony,1.0,Balcony,False
P001560,Doors,Entrance,Armored Security Door,WoodCraft,Armored,Steel,High,13103,Piece,Fixed,1.0,Apartment,False
P001561,Doors,Balcony,Aluminum Balcony Door,WPC Brand,Sliding,Aluminum,Low,4502,Piece,Per_Balcony,1.0,Balcony,False
P001562,Doors,Balcony,Aluminum Balcony Door,AluDoor,Sliding,Aluminum,Medium,6868,Piece,Per_Balcony,1.0,Balcony,False
P001563,Doors,Entrance,Armored Security Door,DoorTech,Armored,Steel,High,12157,Piece,Fixed,1.0,Apartment,False
P001564,Doors,Interior,Interior MDF Door,WoodCraft,Solid,MDF,Low,3218,Piece,Per_Room,1.0,Bedroom,False
P001565,Doors,Entrance,Armored Security Door,AluDoor,Armored,Steel,High,12448,Piece,Fixed,1.0,Apartment,False
P001566,Doors,Entrance,Armored Security Door,WoodCraft,Armored,Steel,High,13541,Piece,Fixed,1.0,Apartment,False
P001567,Doors,Balcony,Aluminum Balcony Door,WoodCraft,Sliding,Aluminum,Medium,6656,Piece,Per_Balcony,1.0,Balcony,False
P001568,Doors,Entrance,Armored Security Door,AluDoor,Armored,Steel,High,14295,Piece,Fixed,1.0,Apartment,False
P001569,Doors,Interior,Interior MDF Door,AluDoor,Solid,MDF,Medium,5647,Piece,Per_Room,1.0,Bedroom,False
P001570,Doors,Entrance,Armored Security Door,AluDoor,Armored,Steel,High,12297,Piece,Fixed,1.0,Apartment,False
P001571,Doors,Interior,Interior MDF Door,WoodCraft,Solid,MDF,Low,4749,Piece,Per_Room,1.0,Bedroom,False
P001572,Doors,Balcony,Aluminum Balcony Door,DoorTech,Sliding,Aluminum,Low,4688,Piece,Per_Balcony,1.0,Balcony,False
P001573,Doors,Entrance,Armored Security Door,WoodCraft,Armored,Steel,High,11004,Piece,Fixed,1.0,Apartment,False
P001574,Doors,Balcony,Aluminum Balcony Door,DoorTech,Sliding,Aluminum,Low,4587,Piece,Per_Balcony,1.0,Balcony,False
P001575,Doors,Entrance,Armored Security Door,Security Doors,Armored,Steel,High,11405,Piece,Fixed,1.0,Apartment,False
P001576,Doors,Entrance,Armored Security Door,Security Doors,Armored,Steel,High,13874,Piece,Fixed,1.0,Apartment,False
P001577,Doors,Interior,Interior MDF Door,WPC Brand,Solid,MDF,Medium,5659,Piece,Per_Room,1.0,Bedroom,False
P001578,Doors,Interior,Interior MDF Door,DoorTech,Solid,MDF,Medium,5426,Piece,Per_Room,1.0,Bedroom,False
P001579,Doors,Interior,Interior MDF Door,AluDoor,Solid,MDF,Low,4592,Piece,Per_Room,1.0,Bedroom,False
P001580,Doors,Interior,Interior MDF Door,Security Doors,Solid,MDF,Low,5045,Piece,Per_Room,1.0,Bedroom,False
P001581,Doors,Entrance,Armored Security Door,WoodCraft,Armored,Steel,High,11875,Piece,Fixed,1.0,Apartment,False
P001582,Doors,Interior,Interior MDF Door,WPC Brand,Solid,MDF,Low,5077,Piece,Per_Room,1.0,Bedroom,False
P001583,Doors,Interior,Interior MDF Door,Security Doors,Solid,MDF,Low,3909,Piece,Per_Room,1.0,Bedroom,False
P001584,Doors,Interior,Interior MDF Door,Security Doors,Solid,MDF,Medium,5489,Piece,Per_Room,1.0,Bedroom,False
P001585,Doors,Entrance,Armored Security Door,WoodCraft,Armored,Steel,High,13687,Piece,Fixed,1.0,Apartment,False
P001586,Doors,Balcony,Aluminum Balcony Door,WoodCraft,Sliding,Aluminum,Medium,7484,Piece,Per_Balcony,1.0,Balcony,False
P001587,Doors,Entrance,Armored Security Door,WoodCraft,Armored,Steel,Medium,9752,Piece,Fixed,1.0,Apartment,False
P001588,Doors,Entrance,Armored Security Door,DoorTech,Armored,Steel,High,11173,Piece,Fixed,1.0,Apartment,False
P001589,Doors,Balcony,Aluminum Balcony Door,DoorTech,Sliding,Aluminum,Medium,7105,Piece,Per_Balcony,1.0,Balcony,False
P001590,Doors,Interior,Interior MDF Door,WPC Brand,Solid,MDF,Low,4275,Piece,Per_Room,1.0,Bedroom,False
P001591,Doors,Interior,Interior MDF Door,DoorTech,Solid,MDF,Low,4243,Piece,Per_Room,1.0,Bedroom,False
P001592,Doors,Balcony,Aluminum Balcony Door,DoorTech,Sliding,Aluminum,Medium,6633,Piece,Per_Balcony,1.0,Balcony,False
P001593,Doors,Interior,Interior MDF Door,WPC Brand,Solid,MDF,Low,3488,Piece,Per_Room,1.0,Bedroom,False
P001594,Doors,Balcony,Aluminum Balcony Door,Security Doors,Sliding,Aluminum,Medium,6759,Piece,Per_Balcony,1.0,Balcony,False
P001595,Doors,Balcony,Aluminum Balcony Door,AluDoor,Sliding,Aluminum,Medium,6497,Piece,Per_Balcony,1.0,Balcony,False
P001596,Doors,Entrance,Armored Security Door,WoodCraft,Armored,Steel,High,11637,Piece,Fixed,1.0,Apartment,False
P001597,Doors,Interior,Interior MDF Door,Security Doors,Solid,MDF,Low,3506,Piece,Per_Room,1.0,Bedroom,False
P001598,Doors,Balcony,Aluminum Balcony Door,AluDoor,Sliding,Aluminum,Medium,5793,Piece,Per_Balcony,1.0,Balcony,False
P001599,Doors,Balcony,Aluminum Balcony Door,AluDoor,Sliding,Aluminum,Medium,7034,Piece,Per_Balcony,1.0,Balcony,False
P001600,Doors,Entrance,Armored Security Door,WoodCraft,Armored,Steel,High,10652,Piece,Fixed,1.0,Apartment,False
P001601,Doors,Interior,Interior MDF Door,DoorTech,Solid,MDF,Medium,5502,Piece,Per_Room,1.0,Bedroom,False
P001602,Doors,Entrance,Armored Security Door,Security Doors,Armored,Steel,High,10281,Piece,Fixed,1.0,Apartment,False
P001603,Doors,Balcony,Aluminum Balcony Door,WPC Brand,Sliding,Aluminum,Medium,6637,Piece,Per_Balcony,1.0,Balcony,False
P001604,Doors,Entrance,Armored Security Door,AluDoor,Armored,Steel,High,10993,Piece,Fixed,1.0,Apartment,False
P001605,Doors,Entrance,Armored Security Door,WPC Brand,Armored,Steel,High,11391,Piece,Fixed,1.0,Apartment,False
P001606,Doors,Balcony,Aluminum Balcony Door,Security Doors,Sliding,Aluminum,Low,4945,Piece,Per_Balcony,1.0,Balcony,False
P001607,Doors,Interior,Interior MDF Door,DoorTech,Solid,MDF,Low,3411,Piece,Per_Room,1.0,Bedroom,False
P001608,Doors,Interior,Interior MDF Door,WPC Brand,Solid,MDF,Low,4173,Piece,Per_Room,1.0,Bedroom,False
P001609,Doors,Interior,Interior MDF Door,Security Doors,Solid,MDF,Medium,5461,Piece,Per_Room,1.0,Bedroom,False
P001610,Doors,Entrance,Armored Security Door,WoodCraft,Armored,Steel,Medium,9617,Piece,Fixed,1.0,Apartment,False
P001611,Doors,Entrance,Armored Security Door,AluDoor,Armored,Steel,High,13009,Piece,Fixed,1.0,Apartment,False
P001612,Doors,Interior,Interior MDF Door,WoodCraft,Solid,MDF,Low,4547,Piece,Per_Room,1.0,Bedroom,False
P001613,Doors,Balcony,Aluminum Balcony Door,Security Doors,Sliding,Aluminum,Medium,6351,Piece,Per_Balcony,1.0,Balcony,False
P001614,Doors,Balcony,Aluminum Balcony Door,WoodCraft,Sliding,Aluminum,Medium,6099,Piece,Per_Balcony,1.0,Balcony,False
P001615,Doors,Balcony,Aluminum Balcony Door,WoodCraft,Sliding,Aluminum,Low,5290,Piece,Per_Balcony,1.0,Balcony,False
P001616,Doors,Entrance,Armored Security Door,WoodCraft,Armored,Steel,High,12837,Piece,Fixed,1.0,Apartment,False
P001617,Doors,Balcony,Aluminum Balcony Door,DoorTech,Sliding,Aluminum,Medium,6902,Piece,Per_Balcony,1.0,Balcony,False
P001618,Doors,Balcony,Aluminum Balcony Door,Security Doors,Sliding,Aluminum,Medium,6570,Piece,Per_Balcony,1.0,Balcony,False
P001619,Doors,Entrance,Armored Security Door,DoorTech,Armored,Steel,High,12162,Piece,Fixed,1.0,Apartment,False
P001620,Doors,Entrance,Armored Security Door,AluDoor,Armored,Steel,High,10831,Piece,Fixed,1.0,Apartment,False
P001621,Doors,Entrance,Armored Security Door,WPC Brand,Armored,Steel,High,12067,Piece,Fixed,1.0,Apartment,False
P001622,Doors,Interior,Interior MDF Door,Security Doors,Solid,MDF,Low,3562,Piece,Per_Room,1.0,Bedroom,False
P001623,Doors,Balcony,Aluminum Balcony Door,AluDoor,Sliding,Aluminum,Medium,5770,Piece,Per_Balcony,1.0,Balcony,False
P001624,Doors,Balcony,Aluminum Balcony Door,WPC Brand,Sliding,Aluminum,Low,4669,Piece,Per_Balcony,1.0,Balcony,False
P001625,Doors,Balcony,Aluminum Balcony Door,Security Doors,Sliding,Aluminum,Medium,5441,Piece,Per_Balcony,1.0,Balcony,False
P001626,Doors,Balcony,Aluminum Balcony Door,DoorTech,Sliding,Aluminum,Medium,6410,Piece,Per_Balcony,1.0,Balcony,False
P001627,Doors,Entrance,Armored Security Door,Security Doors,Armored,Steel,High,14467,Piece,Fixed,1.0,Apartment,False
P001628,Doors,Balcony,Aluminum Balcony Door,WoodCraft,Sliding,Aluminum,Medium,6298,Piece,Per_Balcony,1.0,Balcony,False
P001629,Doors,Balcony,Aluminum Balcony Door,WoodCraft,Sliding,Aluminum,Low,5153,Piece,Per_Balcony,1.0,Balcony,False
P001630,Doors,Entrance,Armored Security Door,DoorTech,Armored,Steel,High,12577,Piece,Fixed,1.0,Apartment,False
P001631,Doors,Interior,Interior MDF Door,WPC Brand,Solid,MDF,Low,3916,Piece,Per_Room,1.0,Bedroom,False
P001632,Doors,Entrance,Armored Security Door,DoorTech,Armored,Steel,High,11882,Piece,Fixed,1.0,Apartment,False
P001633,Doors,Entrance,Armored Security Door,WPC Brand,Armored,Steel,High,12749,Piece,Fixed,1.0,Apartment,False
P001634,Doors,Balcony,Aluminum Balcony Door,Security Doors,Sliding,Aluminum,Medium,5722,Piece,Per_Balcony,1.0,Balcony,False
P001635,Doors,Balcony,Aluminum Balcony Door,DoorTech,Sliding,Aluminum,Medium,6074,Piece,Per_Balcony,1.0,Balcony,False
P001636,Doors,Balcony,Aluminum Balcony Door,DoorTech,Sliding,Aluminum,Medium,6752,Piece,Per_Balcony,1.0,Balcony,False
P001637,Doors,Balcony,Aluminum Balcony Door,WoodCraft,Sliding,Aluminum,Medium,7398,Piece,Per_Balcony,1.0,Balcony,False
P001638,Doors,Interior,Interior MDF Door,Security Doors,Solid,MDF,Low,4809,Piece,Per_Room,1.0,Bedroom,False
P001639,Doors,Balcony,Aluminum Balcony Door,WoodCraft,Sliding,Aluminum,Medium,6701,Piece,Per_Balcony,1.0,Balcony,False
P001640,Doors,Interior,Interior MDF Door,Security Doors,Solid,MDF,Low,4931,Piece,Per_Room,1.0,Bedroom,False
P001641,Doors,Balcony,Aluminum Balcony Door,WPC Brand,Sliding,Aluminum,Medium,6867,Piece,Per_Balcony,1.0,Balcony,False
P001642,Doors,Balcony,Aluminum Balcony Door,AluDoor,Sliding,Aluminum,Medium,6317,Piece,Per_Balcony,1.0,Balcony,False
P001643,Doors,Interior,Interior MDF Door,DoorTech,Solid,MDF,Medium,5615,Piece,Per_Room,1.0,Bedroom,False
P001644,Doors,Balcony,Aluminum Balcony Door,AluDoor,Sliding,Aluminum,Medium,7460,Piece,Per_Balcony,1.0,Balcony,False
P001645,Doors,Interior,Interior MDF Door,WPC Brand,Solid,MDF,Low,4664,Piece,Per_Room,1.0,Bedroom,False
P001646,Doors,Entrance,Armored Security Door,AluDoor,Armored,Steel,High,11238,Piece,Fixed,1.0,Apartment,False
P001647,Doors,Interior,Interior MDF Door,WoodCraft,Solid,MDF,Low,4574,Piece,Per_Room,1.0,Bedroom,False
P001648,Doors,Interior,Interior MDF Door,WoodCraft,Solid,MDF,Low,4296,Piece,Per_Room,1.0,Bedroom,False
P001649,Doors,Balcony,Aluminum Balcony Door,DoorTech,Sliding,Aluminum,Medium,6141,Piece,Per_Balcony,1.0,Balcony,False
P001650,Doors,Interior,Interior MDF Door,Security Doors,Solid,MDF,Low,4663,Piece,Per_Room,1.0,Bedroom,False
P001651,Doors,Balcony,Aluminum Balcony Door,Security Doors,Sliding,Aluminum,Low,5242,Piece,Per_Balcony,1.0,Balcony,False
P001652,Doors,Entrance,Armored Security Door,WPC Brand,Armored,Steel,High,11127,Piece,Fixed,1.0,Apartment,False
P001653,Doors,Interior,Interior MDF Door,WoodCraft,Solid,MDF,Low,3438,Piece,Per_Room,1.0,Bedroom,False
P001654,Doors,Interior,Interior MDF Door,AluDoor,Solid,MDF,Low,4045,Piece,Per_Room,1.0,Bedroom,False
P001655,Doors,Interior,Interior MDF Door,WPC Brand,Solid,MDF,Medium,5356,Piece,Per_Room,1.0,Bedroom,False
P001656,Doors,Interior,Interior MDF Door,AluDoor,Solid,MDF,Medium,5575,Piece,Per_Room,1.0,Bedroom,False
P001657,Doors,Balcony,Aluminum Balcony Door,WoodCraft,Sliding,Aluminum,Low,4920,Piece,Per_Balcony,1.0,Balcony,False
P001658,Doors,Interior,Interior MDF Door,WPC Brand,Solid,MDF,Medium,5419,Piece,Per_Room,1.0,Bedroom,False
P001659,Doors,Balcony,Aluminum Balcony Door,Security Doors,Sliding,Aluminum,Low,5267,Piece,Per_Balcony,1.0,Balcony,False
P001660,Doors,Interior,Interior MDF Door,Security Doors,Solid,MDF,Low,3329,Piece,Per_Room,1.0,Bedroom,False
P001661,Doors,Balcony,Aluminum Balcony Door,WPC Brand,Sliding,Aluminum,Low,4988,Piece,Per_Balcony,1.0,Balcony,False
P001662,Doors,Interior,Interior MDF Door,WPC Brand,Solid,MDF,Low,5090,Piece,Per_Room,1.0,Bedroom,False
P001663,Doors,Balcony,Aluminum Balcony Door,Security Doors,Sliding,Aluminum,Low,4976,Piece,Per_Balcony,1.0,Balcony,False
P001664,Doors,Entrance,Armored Security Door,WPC Brand,Armored,Steel,High,14489,Piece,Fixed,1.0,Apartment,False
P001665,Doors,Entrance,Armored Security Door,AluDoor,Armored,Steel,High,12976,Piece,Fixed,1.0,Apartment,False
P001666,Doors,Interior,Interior MDF Door,Security Doors,Solid,MDF,Medium,5555,Piece,Per_Room,1.0,Bedroom,False
P001667,Doors,Entrance,Armored Security Door,WPC Brand,Armored,Steel,High,10248,Piece,Fixed,1.0,Apartment,False
P001668,Doors,Interior,Interior MDF Door,WoodCraft,Solid,MDF,Medium,5356,Piece,Per_Room,1.0,Bedroom,False
P001669,Doors,Balcony,Aluminum Balcony Door,Security Doors,Sliding,Aluminum,Low,4584,Piece,Per_Balcony,1.0,Balcony,False
P001670,Doors,Entrance,Armored Security Door,DoorTech,Armored,Steel,Medium,9731,Piece,Fixed,1.0,Apartment,False
P001671,Doors,Entrance,Armored Security Door,WPC Brand,Armored,Steel,High,11453,Piece,Fixed,1.0,Apartment,False
P001672,Doors,Entrance,Armored Security Door,WoodCraft,Armored,Steel,High,9928,Piece,Fixed,1.0,Apartment,False
P001673,Doors,Entrance,Armored Security Door,DoorTech,Armored,Steel,High,10997,Piece,Fixed,1.0,Apartment,False
P001674,Doors,Balcony,Aluminum Balcony Door,AluDoor,Sliding,Aluminum,Medium,6876,Piece,Per_Balcony,1.0,Balcony,False
P001675,Doors,Entrance,Armored Security Door,AluDoor,Armored,Steel,High,10030,Piece,Fixed,1.0,Apartment,False
P001676,Doors,Entrance,Armored Security Door,WPC Brand,Armored,Steel,High,12423,Piece,Fixed,1.0,Apartment,False
P001677,Doors,Interior,Interior MDF Door,WoodCraft,Solid,MDF,Low,3744,Piece,Per_Room,1.0,Bedroom,False
P001678,Doors,Balcony,Aluminum Balcony Door,WPC Brand,Sliding,Aluminum,Medium,5729,Piece,Per_Balcony,1.0,Balcony,False
P001679,Doors,Interior,Interior MDF Door,Security Doors,Solid,MDF,Low,3367,Piece,Per_Room,1.0,Bedroom,False
P001680,Doors,Balcony,Aluminum Balcony Door,DoorTech,Sliding,Aluminum,Medium,5841,Piece,Per_Balcony,1.0,Balcony,False
P001681,Doors,Entrance,Armored Security Door,DoorTech,Armored,Steel,High,12850,Piece,Fixed,1.0,Apartment,False
P001682,Doors,Entrance,Armored Security Door,AluDoor,Armored,Steel,High,13458,Piece,Fixed,1.0,Apartment,False
P001683,Doors,Balcony,Aluminum Balcony Door,Security Doors,Sliding,Aluminum,Low,5154,Piece,Per_Balcony,1.0,Balcony,False
P001684,Doors,Interior,Interior MDF Door,AluDoor,Solid,MDF,Low,4765,Piece,Per_Room,1.0,Bedroom,False
P001685,Doors,Interior,Interior MDF Door,AluDoor,Solid,MDF,Low,3369,Piece,Per_Room,1.0,Bedroom,False
P001686,Doors,Interior,Interior MDF Door,DoorTech,Solid,MDF,Low,4242,Piece,Per_Room,1.0,Bedroom,False
P001687,Doors,Balcony,Aluminum Balcony Door,WPC Brand,Sliding,Aluminum,Medium,7276,Piece,Per_Balcony,1.0,Balcony,False
P001688,Doors,Interior,Interior MDF Door,WPC Brand,Solid,MDF,Low,4244,Piece,Per_Room,1.0,Bedroom,False
P001689,Doors,Balcony,Aluminum Balcony Door,WoodCraft,Sliding,Aluminum,Medium,5984,Piece,Per_Balcony,1.0,Balcony,False
P001690,Doors,Entrance,Armored Security Door,DoorTech,Armored,Steel,High,13851,Piece,Fixed,1.0,Apartment,False
P001691,Doors,Balcony,Aluminum Balcony Door,WoodCraft,Sliding,Aluminum,Medium,5864,Piece,Per_Balcony,1.0,Balcony,False
P001692,Doors,Balcony,Aluminum Balcony Door,WPC Brand,Sliding,Aluminum,Medium,5355,Piece,Per_Balcony,1.0,Balcony,False
P001693,Doors,Entrance,Armored Security Door,WoodCraft,Armored,Steel,High,14488,Piece,Fixed,1.0,Apartment,False
P001694,Doors,Balcony,Aluminum Balcony Door,Security Doors,Sliding,Aluminum,Medium,7300,Piece,Per_Balcony,1.0,Balcony,False
P001695,Doors,Entrance,Armored Security Door,AluDoor,Armored,Steel,High,13288,Piece,Fixed,1.0,Apartment,False
P001696,Doors,Interior,Interior MDF Door,WoodCraft,Solid,MDF,Low,5114,Piece,Per_Room,1.0,Bedroom,False
P001697,Doors,Entrance,Armored Security Door,DoorTech,Armored,Steel,High,13984,Piece,Fixed,1.0,Apartment,False
P001698,Doors,Balcony,Aluminum Balcony Door,WoodCraft,Sliding,Aluminum,Medium,6022,Piece,Per_Balcony,1.0,Balcony,False
P001699,Doors,Interior,Interior MDF Door,DoorTech,Solid,MDF,Low,3241,Piece,Per_Room,1.0,Bedroom,False
P001700,Doors,Balcony,Aluminum Balcony Door,AluDoor,Sliding,Aluminum,Medium,5897,Piece,Per_Balcony,1.0,Balcony,False
P001701,Doors,Balcony,Aluminum Balcony Door,WPC Brand,Sliding,Aluminum,Medium,6690,Piece,Per_Balcony,1.0,Balcony,False
P001702,Doors,Entrance,Armored Security Door,WoodCraft,Armored,Steel,High,12679,Piece,Fixed,1.0,Apartment,False
P001703,Doors,Interior,Interior MDF Door,AluDoor,Solid,MDF,Medium,5715,Piece,Per_Room,1.0,Bedroom,False
P001704,Doors,Entrance,Armored Security Door,WoodCraft,Armored,Steel,High,9997,Piece,Fixed,1.0,Apartment,False
P001705,Doors,Interior,Interior MDF Door,WoodCraft,Solid,MDF,Low,4935,Piece,Per_Room,1.0,Bedroom,False
P001706,Doors,Interior,Interior MDF Door,Security Doors,Solid,MDF,Low,3644,Piece,Per_Room,1.0,Bedroom,False
P001707,Doors,Balcony,Aluminum Balcony Door,Security Doors,Sliding,Aluminum,Low,4796,Piece,Per_Balcony,1.0,Balcony,False
P001708,Doors,Interior,Interior MDF Door,DoorTech,Solid,MDF,Low,4990,Piece,Per_Room,1.0,Bedroom,False
P001709,Doors,Interior,Interior MDF Door,DoorTech,Solid,MDF,Low,4877,Piece,Per_Room,1.0,Bedroom,False
P001710,Doors,Entrance,Armored Security Door,AluDoor,Armored,Steel,High,10981,Piece,Fixed,1.0,Apartment,False
P001711,Doors,Entrance,Armored Security Door,DoorTech,Armored,Steel,High,13937,Piece,Fixed,1.0,Apartment,False
P001712,Doors,Interior,Interior MDF Door,WoodCraft,Solid,MDF,Low,3658,Piece,Per_Room,1.0,Bedroom,False
P001713,Doors,Entrance,Armored Security Door,WoodCraft,Armored,Steel,High,11498,Piece,Fixed,1.0,Apartment,False
P001714,Doors,Interior,Interior MDF Door,Security Doors,Solid,MDF,Medium,5722,Piece,Per_Room,1.0,Bedroom,False
P001715,Doors,Entrance,Armored Security Door,WoodCraft,Armored,Steel,High,9966,Piece,Fixed,1.0,Apartment,False
P001716,Doors,Balcony,Aluminum Balcony Door,WoodCraft,Sliding,Aluminum,Low,4909,Piece,Per_Balcony,1.0,Balcony,False
P001717,Doors,Balcony,Aluminum Balcony Door,Security Doors,Sliding,Aluminum,Low,5087,Piece,Per_Balcony,1.0,Balcony,False
P001718,Doors,Interior,Interior MDF Door,Security Doors,Solid,MDF,Low,3465,Piece,Per_Room,1.0,Bedroom,False
P001719,Doors,Balcony,Aluminum Balcony Door,WPC Brand,Sliding,Aluminum,Medium,7117,Piece,Per_Balcony,1.0,Balcony,False
P001720,Doors,Entrance,Armored Security Door,WoodCraft,Armored,Steel,High,11215,Piece,Fixed,1.0,Apartment,False
P001721,Doors,Balcony,Aluminum Balcony Door,WPC Brand,Sliding,Aluminum,Medium,6152,Piece,Per_Balcony,1.0,Balcony,False
P001722,Doors,Entrance,Armored Security Door,Security Doors,Armored,Steel,High,9825,Piece,Fixed,1.0,Apartment,False
P001723,Doors,Entrance,Armored Security Door,DoorTech,Armored,Steel,High,13639,Piece,Fixed,1.0,Apartment,False
P001724,Doors,Interior,Interior MDF Door,DoorTech,Solid,MDF,Low,5220,Piece,Per_Room,1.0,Bedroom,False
P001725,Doors,Balcony,Aluminum Balcony Door,AluDoor,Sliding,Aluminum,Medium,5865,Piece,Per_Balcony,1.0,Balcony,False
P001726,Doors,Interior,Interior MDF Door,WPC Brand,Solid,MDF,Low,4741,Piece,Per_Room,1.0,Bedroom,False
P001727,Doors,Entrance,Armored Security Door,AluDoor,Armored,Steel,High,11171,Piece,Fixed,1.0,Apartment,False
P001728,Doors,Entrance,Armored Security Door,WoodCraft,Armored,Steel,High,11519,Piece,Fixed,1.0,Apartment,False
P001729,Doors,Interior,Interior MDF Door,AluDoor,Solid,MDF,Medium,5738,Piece,Per_Room,1.0,Bedroom,False
P001730,Doors,Balcony,Aluminum Balcony Door,Security Doors,Sliding,Aluminum,Medium,5989,Piece,Per_Balcony,1.0,Balcony,False
P001731,Doors,Interior,Interior MDF Door,WoodCraft,Solid,MDF,Low,4713,Piece,Per_Room,1.0,Bedroom,False
P001732,Doors,Entrance,Armored Security Door,AluDoor,Armored,Steel,Medium,9621,Piece,Fixed,1.0,Apartment,False
P001733,Doors,Balcony,Aluminum Balcony Door,DoorTech,Sliding,Aluminum,Medium,6929,Piece,Per_Balcony,1.0,Balcony,False
P001734,Doors,Interior,Interior MDF Door,AluDoor,Solid,MDF,Medium,5673,Piece,Per_Room,1.0,Bedroom,False
P001735,Doors,Interior,Interior MDF Door,WPC Brand,Solid,MDF,Low,4468,Piece,Per_Room,1.0,Bedroom,False
P001736,Doors,Entrance,Armored Security Door,DoorTech,Armored,Steel,High,11013,Piece,Fixed,1.0,Apartment,False
P001737,Doors,Entrance,Armored Security Door,AluDoor,Armored,Steel,High,11273,Piece,Fixed,1.0,Apartment,False
P001738,Doors,Interior,Interior MDF Door,Security Doors,Solid,MDF,Low,4171,Piece,Per_Room,1.0,Bedroom,False
P001739,Doors,Interior,Interior MDF Door,AluDoor,Solid,MDF,Low,4312,Piece,Per_Room,1.0,Bedroom,False
P001740,Doors,Entrance,Armored Security Door,WoodCraft,Armored,Steel,High,14434,Piece,Fixed,1.0,Apartment,False
P001741,Doors,Balcony,Aluminum Balcony Door,WoodCraft,Sliding,Aluminum,Medium,5652,Piece,Per_Balcony,1.0,Balcony,False
P001742,Doors,Balcony,Aluminum Balcony Door,Security Doors,Sliding,Aluminum,Medium,5414,Piece,Per_Balcony,1.0,Balcony,False
P001743,Doors,Entrance,Armored Security Door,WPC Brand,Armored,Steel,High,11721,Piece,Fixed,1.0,Apartment,False
P001744,Doors,Entrance,Armored Security Door,WPC Brand,Armored,Steel,High,12803,Piece,Fixed,1.0,Apartment,False
P001745,Doors,Entrance,Armored Security Door,DoorTech,Armored,Steel,High,11669,Piece,Fixed,1.0,Apartment,False
P001746,Doors,Interior,Interior MDF Door,AluDoor,Solid,MDF,Medium,5714,Piece,Per_Room,1.0,Bedroom,False
P001747,Doors,Interior,Interior MDF Door,Security Doors,Solid,MDF,Low,3321,Piece,Per_Room,1.0,Bedroom,False
P001748,Doors,Entrance,Armored Security Door,AluDoor,Armored,Steel,High,11151,Piece,Fixed,1.0,Apartment,False
P001749,Doors,Entrance,Armored Security Door,DoorTech,Armored,Steel,High,13161,Piece,Fixed,1.0,Apartment,False
P001750,Doors,Balcony,Aluminum Balcony Door,WPC Brand,Sliding,Aluminum,Medium,7391,Piece,Per_Balcony,1.0,Balcony,False
P001751,Doors,Interior,Interior MDF Door,Security Doors,Solid,MDF,Medium,5355,Piece,Per_Room,1.0,Bedroom,False
P001752,Doors,Balcony,Aluminum Balcony Door,DoorTech,Sliding,Aluminum,Medium,7087,Piece,Per_Balcony,1.0,Balcony,False
P001753,Doors,Balcony,Aluminum Balcony Door,WPC Brand,Sliding,Aluminum,Low,4901,Piece,Per_Balcony,1.0,Balcony,False
P001754,Doors,Balcony,Aluminum Balcony Door,Security Doors,Sliding,Aluminum,Low,4600,Piece,Per_Balcony,1.0,Balcony,False
P001755,Doors,Interior,Interior MDF Door,Security Doors,Solid,MDF,Low,3866,Piece,Per_Room,1.0,Bedroom,False
P001756,Doors,Interior,Interior MDF Door,WoodCraft,Solid,MDF,Low,4772,Piece,Per_Room,1.0,Bedroom,False
P001757,Doors,Balcony,Aluminum Balcony Door,Security Doors,Sliding,Aluminum,Medium,5437,Piece,Per_Balcony,1.0,Balcony,False
P001758,Doors,Interior,Interior MDF Door,DoorTech,Solid,MDF,Low,3649,Piece,Per_Room,1.0,Bedroom,False
P001759,Doors,Balcony,Aluminum Balcony Door,WoodCraft,Sliding,Aluminum,Medium,6753,Piece,Per_Balcony,1.0,Balcony,False
P001760,Doors,Interior,Interior MDF Door,WoodCraft,Solid,MDF,Low,3992,Piece,Per_Room,1.0,Bedroom,False
P001761,Doors,Balcony,Aluminum Balcony Door,DoorTech,Sliding,Aluminum,Medium,7342,Piece,Per_Balcony,1.0,Balcony,False
P001762,Doors,Interior,Interior MDF Door,WoodCraft,Solid,MDF,Low,3814,Piece,Per_Room,1.0,Bedroom,False
P001763,Doors,Balcony,Aluminum Balcony Door,WoodCraft,Sliding,Aluminum,Medium,6094,Piece,Per_Balcony,1.0,Balcony,False
P001764,Doors,Balcony,Aluminum Balcony Door,DoorTech,Sliding,Aluminum,Medium,7181,Piece,Per_Balcony,1.0,Balcony,False
P001765,Doors,Balcony,Aluminum Balcony Door,Security Doors,Sliding,Aluminum,Low,4518,Piece,Per_Balcony,1.0,Balcony,False
P001766,Doors,Interior,Interior MDF Door,AluDoor,Solid,MDF,Low,4079,Piece,Per_Room,1.0,Bedroom,False
P001767,Doors,Balcony,Aluminum Balcony Door,WoodCraft,Sliding,Aluminum,Medium,5979,Piece,Per_Balcony,1.0,Balcony,False
P001768,Doors,Entrance,Armored Security Door,WoodCraft,Armored,Steel,High,10561,Piece,Fixed,1.0,Apartment,False
P001769,Doors,Balcony,Aluminum Balcony Door,DoorTech,Sliding,Aluminum,Medium,5714,Piece,Per_Balcony,1.0,Balcony,False
P001770,Doors,Balcony,Aluminum Balcony Door,Security Doors,Sliding,Aluminum,Medium,6740,Piece,Per_Balcony,1.0,Balcony,False
P001771,Doors,Entrance,Armored Security Door,WoodCraft,Armored,Steel,High,13234,Piece,Fixed,1.0,Apartment,False
P001772,Doors,Interior,Interior MDF Door,DoorTech,Solid,MDF,Low,4368,Piece,Per_Room,1.0,Bedroom,False
P001773,Doors,Interior,Interior MDF Door,WoodCraft,Solid,MDF,Low,4021,Piece,Per_Room,1.0,Bedroom,False
P001774,Doors,Interior,Interior MDF Door,Security Doors,Solid,MDF,Low,4553,Piece,Per_Room,1.0,Bedroom,False
P001775,Doors,Interior,Interior MDF Door,WPC Brand,Solid,MDF,Low,3268,Piece,Per_Room,1.0,Bedroom,False
P001776,Doors,Entrance,Armored Security Door,AluDoor,Armored,Steel,High,10474,Piece,Fixed,1.0,Apartment,False
P001777,Doors,Balcony,Aluminum Balcony Door,AluDoor,Sliding,Aluminum,Medium,6794,Piece,Per_Balcony,1.0,Balcony,False
P001778,Doors,Balcony,Aluminum Balcony Door,DoorTech,Sliding,Aluminum,Medium,7124,Piece,Per_Balcony,1.0,Balcony,False
P001779,Doors,Interior,Interior MDF Door,WoodCraft,Solid,MDF,Low,3443,Piece,Per_Room,1.0,Bedroom,False
P001780,Doors,Balcony,Aluminum Balcony Door,WPC Brand,Sliding,Aluminum,Medium,6225,Piece,Per_Balcony,1.0,Balcony,False
P001781,Doors,Interior,Interior MDF Door,DoorTech,Solid,MDF,Low,3978,Piece,Per_Room,1.0,Bedroom,False
P001782,Doors,Entrance,Armored Security Door,Security Doors,Armored,Steel,High,13005,Piece,Fixed,1.0,Apartment,False
P001783,Doors,Entrance,Armored Security Door,WPC Brand,Armored,Steel,High,10612,Piece,Fixed,1.0,Apartment,False
P001784,Doors,Balcony,Aluminum Balcony Door,AluDoor,Sliding,Aluminum,Medium,6076,Piece,Per_Balcony,1.0,Balcony,False
P001785,Doors,Balcony,Aluminum Balcony Door,WoodCraft,Sliding,Aluminum,Low,4793,Piece,Per_Balcony,1.0,Balcony,False
P001786,Doors,Balcony,Aluminum Balcony Door,Security Doors,Sliding,Aluminum,Medium,6069,Piece,Per_Balcony,1.0,Balcony,False
P001787,Doors,Balcony,Aluminum Balcony Door,Security Doors,Sliding,Aluminum,Medium,6762,Piece,Per_Balcony,1.0,Balcony,False
P001788,Doors,Balcony,Aluminum Balcony Door,DoorTech,Sliding,Aluminum,Low,4560,Piece,Per_Balcony,1.0,Balcony,False
P001789,Doors,Balcony,Aluminum Balcony Door,Security Doors,Sliding,Aluminum,Medium,7390,Piece,Per_Balcony,1.0,Balcony,False
P001790,Doors,Entrance,Armored Security Door,DoorTech,Armored,Steel,High,14497,Piece,Fixed,1.0,Apartment,False
P001791,Doors,Interior,Interior MDF Door,WoodCraft,Solid,MDF,Low,4118,Piece,Per_Room,1.0,Bedroom,False
P001792,Doors,Balcony,Aluminum Balcony Door,Security Doors,Sliding,Aluminum,Medium,5375,Piece,Per_Balcony,1.0,Balcony,False
P001793,Doors,Entrance,Armored Security Door,WoodCraft,Armored,Steel,High,13793,Piece,Fixed,1.0,Apartment,False
P001794,Doors,Entrance,Armored Security Door,Security Doors,Armored,Steel,High,14028,Piece,Fixed,1.0,Apartment,False
P001795,Doors,Balcony,Aluminum Balcony Door,WoodCraft,Sliding,Aluminum,Low,4976,Piece,Per_Balcony,1.0,Balcony,False
P001796,Doors,Interior,Interior MDF Door,DoorTech,Solid,MDF,Low,3593,Piece,Per_Room,1.0,Bedroom,False
P001797,Doors,Balcony,Aluminum Balcony Door,WoodCraft,Sliding,Aluminum,Medium,6150,Piece,Per_Balcony,1.0,Balcony,False
P001798,Doors,Interior,Interior MDF Door,AluDoor,Solid,MDF,Low,3398,Piece,Per_Room,1.0,Bedroom,False
P001799,Doors,Balcony,Aluminum Balcony Door,AluDoor,Sliding,Aluminum,Medium,6621,Piece,Per_Balcony,1.0,Balcony,False
P001800,Doors,Interior,Interior MDF Door,DoorTech,Solid,MDF,Low,3242,Piece,Per_Room,1.0,Bedroom,False
P001801,Doors,Entrance,Armored Security Door,AluDoor,Armored,Steel,High,11896,Piece,Fixed,1.0,Apartment,False
P001802,Doors,Balcony,Aluminum Balcony Door,WoodCraft,Sliding,Aluminum,Low,4900,Piece,Per_Balcony,1.0,Balcony,False
P001803,Doors,Balcony,Aluminum Balcony Door,WoodCraft,Sliding,Aluminum,Medium,5602,Piece,Per_Balcony,1.0,Balcony,False
P001804,Doors,Balcony,Aluminum Balcony Door,Security Doors,Sliding,Aluminum,Medium,6959,Piece,Per_Balcony,1.0,Balcony,False
P001805,Doors,Balcony,Aluminum Balcony Door,DoorTech,Sliding,Aluminum,Low,4601,Piece,Per_Balcony,1.0,Balcony,False
P001806,Doors,Interior,Interior MDF Door,Security Doors,Solid,MDF,Low,4068,Piece,Per_Room,1.0,Bedroom,False
P001807,Doors,Interior,Interior MDF Door,WPC Brand,Solid,MDF,Medium,5735,Piece,Per_Room,1.0,Bedroom,False
P001808,Doors,Interior,Interior MDF Door,DoorTech,Solid,MDF,Medium,5400,Piece,Per_Room,1.0,Bedroom,False
P001809,Doors,Balcony,Aluminum Balcony Door,WPC Brand,Sliding,Aluminum,Low,5139,Piece,Per_Balcony,1.0,Balcony,False
P001810,Doors,Entrance,Armored Security Door,WPC Brand,Armored,Steel,High,13919,Piece,Fixed,1.0,Apartment,False
P001811,Doors,Interior,Interior MDF Door,WoodCraft,Solid,MDF,Low,4310,Piece,Per_Room,1.0,Bedroom,False
P001812,Doors,Balcony,Aluminum Balcony Door,AluDoor,Sliding,Aluminum,Medium,7271,Piece,Per_Balcony,1.0,Balcony,False
P001813,Doors,Balcony,Aluminum Balcony Door,AluDoor,Sliding,Aluminum,Medium,7421,Piece,Per_Balcony,1.0,Balcony,False
P001814,Doors,Interior,Interior MDF Door,WPC Brand,Solid,MDF,Low,4377,Piece,Per_Room,1.0,Bedroom,False
P001815,Doors,Balcony,Aluminum Balcony Door,WoodCraft,Sliding,Aluminum,Medium,6864,Piece,Per_Balcony,1.0,Balcony,False
P001816,Doors,Interior,Interior MDF Door,WoodCraft,Solid,MDF,Low,4073,Piece,Per_Room,1.0,Bedroom,False
P001817,Doors,Balcony,Aluminum Balcony Door,WPC Brand,Sliding,Aluminum,Low,5105,Piece,Per_Balcony,1.0,Balcony,False
P001818,Doors,Entrance,Armored Security Door,Security Doors,Armored,Steel,High,13880,Piece,Fixed,1.0,Apartment,False
P001819,Doors,Entrance,Armored Security Door,AluDoor,Armored,Steel,High,10217,Piece,Fixed,1.0,Apartment,False
P001820,Doors,Interior,Interior MDF Door,WPC Brand,Solid,MDF,Medium,5484,Piece,Per_Room,1.0,Bedroom,False
P001821,Doors,Balcony,Aluminum Balcony Door,DoorTech,Sliding,Aluminum,Low,4818,Piece,Per_Balcony,1.0,Balcony,False
P001822,Doors,Balcony,Aluminum Balcony Door,Security Doors,Sliding,Aluminum,Medium,6111,Piece,Per_Balcony,1.0,Balcony,False
P001823,Doors,Balcony,Aluminum Balcony Door,Security Doors,Sliding,Aluminum,Medium,7449,Piece,Per_Balcony,1.0,Balcony,False
P001824,Doors,Entrance,Armored Security Door,DoorTech,Armored,Steel,High,10848,Piece,Fixed,1.0,Apartment,False
P001825,Doors,Balcony,Aluminum Balcony Door,WoodCraft,Sliding,Aluminum,Medium,7487,Piece,Per_Balcony,1.0,Balcony,False
P001826,Doors,Interior,Interior MDF Door,WPC Brand,Solid,MDF,Low,4543,Piece,Per_Room,1.0,Bedroom,False
P001827,Doors,Balcony,Aluminum Balcony Door,WPC Brand,Sliding,Aluminum,Medium,6738,Piece,Per_Balcony,1.0,Balcony,False
P001828,Doors,Interior,Interior MDF Door,DoorTech,Solid,MDF,Low,4796,Piece,Per_Room,1.0,Bedroom,False
P001829,Doors,Entrance,Armored Security Door,WoodCraft,Armored,Steel,High,9874,Piece,Fixed,1.0,Apartment,False
P001830,Doors,Entrance,Armored Security Door,Security Doors,Armored,Steel,High,10023,Piece,Fixed,1.0,Apartment,False
P001831,Doors,Interior,Interior MDF Door,DoorTech,Solid,MDF,Low,4331,Piece,Per_Room,1.0,Bedroom,False
P001832,Doors,Balcony,Aluminum Balcony Door,WoodCraft,Sliding,Aluminum,Medium,7272,Piece,Per_Balcony,1.0,Balcony,False
P001833,Doors,Balcony,Aluminum Balcony Door,AluDoor,Sliding,Aluminum,Low,4912,Piece,Per_Balcony,1.0,Balcony,False
P001834,Doors,Entrance,Armored Security Door,Security Doors,Armored,Steel,High,12635,Piece,Fixed,1.0,Apartment,False
P001835,Doors,Interior,Interior MDF Door,WPC Brand,Solid,MDF,Low,4246,Piece,Per_Room,1.0,Bedroom,False
P001836,Doors,Balcony,Aluminum Balcony Door,WoodCraft,Sliding,Aluminum,Medium,6487,Piece,Per_Balcony,1.0,Balcony,False
P001837,Doors,Entrance,Armored Security Door,Security Doors,Armored,Steel,High,10462,Piece,Fixed,1.0,Apartment,False
P001838,Doors,Interior,Interior MDF Door,WPC Brand,Solid,MDF,Low,3902,Piece,Per_Room,1.0,Bedroom,False
P001839,Doors,Interior,Interior MDF Door,DoorTech,Solid,MDF,Medium,5673,Piece,Per_Room,1.0,Bedroom,False
P001840,Doors,Interior,Interior MDF Door,DoorTech,Solid,MDF,Medium,5389,Piece,Per_Room,1.0,Bedroom,False
P001841,Doors,Balcony,Aluminum Balcony Door,WPC Brand,Sliding,Aluminum,Medium,5448,Piece,Per_Balcony,1.0,Balcony,False
P001842,Doors,Interior,Interior MDF Door,WoodCraft,Solid,MDF,Medium,5340,Piece,Per_Room,1.0,Bedroom,False
P001843,Doors,Interior,Interior MDF Door,DoorTech,Solid,MDF,Medium,5556,Piece,Per_Room,1.0,Bedroom,False
P001844,Doors,Entrance,Armored Security Door,WoodCraft,Armored,Steel,Medium,9512,Piece,Fixed,1.0,Apartment,False
P001845,Doors,Interior,Interior MDF Door,WPC Brand,Solid,MDF,Low,3999,Piece,Per_Room,1.0,Bedroom,False
P001846,Doors,Entrance,Armored Security Door,AluDoor,Armored,Steel,Medium,9506,Piece,Fixed,1.0,Apartment,False
P001847,Doors,Interior,Interior MDF Door,Security Doors,Solid,MDF,Medium,5507,Piece,Per_Room,1.0,Bedroom,False
P001848,Doors,Entrance,Armored Security Door,AluDoor,Armored,Steel,High,13694,Piece,Fixed,1.0,Apartment,False
P001849,Doors,Entrance,Armored Security Door,AluDoor,Armored,Steel,High,11863,Piece,Fixed,1.0,Apartment,False
P001850,Doors,Interior,Interior MDF Door,AluDoor,Solid,MDF,Medium,5539,Piece,Per_Room,1.0,Bedroom,False
P001851,Doors,Entrance,Armored Security Door,WoodCraft,Armored,Steel,High,13615,Piece,Fixed,1.0,Apartment,False
P001852,Doors,Interior,Interior MDF Door,DoorTech,Solid,MDF,Medium,5402,Piece,Per_Room,1.0,Bedroom,False
P001853,Doors,Balcony,Aluminum Balcony Door,Security Doors,Sliding,Aluminum,Medium,7360,Piece,Per_Balcony,1.0,Balcony,False
P001854,Doors,Entrance,Armored Security Door,WPC Brand,Armored,Steel,Medium,9769,Piece,Fixed,1.0,Apartment,False
P001855,Doors,Interior,Interior MDF Door,AluDoor,Solid,MDF,Low,5188,Piece,Per_Room,1.0,Bedroom,False
P001856,Doors,Interior,Interior MDF Door,DoorTech,Solid,MDF,Low,4710,Piece,Per_Room,1.0,Bedroom,False
P001857,Doors,Interior,Interior MDF Door,WPC Brand,Solid,MDF,Low,3823,Piece,Per_Room,1.0,Bedroom,False
P001858,Doors,Balcony,Aluminum Balcony Door,WoodCraft,Sliding,Aluminum,Medium,6123,Piece,Per_Balcony,1.0,Balcony,False
P001859,Doors,Interior,Interior MDF Door,DoorTech,Solid,MDF,Low,3974,Piece,Per_Room,1.0,Bedroom,False
P001860,Doors,Balcony,Aluminum Balcony Door,DoorTech,Sliding,Aluminum,Medium,5936,Piece,Per_Balcony,1.0,Balcony,False
P001861,Doors,Entrance,Armored Security Door,WPC Brand,Armored,Steel,High,10554,Piece,Fixed,1.0,Apartment,False
P001862,Doors,Balcony,Aluminum Balcony Door,AluDoor,Sliding,Aluminum,Medium,5519,Piece,Per_Balcony,1.0,Balcony,False
P001863,Doors,Interior,Interior MDF Door,Security Doors,Solid,MDF,Low,4523,Piece,Per_Room,1.0,Bedroom,False
P001864,Doors,Entrance,Armored Security Door,DoorTech,Armored,Steel,High,12016,Piece,Fixed,1.0,Apartment,False
P001865,Doors,Entrance,Armored Security Door,AluDoor,Armored,Steel,High,11224,Piece,Fixed,1.0,Apartment,False
P001866,Doors,Interior,Interior MDF Door,WPC Brand,Solid,MDF,Low,4260,Piece,Per_Room,1.0,Bedroom,False
P001867,Doors,Balcony,Aluminum Balcony Door,AluDoor,Sliding,Aluminum,Low,5187,Piece,Per_Balcony,1.0,Balcony,False
P001868,Doors,Interior,Interior MDF Door,WPC Brand,Solid,MDF,Medium,5745,Piece,Per_Room,1.0,Bedroom,False
P001869,Doors,Balcony,Aluminum Balcony Door,AluDoor,Sliding,Aluminum,Low,4990,Piece,Per_Balcony,1.0,Balcony,False
P001870,Doors,Interior,Interior MDF Door,DoorTech,Solid,MDF,Medium,5786,Piece,Per_Room,1.0,Bedroom,False
P001871,Doors,Entrance,Armored Security Door,DoorTech,Armored,Steel,High,13930,Piece,Fixed,1.0,Apartment,False
P001872,Doors,Entrance,Armored Security Door,WoodCraft,Armored,Steel,High,12889,Piece,Fixed,1.0,Apartment,False
P001873,Doors,Interior,Interior MDF Door,AluDoor,Solid,MDF,Medium,5433,Piece,Per_Room,1.0,Bedroom,False
P001874,Doors,Entrance,Armored Security Door,WoodCraft,Armored,Steel,High,11745,Piece,Fixed,1.0,Apartment,False
P001875,Doors,Balcony,Aluminum Balcony Door,WPC Brand,Sliding,Aluminum,Low,5117,Piece,Per_Balcony,1.0,Balcony,False
P001876,Doors,Interior,Interior MDF Door,WPC Brand,Solid,MDF,Low,5252,Piece,Per_Room,1.0,Bedroom,False
P001877,Doors,Balcony,Aluminum Balcony Door,WoodCraft,Sliding,Aluminum,Medium,7099,Piece,Per_Balcony,1.0,Balcony,False
P001878,Doors,Entrance,Armored Security Door,DoorTech,Armored,Steel,High,14107,Piece,Fixed,1.0,Apartment,False
P001879,Doors,Balcony,Aluminum Balcony Door,WPC Brand,Sliding,Aluminum,Medium,5909,Piece,Per_Balcony,1.0,Balcony,False
P001880,Doors,Entrance,Armored Security Door,WPC Brand,Armored,Steel,High,13104,Piece,Fixed,1.0,Apartment,False
P001881,Doors,Balcony,Aluminum Balcony Door,WPC Brand,Sliding,Aluminum,Medium,6640,Piece,Per_Balcony,1.0,Balcony,False
P001882,Doors,Balcony,Aluminum Balcony Door,WoodCraft,Sliding,Aluminum,Medium,6281,Piece,Per_Balcony,1.0,Balcony,False
P001883,Doors,Interior,Interior MDF Door,Security Doors,Solid,MDF,Low,4289,Piece,Per_Room,1.0,Bedroom,False
P001884,Doors,Interior,Interior MDF Door,Security Doors,Solid,MDF,Medium,5488,Piece,Per_Room,1.0,Bedroom,False
P001885,Doors,Interior,Interior MDF Door,AluDoor,Solid,MDF,Low,4121,Piece,Per_Room,1.0,Bedroom,False
P001886,Doors,Entrance,Armored Security Door,AluDoor,Armored,Steel,High,12418,Piece,Fixed,1.0,Apartment,False
P001887,Doors,Entrance,Armored Security Door,Security Doors,Armored,Steel,High,11788,Piece,Fixed,1.0,Apartment,False
P001888,Doors,Entrance,Armored Security Door,WPC Brand,Armored,Steel,High,10170,Piece,Fixed,1.0,Apartment,False
P001889,Doors,Entrance,Armored Security Door,WPC Brand,Armored,Steel,High,13653,Piece,Fixed,1.0,Apartment,False
P001890,Doors,Interior,Interior MDF Door,WPC Brand,Solid,MDF,Low,4372,Piece,Per_Room,1.0,Bedroom,False
P001891,Doors,Balcony,Aluminum Balcony Door,DoorTech,Sliding,Aluminum,Medium,5470,Piece,Per_Balcony,1.0,Balcony,False
P001892,Doors,Entrance,Armored Security Door,Security Doors,Armored,Steel,High,9893,Piece,Fixed,1.0,Apartment,False
P001893,Doors,Interior,Interior MDF Door,Security Doors,Solid,MDF,Low,3558,Piece,Per_Room,1.0,Bedroom,False
P001894,Doors,Interior,Interior MDF Door,WoodCraft,Solid,MDF,Low,5147,Piece,Per_Room,1.0,Bedroom,False
P001895,Doors,Balcony,Aluminum Balcony Door,DoorTech,Sliding,Aluminum,Medium,5530,Piece,Per_Balcony,1.0,Balcony,False
P001896,Doors,Entrance,Armored Security Door,Security Doors,Armored,Steel,High,14046,Piece,Fixed,1.0,Apartment,False
P001897,Doors,Interior,Interior MDF Door,Security Doors,Solid,MDF,Medium,5693,Piece,Per_Room,1.0,Bedroom,False
P001898,Doors,Balcony,Aluminum Balcony Door,WPC Brand,Sliding,Aluminum,Medium,5593,Piece,Per_Balcony,1.0,Balcony,False
P001899,Doors,Interior,Interior MDF Door,DoorTech,Solid,MDF,Low,4614,Piece,Per_Room,1.0,Bedroom,False
P001900,Doors,Interior,Interior MDF Door,Security Doors,Solid,MDF,Low,3707,Piece,Per_Room,1.0,Bedroom,False
P001901,Doors,Entrance,Armored Security Door,DoorTech,Armored,Steel,High,14395,Piece,Fixed,1.0,Apartment,False
P001902,Doors,Entrance,Armored Security Door,WPC Brand,Armored,Steel,High,11003,Piece,Fixed,1.0,Apartment,False
P001903,Doors,Entrance,Armored Security Door,Security Doors,Armored,Steel,High,10620,Piece,Fixed,1.0,Apartment,False
P001904,Doors,Balcony,Aluminum Balcony Door,AluDoor,Sliding,Aluminum,Medium,7024,Piece,Per_Balcony,1.0,Balcony,False
P001905,Doors,Entrance,Armored Security Door,Security Doors,Armored,Steel,High,9907,Piece,Fixed,1.0,Apartment,False
P001906,Doors,Entrance,Armored Security Door,WoodCraft,Armored,Steel,High,9846,Piece,Fixed,1.0,Apartment,False
P001907,Doors,Balcony,Aluminum Balcony Door,DoorTech,Sliding,Aluminum,Medium,5532,Piece,Per_Balcony,1.0,Balcony,False
P001908,Doors,Balcony,Aluminum Balcony Door,WoodCraft,Sliding,Aluminum,Medium,6098,Piece,Per_Balcony,1.0,Balcony,False
P001909,Doors,Balcony,Aluminum Balcony Door,WoodCraft,Sliding,Aluminum,Medium,5308,Piece,Per_Balcony,1.0,Balcony,False
P001910,Doors,Entrance,Armored Security Door,Security Doors,Armored,Steel,High,12680,Piece,Fixed,1.0,Apartment,False
P001911,Doors,Entrance,Armored Security Door,Security Doors,Armored,Steel,High,13453,Piece,Fixed,1.0,Apartment,False
P001912,Doors,Interior,Interior MDF Door,DoorTech,Solid,MDF,Low,5290,Piece,Per_Room,1.0,Bedroom,False
P001913,Doors,Balcony,Aluminum Balcony Door,DoorTech,Sliding,Aluminum,Low,5172,Piece,Per_Balcony,1.0,Balcony,False
P001914,Doors,Balcony,Aluminum Balcony Door,Security Doors,Sliding,Aluminum,Medium,6624,Piece,Per_Balcony,1.0,Balcony,False
P001915,Doors,Balcony,Aluminum Balcony Door,AluDoor,Sliding,Aluminum,Medium,6421,Piece,Per_Balcony,1.0,Balcony,False
P001916,Doors,Entrance,Armored Security Door,WoodCraft,Armored,Steel,High,11493,Piece,Fixed,1.0,Apartment,False
P001917,Doors,Balcony,Aluminum Balcony Door,DoorTech,Sliding,Aluminum,Medium,7320,Piece,Per_Balcony,1.0,Balcony,False
P001918,Doors,Interior,Interior MDF Door,AluDoor,Solid,MDF,Medium,5454,Piece,Per_Room,1.0,Bedroom,False
P001919,Doors,Interior,Interior MDF Door,Security Doors,Solid,MDF,Low,4123,Piece,Per_Room,1.0,Bedroom,False
P001920,Doors,Interior,Interior MDF Door,WPC Brand,Solid,MDF,Low,4191,Piece,Per_Room,1.0,Bedroom,False
P001921,Doors,Entrance,Armored Security Door,WPC Brand,Armored,Steel,High,11404,Piece,Fixed,1.0,Apartment,False
P001922,Doors,Entrance,Armored Security Door,WPC Brand,Armored,Steel,High,13758,Piece,Fixed,1.0,Apartment,False
P001923,Doors,Interior,Interior MDF Door,Security Doors,Solid,MDF,Low,3363,Piece,Per_Room,1.0,Bedroom,False
P001924,Doors,Balcony,Aluminum Balcony Door,Security Doors,Sliding,Aluminum,Medium,5984,Piece,Per_Balcony,1.0,Balcony,False
P001925,Doors,Interior,Interior MDF Door,Security Doors,Solid,MDF,Medium,5445,Piece,Per_Room,1.0,Bedroom,False
P001926,Doors,Interior,Interior MDF Door,Security Doors,Solid,MDF,Low,3225,Piece,Per_Room,1.0,Bedroom,False
P001927,Doors,Interior,Interior MDF Door,WoodCraft,Solid,MDF,Low,3668,Piece,Per_Room,1.0,Bedroom,False
P001928,Doors,Interior,Interior MDF Door,DoorTech,Solid,MDF,Low,3831,Piece,Per_Room,1.0,Bedroom,False
P001929,Doors,Balcony,Aluminum Balcony Door,DoorTech,Sliding,Aluminum,Medium,6184,Piece,Per_Balcony,1.0,Balcony,False
P001930,Doors,Entrance,Armored Security Door,WPC Brand,Armored,Steel,High,10708,Piece,Fixed,1.0,Apartment,False
P001931,Doors,Interior,Interior MDF Door,AluDoor,Solid,MDF,Low,3219,Piece,Per_Room,1.0,Bedroom,False
P001932,Doors,Entrance,Armored Security Door,WPC Brand,Armored,Steel,High,14063,Piece,Fixed,1.0,Apartment,False
P001933,Doors,Entrance,Armored Security Door,Security Doors,Armored,Steel,High,10989,Piece,Fixed,1.0,Apartment,False
P001934,Doors,Balcony,Aluminum Balcony Door,AluDoor,Sliding,Aluminum,Medium,6407,Piece,Per_Balcony,1.0,Balcony,False
P001935,Doors,Interior,Interior MDF Door,WPC Brand,Solid,MDF,Low,3641,Piece,Per_Room,1.0,Bedroom,False
P001936,Doors,Balcony,Aluminum Balcony Door,DoorTech,Sliding,Aluminum,Medium,6260,Piece,Per_Balcony,1.0,Balcony,False
P001937,Doors,Entrance,Armored Security Door,Security Doors,Armored,Steel,High,10534,Piece,Fixed,1.0,Apartment,False
P001938,Doors,Balcony,Aluminum Balcony Door,DoorTech,Sliding,Aluminum,Low,4561,Piece,Per_Balcony,1.0,Balcony,False
P001939,Doors,Balcony,Aluminum Balcony Door,DoorTech,Sliding,Aluminum,Medium,6623,Piece,Per_Balcony,1.0,Balcony,False
P001940,Doors,Balcony,Aluminum Balcony Door,Security Doors,Sliding,Aluminum,Medium,6901,Piece,Per_Balcony,1.0,Balcony,False
P001941,Doors,Entrance,Armored Security Door,DoorTech,Armored,Steel,High,11977,Piece,Fixed,1.0,Apartment,False
P001942,Doors,Balcony,Aluminum Balcony Door,WoodCraft,Sliding,Aluminum,Medium,6085,Piece,Per_Balcony,1.0,Balcony,False
P001943,Doors,Balcony,Aluminum Balcony Door,AluDoor,Sliding,Aluminum,Low,4637,Piece,Per_Balcony,1.0,Balcony,False
P001944,Doors,Balcony,Aluminum Balcony Door,Security Doors,Sliding,Aluminum,Low,5100,Piece,Per_Balcony,1.0,Balcony,False
P001945,Doors,Interior,Interior MDF Door,DoorTech,Solid,MDF,Low,3457,Piece,Per_Room,1.0,Bedroom,False
P001946,Doors,Entrance,Armored Security Door,WPC Brand,Armored,Steel,High,11940,Piece,Fixed,1.0,Apartment,False
P001947,Doors,Entrance,Armored Security Door,Security Doors,Armored,Steel,High,10664,Piece,Fixed,1.0,Apartment,False
P001948,Doors,Entrance,Armored Security Door,WPC Brand,Armored,Steel,High,13200,Piece,Fixed,1.0,Apartment,False
P001949,Doors,Interior,Interior MDF Door,Security Doors,Solid,MDF,Low,3214,Piece,Per_Room,1.0,Bedroom,False
P001950,Doors,Interior,Interior MDF Door,AluDoor,Solid,MDF,Medium,5437,Piece,Per_Room,1.0,Bedroom,False
P001951,Doors,Entrance,Armored Security Door,AluDoor,Armored,Steel,High,13180,Piece,Fixed,1.0,Apartment,False
P001952,Doors,Balcony,Aluminum Balcony Door,AluDoor,Sliding,Aluminum,Medium,6055,Piece,Per_Balcony,1.0,Balcony,False
P001953,Doors,Interior,Interior MDF Door,AluDoor,Solid,MDF,Low,4168,Piece,Per_Room,1.0,Bedroom,False
P001954,Doors,Balcony,Aluminum Balcony Door,DoorTech,Sliding,Aluminum,Medium,6204,Piece,Per_Balcony,1.0,Balcony,False
P001955,Doors,Balcony,Aluminum Balcony Door,DoorTech,Sliding,Aluminum,Medium,6533,Piece,Per_Balcony,1.0,Balcony,False
P001956,Doors,Entrance,Armored Security Door,WPC Brand,Armored,Steel,High,12493,Piece,Fixed,1.0,Apartment,False
P001957,Doors,Interior,Interior MDF Door,DoorTech,Solid,MDF,Low,3570,Piece,Per_Room,1.0,Bedroom,False
P001958,Doors,Interior,Interior MDF Door,DoorTech,Solid,MDF,Low,3391,Piece,Per_Room,1.0,Bedroom,False
P001959,Doors,Interior,Interior MDF Door,Security Doors,Solid,MDF,Low,3630,Piece,Per_Room,1.0,Bedroom,False
P001960,Doors,Entrance,Armored Security Door,AluDoor,Armored,Steel,High,10364,Piece,Fixed,1.0,Apartment,False
P001961,Doors,Interior,Interior MDF Door,WoodCraft,Solid,MDF,Low,3487,Piece,Per_Room,1.0,Bedroom,False
P001962,Doors,Interior,Interior MDF Door,WPC Brand,Solid,MDF,Low,3556,Piece,Per_Room,1.0,Bedroom,False
P001963,Doors,Entrance,Armored Security Door,Security Doors,Armored,Steel,High,14471,Piece,Fixed,1.0,Apartment,False
P001964,Doors,Entrance,Armored Security Door,DoorTech,Armored,Steel,High,12089,Piece,Fixed,1.0,Apartment,False
P001965,Doors,Interior,Interior MDF Door,WPC Brand,Solid,MDF,Low,3918,Piece,Per_Room,1.0,Bedroom,False
P001966,Doors,Balcony,Aluminum Balcony Door,WPC Brand,Sliding,Aluminum,Low,4506,Piece,Per_Balcony,1.0,Balcony,False
P001967,Doors,Entrance,Armored Security Door,Security Doors,Armored,Steel,High,14066,Piece,Fixed,1.0,Apartment,False
P001968,Doors,Balcony,Aluminum Balcony Door,DoorTech,Sliding,Aluminum,Low,5188,Piece,Per_Balcony,1.0,Balcony,False
P001969,Doors,Balcony,Aluminum Balcony Door,DoorTech,Sliding,Aluminum,Medium,6923,Piece,Per_Balcony,1.0,Balcony,False
P001970,Doors,Interior,Interior MDF Door,WoodCraft,Solid,MDF,Medium,5350,Piece,Per_Room,1.0,Bedroom,False
P001971,Doors,Interior,Interior MDF Door,Security Doors,Solid,MDF,Low,4041,Piece,Per_Room,1.0,Bedroom,False
P001972,Doors,Balcony,Aluminum Balcony Door,Security Doors,Sliding,Aluminum,Medium,6937,Piece,Per_Balcony,1.0,Balcony,False
P001973,Doors,Entrance,Armored Security Door,WoodCraft,Armored,Steel,High,13799,Piece,Fixed,1.0,Apartment,False
P001974,Doors,Entrance,Armored Security Door,DoorTech,Armored,Steel,High,11314,Piece,Fixed,1.0,Apartment,False
P001975,Doors,Balcony,Aluminum Balcony Door,WPC Brand,Sliding,Aluminum,Medium,6039,Piece,Per_Balcony,1.0,Balcony,False
P001976,Doors,Entrance,Armored Security Door,AluDoor,Armored,Steel,High,14445,Piece,Fixed,1.0,Apartment,False
P001977,Doors,Entrance,Armored Security Door,WPC Brand,Armored,Steel,High,11921,Piece,Fixed,1.0,Apartment,False
P001978,Doors,Interior,Interior MDF Door,AluDoor,Solid,MDF,Low,4293,Piece,Per_Room,1.0,Bedroom,False
P001979,Doors,Entrance,Armored Security Door,WPC Brand,Armored,Steel,High,12870,Piece,Fixed,1.0,Apartment,False
P001980,Doors,Interior,Interior MDF Door,DoorTech,Solid,MDF,Medium,5664,Piece,Per_Room,1.0,Bedroom,False
P001981,Doors,Entrance,Armored Security Door,Security Doors,Armored,Steel,High,13673,Piece,Fixed,1.0,Apartment,False
P001982,Doors,Balcony,Aluminum Balcony Door,WPC Brand,Sliding,Aluminum,Low,4584,Piece,Per_Balcony,1.0,Balcony,False
P001983,Doors,Entrance,Armored Security Door,AluDoor,Armored,Steel,High,10206,Piece,Fixed,1.0,Apartment,False
P001984,Doors,Interior,Interior MDF Door,DoorTech,Solid,MDF,Low,4173,Piece,Per_Room,1.0,Bedroom,False
P001985,Doors,Entrance,Armored Security Door,DoorTech,Armored,Steel,High,14384,Piece,Fixed,1.0,Apartment,False
P001986,Doors,Interior,Interior MDF Door,WPC Brand,Solid,MDF,Low,3708,Piece,Per_Room,1.0,Bedroom,False
P001987,Doors,Entrance,Armored Security Door,AluDoor,Armored,Steel,High,12579,Piece,Fixed,1.0,Apartment,False
P001988,Doors,Entrance,Armored Security Door,Security Doors,Armored,Steel,High,10103,Piece,Fixed,1.0,Apartment,False
P001989,Doors,Entrance,Armored Security Door,WPC Brand,Armored,Steel,High,13177,Piece,Fixed,1.0,Apartment,False
P001990,Doors,Entrance,Armored Security Door,AluDoor,Armored,Steel,High,11492,Piece,Fixed,1.0,Apartment,False
P001991,Doors,Interior,Interior MDF Door,AluDoor,Solid,MDF,Low,3276,Piece,Per_Room,1.0,Bedroom,False
P001992,Doors,Entrance,Armored Security Door,WPC Brand,Armored,Steel,High,9794,Piece,Fixed,1.0,Apartment,False
P001993,Doors,Balcony,Aluminum Balcony Door,WPC Brand,Sliding,Aluminum,Medium,7311,Piece,Per_Balcony,1.0,Balcony,False
P001994,Doors,Interior,Interior MDF Door,WoodCraft,Solid,MDF,Medium,5778,Piece,Per_Room,1.0,Bedroom,False
P001995,Doors,Balcony,Aluminum Balcony Door,AluDoor,Sliding,Aluminum,Medium,5890,Piece,Per_Balcony,1.0,Balcony,False
P001996,Doors,Balcony,Aluminum Balcony Door,AluDoor,Sliding,Aluminum,Low,5250,Piece,Per_Balcony,1.0,Balcony,False
P001997,Doors,Interior,Interior MDF Door,DoorTech,Solid,MDF,Low,3346,Piece,Per_Room,1.0,Bedroom,False
P001998,Doors,Entrance,Armored Security Door,Security Doors,Armored,Steel,High,14197,Piece,Fixed,1.0,Apartment,False
P001999,Doors,Interior,Interior MDF Door,WoodCraft,Solid,MDF,Low,3760,Piece,Per_Room,1.0,Bedroom,False
P002000,Doors,Balcony,Aluminum Balcony Door,WoodCraft,Sliding,Aluminum,Medium,6880,Piece,Per_Balcony,1.0,Balcony,False
P002001,Doors,Entrance,Armored Security Door,AluDoor,Armored,Steel,High,10898,Piece,Fixed,1.0,Apartment,False
P002002,Doors,Entrance,Armored Security Door,WPC Brand,Armored,Steel,High,10470,Piece,Fixed,1.0,Apartment,False
P002003,Doors,Entrance,Armored Security Door,WoodCraft,Armored,Steel,High,10346,Piece,Fixed,1.0,Apartment,False
P002004,Doors,Interior,Interior MDF Door,WoodCraft,Solid,MDF,Low,4512,Piece,Per_Room,1.0,Bedroom,False
P002005,Electrical Basic,Wires & Cables,Copper Wire,Schneider Electric,Wires & Cables,,High,3073,Roll,Per_Area,0.06,Sockets,False
P002006,Electrical Basic,Wires & Cables,Copper Wire,Legrand,Wires & Cables,,Low,1773,Roll,Per_Area,0.05,Lighting,False
P002007,Electrical Basic,Wires & Cables,Copper Wire,Hager,Wires & Cables,,Low,1655,Roll,Per_Area,0.05,Lighting,False
P002008,Electrical Basic,Wires & Cables,Copper Wire,Legrand,Wires & Cables,,Medium,2006,Roll,Per_Area,0.05,Lighting,False
P002009,Electrical Basic,Wires & Cables,Copper Wire,El Sewedy Electric,Wires & Cables,,High,2847,Roll,Per_Area,0.06,Sockets,False
P002010,Electrical Basic,Wires & Cables,Copper Wire,Hager,Wires & Cables,,High,2777,Roll,Per_Area,0.06,Sockets,False
P002011,Electrical Basic,Wires & Cables,Copper Wire,Venus Electric,Wires & Cables,,Medium,2650,Roll,Per_Area,0.06,Sockets,False
P002012,Electrical Basic,Wires & Cables,Copper Wire,Hager,Wires & Cables,,High,3003,Roll,Per_Area,0.06,Sockets,False
P002013,Electrical Basic,Wires & Cables,Copper Wire,El Sewedy Electric,Wires & Cables,,High,3090,Roll,Per_Area,0.06,Sockets,False
P002014,Electrical Basic,Wires & Cables,Copper Wire,Schneider Electric,Wires & Cables,,Medium,2614,Roll,Per_Area,0.06,Sockets,False
P002015,Electrical Basic,Sockets,Double Socket,Schneider Electric,Sockets,,Low,111,Piece,Per_Room,4.0,Room,False
P002016,Electrical Basic,Wires & Cables,Copper Wire,El Sewedy Electric,Wires & Cables,,Low,1751,Roll,Per_Area,0.05,Lighting,False
P002017,Electrical Basic,Wires & Cables,Copper Wire,Schneider Electric,Wires & Cables,,High,3077,Roll,Per_Area,0.06,Sockets,False
P002018,Electrical Basic,Wires & Cables,Copper Wire,Schneider Electric,Wires & Cables,,Medium,1978,Roll,Per_Area,0.05,Lighting,False
P002019,Electrical Basic,Wires & Cables,Copper Wire,Hager,Wires & Cables,,Low,1825,Roll,Per_Area,0.05,Lighting,False
P002020,Electrical Basic,Wires & Cables,Copper Wire,El Sewedy Electric,Wires & Cables,,High,2830,Roll,Per_Area,0.06,Sockets,False
P002021,Electrical Basic,Sockets,Double Socket,Schneider Electric,Sockets,,Low,143,Piece,Per_Room,4.0,Room,False
P002022,Electrical Basic,Sockets,Double Socket,Venus Electric,Sockets,,Low,90,Piece,Per_Room,4.0,Room,False
P002023,Electrical Basic,Wires & Cables,Copper Wire,Hager,Wires & Cables,,Medium,2048,Roll,Per_Area,0.05,Lighting,False
P002024,Electrical Basic,Wires & Cables,Copper Wire,Legrand,Wires & Cables,,Medium,2675,Roll,Per_Area,0.06,Sockets,False
P002025,Electrical Basic,Wires & Cables,Copper Wire,Legrand,Wires & Cables,,Low,1688,Roll,Per_Area,0.05,Lighting,False
P002026,Electrical Basic,Wires & Cables,Copper Wire,Schneider Electric,Wires & Cables,,Low,1649,Roll,Per_Area,0.05,Lighting,False
P002027,Electrical Basic,Wires & Cables,Copper Wire,El Sewedy Electric,Wires & Cables,,Medium,2772,Roll,Per_Area,0.06,Sockets,False
P002028,Electrical Basic,Wires & Cables,Copper Wire,El Sewedy Electric,Wires & Cables,,Medium,2693,Roll,Per_Area,0.06,Sockets,False
P002029,Electrical Basic,Wires & Cables,Copper Wire,Schneider Electric,Wires & Cables,,High,2912,Roll,Per_Area,0.06,Sockets,False
P002030,Electrical Basic,Wires & Cables,Copper Wire,El Sewedy Electric,Wires & Cables,,Medium,2173,Roll,Per_Area,0.05,Lighting,False
P002031,Electrical Basic,Wires & Cables,Copper Wire,Legrand,Wires & Cables,,Medium,2606,Roll,Per_Area,0.06,Sockets,False
P002032,Electrical Basic,Wires & Cables,Copper Wire,El Sewedy Electric,Wires & Cables,,High,2846,Roll,Per_Area,0.06,Sockets,False
P002033,Electrical Basic,Wires & Cables,Copper Wire,El Sewedy Electric,Wires & Cables,,High,2788,Roll,Per_Area,0.06,Sockets,False
P002034,Electrical Basic,Wires & Cables,Copper Wire,El Sewedy Electric,Wires & Cables,,Medium,2066,Roll,Per_Area,0.05,Lighting,False
P002035,Electrical Basic,Wires & Cables,Copper Wire,Hager,Wires & Cables,,Medium,2101,Roll,Per_Area,0.05,Lighting,False
P002036,Electrical Basic,Wires & Cables,Copper Wire,Schneider Electric,Wires & Cables,,Low,1657,Roll,Per_Area,0.05,Lighting,False
P002037,Electrical Basic,Wires & Cables,Copper Wire,Hager,Wires & Cables,,High,2813,Roll,Per_Area,0.06,Sockets,False
P002038,Electrical Basic,Wires & Cables,Copper Wire,Venus Electric,Wires & Cables,,High,3015,Roll,Per_Area,0.06,Sockets,False
P002039,Electrical Basic,Wires & Cables,Copper Wire,Legrand,Wires & Cables,,Medium,2732,Roll,Per_Area,0.06,Sockets,False
P002040,Electrical Basic,Wires & Cables,Copper Wire,Hager,Wires & Cables,,High,2981,Roll,Per_Area,0.06,Sockets,False
P002041,Electrical Basic,Wires & Cables,Copper Wire,Schneider Electric,Wires & Cables,,Low,1759,Roll,Per_Area,0.05,Lighting,False
P002042,Electrical Basic,Wires & Cables,Copper Wire,El Sewedy Electric,Wires & Cables,,Low,1848,Roll,Per_Area,0.05,Lighting,False
P002043,Electrical Basic,Wires & Cables,Copper Wire,Hager,Wires & Cables,,Medium,2715,Roll,Per_Area,0.06,Sockets,False
P002044,Electrical Basic,Wires & Cables,Copper Wire,Schneider Electric,Wires & Cables,,Low,1735,Roll,Per_Area,0.05,Lighting,False
P002045,Electrical Basic,Sockets,Double Socket,Venus Electric,Sockets,,Low,149,Piece,Per_Room,4.0,Room,False
P002046,Electrical Basic,Wires & Cables,Copper Wire,Schneider Electric,Wires & Cables,,High,2872,Roll,Per_Area,0.06,Sockets,False
P002047,Electrical Basic,Wires & Cables,Copper Wire,Hager,Wires & Cables,,Medium,2727,Roll,Per_Area,0.06,Sockets,False
P002048,Electrical Basic,Wires & Cables,Copper Wire,Legrand,Wires & Cables,,High,2796,Roll,Per_Area,0.06,Sockets,False
P002049,Electrical Basic,Wires & Cables,Copper Wire,Hager,Wires & Cables,,High,3072,Roll,Per_Area,0.06,Sockets,False
P002050,Electrical Basic,Wires & Cables,Copper Wire,Venus Electric,Wires & Cables,,Low,1872,Roll,Per_Area,0.05,Lighting,False
P002051,Electrical Basic,Wires & Cables,Copper Wire,Hager,Wires & Cables,,Low,1836,Roll,Per_Area,0.05,Lighting,False
P002052,Electrical Basic,Wires & Cables,Copper Wire,El Sewedy Electric,Wires & Cables,,Low,1902,Roll,Per_Area,0.05,Lighting,False
P002053,Electrical Basic,Wires & Cables,Copper Wire,Venus Electric,Wires & Cables,,Low,1672,Roll,Per_Area,0.05,Lighting,False
P002054,Electrical Basic,Wires & Cables,Copper Wire,Hager,Wires & Cables,,Low,1648,Roll,Per_Area,0.05,Lighting,False
P002055,Electrical Basic,Wires & Cables,Copper Wire,Venus Electric,Wires & Cables,,High,2829,Roll,Per_Area,0.06,Sockets,False
P002056,Electrical Basic,Wires & Cables,Copper Wire,Venus Electric,Wires & Cables,,Medium,2067,Roll,Per_Area,0.05,Lighting,False
P002057,Electrical Basic,Wires & Cables,Copper Wire,Hager,Wires & Cables,,Medium,2726,Roll,Per_Area,0.06,Sockets,False
P002058,Electrical Basic,Wires & Cables,Copper Wire,Schneider Electric,Wires & Cables,,Medium,2027,Roll,Per_Area,0.05,Lighting,False
P002059,Electrical Basic,Wires & Cables,Copper Wire,El Sewedy Electric,Wires & Cables,,High,2816,Roll,Per_Area,0.06,Sockets,False
P002060,Electrical Basic,Sockets,Double Socket,Hager,Sockets,,Low,60,Piece,Per_Room,4.0,Room,False
P002061,Electrical Basic,Wires & Cables,Copper Wire,Legrand,Wires & Cables,,Medium,2668,Roll,Per_Area,0.06,Sockets,False
P002062,Electrical Basic,Wires & Cables,Copper Wire,Schneider Electric,Wires & Cables,,High,3040,Roll,Per_Area,0.06,Sockets,False
P002063,Electrical Basic,Wires & Cables,Copper Wire,Legrand,Wires & Cables,,High,2853,Roll,Per_Area,0.06,Sockets,False
P002064,Electrical Basic,Wires & Cables,Copper Wire,Hager,Wires & Cables,,High,2932,Roll,Per_Area,0.06,Sockets,False
P002065,Electrical Basic,Wires & Cables,Copper Wire,Hager,Wires & Cables,,High,3081,Roll,Per_Area,0.06,Sockets,False
P002066,Electrical Basic,Wires & Cables,Copper Wire,Legrand,Wires & Cables,,High,2876,Roll,Per_Area,0.06,Sockets,False
P002067,Electrical Basic,Wires & Cables,Copper Wire,Hager,Wires & Cables,,High,2991,Roll,Per_Area,0.06,Sockets,False
P002068,Electrical Basic,Wires & Cables,Copper Wire,El Sewedy Electric,Wires & Cables,,Low,1936,Roll,Per_Area,0.05,Lighting,False
P002069,Electrical Basic,Wires & Cables,Copper Wire,El Sewedy Electric,Wires & Cables,,High,2796,Roll,Per_Area,0.06,Sockets,False
P002070,Electrical Basic,Wires & Cables,Copper Wire,Hager,Wires & Cables,,Medium,2656,Roll,Per_Area,0.06,Sockets,False
P002071,Electrical Basic,Wires & Cables,Copper Wire,Legrand,Wires & Cables,,High,2825,Roll,Per_Area,0.06,Sockets,False
P002072,Electrical Basic,Wires & Cables,Copper Wire,Venus Electric,Wires & Cables,,Medium,2178,Roll,Per_Area,0.05,Lighting,False
P002073,Electrical Basic,Wires & Cables,Copper Wire,Hager,Wires & Cables,,High,2941,Roll,Per_Area,0.06,Sockets,False
P002074,Electrical Basic,Wires & Cables,Copper Wire,Schneider Electric,Wires & Cables,,Low,1715,Roll,Per_Area,0.05,Lighting,False
P002075,Electrical Basic,Wires & Cables,Copper Wire,Venus Electric,Wires & Cables,,Medium,2607,Roll,Per_Area,0.06,Sockets,False
P002076,Electrical Basic,Wires & Cables,Copper Wire,El Sewedy Electric,Wires & Cables,,Medium,2688,Roll,Per_Area,0.06,Sockets,False
P002077,Electrical Basic,Wires & Cables,Copper Wire,Legrand,Wires & Cables,,Low,1948,Roll,Per_Area,0.05,Lighting,False
P002078,Electrical Basic,Wires & Cables,Copper Wire,Legrand,Wires & Cables,,Medium,2763,Roll,Per_Area,0.06,Sockets,False
P002079,Electrical Basic,Wires & Cables,Copper Wire,Legrand,Wires & Cables,,High,2834,Roll,Per_Area,0.06,Sockets,False
P002080,Electrical Basic,Wires & Cables,Copper Wire,El Sewedy Electric,Wires & Cables,,High,2954,Roll,Per_Area,0.06,Sockets,False
P002081,Electrical Basic,Wires & Cables,Copper Wire,Legrand,Wires & Cables,,High,2886,Roll,Per_Area,0.06,Sockets,False
P002082,Electrical Basic,Wires & Cables,Copper Wire,Venus Electric,Wires & Cables,,Low,1601,Roll,Per_Area,0.05,Lighting,False
P002083,Electrical Basic,Wires & Cables,Copper Wire,Legrand,Wires & Cables,,Low,1885,Roll,Per_Area,0.05,Lighting,False
P002084,Electrical Basic,Wires & Cables,Copper Wire,Legrand,Wires & Cables,,Medium,2600,Roll,Per_Area,0.06,Sockets,False
P002085,Electrical Basic,Wires & Cables,Copper Wire,Schneider Electric,Wires & Cables,,Low,1728,Roll,Per_Area,0.05,Lighting,False
P002086,Electrical Basic,Wires & Cables,Copper Wire,El Sewedy Electric,Wires & Cables,,Medium,2706,Roll,Per_Area,0.06,Sockets,False
P002087,Electrical Basic,Wires & Cables,Copper Wire,El Sewedy Electric,Wires & Cables,,High,3001,Roll,Per_Area,0.06,Sockets,False
P002088,Electrical Basic,Wires & Cables,Copper Wire,Legrand,Wires & Cables,,Medium,2085,Roll,Per_Area,0.05,Lighting,False
P002089,Electrical Basic,Wires & Cables,Copper Wire,El Sewedy Electric,Wires & Cables,,High,2959,Roll,Per_Area,0.06,Sockets,False
P002090,Electrical Basic,Wires & Cables,Copper Wire,Legrand,Wires & Cables,,Medium,2624,Roll,Per_Area,0.06,Sockets,False
P002091,Electrical Basic,Wires & Cables,Copper Wire,Legrand,Wires & Cables,,High,2854,Roll,Per_Area,0.06,Sockets,False
P002092,Electrical Basic,Wires & Cables,Copper Wire,Hager,Wires & Cables,,Low,1654,Roll,Per_Area,0.05,Lighting,False
P002093,Electrical Basic,Wires & Cables,Copper Wire,Hager,Wires & Cables,,High,2872,Roll,Per_Area,0.06,Sockets,False
P002094,Electrical Basic,Wires & Cables,Copper Wire,Schneider Electric,Wires & Cables,,High,2995,Roll,Per_Area,0.06,Sockets,False
P002095,Electrical Basic,Wires & Cables,Copper Wire,Venus Electric,Wires & Cables,,Low,1656,Roll,Per_Area,0.05,Lighting,False
P002096,Electrical Basic,Wires & Cables,Copper Wire,Legrand,Wires & Cables,,High,2808,Roll,Per_Area,0.06,Sockets,False
P002097,Electrical Basic,Wires & Cables,Copper Wire,El Sewedy Electric,Wires & Cables,,High,3075,Roll,Per_Area,0.06,Sockets,False
P002098,Electrical Basic,Wires & Cables,Copper Wire,Legrand,Wires & Cables,,High,2871,Roll,Per_Area,0.06,Sockets,False
P002099,Electrical Basic,Wires & Cables,Copper Wire,Hager,Wires & Cables,,Low,1769,Roll,Per_Area,0.05,Lighting,False
P002100,Electrical Basic,Wires & Cables,Copper Wire,Legrand,Wires & Cables,,Medium,2103,Roll,Per_Area,0.05,Lighting,False
P002101,Electrical Basic,Wires & Cables,Copper Wire,Venus Electric,Wires & Cables,,Low,1959,Roll,Per_Area,0.05,Lighting,False
P002102,Electrical Basic,Wires & Cables,Copper Wire,Venus Electric,Wires & Cables,,High,3079,Roll,Per_Area,0.06,Sockets,False
P002103,Electrical Basic,Sockets,Double Socket,Schneider Electric,Sockets,,Low,74,Piece,Per_Room,4.0,Room,False
P002104,Electrical Basic,Wires & Cables,Copper Wire,Hager,Wires & Cables,,Medium,1969,Roll,Per_Area,0.05,Lighting,False
P002105,Electrical Basic,Wires & Cables,Copper Wire,Schneider Electric,Wires & Cables,,High,3097,Roll,Per_Area,0.06,Sockets,False
P002106,Electrical Basic,Wires & Cables,Copper Wire,Legrand,Wires & Cables,,High,2976,Roll,Per_Area,0.06,Sockets,False
P002107,Electrical Basic,Wires & Cables,Copper Wire,El Sewedy Electric,Wires & Cables,,High,2812,Roll,Per_Area,0.06,Sockets,False
P002108,Electrical Basic,Wires & Cables,Copper Wire,Venus Electric,Wires & Cables,,High,2878,Roll,Per_Area,0.06,Sockets,False
P002109,Electrical Basic,Wires & Cables,Copper Wire,Schneider Electric,Wires & Cables,,High,3064,Roll,Per_Area,0.06,Sockets,False
P002110,Electrical Basic,Wires & Cables,Copper Wire,Legrand,Wires & Cables,,Medium,2154,Roll,Per_Area,0.05,Lighting,False
P002111,Electrical Basic,Wires & Cables,Copper Wire,Schneider Electric,Wires & Cables,,Medium,2086,Roll,Per_Area,0.05,Lighting,False
P002112,Electrical Basic,Wires & Cables,Copper Wire,Legrand,Wires & Cables,,Medium,2155,Roll,Per_Area,0.05,Lighting,False
P002113,Electrical Basic,Wires & Cables,Copper Wire,Venus Electric,Wires & Cables,,Low,1687,Roll,Per_Area,0.05,Lighting,False
P002114,Electrical Basic,Wires & Cables,Copper Wire,Schneider Electric,Wires & Cables,,Medium,2154,Roll,Per_Area,0.05,Lighting,False
P002115,Electrical Basic,Wires & Cables,Copper Wire,El Sewedy Electric,Wires & Cables,,Low,1966,Roll,Per_Area,0.05,Lighting,False
P002116,Electrical Basic,Wires & Cables,Copper Wire,Legrand,Wires & Cables,,Medium,2169,Roll,Per_Area,0.05,Lighting,False
P002117,Electrical Basic,Wires & Cables,Copper Wire,Schneider Electric,Wires & Cables,,Medium,2707,Roll,Per_Area,0.06,Sockets,False
P002118,Electrical Basic,Wires & Cables,Copper Wire,El Sewedy Electric,Wires & Cables,,High,2899,Roll,Per_Area,0.06,Sockets,False
P002119,Electrical Basic,Wires & Cables,Copper Wire,Schneider Electric,Wires & Cables,,Low,1839,Roll,Per_Area,0.05,Lighting,False
P002120,Electrical Basic,Wires & Cables,Copper Wire,Schneider Electric,Wires & Cables,,Medium,2010,Roll,Per_Area,0.05,Lighting,False
P002121,Electrical Basic,Wires & Cables,Copper Wire,Schneider Electric,Wires & Cables,,High,3030,Roll,Per_Area,0.06,Sockets,False
P002122,Electrical Basic,Wires & Cables,Copper Wire,Hager,Wires & Cables,,High,2864,Roll,Per_Area,0.06,Sockets,False
P002123,Electrical Basic,Wires & Cables,Copper Wire,Schneider Electric,Wires & Cables,,Medium,2735,Roll,Per_Area,0.06,Sockets,False
P002124,Electrical Basic,Wires & Cables,Copper Wire,El Sewedy Electric,Wires & Cables,,High,3047,Roll,Per_Area,0.06,Sockets,False
P002125,Electrical Basic,Sockets,Double Socket,El Sewedy Electric,Sockets,,Low,132,Piece,Per_Room,4.0,Room,False
P002126,Electrical Basic,Wires & Cables,Copper Wire,Legrand,Wires & Cables,,Medium,2170,Roll,Per_Area,0.05,Lighting,False
P002127,Electrical Basic,Wires & Cables,Copper Wire,Hager,Wires & Cables,,Medium,2032,Roll,Per_Area,0.05,Lighting,False
P002128,Electrical Basic,Wires & Cables,Copper Wire,El Sewedy Electric,Wires & Cables,,Medium,2007,Roll,Per_Area,0.05,Lighting,False
P002129,Electrical Basic,Wires & Cables,Copper Wire,Venus Electric,Wires & Cables,,High,3057,Roll,Per_Area,0.06,Sockets,False
P002130,Electrical Basic,Wires & Cables,Copper Wire,Legrand,Wires & Cables,,Low,1664,Roll,Per_Area,0.05,Lighting,False
P002131,Electrical Basic,Wires & Cables,Copper Wire,Hager,Wires & Cables,,Medium,1975,Roll,Per_Area,0.05,Lighting,False
P002132,Electrical Basic,Wires & Cables,Copper Wire,El Sewedy Electric,Wires & Cables,,Low,1917,Roll,Per_Area,0.05,Lighting,False
P002133,Electrical Basic,Wires & Cables,Copper Wire,Venus Electric,Wires & Cables,,Medium,2620,Roll,Per_Area,0.06,Sockets,False
P002134,Electrical Basic,Wires & Cables,Copper Wire,Hager,Wires & Cables,,Medium,2156,Roll,Per_Area,0.05,Lighting,False
P002135,Electrical Basic,Wires & Cables,Copper Wire,Hager,Wires & Cables,,Low,1785,Roll,Per_Area,0.05,Lighting,False
P002136,Electrical Basic,Wires & Cables,Copper Wire,El Sewedy Electric,Wires & Cables,,Medium,2198,Roll,Per_Area,0.05,Lighting,False
P002137,Electrical Basic,Wires & Cables,Copper Wire,El Sewedy Electric,Wires & Cables,,Medium,2109,Roll,Per_Area,0.05,Lighting,False
P002138,Electrical Basic,Sockets,Double Socket,Hager,Sockets,,Low,136,Piece,Per_Room,4.0,Room,False
P002139,Electrical Basic,Wires & Cables,Copper Wire,El Sewedy Electric,Wires & Cables,,Medium,2161,Roll,Per_Area,0.05,Lighting,False
P002140,Electrical Basic,Wires & Cables,Copper Wire,El Sewedy Electric,Wires & Cables,,Medium,1974,Roll,Per_Area,0.05,Lighting,False
P002141,Electrical Basic,Wires & Cables,Copper Wire,El Sewedy Electric,Wires & Cables,,Low,1774,Roll,Per_Area,0.05,Lighting,False
P002142,Electrical Basic,Wires & Cables,Copper Wire,Legrand,Wires & Cables,,Medium,2198,Roll,Per_Area,0.05,Lighting,False
P002143,Electrical Basic,Wires & Cables,Copper Wire,Schneider Electric,Wires & Cables,,Medium,2059,Roll,Per_Area,0.05,Lighting,False
P002144,Electrical Basic,Wires & Cables,Copper Wire,Legrand,Wires & Cables,,Medium,1977,Roll,Per_Area,0.05,Lighting,False
P002145,Electrical Basic,Sockets,Double Socket,Venus Electric,Sockets,,Low,132,Piece,Per_Room,4.0,Room,False
P002146,Electrical Basic,Wires & Cables,Copper Wire,Hager,Wires & Cables,,Low,1930,Roll,Per_Area,0.05,Lighting,False
P002147,Electrical Basic,Wires & Cables,Copper Wire,Legrand,Wires & Cables,,Medium,2724,Roll,Per_Area,0.06,Sockets,False
P002148,Electrical Basic,Wires & Cables,Copper Wire,El Sewedy Electric,Wires & Cables,,High,2933,Roll,Per_Area,0.06,Sockets,False
P002149,Electrical Basic,Wires & Cables,Copper Wire,Schneider Electric,Wires & Cables,,Medium,2160,Roll,Per_Area,0.05,Lighting,False
P002150,Electrical Basic,Wires & Cables,Copper Wire,Schneider Electric,Wires & Cables,,Medium,2725,Roll,Per_Area,0.06,Sockets,False
P002151,Electrical Basic,Sockets,Double Socket,Hager,Sockets,,Low,163,Piece,Per_Room,4.0,Room,False
P002152,Electrical Basic,Wires & Cables,Copper Wire,Hager,Wires & Cables,,High,3094,Roll,Per_Area,0.06,Sockets,False
P002153,Electrical Basic,Wires & Cables,Copper Wire,Hager,Wires & Cables,,High,3055,Roll,Per_Area,0.06,Sockets,False
P002154,Electrical Basic,Wires & Cables,Copper Wire,Hager,Wires & Cables,,High,2914,Roll,Per_Area,0.06,Sockets,False
P002155,Electrical Basic,Wires & Cables,Copper Wire,El Sewedy Electric,Wires & Cables,,Medium,2053,Roll,Per_Area,0.05,Lighting,False
P002156,Electrical Basic,Wires & Cables,Copper Wire,Schneider Electric,Wires & Cables,,High,2956,Roll,Per_Area,0.06,Sockets,False
P002157,Electrical Basic,Wires & Cables,Copper Wire,Hager,Wires & Cables,,Medium,2700,Roll,Per_Area,0.06,Sockets,False
P002158,Electrical Basic,Wires & Cables,Copper Wire,Schneider Electric,Wires & Cables,,Medium,2624,Roll,Per_Area,0.06,Sockets,False
P002159,Electrical Basic,Wires & Cables,Copper Wire,Hager,Wires & Cables,,Low,1830,Roll,Per_Area,0.05,Lighting,False
P002160,Electrical Basic,Wires & Cables,Copper Wire,Hager,Wires & Cables,,Low,1826,Roll,Per_Area,0.05,Lighting,False
P002161,Electrical Basic,Wires & Cables,Copper Wire,Hager,Wires & Cables,,High,2852,Roll,Per_Area,0.06,Sockets,False
P002162,Electrical Basic,Wires & Cables,Copper Wire,Legrand,Wires & Cables,,High,3029,Roll,Per_Area,0.06,Sockets,False
P002163,Electrical Basic,Wires & Cables,Copper Wire,Legrand,Wires & Cables,,High,3061,Roll,Per_Area,0.06,Sockets,False
P002164,Electrical Basic,Sockets,Double Socket,Legrand,Sockets,,Low,109,Piece,Per_Room,4.0,Room,False
P002165,Electrical Basic,Wires & Cables,Copper Wire,El Sewedy Electric,Wires & Cables,,Medium,2125,Roll,Per_Area,0.05,Lighting,False
P002166,Electrical Basic,Wires & Cables,Copper Wire,Venus Electric,Wires & Cables,,High,2891,Roll,Per_Area,0.06,Sockets,False
P002167,Electrical Basic,Wires & Cables,Copper Wire,Venus Electric,Wires & Cables,,High,2976,Roll,Per_Area,0.06,Sockets,False
P002168,Electrical Basic,Wires & Cables,Copper Wire,Legrand,Wires & Cables,,Medium,2658,Roll,Per_Area,0.06,Sockets,False
P002169,Electrical Basic,Wires & Cables,Copper Wire,Legrand,Wires & Cables,,Low,1770,Roll,Per_Area,0.05,Lighting,False
P002170,Electrical Basic,Wires & Cables,Copper Wire,El Sewedy Electric,Wires & Cables,,Medium,2074,Roll,Per_Area,0.05,Lighting,False
P002171,Electrical Basic,Wires & Cables,Copper Wire,Hager,Wires & Cables,,Medium,2105,Roll,Per_Area,0.05,Lighting,False
P002172,Electrical Basic,Wires & Cables,Copper Wire,El Sewedy Electric,Wires & Cables,,Medium,2073,Roll,Per_Area,0.05,Lighting,False
P002173,Electrical Basic,Wires & Cables,Copper Wire,Schneider Electric,Wires & Cables,,Medium,2177,Roll,Per_Area,0.05,Lighting,False
P002174,Electrical Basic,Wires & Cables,Copper Wire,Hager,Wires & Cables,,Medium,2705,Roll,Per_Area,0.06,Sockets,False
P002175,Electrical Basic,Wires & Cables,Copper Wire,Hager,Wires & Cables,,High,2924,Roll,Per_Area,0.06,Sockets,False
P002176,Electrical Basic,Wires & Cables,Copper Wire,Legrand,Wires & Cables,,High,2841,Roll,Per_Area,0.06,Sockets,False
P002177,Electrical Basic,Wires & Cables,Copper Wire,Venus Electric,Wires & Cables,,High,2894,Roll,Per_Area,0.06,Sockets,False
P002178,Electrical Basic,Wires & Cables,Copper Wire,Legrand,Wires & Cables,,High,3091,Roll,Per_Area,0.06,Sockets,False
P002179,Electrical Basic,Wires & Cables,Copper Wire,Venus Electric,Wires & Cables,,High,3066,Roll,Per_Area,0.06,Sockets,False
P002180,Electrical Basic,Wires & Cables,Copper Wire,El Sewedy Electric,Wires & Cables,,Medium,2174,Roll,Per_Area,0.05,Lighting,False
P002181,Electrical Basic,Wires & Cables,Copper Wire,Hager,Wires & Cables,,High,3059,Roll,Per_Area,0.06,Sockets,False
P002182,Electrical Basic,Wires & Cables,Copper Wire,Hager,Wires & Cables,,High,3064,Roll,Per_Area,0.06,Sockets,False
P002183,Electrical Basic,Wires & Cables,Copper Wire,El Sewedy Electric,Wires & Cables,,Low,1698,Roll,Per_Area,0.05,Lighting,False
P002184,Electrical Basic,Wires & Cables,Copper Wire,Legrand,Wires & Cables,,Low,1919,Roll,Per_Area,0.05,Lighting,False
P002185,Electrical Basic,Wires & Cables,Copper Wire,Legrand,Wires & Cables,,Medium,2678,Roll,Per_Area,0.06,Sockets,False
P002186,Electrical Basic,Wires & Cables,Copper Wire,El Sewedy Electric,Wires & Cables,,Low,1754,Roll,Per_Area,0.05,Lighting,False
P002187,Electrical Basic,Wires & Cables,Copper Wire,Legrand,Wires & Cables,,Low,1719,Roll,Per_Area,0.05,Lighting,False
P002188,Electrical Basic,Wires & Cables,Copper Wire,Hager,Wires & Cables,,Low,1659,Roll,Per_Area,0.05,Lighting,False
P002189,Electrical Basic,Wires & Cables,Copper Wire,Schneider Electric,Wires & Cables,,Medium,2666,Roll,Per_Area,0.06,Sockets,False
P002190,Electrical Basic,Wires & Cables,Copper Wire,Legrand,Wires & Cables,,Low,1748,Roll,Per_Area,0.05,Lighting,False
P002191,Electrical Basic,Wires & Cables,Copper Wire,Schneider Electric,Wires & Cables,,Medium,2638,Roll,Per_Area,0.06,Sockets,False
P002192,Electrical Basic,Wires & Cables,Copper Wire,Venus Electric,Wires & Cables,,Low,1780,Roll,Per_Area,0.05,Lighting,False
P002193,Electrical Basic,Wires & Cables,Copper Wire,Hager,Wires & Cables,,Medium,2751,Roll,Per_Area,0.06,Sockets,False
P002194,Electrical Basic,Wires & Cables,Copper Wire,Schneider Electric,Wires & Cables,,Low,1907,Roll,Per_Area,0.05,Lighting,False
P002195,Electrical Basic,Wires & Cables,Copper Wire,Venus Electric,Wires & Cables,,Low,1713,Roll,Per_Area,0.05,Lighting,False
P002196,Electrical Basic,Sockets,Double Socket,Legrand,Sockets,,Low,166,Piece,Per_Room,4.0,Room,False
P002197,Electrical Basic,Wires & Cables,Copper Wire,El Sewedy Electric,Wires & Cables,,High,3077,Roll,Per_Area,0.06,Sockets,False
P002198,Electrical Basic,Wires & Cables,Copper Wire,El Sewedy Electric,Wires & Cables,,High,2958,Roll,Per_Area,0.06,Sockets,False
P002199,Electrical Basic,Wires & Cables,Copper Wire,Venus Electric,Wires & Cables,,High,2840,Roll,Per_Area,0.06,Sockets,False
P002200,Electrical Basic,Wires & Cables,Copper Wire,Schneider Electric,Wires & Cables,,Low,1605,Roll,Per_Area,0.05,Lighting,False
P002201,Electrical Basic,Wires & Cables,Copper Wire,Venus Electric,Wires & Cables,,Medium,2189,Roll,Per_Area,0.05,Lighting,False
P002202,Electrical Basic,Wires & Cables,Copper Wire,Legrand,Wires & Cables,,Medium,2660,Roll,Per_Area,0.06,Sockets,False
P002203,Electrical Basic,Wires & Cables,Copper Wire,Legrand,Wires & Cables,,Low,1618,Roll,Per_Area,0.05,Lighting,False
P002204,Electrical Basic,Wires & Cables,Copper Wire,Hager,Wires & Cables,,High,2820,Roll,Per_Area,0.06,Sockets,False
P002205,Electrical Basic,Wires & Cables,Copper Wire,Schneider Electric,Wires & Cables,,Low,1929,Roll,Per_Area,0.05,Lighting,False
P002206,Electrical Basic,Wires & Cables,Copper Wire,El Sewedy Electric,Wires & Cables,,Low,1724,Roll,Per_Area,0.05,Lighting,False
P002207,Electrical Basic,Wires & Cables,Copper Wire,Legrand,Wires & Cables,,Low,1622,Roll,Per_Area,0.05,Lighting,False
P002208,Electrical Basic,Wires & Cables,Copper Wire,Schneider Electric,Wires & Cables,,Medium,2756,Roll,Per_Area,0.06,Sockets,False
P002209,Electrical Basic,Sockets,Double Socket,Schneider Electric,Sockets,,Low,109,Piece,Per_Room,4.0,Room,False
P002210,Electrical Basic,Wires & Cables,Copper Wire,Hager,Wires & Cables,,High,2796,Roll,Per_Area,0.06,Sockets,False
P002211,Electrical Basic,Wires & Cables,Copper Wire,Venus Electric,Wires & Cables,,High,3095,Roll,Per_Area,0.06,Sockets,False
P002212,Electrical Basic,Wires & Cables,Copper Wire,Schneider Electric,Wires & Cables,,High,3051,Roll,Per_Area,0.06,Sockets,False
P002213,Electrical Basic,Wires & Cables,Copper Wire,Legrand,Wires & Cables,,Medium,2625,Roll,Per_Area,0.06,Sockets,False
P002214,Electrical Basic,Wires & Cables,Copper Wire,El Sewedy Electric,Wires & Cables,,High,2984,Roll,Per_Area,0.06,Sockets,False
P002215,Electrical Basic,Wires & Cables,Copper Wire,Venus Electric,Wires & Cables,,Medium,2766,Roll,Per_Area,0.06,Sockets,False
P002216,Electrical Basic,Wires & Cables,Copper Wire,Hager,Wires & Cables,,Medium,2646,Roll,Per_Area,0.06,Sockets,False
P002217,Electrical Basic,Wires & Cables,Copper Wire,Schneider Electric,Wires & Cables,,Medium,2161,Roll,Per_Area,0.05,Lighting,False
P002218,Electrical Basic,Wires & Cables,Copper Wire,El Sewedy Electric,Wires & Cables,,Low,1734,Roll,Per_Area,0.05,Lighting,False
P002219,Electrical Basic,Wires & Cables,Copper Wire,Schneider Electric,Wires & Cables,,Low,1801,Roll,Per_Area,0.05,Lighting,False
P002220,Electrical Basic,Wires & Cables,Copper Wire,Schneider Electric,Wires & Cables,,Low,1810,Roll,Per_Area,0.05,Lighting,False
P002221,Electrical Basic,Wires & Cables,Copper Wire,El Sewedy Electric,Wires & Cables,,High,2800,Roll,Per_Area,0.06,Sockets,False
P002222,Electrical Basic,Wires & Cables,Copper Wire,El Sewedy Electric,Wires & Cables,,Medium,2650,Roll,Per_Area,0.06,Sockets,False
P002223,Electrical Basic,Sockets,Double Socket,Legrand,Sockets,,Low,158,Piece,Per_Room,4.0,Room,False
P002224,Electrical Basic,Wires & Cables,Copper Wire,Hager,Wires & Cables,,Medium,2621,Roll,Per_Area,0.06,Sockets,False
P002225,Electrical Basic,Wires & Cables,Copper Wire,Schneider Electric,Wires & Cables,,Medium,2032,Roll,Per_Area,0.05,Lighting,False
P002226,Electrical Basic,Wires & Cables,Copper Wire,Venus Electric,Wires & Cables,,Low,1745,Roll,Per_Area,0.05,Lighting,False
P002227,Electrical Basic,Wires & Cables,Copper Wire,Venus Electric,Wires & Cables,,Medium,2631,Roll,Per_Area,0.06,Sockets,False
P002228,Electrical Basic,Wires & Cables,Copper Wire,Schneider Electric,Wires & Cables,,Medium,2040,Roll,Per_Area,0.05,Lighting,False
P002229,Electrical Basic,Wires & Cables,Copper Wire,Legrand,Wires & Cables,,High,3075,Roll,Per_Area,0.06,Sockets,False
P002230,Electrical Basic,Wires & Cables,Copper Wire,Venus Electric,Wires & Cables,,Medium,2176,Roll,Per_Area,0.05,Lighting,False
P002231,Electrical Basic,Wires & Cables,Copper Wire,Legrand,Wires & Cables,,Medium,2767,Roll,Per_Area,0.06,Sockets,False
P002232,Electrical Basic,Wires & Cables,Copper Wire,El Sewedy Electric,Wires & Cables,,High,2961,Roll,Per_Area,0.06,Sockets,False
P002233,Electrical Basic,Wires & Cables,Copper Wire,El Sewedy Electric,Wires & Cables,,Medium,2164,Roll,Per_Area,0.05,Lighting,False
P002234,Electrical Basic,Wires & Cables,Copper Wire,Venus Electric,Wires & Cables,,High,2785,Roll,Per_Area,0.06,Sockets,False
P002235,Electrical Basic,Wires & Cables,Copper Wire,Venus Electric,Wires & Cables,,Low,1833,Roll,Per_Area,0.05,Lighting,False
P002236,Electrical Basic,Wires & Cables,Copper Wire,Hager,Wires & Cables,,Low,1803,Roll,Per_Area,0.05,Lighting,False
P002237,Electrical Basic,Wires & Cables,Copper Wire,Hager,Wires & Cables,,Low,1760,Roll,Per_Area,0.05,Lighting,False
P002238,Electrical Basic,Sockets,Double Socket,Hager,Sockets,,Low,112,Piece,Per_Room,4.0,Room,False
P002239,Electrical Basic,Wires & Cables,Copper Wire,Legrand,Wires & Cables,,Low,1676,Roll,Per_Area,0.05,Lighting,False
P002240,Electrical Basic,Wires & Cables,Copper Wire,Legrand,Wires & Cables,,High,2830,Roll,Per_Area,0.06,Sockets,False
P002241,Electrical Basic,Wires & Cables,Copper Wire,Venus Electric,Wires & Cables,,Low,1761,Roll,Per_Area,0.05,Lighting,False
P002242,Electrical Basic,Wires & Cables,Copper Wire,Venus Electric,Wires & Cables,,Medium,2027,Roll,Per_Area,0.05,Lighting,False
P002243,Electrical Basic,Wires & Cables,Copper Wire,El Sewedy Electric,Wires & Cables,,Low,1867,Roll,Per_Area,0.05,Lighting,False
P002244,Electrical Basic,Wires & Cables,Copper Wire,Venus Electric,Wires & Cables,,Low,1812,Roll,Per_Area,0.05,Lighting,False
P002245,Electrical Basic,Wires & Cables,Copper Wire,Schneider Electric,Wires & Cables,,Low,1791,Roll,Per_Area,0.05,Lighting,False
P002246,Electrical Basic,Wires & Cables,Copper Wire,Legrand,Wires & Cables,,High,2912,Roll,Per_Area,0.06,Sockets,False
P002247,Electrical Basic,Wires & Cables,Copper Wire,Hager,Wires & Cables,,Medium,2149,Roll,Per_Area,0.05,Lighting,False
P002248,Electrical Basic,Wires & Cables,Copper Wire,Venus Electric,Wires & Cables,,Medium,2612,Roll,Per_Area,0.06,Sockets,False
P002249,Electrical Basic,Sockets,Double Socket,El Sewedy Electric,Sockets,,Low,70,Piece,Per_Room,4.0,Room,False
P002250,Electrical Basic,Wires & Cables,Copper Wire,Schneider Electric,Wires & Cables,,Low,1602,Roll,Per_Area,0.05,Lighting,False
P002251,Electrical Basic,Wires & Cables,Copper Wire,Venus Electric,Wires & Cables,,Medium,2091,Roll,Per_Area,0.05,Lighting,False
P002252,Electrical Basic,Wires & Cables,Copper Wire,El Sewedy Electric,Wires & Cables,,High,2987,Roll,Per_Area,0.06,Sockets,False
P002253,Electrical Basic,Wires & Cables,Copper Wire,El Sewedy Electric,Wires & Cables,,High,2944,Roll,Per_Area,0.06,Sockets,False
P002254,Electrical Basic,Wires & Cables,Copper Wire,Venus Electric,Wires & Cables,,High,2851,Roll,Per_Area,0.06,Sockets,False
P002255,Electrical Basic,Wires & Cables,Copper Wire,Schneider Electric,Wires & Cables,,High,3052,Roll,Per_Area,0.06,Sockets,False
P002256,Electrical Basic,Wires & Cables,Copper Wire,Hager,Wires & Cables,,High,2888,Roll,Per_Area,0.06,Sockets,False
P002257,Electrical Basic,Wires & Cables,Copper Wire,Venus Electric,Wires & Cables,,Medium,2698,Roll,Per_Area,0.06,Sockets,False
P002258,Electrical Basic,Wires & Cables,Copper Wire,Legrand,Wires & Cables,,Medium,2729,Roll,Per_Area,0.06,Sockets,False
P002259,Electrical Basic,Wires & Cables,Copper Wire,Schneider Electric,Wires & Cables,,High,2827,Roll,Per_Area,0.06,Sockets,False
P002260,Electrical Basic,Wires & Cables,Copper Wire,Hager,Wires & Cables,,Medium,2617,Roll,Per_Area,0.06,Sockets,False
P002261,Electrical Basic,Wires & Cables,Copper Wire,Venus Electric,Wires & Cables,,High,2859,Roll,Per_Area,0.06,Sockets,False
P002262,Electrical Basic,Wires & Cables,Copper Wire,Hager,Wires & Cables,,Medium,2613,Roll,Per_Area,0.06,Sockets,False
P002263,Electrical Basic,Wires & Cables,Copper Wire,Hager,Wires & Cables,,High,2845,Roll,Per_Area,0.06,Sockets,False
P002264,Electrical Basic,Wires & Cables,Copper Wire,Schneider Electric,Wires & Cables,,High,2924,Roll,Per_Area,0.06,Sockets,False
P002265,Electrical Basic,Wires & Cables,Copper Wire,Venus Electric,Wires & Cables,,Low,1776,Roll,Per_Area,0.05,Lighting,False
P002266,Electrical Basic,Wires & Cables,Copper Wire,Legrand,Wires & Cables,,Medium,2762,Roll,Per_Area,0.06,Sockets,False
P002267,Electrical Basic,Wires & Cables,Copper Wire,Schneider Electric,Wires & Cables,,Low,1686,Roll,Per_Area,0.05,Lighting,False
P002268,Electrical Basic,Wires & Cables,Copper Wire,Legrand,Wires & Cables,,Low,1708,Roll,Per_Area,0.05,Lighting,False
P002269,Electrical Basic,Wires & Cables,Copper Wire,Schneider Electric,Wires & Cables,,High,2799,Roll,Per_Area,0.06,Sockets,False
P002270,Electrical Basic,Wires & Cables,Copper Wire,Legrand,Wires & Cables,,Low,1774,Roll,Per_Area,0.05,Lighting,False
P002271,Electrical Basic,Wires & Cables,Copper Wire,Venus Electric,Wires & Cables,,Medium,2164,Roll,Per_Area,0.05,Lighting,False
P002272,Electrical Basic,Wires & Cables,Copper Wire,Hager,Wires & Cables,,High,2874,Roll,Per_Area,0.06,Sockets,False
P002273,Electrical Basic,Wires & Cables,Copper Wire,Legrand,Wires & Cables,,High,3001,Roll,Per_Area,0.06,Sockets,False
P002274,Electrical Basic,Wires & Cables,Copper Wire,Legrand,Wires & Cables,,High,3037,Roll,Per_Area,0.06,Sockets,False
P002275,Electrical Basic,Wires & Cables,Copper Wire,Venus Electric,Wires & Cables,,Medium,2690,Roll,Per_Area,0.06,Sockets,False
P002276,Electrical Basic,Wires & Cables,Copper Wire,Venus Electric,Wires & Cables,,Medium,2023,Roll,Per_Area,0.05,Lighting,False
P002277,Electrical Basic,Wires & Cables,Copper Wire,Legrand,Wires & Cables,,Medium,2013,Roll,Per_Area,0.05,Lighting,False
P002278,Electrical Basic,Wires & Cables,Copper Wire,Venus Electric,Wires & Cables,,Low,1770,Roll,Per_Area,0.05,Lighting,False
P002279,Electrical Basic,Wires & Cables,Copper Wire,Legrand,Wires & Cables,,Medium,2611,Roll,Per_Area,0.06,Sockets,False
P002280,Electrical Basic,Wires & Cables,Copper Wire,Venus Electric,Wires & Cables,,High,2850,Roll,Per_Area,0.06,Sockets,False
P002281,Electrical Basic,Wires & Cables,Copper Wire,Hager,Wires & Cables,,High,2794,Roll,Per_Area,0.06,Sockets,False
P002282,Electrical Basic,Wires & Cables,Copper Wire,Legrand,Wires & Cables,,Medium,2634,Roll,Per_Area,0.06,Sockets,False
P002283,Electrical Basic,Wires & Cables,Copper Wire,Venus Electric,Wires & Cables,,Low,1919,Roll,Per_Area,0.05,Lighting,False
P002284,Electrical Basic,Wires & Cables,Copper Wire,Venus Electric,Wires & Cables,,High,2925,Roll,Per_Area,0.06,Sockets,False
P002285,Electrical Basic,Wires & Cables,Copper Wire,El Sewedy Electric,Wires & Cables,,Low,1923,Roll,Per_Area,0.05,Lighting,False
P002286,Electrical Basic,Wires & Cables,Copper Wire,Legrand,Wires & Cables,,High,2957,Roll,Per_Area,0.06,Sockets,False
P002287,Electrical Basic,Wires & Cables,Copper Wire,Hager,Wires & Cables,,High,2795,Roll,Per_Area,0.06,Sockets,False
P002288,Electrical Basic,Wires & Cables,Copper Wire,Hager,Wires & Cables,,Low,1688,Roll,Per_Area,0.05,Lighting,False
P002289,Electrical Basic,Sockets,Double Socket,Venus Electric,Sockets,,Low,159,Piece,Per_Room,4.0,Room,False
P002290,Electrical Basic,Wires & Cables,Copper Wire,El Sewedy Electric,Wires & Cables,,High,2786,Roll,Per_Area,0.06,Sockets,False
P002291,Electrical Basic,Wires & Cables,Copper Wire,Legrand,Wires & Cables,,Low,1867,Roll,Per_Area,0.05,Lighting,False
P002292,Electrical Basic,Wires & Cables,Copper Wire,Hager,Wires & Cables,,Medium,2106,Roll,Per_Area,0.05,Lighting,False
P002293,Electrical Basic,Wires & Cables,Copper Wire,Venus Electric,Wires & Cables,,Medium,2628,Roll,Per_Area,0.06,Sockets,False
P002294,Electrical Basic,Wires & Cables,Copper Wire,Hager,Wires & Cables,,High,2837,Roll,Per_Area,0.06,Sockets,False
P002295,Electrical Basic,Wires & Cables,Copper Wire,Legrand,Wires & Cables,,Medium,2168,Roll,Per_Area,0.05,Lighting,False
P002296,Electrical Basic,Wires & Cables,Copper Wire,Hager,Wires & Cables,,High,3030,Roll,Per_Area,0.06,Sockets,False
P002297,Electrical Basic,Wires & Cables,Copper Wire,Venus Electric,Wires & Cables,,Medium,2651,Roll,Per_Area,0.06,Sockets,False
P002298,Electrical Basic,Wires & Cables,Copper Wire,El Sewedy Electric,Wires & Cables,,Medium,2713,Roll,Per_Area,0.06,Sockets,False
P002299,Electrical Basic,Wires & Cables,Copper Wire,El Sewedy Electric,Wires & Cables,,Medium,2698,Roll,Per_Area,0.06,Sockets,False
P002300,Electrical Basic,Wires & Cables,Copper Wire,Schneider Electric,Wires & Cables,,High,2870,Roll,Per_Area,0.06,Sockets,False
P002301,Electrical Basic,Wires & Cables,Copper Wire,El Sewedy Electric,Wires & Cables,,Low,1885,Roll,Per_Area,0.05,Lighting,False
P002302,Electrical Basic,Wires & Cables,Copper Wire,Legrand,Wires & Cables,,Medium,2671,Roll,Per_Area,0.06,Sockets,False
P002303,Electrical Basic,Wires & Cables,Copper Wire,Schneider Electric,Wires & Cables,,Medium,2663,Roll,Per_Area,0.06,Sockets,False
P002304,Electrical Basic,Wires & Cables,Copper Wire,Venus Electric,Wires & Cables,,Low,1719,Roll,Per_Area,0.05,Lighting,False
P002305,Electrical Basic,Wires & Cables,Copper Wire,El Sewedy Electric,Wires & Cables,,High,2983,Roll,Per_Area,0.06,Sockets,False
P002306,Electrical Basic,Wires & Cables,Copper Wire,Legrand,Wires & Cables,,Medium,2068,Roll,Per_Area,0.05,Lighting,False
P002307,Electrical Basic,Wires & Cables,Copper Wire,El Sewedy Electric,Wires & Cables,,Medium,2767,Roll,Per_Area,0.06,Sockets,False
P002308,Electrical Basic,Wires & Cables,Copper Wire,Legrand,Wires & Cables,,Low,1841,Roll,Per_Area,0.05,Lighting,False
P002309,Electrical Basic,Wires & Cables,Copper Wire,Legrand,Wires & Cables,,Low,1918,Roll,Per_Area,0.05,Lighting,False
P002310,Electrical Basic,Wires & Cables,Copper Wire,El Sewedy Electric,Wires & Cables,,Medium,2721,Roll,Per_Area,0.06,Sockets,False
P002311,Electrical Basic,Wires & Cables,Copper Wire,Hager,Wires & Cables,,Low,1604,Roll,Per_Area,0.05,Lighting,False
P002312,Electrical Basic,Sockets,Double Socket,Hager,Sockets,,Low,65,Piece,Per_Room,4.0,Room,False
P002313,Electrical Basic,Wires & Cables,Copper Wire,Hager,Wires & Cables,,Low,1801,Roll,Per_Area,0.05,Lighting,False
P002314,Electrical Basic,Wires & Cables,Copper Wire,Venus Electric,Wires & Cables,,High,2806,Roll,Per_Area,0.06,Sockets,False
P002315,Electrical Basic,Sockets,Double Socket,Venus Electric,Sockets,,Low,174,Piece,Per_Room,4.0,Room,False
P002316,Electrical Basic,Wires & Cables,Copper Wire,Hager,Wires & Cables,,Medium,2627,Roll,Per_Area,0.06,Sockets,False
P002317,Electrical Basic,Wires & Cables,Copper Wire,El Sewedy Electric,Wires & Cables,,High,2925,Roll,Per_Area,0.06,Sockets,False
P002318,Electrical Basic,Wires & Cables,Copper Wire,Venus Electric,Wires & Cables,,Medium,2115,Roll,Per_Area,0.05,Lighting,False
P002319,Electrical Basic,Wires & Cables,Copper Wire,Legrand,Wires & Cables,,Low,1722,Roll,Per_Area,0.05,Lighting,False
P002320,Electrical Basic,Wires & Cables,Copper Wire,Venus Electric,Wires & Cables,,High,2972,Roll,Per_Area,0.06,Sockets,False
P002321,Electrical Basic,Wires & Cables,Copper Wire,Schneider Electric,Wires & Cables,,High,2931,Roll,Per_Area,0.06,Sockets,False
P002322,Electrical Basic,Wires & Cables,Copper Wire,Schneider Electric,Wires & Cables,,Low,1732,Roll,Per_Area,0.05,Lighting,False
P002323,Electrical Basic,Wires & Cables,Copper Wire,Legrand,Wires & Cables,,Low,1923,Roll,Per_Area,0.05,Lighting,False
P002324,Electrical Basic,Wires & Cables,Copper Wire,Legrand,Wires & Cables,,Medium,2646,Roll,Per_Area,0.06,Sockets,False
P002325,Electrical Basic,Sockets,Double Socket,El Sewedy Electric,Sockets,,Low,143,Piece,Per_Room,4.0,Room,False
P002326,Electrical Basic,Wires & Cables,Copper Wire,Venus Electric,Wires & Cables,,Low,1950,Roll,Per_Area,0.05,Lighting,False
P002327,Electrical Basic,Wires & Cables,Copper Wire,El Sewedy Electric,Wires & Cables,,Medium,2167,Roll,Per_Area,0.05,Lighting,False
P002328,Electrical Basic,Wires & Cables,Copper Wire,Venus Electric,Wires & Cables,,High,3060,Roll,Per_Area,0.06,Sockets,False
P002329,Electrical Basic,Wires & Cables,Copper Wire,Hager,Wires & Cables,,Medium,2187,Roll,Per_Area,0.05,Lighting,False
P002330,Electrical Basic,Wires & Cables,Copper Wire,El Sewedy Electric,Wires & Cables,,Low,1893,Roll,Per_Area,0.05,Lighting,False
P002331,Electrical Basic,Wires & Cables,Copper Wire,Venus Electric,Wires & Cables,,High,2872,Roll,Per_Area,0.06,Sockets,False
P002332,Electrical Basic,Wires & Cables,Copper Wire,Venus Electric,Wires & Cables,,Medium,1986,Roll,Per_Area,0.05,Lighting,False
P002333,Electrical Basic,Wires & Cables,Copper Wire,Venus Electric,Wires & Cables,,Medium,1991,Roll,Per_Area,0.05,Lighting,False
P002334,Electrical Basic,Wires & Cables,Copper Wire,Venus Electric,Wires & Cables,,Low,1937,Roll,Per_Area,0.05,Lighting,False
P002335,Electrical Basic,Wires & Cables,Copper Wire,Venus Electric,Wires & Cables,,Medium,2745,Roll,Per_Area,0.06,Sockets,False
P002336,Electrical Basic,Wires & Cables,Copper Wire,Schneider Electric,Wires & Cables,,High,2828,Roll,Per_Area,0.06,Sockets,False
P002337,Electrical Basic,Wires & Cables,Copper Wire,El Sewedy Electric,Wires & Cables,,High,2878,Roll,Per_Area,0.06,Sockets,False
P002338,Electrical Basic,Wires & Cables,Copper Wire,Legrand,Wires & Cables,,Low,1902,Roll,Per_Area,0.05,Lighting,False
P002339,Electrical Basic,Wires & Cables,Copper Wire,Hager,Wires & Cables,,Medium,2729,Roll,Per_Area,0.06,Sockets,False
P002340,Electrical Basic,Wires & Cables,Copper Wire,Legrand,Wires & Cables,,High,3013,Roll,Per_Area,0.06,Sockets,False
P002341,Electrical Basic,Wires & Cables,Copper Wire,El Sewedy Electric,Wires & Cables,,Low,1605,Roll,Per_Area,0.05,Lighting,False
P002342,Electrical Basic,Wires & Cables,Copper Wire,Legrand,Wires & Cables,,High,2974,Roll,Per_Area,0.06,Sockets,False
P002343,Electrical Basic,Wires & Cables,Copper Wire,Legrand,Wires & Cables,,Medium,2653,Roll,Per_Area,0.06,Sockets,False
P002344,Electrical Basic,Sockets,Double Socket,Venus Electric,Sockets,,Low,153,Piece,Per_Room,4.0,Room,False
P002345,Electrical Basic,Wires & Cables,Copper Wire,Legrand,Wires & Cables,,High,3063,Roll,Per_Area,0.06,Sockets,False
P002346,Electrical Basic,Wires & Cables,Copper Wire,El Sewedy Electric,Wires & Cables,,Medium,2661,Roll,Per_Area,0.06,Sockets,False
P002347,Electrical Basic,Wires & Cables,Copper Wire,Venus Electric,Wires & Cables,,High,3096,Roll,Per_Area,0.06,Sockets,False
P002348,Electrical Basic,Wires & Cables,Copper Wire,El Sewedy Electric,Wires & Cables,,Low,1646,Roll,Per_Area,0.05,Lighting,False
P002349,Electrical Basic,Wires & Cables,Copper Wire,Legrand,Wires & Cables,,Medium,2647,Roll,Per_Area,0.06,Sockets,False
P002350,Electrical Basic,Wires & Cables,Copper Wire,Legrand,Wires & Cables,,Low,1711,Roll,Per_Area,0.05,Lighting,False
P002351,Electrical Basic,Sockets,Double Socket,Legrand,Sockets,,Low,147,Piece,Per_Room,4.0,Room,False
P002352,Electrical Basic,Wires & Cables,Copper Wire,El Sewedy Electric,Wires & Cables,,Medium,2757,Roll,Per_Area,0.06,Sockets,False
P002353,Electrical Basic,Wires & Cables,Copper Wire,Schneider Electric,Wires & Cables,,High,2835,Roll,Per_Area,0.06,Sockets,False
P002354,Electrical Basic,Wires & Cables,Copper Wire,Hager,Wires & Cables,,High,2953,Roll,Per_Area,0.06,Sockets,False
P002355,Electrical Basic,Wires & Cables,Copper Wire,Schneider Electric,Wires & Cables,,Low,1606,Roll,Per_Area,0.05,Lighting,False
P002356,Electrical Basic,Wires & Cables,Copper Wire,Legrand,Wires & Cables,,High,2999,Roll,Per_Area,0.06,Sockets,False
P002357,Electrical Basic,Sockets,Double Socket,Venus Electric,Sockets,,Low,76,Piece,Per_Room,4.0,Room,False
P002358,Electrical Basic,Wires & Cables,Copper Wire,Schneider Electric,Wires & Cables,,Medium,2722,Roll,Per_Area,0.06,Sockets,False
P002359,Electrical Basic,Wires & Cables,Copper Wire,Hager,Wires & Cables,,High,2951,Roll,Per_Area,0.06,Sockets,False
P002360,Electrical Basic,Wires & Cables,Copper Wire,Venus Electric,Wires & Cables,,High,2787,Roll,Per_Area,0.06,Sockets,False
P002361,Electrical Basic,Wires & Cables,Copper Wire,El Sewedy Electric,Wires & Cables,,Low,1796,Roll,Per_Area,0.05,Lighting,False
P002362,Electrical Basic,Wires & Cables,Copper Wire,Legrand,Wires & Cables,,High,2813,Roll,Per_Area,0.06,Sockets,False
P002363,Electrical Basic,Wires & Cables,Copper Wire,Hager,Wires & Cables,,Low,1627,Roll,Per_Area,0.05,Lighting,False
P002364,Electrical Basic,Wires & Cables,Copper Wire,Legrand,Wires & Cables,,Medium,2091,Roll,Per_Area,0.05,Lighting,False
P002365,Electrical Basic,Wires & Cables,Copper Wire,El Sewedy Electric,Wires & Cables,,Low,1633,Roll,Per_Area,0.05,Lighting,False
P002366,Electrical Basic,Wires & Cables,Copper Wire,Schneider Electric,Wires & Cables,,Medium,2724,Roll,Per_Area,0.06,Sockets,False
P002367,Electrical Basic,Wires & Cables,Copper Wire,El Sewedy Electric,Wires & Cables,,High,3085,Roll,Per_Area,0.06,Sockets,False
P002368,Electrical Basic,Sockets,Double Socket,Hager,Sockets,,Low,139,Piece,Per_Room,4.0,Room,False
P002369,Electrical Basic,Wires & Cables,Copper Wire,Schneider Electric,Wires & Cables,,High,2958,Roll,Per_Area,0.06,Sockets,False
P002370,Electrical Basic,Wires & Cables,Copper Wire,El Sewedy Electric,Wires & Cables,,Medium,2166,Roll,Per_Area,0.05,Lighting,False
P002371,Electrical Basic,Wires & Cables,Copper Wire,Schneider Electric,Wires & Cables,,Low,1783,Roll,Per_Area,0.05,Lighting,False
P002372,Electrical Basic,Wires & Cables,Copper Wire,Legrand,Wires & Cables,,High,3039,Roll,Per_Area,0.06,Sockets,False
P002373,Electrical Basic,Wires & Cables,Copper Wire,Schneider Electric,Wires & Cables,,Medium,2658,Roll,Per_Area,0.06,Sockets,False
P002374,Electrical Basic,Wires & Cables,Copper Wire,El Sewedy Electric,Wires & Cables,,High,2823,Roll,Per_Area,0.06,Sockets,False
P002375,Electrical Basic,Wires & Cables,Copper Wire,Venus Electric,Wires & Cables,,High,2978,Roll,Per_Area,0.06,Sockets,False
P002376,Electrical Basic,Sockets,Double Socket,Schneider Electric,Sockets,,Low,85,Piece,Per_Room,4.0,Room,False
P002377,Electrical Basic,Wires & Cables,Copper Wire,Legrand,Wires & Cables,,High,2970,Roll,Per_Area,0.06,Sockets,False
P002378,Electrical Basic,Wires & Cables,Copper Wire,El Sewedy Electric,Wires & Cables,,Low,1961,Roll,Per_Area,0.05,Lighting,False
P002379,Electrical Basic,Wires & Cables,Copper Wire,Schneider Electric,Wires & Cables,,Low,1777,Roll,Per_Area,0.05,Lighting,False
P002380,Electrical Basic,Wires & Cables,Copper Wire,Venus Electric,Wires & Cables,,Low,1777,Roll,Per_Area,0.05,Lighting,False
P002381,Electrical Basic,Sockets,Double Socket,Schneider Electric,Sockets,,Low,82,Piece,Per_Room,4.0,Room,False
P002382,Electrical Basic,Wires & Cables,Copper Wire,Legrand,Wires & Cables,,Medium,2749,Roll,Per_Area,0.06,Sockets,False
P002383,Electrical Basic,Wires & Cables,Copper Wire,El Sewedy Electric,Wires & Cables,,Low,1813,Roll,Per_Area,0.05,Lighting,False
P002384,Electrical Basic,Wires & Cables,Copper Wire,Hager,Wires & Cables,,Low,1853,Roll,Per_Area,0.05,Lighting,False
P002385,Electrical Basic,Wires & Cables,Copper Wire,Hager,Wires & Cables,,Low,1810,Roll,Per_Area,0.05,Lighting,False
P002386,Electrical Basic,Sockets,Double Socket,Venus Electric,Sockets,,Low,145,Piece,Per_Room,4.0,Room,False
P002387,Electrical Basic,Wires & Cables,Copper Wire,Venus Electric,Wires & Cables,,High,2871,Roll,Per_Area,0.06,Sockets,False
P002388,Electrical Basic,Wires & Cables,Copper Wire,El Sewedy Electric,Wires & Cables,,Medium,2722,Roll,Per_Area,0.06,Sockets,False
P002389,Electrical Basic,Wires & Cables,Copper Wire,Venus Electric,Wires & Cables,,High,2935,Roll,Per_Area,0.06,Sockets,False
P002390,Electrical Basic,Wires & Cables,Copper Wire,Legrand,Wires & Cables,,Medium,2143,Roll,Per_Area,0.05,Lighting,False
P002391,Electrical Basic,Wires & Cables,Copper Wire,Schneider Electric,Wires & Cables,,High,3029,Roll,Per_Area,0.06,Sockets,False
P002392,Electrical Basic,Wires & Cables,Copper Wire,Hager,Wires & Cables,,Low,1704,Roll,Per_Area,0.05,Lighting,False
P002393,Electrical Basic,Wires & Cables,Copper Wire,El Sewedy Electric,Wires & Cables,,Medium,2193,Roll,Per_Area,0.05,Lighting,False
P002394,Electrical Basic,Wires & Cables,Copper Wire,Schneider Electric,Wires & Cables,,Medium,2096,Roll,Per_Area,0.05,Lighting,False
P002395,Electrical Basic,Wires & Cables,Copper Wire,Schneider Electric,Wires & Cables,,Medium,2647,Roll,Per_Area,0.06,Sockets,False
P002396,Electrical Basic,Wires & Cables,Copper Wire,El Sewedy Electric,Wires & Cables,,Low,1949,Roll,Per_Area,0.05,Lighting,False
P002397,Electrical Basic,Wires & Cables,Copper Wire,Hager,Wires & Cables,,Low,1722,Roll,Per_Area,0.05,Lighting,False
P002398,Electrical Basic,Wires & Cables,Copper Wire,Schneider Electric,Wires & Cables,,High,2918,Roll,Per_Area,0.06,Sockets,False
P002399,Electrical Basic,Wires & Cables,Copper Wire,Hager,Wires & Cables,,High,2898,Roll,Per_Area,0.06,Sockets,False
P002400,Electrical Basic,Wires & Cables,Copper Wire,El Sewedy Electric,Wires & Cables,,Low,1914,Roll,Per_Area,0.05,Lighting,False
P002401,Electrical Basic,Wires & Cables,Copper Wire,El Sewedy Electric,Wires & Cables,,Medium,2059,Roll,Per_Area,0.05,Lighting,False
P002402,Electrical Basic,Wires & Cables,Copper Wire,Schneider Electric,Wires & Cables,,Medium,2179,Roll,Per_Area,0.05,Lighting,False
P002403,Electrical Basic,Wires & Cables,Copper Wire,Legrand,Wires & Cables,,Low,1606,Roll,Per_Area,0.05,Lighting,False
P002404,Electrical Basic,Wires & Cables,Copper Wire,Hager,Wires & Cables,,High,3004,Roll,Per_Area,0.06,Sockets,False
P002405,Electrical Basic,Wires & Cables,Copper Wire,El Sewedy Electric,Wires & Cables,,High,3022,Roll,Per_Area,0.06,Sockets,False
P002406,Electrical Basic,Sockets,Double Socket,Legrand,Sockets,,Low,132,Piece,Per_Room,4.0,Room,False
P002407,Electrical Basic,Wires & Cables,Copper Wire,Venus Electric,Wires & Cables,,Low,1955,Roll,Per_Area,0.05,Lighting,False
P002408,Electrical Basic,Wires & Cables,Copper Wire,Hager,Wires & Cables,,Medium,2151,Roll,Per_Area,0.05,Lighting,False
P002409,Electrical Basic,Wires & Cables,Copper Wire,Legrand,Wires & Cables,,High,2937,Roll,Per_Area,0.06,Sockets,False
P002410,Electrical Basic,Wires & Cables,Copper Wire,Hager,Wires & Cables,,High,2812,Roll,Per_Area,0.06,Sockets,False
P002411,Electrical Basic,Wires & Cables,Copper Wire,Venus Electric,Wires & Cables,,Medium,2106,Roll,Per_Area,0.05,Lighting,False
P002412,Electrical Basic,Wires & Cables,Copper Wire,Legrand,Wires & Cables,,Low,1825,Roll,Per_Area,0.05,Lighting,False
P002413,Electrical Basic,Sockets,Double Socket,Legrand,Sockets,,Low,144,Piece,Per_Room,4.0,Room,False
P002414,Electrical Basic,Wires & Cables,Copper Wire,Legrand,Wires & Cables,,Low,1732,Roll,Per_Area,0.05,Lighting,False
P002415,Electrical Basic,Wires & Cables,Copper Wire,Schneider Electric,Wires & Cables,,Low,1866,Roll,Per_Area,0.05,Lighting,False
P002416,Electrical Basic,Wires & Cables,Copper Wire,Venus Electric,Wires & Cables,,Medium,2756,Roll,Per_Area,0.06,Sockets,False
P002417,Electrical Basic,Wires & Cables,Copper Wire,El Sewedy Electric,Wires & Cables,,Medium,2186,Roll,Per_Area,0.05,Lighting,False
P002418,Electrical Basic,Wires & Cables,Copper Wire,Hager,Wires & Cables,,Low,1687,Roll,Per_Area,0.05,Lighting,False
P002419,Electrical Basic,Wires & Cables,Copper Wire,El Sewedy Electric,Wires & Cables,,Medium,2689,Roll,Per_Area,0.06,Sockets,False
P002420,Electrical Basic,Wires & Cables,Copper Wire,Schneider Electric,Wires & Cables,,High,2947,Roll,Per_Area,0.06,Sockets,False
P002421,Electrical Basic,Wires & Cables,Copper Wire,Hager,Wires & Cables,,High,2819,Roll,Per_Area,0.06,Sockets,False
P002422,Electrical Basic,Wires & Cables,Copper Wire,Schneider Electric,Wires & Cables,,Medium,2031,Roll,Per_Area,0.05,Lighting,False
P002423,Electrical Basic,Wires & Cables,Copper Wire,Hager,Wires & Cables,,High,2926,Roll,Per_Area,0.06,Sockets,False
P002424,Electrical Basic,Wires & Cables,Copper Wire,El Sewedy Electric,Wires & Cables,,Medium,2600,Roll,Per_Area,0.06,Sockets,False
P002425,Electrical Basic,Wires & Cables,Copper Wire,Venus Electric,Wires & Cables,,Low,1809,Roll,Per_Area,0.05,Lighting,False
P002426,Electrical Basic,Wires & Cables,Copper Wire,Schneider Electric,Wires & Cables,,Low,1797,Roll,Per_Area,0.05,Lighting,False
P002427,Electrical Basic,Wires & Cables,Copper Wire,Hager,Wires & Cables,,High,2996,Roll,Per_Area,0.06,Sockets,False
P002428,Electrical Basic,Wires & Cables,Copper Wire,Venus Electric,Wires & Cables,,Medium,2677,Roll,Per_Area,0.06,Sockets,False
P002429,Electrical Basic,Wires & Cables,Copper Wire,El Sewedy Electric,Wires & Cables,,High,2980,Roll,Per_Area,0.06,Sockets,False
P002430,Electrical Basic,Wires & Cables,Copper Wire,Legrand,Wires & Cables,,Low,1869,Roll,Per_Area,0.05,Lighting,False
P002431,Electrical Basic,Wires & Cables,Copper Wire,Hager,Wires & Cables,,Medium,2111,Roll,Per_Area,0.05,Lighting,False
P002432,Electrical Basic,Wires & Cables,Copper Wire,El Sewedy Electric,Wires & Cables,,High,2859,Roll,Per_Area,0.06,Sockets,False
P002433,Electrical Basic,Wires & Cables,Copper Wire,El Sewedy Electric,Wires & Cables,,Medium,1975,Roll,Per_Area,0.05,Lighting,False
P002434,Electrical Basic,Sockets,Double Socket,Legrand,Sockets,,Low,163,Piece,Per_Room,4.0,Room,False
P002435,Electrical Basic,Wires & Cables,Copper Wire,Hager,Wires & Cables,,Medium,2068,Roll,Per_Area,0.05,Lighting,False
P002436,Electrical Basic,Wires & Cables,Copper Wire,Venus Electric,Wires & Cables,,Medium,2605,Roll,Per_Area,0.06,Sockets,False
P002437,Electrical Basic,Wires & Cables,Copper Wire,El Sewedy Electric,Wires & Cables,,Medium,2096,Roll,Per_Area,0.05,Lighting,False
P002438,Electrical Basic,Wires & Cables,Copper Wire,Legrand,Wires & Cables,,High,2936,Roll,Per_Area,0.06,Sockets,False
P002439,Electrical Basic,Wires & Cables,Copper Wire,Schneider Electric,Wires & Cables,,High,2782,Roll,Per_Area,0.06,Sockets,False
P002440,Electrical Basic,Wires & Cables,Copper Wire,Legrand,Wires & Cables,,Low,1615,Roll,Per_Area,0.05,Lighting,False
P002441,Electrical Basic,Wires & Cables,Copper Wire,El Sewedy Electric,Wires & Cables,,High,2827,Roll,Per_Area,0.06,Sockets,False
P002442,Electrical Basic,Wires & Cables,Copper Wire,Hager,Wires & Cables,,High,2970,Roll,Per_Area,0.06,Sockets,False
P002443,Electrical Basic,Wires & Cables,Copper Wire,Legrand,Wires & Cables,,Medium,2602,Roll,Per_Area,0.06,Sockets,False
P002444,Electrical Basic,Wires & Cables,Copper Wire,Schneider Electric,Wires & Cables,,High,3084,Roll,Per_Area,0.06,Sockets,False
P002445,Electrical Basic,Wires & Cables,Copper Wire,Venus Electric,Wires & Cables,,Medium,2755,Roll,Per_Area,0.06,Sockets,False
P002446,Electrical Basic,Wires & Cables,Copper Wire,Schneider Electric,Wires & Cables,,Medium,2196,Roll,Per_Area,0.05,Lighting,False
P002447,Electrical Basic,Wires & Cables,Copper Wire,Hager,Wires & Cables,,High,2839,Roll,Per_Area,0.06,Sockets,False
P002448,Electrical Basic,Wires & Cables,Copper Wire,Legrand,Wires & Cables,,Low,1806,Roll,Per_Area,0.05,Lighting,False
P002449,Electrical Basic,Wires & Cables,Copper Wire,Venus Electric,Wires & Cables,,Medium,2754,Roll,Per_Area,0.06,Sockets,False
P002450,Electrical Basic,Wires & Cables,Copper Wire,El Sewedy Electric,Wires & Cables,,Low,1626,Roll,Per_Area,0.05,Lighting,False
P002451,Electrical Basic,Wires & Cables,Copper Wire,Hager,Wires & Cables,,Medium,2181,Roll,Per_Area,0.05,Lighting,False
P002452,Electrical Basic,Wires & Cables,Copper Wire,Venus Electric,Wires & Cables,,High,2776,Roll,Per_Area,0.06,Sockets,False
P002453,Electrical Basic,Wires & Cables,Copper Wire,Hager,Wires & Cables,,Low,1676,Roll,Per_Area,0.05,Lighting,False
P002454,Electrical Basic,Wires & Cables,Copper Wire,El Sewedy Electric,Wires & Cables,,Low,1752,Roll,Per_Area,0.05,Lighting,False
P002455,Electrical Basic,Wires & Cables,Copper Wire,Hager,Wires & Cables,,Medium,2619,Roll,Per_Area,0.06,Sockets,False
P002456,Electrical Basic,Sockets,Double Socket,Hager,Sockets,,Low,66,Piece,Per_Room,4.0,Room,False
P002457,Electrical Basic,Wires & Cables,Copper Wire,Legrand,Wires & Cables,,High,3093,Roll,Per_Area,0.06,Sockets,False
P002458,Electrical Basic,Wires & Cables,Copper Wire,El Sewedy Electric,Wires & Cables,,Medium,2719,Roll,Per_Area,0.06,Sockets,False
P002459,Electrical Basic,Wires & Cables,Copper Wire,El Sewedy Electric,Wires & Cables,,Low,1805,Roll,Per_Area,0.05,Lighting,False
P002460,Electrical Basic,Sockets,Double Socket,Schneider Electric,Sockets,,Low,66,Piece,Per_Room,4.0,Room,False
P002461,Electrical Basic,Sockets,Double Socket,Schneider Electric,Sockets,,Low,134,Piece,Per_Room,4.0,Room,False
P002462,Electrical Basic,Wires & Cables,Copper Wire,Schneider Electric,Wires & Cables,,Low,1953,Roll,Per_Area,0.05,Lighting,False
P002463,Electrical Basic,Wires & Cables,Copper Wire,Hager,Wires & Cables,,Low,1966,Roll,Per_Area,0.05,Lighting,False
P002464,Electrical Basic,Wires & Cables,Copper Wire,Legrand,Wires & Cables,,Medium,2069,Roll,Per_Area,0.05,Lighting,False
P002465,Electrical Basic,Wires & Cables,Copper Wire,El Sewedy Electric,Wires & Cables,,High,2825,Roll,Per_Area,0.06,Sockets,False
P002466,Electrical Basic,Wires & Cables,Copper Wire,Legrand,Wires & Cables,,High,2928,Roll,Per_Area,0.06,Sockets,False
P002467,Electrical Basic,Wires & Cables,Copper Wire,Schneider Electric,Wires & Cables,,High,2884,Roll,Per_Area,0.06,Sockets,False
P002468,Electrical Basic,Wires & Cables,Copper Wire,Schneider Electric,Wires & Cables,,Medium,2770,Roll,Per_Area,0.06,Sockets,False
P002469,Electrical Basic,Wires & Cables,Copper Wire,Legrand,Wires & Cables,,High,3080,Roll,Per_Area,0.06,Sockets,False
P002470,Electrical Basic,Wires & Cables,Copper Wire,Schneider Electric,Wires & Cables,,Low,1944,Roll,Per_Area,0.05,Lighting,False
P002471,Electrical Basic,Wires & Cables,Copper Wire,Venus Electric,Wires & Cables,,High,2822,Roll,Per_Area,0.06,Sockets,False
P002472,Electrical Basic,Wires & Cables,Copper Wire,Legrand,Wires & Cables,,High,3050,Roll,Per_Area,0.06,Sockets,False
P002473,Electrical Basic,Wires & Cables,Copper Wire,El Sewedy Electric,Wires & Cables,,High,2913,Roll,Per_Area,0.06,Sockets,False
P002474,Electrical Basic,Wires & Cables,Copper Wire,Schneider Electric,Wires & Cables,,Low,1886,Roll,Per_Area,0.05,Lighting,False
P002475,Electrical Basic,Wires & Cables,Copper Wire,Venus Electric,Wires & Cables,,Medium,2723,Roll,Per_Area,0.06,Sockets,False
P002476,Electrical Basic,Wires & Cables,Copper Wire,Venus Electric,Wires & Cables,,Medium,2037,Roll,Per_Area,0.05,Lighting,False
P002477,Electrical Basic,Sockets,Double Socket,Venus Electric,Sockets,,Low,129,Piece,Per_Room,4.0,Room,False
P002478,Electrical Basic,Wires & Cables,Copper Wire,Legrand,Wires & Cables,,Medium,1974,Roll,Per_Area,0.05,Lighting,False
P002479,Electrical Basic,Wires & Cables,Copper Wire,Legrand,Wires & Cables,,Low,1924,Roll,Per_Area,0.05,Lighting,False
P002480,Electrical Basic,Wires & Cables,Copper Wire,Hager,Wires & Cables,,Low,1821,Roll,Per_Area,0.05,Lighting,False
P002481,Electrical Basic,Wires & Cables,Copper Wire,El Sewedy Electric,Wires & Cables,,Medium,2107,Roll,Per_Area,0.05,Lighting,False
P002482,Electrical Basic,Wires & Cables,Copper Wire,Venus Electric,Wires & Cables,,Medium,2623,Roll,Per_Area,0.06,Sockets,False
P002483,Electrical Basic,Wires & Cables,Copper Wire,El Sewedy Electric,Wires & Cables,,Medium,2047,Roll,Per_Area,0.05,Lighting,False
P002484,Electrical Basic,Wires & Cables,Copper Wire,Venus Electric,Wires & Cables,,Medium,1969,Roll,Per_Area,0.05,Lighting,False
P002485,Electrical Basic,Wires & Cables,Copper Wire,Venus Electric,Wires & Cables,,Low,1736,Roll,Per_Area,0.05,Lighting,False
P002486,Electrical Basic,Wires & Cables,Copper Wire,Venus Electric,Wires & Cables,,Low,1785,Roll,Per_Area,0.05,Lighting,False
P002487,Electrical Basic,Wires & Cables,Copper Wire,Hager,Wires & Cables,,Medium,2196,Roll,Per_Area,0.05,Lighting,False
P002488,Electrical Basic,Sockets,Double Socket,Hager,Sockets,,Low,96,Piece,Per_Room,4.0,Room,False
P002489,Electrical Basic,Wires & Cables,Copper Wire,Venus Electric,Wires & Cables,,Medium,2127,Roll,Per_Area,0.05,Lighting,False
P002490,Electrical Basic,Wires & Cables,Copper Wire,Schneider Electric,Wires & Cables,,Low,1893,Roll,Per_Area,0.05,Lighting,False
P002491,Electrical Basic,Sockets,Double Socket,Venus Electric,Sockets,,Low,108,Piece,Per_Room,4.0,Room,False
P002492,Electrical Basic,Wires & Cables,Copper Wire,Legrand,Wires & Cables,,High,2941,Roll,Per_Area,0.06,Sockets,False
P002493,Electrical Basic,Wires & Cables,Copper Wire,Legrand,Wires & Cables,,Low,1659,Roll,Per_Area,0.05,Lighting,False
P002494,Electrical Basic,Wires & Cables,Copper Wire,Schneider Electric,Wires & Cables,,High,2928,Roll,Per_Area,0.06,Sockets,False
P002495,Electrical Basic,Wires & Cables,Copper Wire,El Sewedy Electric,Wires & Cables,,Low,1628,Roll,Per_Area,0.05,Lighting,False
P002496,Electrical Basic,Wires & Cables,Copper Wire,El Sewedy Electric,Wires & Cables,,Low,1934,Roll,Per_Area,0.05,Lighting,False
P002497,Electrical Basic,Wires & Cables,Copper Wire,Hager,Wires & Cables,,Medium,2696,Roll,Per_Area,0.06,Sockets,False
P002498,Electrical Basic,Wires & Cables,Copper Wire,El Sewedy Electric,Wires & Cables,,Medium,2135,Roll,Per_Area,0.05,Lighting,False
P002499,Electrical Basic,Wires & Cables,Copper Wire,Venus Electric,Wires & Cables,,Low,1651,Roll,Per_Area,0.05,Lighting,False
P002500,Electrical Basic,Sockets,Double Socket,El Sewedy Electric,Sockets,,Low,139,Piece,Per_Room,4.0,Room,False
P002501,Electrical Basic,Wires & Cables,Copper Wire,Legrand,Wires & Cables,,Medium,2607,Roll,Per_Area,0.06,Sockets,False
P002502,Electrical Basic,Wires & Cables,Copper Wire,El Sewedy Electric,Wires & Cables,,Low,1956,Roll,Per_Area,0.05,Lighting,False
P002503,Electrical Basic,Sockets,Double Socket,Hager,Sockets,,Low,95,Piece,Per_Room,4.0,Room,False
P002504,Electrical Basic,Wires & Cables,Copper Wire,Venus Electric,Wires & Cables,,Low,1716,Roll,Per_Area,0.05,Lighting,False
P002505,Electrical Basic,Wires & Cables,Copper Wire,Legrand,Wires & Cables,,Medium,2740,Roll,Per_Area,0.06,Sockets,False
P002506,Electrical Basic,Wires & Cables,Copper Wire,Venus Electric,Wires & Cables,,High,3018,Roll,Per_Area,0.06,Sockets,False
P002507,Electrical Basic,Wires & Cables,Copper Wire,Venus Electric,Wires & Cables,,Medium,2742,Roll,Per_Area,0.06,Sockets,False
P002508,Electrical Basic,Wires & Cables,Copper Wire,Schneider Electric,Wires & Cables,,Medium,2169,Roll,Per_Area,0.05,Lighting,False
P002509,Electrical Basic,Wires & Cables,Copper Wire,Hager,Wires & Cables,,Medium,2600,Roll,Per_Area,0.06,Sockets,False
P002510,Electrical Basic,Wires & Cables,Copper Wire,Hager,Wires & Cables,,Low,1841,Roll,Per_Area,0.05,Lighting,False
P002511,Electrical Basic,Wires & Cables,Copper Wire,Hager,Wires & Cables,,Low,1707,Roll,Per_Area,0.05,Lighting,False
P002512,Electrical Basic,Wires & Cables,Copper Wire,Schneider Electric,Wires & Cables,,Low,1838,Roll,Per_Area,0.05,Lighting,False
P002513,Electrical Basic,Wires & Cables,Copper Wire,Legrand,Wires & Cables,,Low,1747,Roll,Per_Area,0.05,Lighting,False
P002514,Electrical Basic,Wires & Cables,Copper Wire,Legrand,Wires & Cables,,Medium,2178,Roll,Per_Area,0.05,Lighting,False
P002515,Electrical Basic,Sockets,Double Socket,El Sewedy Electric,Sockets,,Low,119,Piece,Per_Room,4.0,Room,False
P002516,Electrical Basic,Wires & Cables,Copper Wire,El Sewedy Electric,Wires & Cables,,Low,1835,Roll,Per_Area,0.05,Lighting,False
P002517,Electrical Basic,Wires & Cables,Copper Wire,Venus Electric,Wires & Cables,,Medium,2657,Roll,Per_Area,0.06,Sockets,False
P002518,Electrical Basic,Wires & Cables,Copper Wire,El Sewedy Electric,Wires & Cables,,Low,1873,Roll,Per_Area,0.05,Lighting,False
P002519,Electrical Basic,Wires & Cables,Copper Wire,Hager,Wires & Cables,,Low,1875,Roll,Per_Area,0.05,Lighting,False
P002520,Electrical Basic,Sockets,Double Socket,El Sewedy Electric,Sockets,,Low,71,Piece,Per_Room,4.0,Room,False
P002521,Electrical Basic,Wires & Cables,Copper Wire,Schneider Electric,Wires & Cables,,Medium,2706,Roll,Per_Area,0.06,Sockets,False
P002522,Electrical Basic,Wires & Cables,Copper Wire,Venus Electric,Wires & Cables,,High,3007,Roll,Per_Area,0.06,Sockets,False
P002523,Electrical Basic,Wires & Cables,Copper Wire,Schneider Electric,Wires & Cables,,Medium,2634,Roll,Per_Area,0.06,Sockets,False
P002524,Electrical Basic,Wires & Cables,Copper Wire,El Sewedy Electric,Wires & Cables,,Medium,1979,Roll,Per_Area,0.05,Lighting,False
P002525,Electrical Basic,Wires & Cables,Copper Wire,Schneider Electric,Wires & Cables,,High,3083,Roll,Per_Area,0.06,Sockets,False
P002526,Electrical Basic,Wires & Cables,Copper Wire,El Sewedy Electric,Wires & Cables,,High,2877,Roll,Per_Area,0.06,Sockets,False
P002527,Electrical Basic,Wires & Cables,Copper Wire,Venus Electric,Wires & Cables,,High,2816,Roll,Per_Area,0.06,Sockets,False
P002528,Electrical Basic,Sockets,Double Socket,Schneider Electric,Sockets,,Low,97,Piece,Per_Room,4.0,Room,False
P002529,Electrical Basic,Wires & Cables,Copper Wire,El Sewedy Electric,Wires & Cables,,Medium,2673,Roll,Per_Area,0.06,Sockets,False
P002530,Electrical Basic,Wires & Cables,Copper Wire,El Sewedy Electric,Wires & Cables,,Low,1889,Roll,Per_Area,0.05,Lighting,False
P002531,Electrical Basic,Wires & Cables,Copper Wire,Schneider Electric,Wires & Cables,,Low,1666,Roll,Per_Area,0.05,Lighting,False
P002532,Electrical Basic,Wires & Cables,Copper Wire,Schneider Electric,Wires & Cables,,Low,1616,Roll,Per_Area,0.05,Lighting,False
P002533,Electrical Basic,Wires & Cables,Copper Wire,Schneider Electric,Wires & Cables,,Low,1961,Roll,Per_Area,0.05,Lighting,False
P002534,Electrical Basic,Sockets,Double Socket,El Sewedy Electric,Sockets,,Low,115,Piece,Per_Room,4.0,Room,False
P002535,Electrical Basic,Wires & Cables,Copper Wire,Legrand,Wires & Cables,,Medium,2059,Roll,Per_Area,0.05,Lighting,False
P002536,Electrical Basic,Wires & Cables,Copper Wire,Schneider Electric,Wires & Cables,,Medium,2678,Roll,Per_Area,0.06,Sockets,False
P002537,Electrical Basic,Wires & Cables,Copper Wire,El Sewedy Electric,Wires & Cables,,Low,1617,Roll,Per_Area,0.05,Lighting,False
P002538,Electrical Basic,Wires & Cables,Copper Wire,El Sewedy Electric,Wires & Cables,,High,2887,Roll,Per_Area,0.06,Sockets,False
P002539,Electrical Basic,Wires & Cables,Copper Wire,Legrand,Wires & Cables,,Medium,2747,Roll,Per_Area,0.06,Sockets,False
P002540,Electrical Basic,Wires & Cables,Copper Wire,Venus Electric,Wires & Cables,,Medium,1989,Roll,Per_Area,0.05,Lighting,False
P002541,Electrical Basic,Sockets,Double Socket,El Sewedy Electric,Sockets,,Low,174,Piece,Per_Room,4.0,Room,False
P002542,Electrical Basic,Wires & Cables,Copper Wire,Legrand,Wires & Cables,,Medium,1980,Roll,Per_Area,0.05,Lighting,False
P002543,Electrical Basic,Wires & Cables,Copper Wire,Hager,Wires & Cables,,Medium,2725,Roll,Per_Area,0.06,Sockets,False
P002544,Electrical Basic,Wires & Cables,Copper Wire,Hager,Wires & Cables,,High,2899,Roll,Per_Area,0.06,Sockets,False
P002545,Electrical Basic,Wires & Cables,Copper Wire,Legrand,Wires & Cables,,High,2804,Roll,Per_Area,0.06,Sockets,False
P002546,Electrical Basic,Wires & Cables,Copper Wire,Schneider Electric,Wires & Cables,,Medium,2130,Roll,Per_Area,0.05,Lighting,False
P002547,Electrical Basic,Wires & Cables,Copper Wire,Schneider Electric,Wires & Cables,,Low,1840,Roll,Per_Area,0.05,Lighting,False
P002548,Electrical Basic,Sockets,Double Socket,El Sewedy Electric,Sockets,,Low,133,Piece,Per_Room,4.0,Room,False
P002549,Electrical Basic,Sockets,Double Socket,Legrand,Sockets,,Low,86,Piece,Per_Room,4.0,Room,False
P002550,Electrical Basic,Wires & Cables,Copper Wire,Schneider Electric,Wires & Cables,,High,3005,Roll,Per_Area,0.06,Sockets,False
P002551,Electrical Basic,Wires & Cables,Copper Wire,Legrand,Wires & Cables,,High,3098,Roll,Per_Area,0.06,Sockets,False
P002552,Electrical Basic,Wires & Cables,Copper Wire,Venus Electric,Wires & Cables,,High,3011,Roll,Per_Area,0.06,Sockets,False
P002553,Electrical Basic,Wires & Cables,Copper Wire,Venus Electric,Wires & Cables,,High,3010,Roll,Per_Area,0.06,Sockets,False
P002554,Electrical Basic,Wires & Cables,Copper Wire,Venus Electric,Wires & Cables,,Medium,2752,Roll,Per_Area,0.06,Sockets,False
P002555,Electrical Basic,Wires & Cables,Copper Wire,Hager,Wires & Cables,,High,2967,Roll,Per_Area,0.06,Sockets,False
P002556,Electrical Basic,Wires & Cables,Copper Wire,El Sewedy Electric,Wires & Cables,,Medium,1971,Roll,Per_Area,0.05,Lighting,False
P002557,Electrical Basic,Wires & Cables,Copper Wire,Venus Electric,Wires & Cables,,Medium,2163,Roll,Per_Area,0.05,Lighting,False
P002558,Electrical Basic,Wires & Cables,Copper Wire,Venus Electric,Wires & Cables,,High,2937,Roll,Per_Area,0.06,Sockets,False
P002559,Electrical Basic,Wires & Cables,Copper Wire,Schneider Electric,Wires & Cables,,Medium,2077,Roll,Per_Area,0.05,Lighting,False
P002560,Electrical Basic,Wires & Cables,Copper Wire,Legrand,Wires & Cables,,Low,1866,Roll,Per_Area,0.05,Lighting,False
P002561,Electrical Basic,Wires & Cables,Copper Wire,Schneider Electric,Wires & Cables,,Medium,2144,Roll,Per_Area,0.05,Lighting,False
P002562,Electrical Basic,Wires & Cables,Copper Wire,Hager,Wires & Cables,,Medium,2050,Roll,Per_Area,0.05,Lighting,False
P002563,Electrical Basic,Wires & Cables,Copper Wire,Venus Electric,Wires & Cables,,Medium,2713,Roll,Per_Area,0.06,Sockets,False
P002564,Electrical Basic,Wires & Cables,Copper Wire,Hager,Wires & Cables,,Low,1642,Roll,Per_Area,0.05,Lighting,False
P002565,Electrical Basic,Wires & Cables,Copper Wire,Legrand,Wires & Cables,,Low,1925,Roll,Per_Area,0.05,Lighting,False
P002566,Electrical Basic,Wires & Cables,Copper Wire,El Sewedy Electric,Wires & Cables,,Medium,2718,Roll,Per_Area,0.06,Sockets,False
P002567,Electrical Basic,Wires & Cables,Copper Wire,Schneider Electric,Wires & Cables,,Low,1619,Roll,Per_Area,0.05,Lighting,False
P002568,Electrical Basic,Wires & Cables,Copper Wire,Legrand,Wires & Cables,,Low,1660,Roll,Per_Area,0.05,Lighting,False
P002569,Electrical Basic,Wires & Cables,Copper Wire,Legrand,Wires & Cables,,Medium,2618,Roll,Per_Area,0.06,Sockets,False
P002570,Electrical Basic,Wires & Cables,Copper Wire,Legrand,Wires & Cables,,High,2933,Roll,Per_Area,0.06,Sockets,False
P002571,Electrical Basic,Wires & Cables,Copper Wire,Schneider Electric,Wires & Cables,,High,2888,Roll,Per_Area,0.06,Sockets,False
P002572,Electrical Basic,Wires & Cables,Copper Wire,Hager,Wires & Cables,,High,2947,Roll,Per_Area,0.06,Sockets,False
P002573,Electrical Basic,Wires & Cables,Copper Wire,Venus Electric,Wires & Cables,,Medium,2167,Roll,Per_Area,0.05,Lighting,False
P002574,Electrical Basic,Wires & Cables,Copper Wire,Hager,Wires & Cables,,High,3090,Roll,Per_Area,0.06,Sockets,False
P002575,Electrical Basic,Wires & Cables,Copper Wire,Schneider Electric,Wires & Cables,,Low,1826,Roll,Per_Area,0.05,Lighting,False
P002576,Electrical Basic,Sockets,Double Socket,Legrand,Sockets,,Low,108,Piece,Per_Room,4.0,Room,False
P002577,Electrical Basic,Wires & Cables,Copper Wire,Schneider Electric,Wires & Cables,,Medium,2752,Roll,Per_Area,0.06,Sockets,False
P002578,Electrical Basic,Wires & Cables,Copper Wire,Venus Electric,Wires & Cables,,High,3028,Roll,Per_Area,0.06,Sockets,False
P002579,Electrical Basic,Wires & Cables,Copper Wire,El Sewedy Electric,Wires & Cables,,Low,1619,Roll,Per_Area,0.05,Lighting,False
P002580,Electrical Basic,Wires & Cables,Copper Wire,Schneider Electric,Wires & Cables,,High,2830,Roll,Per_Area,0.06,Sockets,False
P002581,Electrical Basic,Wires & Cables,Copper Wire,El Sewedy Electric,Wires & Cables,,Medium,2089,Roll,Per_Area,0.05,Lighting,False
P002582,Electrical Basic,Wires & Cables,Copper Wire,Venus Electric,Wires & Cables,,Low,1927,Roll,Per_Area,0.05,Lighting,False
P002583,Electrical Basic,Wires & Cables,Copper Wire,Venus Electric,Wires & Cables,,High,2965,Roll,Per_Area,0.06,Sockets,False
P002584,Electrical Basic,Wires & Cables,Copper Wire,Schneider Electric,Wires & Cables,,Medium,2116,Roll,Per_Area,0.05,Lighting,False
P002585,Electrical Basic,Wires & Cables,Copper Wire,El Sewedy Electric,Wires & Cables,,Medium,2656,Roll,Per_Area,0.06,Sockets,False
P002586,Electrical Basic,Wires & Cables,Copper Wire,Schneider Electric,Wires & Cables,,High,2892,Roll,Per_Area,0.06,Sockets,False
P002587,Electrical Basic,Wires & Cables,Copper Wire,Hager,Wires & Cables,,High,2946,Roll,Per_Area,0.06,Sockets,False
P002588,Electrical Basic,Wires & Cables,Copper Wire,Hager,Wires & Cables,,High,2993,Roll,Per_Area,0.06,Sockets,False
P002589,Electrical Basic,Wires & Cables,Copper Wire,Legrand,Wires & Cables,,Medium,2766,Roll,Per_Area,0.06,Sockets,False
P002590,Electrical Basic,Wires & Cables,Copper Wire,El Sewedy Electric,Wires & Cables,,Low,1822,Roll,Per_Area,0.05,Lighting,False
P002591,Electrical Basic,Wires & Cables,Copper Wire,Venus Electric,Wires & Cables,,High,2960,Roll,Per_Area,0.06,Sockets,False
P002592,Electrical Basic,Wires & Cables,Copper Wire,Venus Electric,Wires & Cables,,Medium,2617,Roll,Per_Area,0.06,Sockets,False
P002593,Electrical Basic,Wires & Cables,Copper Wire,Hager,Wires & Cables,,Medium,2058,Roll,Per_Area,0.05,Lighting,False
P002594,Electrical Basic,Wires & Cables,Copper Wire,Legrand,Wires & Cables,,Medium,2093,Roll,Per_Area,0.05,Lighting,False
P002595,Electrical Basic,Wires & Cables,Copper Wire,Schneider Electric,Wires & Cables,,Low,1646,Roll,Per_Area,0.05,Lighting,False
P002596,Electrical Basic,Wires & Cables,Copper Wire,Schneider Electric,Wires & Cables,,Medium,2057,Roll,Per_Area,0.05,Lighting,False
P002597,Electrical Basic,Wires & Cables,Copper Wire,Schneider Electric,Wires & Cables,,High,3010,Roll,Per_Area,0.06,Sockets,False
P002598,Electrical Basic,Wires & Cables,Copper Wire,Venus Electric,Wires & Cables,,Medium,2624,Roll,Per_Area,0.06,Sockets,False
P002599,Electrical Basic,Wires & Cables,Copper Wire,El Sewedy Electric,Wires & Cables,,Medium,2679,Roll,Per_Area,0.06,Sockets,False
P002600,Electrical Basic,Wires & Cables,Copper Wire,Hager,Wires & Cables,,Low,1739,Roll,Per_Area,0.05,Lighting,False
P002601,Electrical Basic,Wires & Cables,Copper Wire,Hager,Wires & Cables,,High,2800,Roll,Per_Area,0.06,Sockets,False
P002602,Electrical Basic,Wires & Cables,Copper Wire,Hager,Wires & Cables,,High,2781,Roll,Per_Area,0.06,Sockets,False
P002603,Electrical Basic,Sockets,Double Socket,Legrand,Sockets,,Low,151,Piece,Per_Room,4.0,Room,False
P002604,Electrical Basic,Wires & Cables,Copper Wire,Hager,Wires & Cables,,High,2832,Roll,Per_Area,0.06,Sockets,False
P002605,Electrical Basic,Wires & Cables,Copper Wire,El Sewedy Electric,Wires & Cables,,High,2968,Roll,Per_Area,0.06,Sockets,False
P002606,Electrical Basic,Wires & Cables,Copper Wire,Legrand,Wires & Cables,,High,2822,Roll,Per_Area,0.06,Sockets,False
P002607,Electrical Basic,Wires & Cables,Copper Wire,Schneider Electric,Wires & Cables,,High,2882,Roll,Per_Area,0.06,Sockets,False
P002608,Electrical Basic,Wires & Cables,Copper Wire,El Sewedy Electric,Wires & Cables,,Medium,2612,Roll,Per_Area,0.06,Sockets,False
P002609,Electrical Basic,Wires & Cables,Copper Wire,Venus Electric,Wires & Cables,,Low,1682,Roll,Per_Area,0.05,Lighting,False
P002610,Electrical Basic,Sockets,Double Socket,Venus Electric,Sockets,,Low,164,Piece,Per_Room,4.0,Room,False
P002611,Electrical Basic,Wires & Cables,Copper Wire,Hager,Wires & Cables,,Medium,1997,Roll,Per_Area,0.05,Lighting,False
P002612,Electrical Basic,Wires & Cables,Copper Wire,Venus Electric,Wires & Cables,,Medium,2625,Roll,Per_Area,0.06,Sockets,False
P002613,Electrical Basic,Wires & Cables,Copper Wire,Hager,Wires & Cables,,Medium,2070,Roll,Per_Area,0.05,Lighting,False
P002614,Electrical Basic,Wires & Cables,Copper Wire,Hager,Wires & Cables,,Low,1868,Roll,Per_Area,0.05,Lighting,False
P002615,Electrical Basic,Wires & Cables,Copper Wire,Venus Electric,Wires & Cables,,Low,1731,Roll,Per_Area,0.05,Lighting,False
P002616,Electrical Basic,Wires & Cables,Copper Wire,Venus Electric,Wires & Cables,,High,3031,Roll,Per_Area,0.06,Sockets,False
P002617,Electrical Basic,Sockets,Double Socket,El Sewedy Electric,Sockets,,Low,94,Piece,Per_Room,4.0,Room,False
P002618,Electrical Basic,Wires & Cables,Copper Wire,Hager,Wires & Cables,,Medium,2165,Roll,Per_Area,0.05,Lighting,False
P002619,Electrical Basic,Wires & Cables,Copper Wire,El Sewedy Electric,Wires & Cables,,Low,1691,Roll,Per_Area,0.05,Lighting,False
P002620,Electrical Basic,Wires & Cables,Copper Wire,El Sewedy Electric,Wires & Cables,,High,2792,Roll,Per_Area,0.06,Sockets,False
P002621,Electrical Basic,Wires & Cables,Copper Wire,El Sewedy Electric,Wires & Cables,,High,3071,Roll,Per_Area,0.06,Sockets,False
P002622,Electrical Basic,Wires & Cables,Copper Wire,Legrand,Wires & Cables,,Medium,2755,Roll,Per_Area,0.06,Sockets,False
P002623,Electrical Basic,Wires & Cables,Copper Wire,El Sewedy Electric,Wires & Cables,,Low,1783,Roll,Per_Area,0.05,Lighting,False
P002624,Electrical Basic,Wires & Cables,Copper Wire,Hager,Wires & Cables,,High,2838,Roll,Per_Area,0.06,Sockets,False
P002625,Electrical Basic,Sockets,Double Socket,El Sewedy Electric,Sockets,,Low,72,Piece,Per_Room,4.0,Room,False
P002626,Electrical Basic,Sockets,Double Socket,El Sewedy Electric,Sockets,,Low,131,Piece,Per_Room,4.0,Room,False
P002627,Electrical Basic,Wires & Cables,Copper Wire,El Sewedy Electric,Wires & Cables,,Medium,2769,Roll,Per_Area,0.06,Sockets,False
P002628,Electrical Basic,Wires & Cables,Copper Wire,Venus Electric,Wires & Cables,,High,2793,Roll,Per_Area,0.06,Sockets,False
P002629,Electrical Basic,Wires & Cables,Copper Wire,Venus Electric,Wires & Cables,,High,2987,Roll,Per_Area,0.06,Sockets,False
P002630,Electrical Basic,Sockets,Double Socket,Schneider Electric,Sockets,,Low,178,Piece,Per_Room,4.0,Room,False
P002631,Electrical Basic,Wires & Cables,Copper Wire,El Sewedy Electric,Wires & Cables,,High,3004,Roll,Per_Area,0.06,Sockets,False
P002632,Electrical Basic,Sockets,Double Socket,Schneider Electric,Sockets,,Low,89,Piece,Per_Room,4.0,Room,False
P002633,Electrical Basic,Wires & Cables,Copper Wire,Schneider Electric,Wires & Cables,,High,2899,Roll,Per_Area,0.06,Sockets,False
P002634,Electrical Basic,Wires & Cables,Copper Wire,Venus Electric,Wires & Cables,,Medium,2132,Roll,Per_Area,0.05,Lighting,False
P002635,Electrical Basic,Wires & Cables,Copper Wire,Hager,Wires & Cables,,Medium,2086,Roll,Per_Area,0.05,Lighting,False
P002636,Electrical Basic,Wires & Cables,Copper Wire,Legrand,Wires & Cables,,Low,1807,Roll,Per_Area,0.05,Lighting,False
P002637,Electrical Basic,Wires & Cables,Copper Wire,Venus Electric,Wires & Cables,,High,3042,Roll,Per_Area,0.06,Sockets,False
P002638,Electrical Basic,Wires & Cables,Copper Wire,El Sewedy Electric,Wires & Cables,,High,3038,Roll,Per_Area,0.06,Sockets,False
P002639,Electrical Basic,Wires & Cables,Copper Wire,El Sewedy Electric,Wires & Cables,,Medium,2057,Roll,Per_Area,0.05,Lighting,False
P002640,Electrical Basic,Wires & Cables,Copper Wire,Schneider Electric,Wires & Cables,,High,2901,Roll,Per_Area,0.06,Sockets,False
P002641,Electrical Basic,Wires & Cables,Copper Wire,Schneider Electric,Wires & Cables,,High,3058,Roll,Per_Area,0.06,Sockets,False
P002642,Electrical Basic,Wires & Cables,Copper Wire,El Sewedy Electric,Wires & Cables,,Low,1945,Roll,Per_Area,0.05,Lighting,False
P002643,Electrical Basic,Wires & Cables,Copper Wire,Hager,Wires & Cables,,High,3068,Roll,Per_Area,0.06,Sockets,False
P002644,Electrical Basic,Wires & Cables,Copper Wire,Venus Electric,Wires & Cables,,Medium,2031,Roll,Per_Area,0.05,Lighting,False
P002645,Electrical Basic,Wires & Cables,Copper Wire,Hager,Wires & Cables,,Medium,1973,Roll,Per_Area,0.05,Lighting,False
P002646,Electrical Basic,Wires & Cables,Copper Wire,Schneider Electric,Wires & Cables,,High,2840,Roll,Per_Area,0.06,Sockets,False
P002647,Electrical Basic,Wires & Cables,Copper Wire,Venus Electric,Wires & Cables,,Medium,2737,Roll,Per_Area,0.06,Sockets,False
P002648,Electrical Basic,Wires & Cables,Copper Wire,Schneider Electric,Wires & Cables,,Medium,2066,Roll,Per_Area,0.05,Lighting,False
P002649,Electrical Basic,Wires & Cables,Copper Wire,Legrand,Wires & Cables,,Low,1713,Roll,Per_Area,0.05,Lighting,False
P002650,Electrical Basic,Wires & Cables,Copper Wire,Legrand,Wires & Cables,,Low,1945,Roll,Per_Area,0.05,Lighting,False
P002651,Electrical Basic,Sockets,Double Socket,Hager,Sockets,,Low,58,Piece,Per_Room,4.0,Room,False
P002652,Electrical Basic,Wires & Cables,Copper Wire,Legrand,Wires & Cables,,High,3068,Roll,Per_Area,0.06,Sockets,False
P002653,Electrical Basic,Wires & Cables,Copper Wire,Schneider Electric,Wires & Cables,,Low,1870,Roll,Per_Area,0.05,Lighting,False
P002654,Electrical Basic,Wires & Cables,Copper Wire,Legrand,Wires & Cables,,Low,1690,Roll,Per_Area,0.05,Lighting,False
P002655,Electrical Basic,Wires & Cables,Copper Wire,Venus Electric,Wires & Cables,,High,3043,Roll,Per_Area,0.06,Sockets,False
P002656,Electrical Basic,Wires & Cables,Copper Wire,Venus Electric,Wires & Cables,,Low,1795,Roll,Per_Area,0.05,Lighting,False
P002657,Electrical Basic,Wires & Cables,Copper Wire,Legrand,Wires & Cables,,Medium,1989,Roll,Per_Area,0.05,Lighting,False
P002658,Electrical Basic,Sockets,Double Socket,Venus Electric,Sockets,,Low,101,Piece,Per_Room,4.0,Room,False
P002659,Electrical Basic,Wires & Cables,Copper Wire,El Sewedy Electric,Wires & Cables,,High,2819,Roll,Per_Area,0.06,Sockets,False
P002660,Electrical Basic,Wires & Cables,Copper Wire,El Sewedy Electric,Wires & Cables,,Low,1766,Roll,Per_Area,0.05,Lighting,False
P002661,Electrical Basic,Wires & Cables,Copper Wire,Venus Electric,Wires & Cables,,High,3016,Roll,Per_Area,0.06,Sockets,False
P002662,Electrical Basic,Wires & Cables,Copper Wire,Venus Electric,Wires & Cables,,Low,1711,Roll,Per_Area,0.05,Lighting,False
P002663,Electrical Basic,Wires & Cables,Copper Wire,Schneider Electric,Wires & Cables,,High,2862,Roll,Per_Area,0.06,Sockets,False
P002664,Electrical Basic,Wires & Cables,Copper Wire,Schneider Electric,Wires & Cables,,High,2992,Roll,Per_Area,0.06,Sockets,False
P002665,Electrical Basic,Wires & Cables,Copper Wire,Hager,Wires & Cables,,Medium,2172,Roll,Per_Area,0.05,Lighting,False
P002666,Electrical Basic,Wires & Cables,Copper Wire,Hager,Wires & Cables,,Low,1743,Roll,Per_Area,0.05,Lighting,False
P002667,Electrical Basic,Wires & Cables,Copper Wire,Schneider Electric,Wires & Cables,,Low,1611,Roll,Per_Area,0.05,Lighting,False
P002668,Electrical Basic,Wires & Cables,Copper Wire,Legrand,Wires & Cables,,Medium,2628,Roll,Per_Area,0.06,Sockets,False
P002669,Electrical Basic,Sockets,Double Socket,Schneider Electric,Sockets,,Low,68,Piece,Per_Room,4.0,Room,False
P002670,Electrical Basic,Wires & Cables,Copper Wire,Venus Electric,Wires & Cables,,Low,1877,Roll,Per_Area,0.05,Lighting,False
P002671,Electrical Basic,Sockets,Double Socket,Hager,Sockets,,Low,88,Piece,Per_Room,4.0,Room,False
P002672,Electrical Basic,Wires & Cables,Copper Wire,Schneider Electric,Wires & Cables,,High,2968,Roll,Per_Area,0.06,Sockets,False
P002673,Electrical Basic,Wires & Cables,Copper Wire,Legrand,Wires & Cables,,Medium,2665,Roll,Per_Area,0.06,Sockets,False
P002674,Electrical Basic,Wires & Cables,Copper Wire,Schneider Electric,Wires & Cables,,High,2949,Roll,Per_Area,0.06,Sockets,False
P002675,Electrical Basic,Wires & Cables,Copper Wire,Hager,Wires & Cables,,High,3016,Roll,Per_Area,0.06,Sockets,False
P002676,Electrical Basic,Wires & Cables,Copper Wire,Hager,Wires & Cables,,Low,1895,Roll,Per_Area,0.05,Lighting,False
P002677,Electrical Basic,Wires & Cables,Copper Wire,Schneider Electric,Wires & Cables,,High,3094,Roll,Per_Area,0.06,Sockets,False
P002678,Electrical Basic,Wires & Cables,Copper Wire,El Sewedy Electric,Wires & Cables,,High,2822,Roll,Per_Area,0.06,Sockets,False
P002679,Electrical Basic,Wires & Cables,Copper Wire,Legrand,Wires & Cables,,Low,1856,Roll,Per_Area,0.05,Lighting,False
P002680,Electrical Basic,Wires & Cables,Copper Wire,Legrand,Wires & Cables,,High,2908,Roll,Per_Area,0.06,Sockets,False
P002681,Electrical Basic,Wires & Cables,Copper Wire,Schneider Electric,Wires & Cables,,High,3002,Roll,Per_Area,0.06,Sockets,False
P002682,Electrical Basic,Wires & Cables,Copper Wire,Legrand,Wires & Cables,,High,3035,Roll,Per_Area,0.06,Sockets,False
P002683,Electrical Basic,Wires & Cables,Copper Wire,Venus Electric,Wires & Cables,,Low,1675,Roll,Per_Area,0.05,Lighting,False
P002684,Electrical Basic,Wires & Cables,Copper Wire,Hager,Wires & Cables,,Medium,2139,Roll,Per_Area,0.05,Lighting,False
P002685,Electrical Basic,Wires & Cables,Copper Wire,Schneider Electric,Wires & Cables,,High,2823,Roll,Per_Area,0.06,Sockets,False
P002686,Electrical Basic,Wires & Cables,Copper Wire,Schneider Electric,Wires & Cables,,High,2940,Roll,Per_Area,0.06,Sockets,False
P002687,Electrical Basic,Wires & Cables,Copper Wire,Legrand,Wires & Cables,,Low,1802,Roll,Per_Area,0.05,Lighting,False
P002688,Electrical Basic,Wires & Cables,Copper Wire,Schneider Electric,Wires & Cables,,Low,1625,Roll,Per_Area,0.05,Lighting,False
P002689,Electrical Basic,Wires & Cables,Copper Wire,El Sewedy Electric,Wires & Cables,,High,2977,Roll,Per_Area,0.06,Sockets,False
P002690,Electrical Basic,Wires & Cables,Copper Wire,El Sewedy Electric,Wires & Cables,,Medium,2188,Roll,Per_Area,0.05,Lighting,False
P002691,Electrical Basic,Wires & Cables,Copper Wire,Venus Electric,Wires & Cables,,Medium,1984,Roll,Per_Area,0.05,Lighting,False
P002692,Electrical Basic,Wires & Cables,Copper Wire,Hager,Wires & Cables,,Low,1893,Roll,Per_Area,0.05,Lighting,False
P002693,Electrical Basic,Wires & Cables,Copper Wire,Hager,Wires & Cables,,Medium,2688,Roll,Per_Area,0.06,Sockets,False
P002694,Electrical Basic,Wires & Cables,Copper Wire,Legrand,Wires & Cables,,High,2817,Roll,Per_Area,0.06,Sockets,False
P002695,Electrical Basic,Wires & Cables,Copper Wire,Venus Electric,Wires & Cables,,Medium,2069,Roll,Per_Area,0.05,Lighting,False
P002696,Electrical Basic,Wires & Cables,Copper Wire,Legrand,Wires & Cables,,High,3058,Roll,Per_Area,0.06,Sockets,False
P002697,Electrical Basic,Wires & Cables,Copper Wire,Schneider Electric,Wires & Cables,,Medium,2114,Roll,Per_Area,0.05,Lighting,False
P002698,Electrical Basic,Wires & Cables,Copper Wire,Legrand,Wires & Cables,,Low,1796,Roll,Per_Area,0.05,Lighting,False
P002699,Electrical Basic,Wires & Cables,Copper Wire,Hager,Wires & Cables,,Low,1622,Roll,Per_Area,0.05,Lighting,False
P002700,Electrical Basic,Wires & Cables,Copper Wire,Legrand,Wires & Cables,,High,3011,Roll,Per_Area,0.06,Sockets,False
P002701,Electrical Basic,Wires & Cables,Copper Wire,Legrand,Wires & Cables,,High,2801,Roll,Per_Area,0.06,Sockets,False
P002702,Electrical Basic,Wires & Cables,Copper Wire,Schneider Electric,Wires & Cables,,High,2858,Roll,Per_Area,0.06,Sockets,False
P002703,Electrical Basic,Wires & Cables,Copper Wire,Hager,Wires & Cables,,Medium,2108,Roll,Per_Area,0.05,Lighting,False
P002704,Electrical Basic,Wires & Cables,Copper Wire,Schneider Electric,Wires & Cables,,Low,1966,Roll,Per_Area,0.05,Lighting,False
P002705,Electrical Basic,Wires & Cables,Copper Wire,Legrand,Wires & Cables,,Low,1836,Roll,Per_Area,0.05,Lighting,False
P002706,Electrical Basic,Wires & Cables,Copper Wire,Hager,Wires & Cables,,High,2844,Roll,Per_Area,0.06,Sockets,False
P002707,Electrical Basic,Wires & Cables,Copper Wire,Hager,Wires & Cables,,High,2965,Roll,Per_Area,0.06,Sockets,False
P002708,Electrical Basic,Wires & Cables,Copper Wire,Venus Electric,Wires & Cables,,Low,1680,Roll,Per_Area,0.05,Lighting,False
P002709,Electrical Basic,Wires & Cables,Copper Wire,Hager,Wires & Cables,,Medium,2753,Roll,Per_Area,0.06,Sockets,False
P002710,Electrical Basic,Wires & Cables,Copper Wire,Legrand,Wires & Cables,,High,3064,Roll,Per_Area,0.06,Sockets,False
P002711,Electrical Basic,Wires & Cables,Copper Wire,Hager,Wires & Cables,,Medium,2109,Roll,Per_Area,0.05,Lighting,False
P002712,Electrical Basic,Wires & Cables,Copper Wire,Hager,Wires & Cables,,Medium,2703,Roll,Per_Area,0.06,Sockets,False
P002713,Electrical Basic,Wires & Cables,Copper Wire,Legrand,Wires & Cables,,High,2889,Roll,Per_Area,0.06,Sockets,False
P002714,Electrical Basic,Wires & Cables,Copper Wire,Venus Electric,Wires & Cables,,Medium,2703,Roll,Per_Area,0.06,Sockets,False
P002715,Electrical Basic,Sockets,Double Socket,Legrand,Sockets,,Low,116,Piece,Per_Room,4.0,Room,False
P002716,Electrical Basic,Wires & Cables,Copper Wire,Hager,Wires & Cables,,Medium,2010,Roll,Per_Area,0.05,Lighting,False
P002717,Electrical Basic,Wires & Cables,Copper Wire,Legrand,Wires & Cables,,Low,1663,Roll,Per_Area,0.05,Lighting,False
P002718,Electrical Basic,Sockets,Double Socket,Hager,Sockets,,Low,64,Piece,Per_Room,4.0,Room,False
P002719,Electrical Basic,Wires & Cables,Copper Wire,Hager,Wires & Cables,,Medium,2148,Roll,Per_Area,0.05,Lighting,False
P002720,Electrical Basic,Wires & Cables,Copper Wire,Venus Electric,Wires & Cables,,Low,1871,Roll,Per_Area,0.05,Lighting,False
P002721,Electrical Basic,Wires & Cables,Copper Wire,Hager,Wires & Cables,,High,2903,Roll,Per_Area,0.06,Sockets,False
P002722,Electrical Basic,Wires & Cables,Copper Wire,Venus Electric,Wires & Cables,,High,2914,Roll,Per_Area,0.06,Sockets,False
P002723,Electrical Basic,Wires & Cables,Copper Wire,Venus Electric,Wires & Cables,,Low,1704,Roll,Per_Area,0.05,Lighting,False
P002724,Electrical Basic,Wires & Cables,Copper Wire,El Sewedy Electric,Wires & Cables,,Medium,2144,Roll,Per_Area,0.05,Lighting,False
P002725,Electrical Basic,Wires & Cables,Copper Wire,Legrand,Wires & Cables,,Low,1921,Roll,Per_Area,0.05,Lighting,False
P002726,Electrical Basic,Wires & Cables,Copper Wire,Venus Electric,Wires & Cables,,Low,1893,Roll,Per_Area,0.05,Lighting,False
P002727,Electrical Basic,Wires & Cables,Copper Wire,Schneider Electric,Wires & Cables,,High,2867,Roll,Per_Area,0.06,Sockets,False
P002728,Electrical Basic,Wires & Cables,Copper Wire,Legrand,Wires & Cables,,Medium,1988,Roll,Per_Area,0.05,Lighting,False
P002729,Electrical Basic,Wires & Cables,Copper Wire,El Sewedy Electric,Wires & Cables,,Low,1946,Roll,Per_Area,0.05,Lighting,False
P002730,Electrical Basic,Wires & Cables,Copper Wire,Schneider Electric,Wires & Cables,,Medium,2683,Roll,Per_Area,0.06,Sockets,False
P002731,Electrical Basic,Wires & Cables,Copper Wire,Legrand,Wires & Cables,,High,3005,Roll,Per_Area,0.06,Sockets,False
P002732,Electrical Basic,Wires & Cables,Copper Wire,Venus Electric,Wires & Cables,,Low,1865,Roll,Per_Area,0.05,Lighting,False
P002733,Electrical Basic,Sockets,Double Socket,Legrand,Sockets,,Low,67,Piece,Per_Room,4.0,Room,False
P002734,Electrical Basic,Wires & Cables,Copper Wire,El Sewedy Electric,Wires & Cables,,Medium,2044,Roll,Per_Area,0.05,Lighting,False
P002735,Electrical Basic,Wires & Cables,Copper Wire,Legrand,Wires & Cables,,Low,1860,Roll,Per_Area,0.05,Lighting,False
P002736,Electrical Basic,Sockets,Double Socket,Hager,Sockets,,Low,98,Piece,Per_Room,4.0,Room,False
P002737,Electrical Basic,Wires & Cables,Copper Wire,Venus Electric,Wires & Cables,,Low,1735,Roll,Per_Area,0.05,Lighting,False
P002738,Electrical Basic,Wires & Cables,Copper Wire,Venus Electric,Wires & Cables,,High,3073,Roll,Per_Area,0.06,Sockets,False
P002739,Electrical Basic,Wires & Cables,Copper Wire,Legrand,Wires & Cables,,High,2849,Roll,Per_Area,0.06,Sockets,False
P002740,Electrical Basic,Wires & Cables,Copper Wire,Venus Electric,Wires & Cables,,Medium,2043,Roll,Per_Area,0.05,Lighting,False
P002741,Electrical Basic,Wires & Cables,Copper Wire,El Sewedy Electric,Wires & Cables,,High,2932,Roll,Per_Area,0.06,Sockets,False
P002742,Electrical Basic,Wires & Cables,Copper Wire,El Sewedy Electric,Wires & Cables,,Medium,2774,Roll,Per_Area,0.06,Sockets,False
P002743,Electrical Basic,Wires & Cables,Copper Wire,Hager,Wires & Cables,,Low,1925,Roll,Per_Area,0.05,Lighting,False
P002744,Electrical Basic,Wires & Cables,Copper Wire,Legrand,Wires & Cables,,High,3049,Roll,Per_Area,0.06,Sockets,False
P002745,Electrical Basic,Wires & Cables,Copper Wire,Venus Electric,Wires & Cables,,Medium,1983,Roll,Per_Area,0.05,Lighting,False
P002746,Electrical Basic,Wires & Cables,Copper Wire,Venus Electric,Wires & Cables,,Low,1629,Roll,Per_Area,0.05,Lighting,False
P002747,Electrical Basic,Wires & Cables,Copper Wire,Legrand,Wires & Cables,,Medium,2054,Roll,Per_Area,0.05,Lighting,False
P002748,Electrical Basic,Wires & Cables,Copper Wire,Schneider Electric,Wires & Cables,,High,2853,Roll,Per_Area,0.06,Sockets,False
P002749,Electrical Basic,Wires & Cables,Copper Wire,Hager,Wires & Cables,,High,3062,Roll,Per_Area,0.06,Sockets,False
P002750,Electrical Basic,Wires & Cables,Copper Wire,El Sewedy Electric,Wires & Cables,,High,3073,Roll,Per_Area,0.06,Sockets,False
P002751,Electrical Basic,Wires & Cables,Copper Wire,Schneider Electric,Wires & Cables,,Low,1734,Roll,Per_Area,0.05,Lighting,False
P002752,Electrical Basic,Wires & Cables,Copper Wire,Schneider Electric,Wires & Cables,,Low,1770,Roll,Per_Area,0.05,Lighting,False
P002753,Electrical Basic,Wires & Cables,Copper Wire,El Sewedy Electric,Wires & Cables,,Low,1903,Roll,Per_Area,0.05,Lighting,False
P002754,Electrical Basic,Wires & Cables,Copper Wire,El Sewedy Electric,Wires & Cables,,Medium,2013,Roll,Per_Area,0.05,Lighting,False
P002755,Electrical Basic,Wires & Cables,Copper Wire,Hager,Wires & Cables,,Medium,2710,Roll,Per_Area,0.06,Sockets,False
P002756,Electrical Basic,Wires & Cables,Copper Wire,Hager,Wires & Cables,,High,2853,Roll,Per_Area,0.06,Sockets,False
P002757,Electrical Basic,Wires & Cables,Copper Wire,Schneider Electric,Wires & Cables,,High,2998,Roll,Per_Area,0.06,Sockets,False
P002758,Electrical Basic,Wires & Cables,Copper Wire,El Sewedy Electric,Wires & Cables,,High,2876,Roll,Per_Area,0.06,Sockets,False
P002759,Electrical Basic,Wires & Cables,Copper Wire,El Sewedy Electric,Wires & Cables,,High,2952,Roll,Per_Area,0.06,Sockets,False
P002760,Electrical Basic,Wires & Cables,Copper Wire,Hager,Wires & Cables,,Low,1780,Roll,Per_Area,0.05,Lighting,False
P002761,Electrical Basic,Wires & Cables,Copper Wire,Legrand,Wires & Cables,,Medium,2610,Roll,Per_Area,0.06,Sockets,False
P002762,Electrical Basic,Wires & Cables,Copper Wire,Venus Electric,Wires & Cables,,High,2939,Roll,Per_Area,0.06,Sockets,False
P002763,Electrical Basic,Wires & Cables,Copper Wire,Hager,Wires & Cables,,High,3082,Roll,Per_Area,0.06,Sockets,False
P002764,Electrical Basic,Wires & Cables,Copper Wire,Legrand,Wires & Cables,,Medium,2697,Roll,Per_Area,0.06,Sockets,False
P002765,Electrical Basic,Wires & Cables,Copper Wire,Hager,Wires & Cables,,Low,1822,Roll,Per_Area,0.05,Lighting,False
P002766,Electrical Basic,Wires & Cables,Copper Wire,Legrand,Wires & Cables,,Low,1962,Roll,Per_Area,0.05,Lighting,False
P002767,Electrical Basic,Wires & Cables,Copper Wire,El Sewedy Electric,Wires & Cables,,Medium,2699,Roll,Per_Area,0.06,Sockets,False
P002768,Electrical Basic,Wires & Cables,Copper Wire,Hager,Wires & Cables,,Medium,2712,Roll,Per_Area,0.06,Sockets,False
P002769,Electrical Basic,Wires & Cables,Copper Wire,Schneider Electric,Wires & Cables,,Medium,2003,Roll,Per_Area,0.05,Lighting,False
P002770,Electrical Basic,Wires & Cables,Copper Wire,Schneider Electric,Wires & Cables,,High,3012,Roll,Per_Area,0.06,Sockets,False
P002771,Electrical Basic,Sockets,Double Socket,Schneider Electric,Sockets,,Low,69,Piece,Per_Room,4.0,Room,False
P002772,Electrical Basic,Wires & Cables,Copper Wire,Venus Electric,Wires & Cables,,Medium,2744,Roll,Per_Area,0.06,Sockets,False
P002773,Electrical Basic,Wires & Cables,Copper Wire,Legrand,Wires & Cables,,Low,1780,Roll,Per_Area,0.05,Lighting,False
P002774,Electrical Basic,Wires & Cables,Copper Wire,Venus Electric,Wires & Cables,,High,2846,Roll,Per_Area,0.06,Sockets,False
P002775,Electrical Basic,Wires & Cables,Copper Wire,Schneider Electric,Wires & Cables,,Low,1757,Roll,Per_Area,0.05,Lighting,False
P002776,Electrical Basic,Sockets,Double Socket,Legrand,Sockets,,Low,114,Piece,Per_Room,4.0,Room,False
P002777,Electrical Basic,Wires & Cables,Copper Wire,Hager,Wires & Cables,,Low,1776,Roll,Per_Area,0.05,Lighting,False
P002778,Electrical Basic,Wires & Cables,Copper Wire,Schneider Electric,Wires & Cables,,Low,1675,Roll,Per_Area,0.05,Lighting,False
P002779,Electrical Basic,Wires & Cables,Copper Wire,El Sewedy Electric,Wires & Cables,,High,2833,Roll,Per_Area,0.06,Sockets,False
P002780,Electrical Basic,Wires & Cables,Copper Wire,Hager,Wires & Cables,,Low,1903,Roll,Per_Area,0.05,Lighting,False
P002781,Electrical Basic,Wires & Cables,Copper Wire,Venus Electric,Wires & Cables,,Low,1822,Roll,Per_Area,0.05,Lighting,False
P002782,Electrical Basic,Wires & Cables,Copper Wire,El Sewedy Electric,Wires & Cables,,High,2970,Roll,Per_Area,0.06,Sockets,False
P002783,Electrical Basic,Wires & Cables,Copper Wire,El Sewedy Electric,Wires & Cables,,High,2988,Roll,Per_Area,0.06,Sockets,False
P002784,Electrical Basic,Wires & Cables,Copper Wire,Hager,Wires & Cables,,Low,1962,Roll,Per_Area,0.05,Lighting,False
P002785,Electrical Basic,Wires & Cables,Copper Wire,Venus Electric,Wires & Cables,,High,2784,Roll,Per_Area,0.06,Sockets,False
P002786,Electrical Basic,Wires & Cables,Copper Wire,El Sewedy Electric,Wires & Cables,,High,3079,Roll,Per_Area,0.06,Sockets,False
P002787,Electrical Basic,Wires & Cables,Copper Wire,Venus Electric,Wires & Cables,,Medium,2735,Roll,Per_Area,0.06,Sockets,False
P002788,Electrical Basic,Wires & Cables,Copper Wire,Legrand,Wires & Cables,,Low,1879,Roll,Per_Area,0.05,Lighting,False
P002789,Electrical Basic,Wires & Cables,Copper Wire,Venus Electric,Wires & Cables,,Medium,2134,Roll,Per_Area,0.05,Lighting,False
P002790,Electrical Basic,Wires & Cables,Copper Wire,Venus Electric,Wires & Cables,,High,2983,Roll,Per_Area,0.06,Sockets,False
P002791,Electrical Basic,Sockets,Double Socket,Legrand,Sockets,,Low,135,Piece,Per_Room,4.0,Room,False
P002792,Electrical Basic,Wires & Cables,Copper Wire,Venus Electric,Wires & Cables,,High,2842,Roll,Per_Area,0.06,Sockets,False
P002793,Electrical Basic,Sockets,Double Socket,El Sewedy Electric,Sockets,,Low,171,Piece,Per_Room,4.0,Room,False
P002794,Electrical Basic,Wires & Cables,Copper Wire,Schneider Electric,Wires & Cables,,Medium,2758,Roll,Per_Area,0.06,Sockets,False
P002795,Electrical Basic,Wires & Cables,Copper Wire,Hager,Wires & Cables,,Medium,2110,Roll,Per_Area,0.05,Lighting,False
P002796,Electrical Basic,Wires & Cables,Copper Wire,Venus Electric,Wires & Cables,,Low,1677,Roll,Per_Area,0.05,Lighting,False
P002797,Electrical Basic,Sockets,Double Socket,Hager,Sockets,,Low,114,Piece,Per_Room,4.0,Room,False
P002798,Electrical Basic,Wires & Cables,Copper Wire,Legrand,Wires & Cables,,High,3094,Roll,Per_Area,0.06,Sockets,False
P002799,Electrical Basic,Wires & Cables,Copper Wire,Schneider Electric,Wires & Cables,,High,3078,Roll,Per_Area,0.06,Sockets,False
P002800,Electrical Basic,Wires & Cables,Copper Wire,Venus Electric,Wires & Cables,,Low,1855,Roll,Per_Area,0.05,Lighting,False
P002801,Electrical Basic,Wires & Cables,Copper Wire,El Sewedy Electric,Wires & Cables,,Medium,2754,Roll,Per_Area,0.06,Sockets,False
P002802,Electrical Basic,Wires & Cables,Copper Wire,Schneider Electric,Wires & Cables,,Medium,1967,Roll,Per_Area,0.05,Lighting,False
P002803,Electrical Basic,Wires & Cables,Copper Wire,Hager,Wires & Cables,,Low,1871,Roll,Per_Area,0.05,Lighting,False
P002804,Electrical Basic,Wires & Cables,Copper Wire,Hager,Wires & Cables,,Medium,2676,Roll,Per_Area,0.06,Sockets,False
P002805,Electrical Basic,Wires & Cables,Copper Wire,Venus Electric,Wires & Cables,,Medium,2658,Roll,Per_Area,0.06,Sockets,False
P002806,Electrical Basic,Wires & Cables,Copper Wire,Hager,Wires & Cables,,Medium,2721,Roll,Per_Area,0.06,Sockets,False
P002807,Electrical Basic,Wires & Cables,Copper Wire,Schneider Electric,Wires & Cables,,High,2926,Roll,Per_Area,0.06,Sockets,False
P002808,Electrical Basic,Wires & Cables,Copper Wire,Schneider Electric,Wires & Cables,,High,2864,Roll,Per_Area,0.06,Sockets,False
P002809,Electrical Basic,Wires & Cables,Copper Wire,Schneider Electric,Wires & Cables,,Medium,2095,Roll,Per_Area,0.05,Lighting,False
P002810,Electrical Basic,Wires & Cables,Copper Wire,Schneider Electric,Wires & Cables,,Low,1804,Roll,Per_Area,0.05,Lighting,False
P002811,Electrical Basic,Sockets,Double Socket,El Sewedy Electric,Sockets,,Low,159,Piece,Per_Room,4.0,Room,False
P002812,Electrical Basic,Wires & Cables,Copper Wire,El Sewedy Electric,Wires & Cables,,High,3030,Roll,Per_Area,0.06,Sockets,False
P002813,Electrical Basic,Wires & Cables,Copper Wire,El Sewedy Electric,Wires & Cables,,Medium,2625,Roll,Per_Area,0.06,Sockets,False
P002814,Electrical Basic,Wires & Cables,Copper Wire,Legrand,Wires & Cables,,High,3082,Roll,Per_Area,0.06,Sockets,False
P002815,Electrical Basic,Wires & Cables,Copper Wire,Hager,Wires & Cables,,Medium,2173,Roll,Per_Area,0.05,Lighting,False
P002816,Electrical Basic,Wires & Cables,Copper Wire,Hager,Wires & Cables,,Medium,2024,Roll,Per_Area,0.05,Lighting,False
P002817,Electrical Basic,Wires & Cables,Copper Wire,Hager,Wires & Cables,,High,2821,Roll,Per_Area,0.06,Sockets,False
P002818,Electrical Basic,Wires & Cables,Copper Wire,Hager,Wires & Cables,,High,3057,Roll,Per_Area,0.06,Sockets,False
P002819,Electrical Basic,Wires & Cables,Copper Wire,Hager,Wires & Cables,,High,3041,Roll,Per_Area,0.06,Sockets,False
P002820,Electrical Basic,Wires & Cables,Copper Wire,Legrand,Wires & Cables,,Medium,2106,Roll,Per_Area,0.05,Lighting,False
P002821,Electrical Basic,Wires & Cables,Copper Wire,El Sewedy Electric,Wires & Cables,,Medium,2739,Roll,Per_Area,0.06,Sockets,False
P002822,Electrical Basic,Wires & Cables,Copper Wire,Legrand,Wires & Cables,,Medium,2721,Roll,Per_Area,0.06,Sockets,False
P002823,Electrical Basic,Wires & Cables,Copper Wire,Venus Electric,Wires & Cables,,Medium,2080,Roll,Per_Area,0.05,Lighting,False
P002824,Electrical Basic,Sockets,Double Socket,Hager,Sockets,,Low,156,Piece,Per_Room,4.0,Room,False
P002825,Electrical Basic,Wires & Cables,Copper Wire,Legrand,Wires & Cables,,Medium,1987,Roll,Per_Area,0.05,Lighting,False
P002826,Electrical Basic,Wires & Cables,Copper Wire,El Sewedy Electric,Wires & Cables,,High,2955,Roll,Per_Area,0.06,Sockets,False
P002827,Electrical Basic,Wires & Cables,Copper Wire,Legrand,Wires & Cables,,High,3018,Roll,Per_Area,0.06,Sockets,False
P002828,Electrical Basic,Wires & Cables,Copper Wire,Hager,Wires & Cables,,Low,1835,Roll,Per_Area,0.05,Lighting,False
P002829,Electrical Basic,Wires & Cables,Copper Wire,Venus Electric,Wires & Cables,,Low,1790,Roll,Per_Area,0.05,Lighting,False
P002830,Electrical Basic,Wires & Cables,Copper Wire,El Sewedy Electric,Wires & Cables,,High,2778,Roll,Per_Area,0.06,Sockets,False
P002831,Electrical Basic,Wires & Cables,Copper Wire,Hager,Wires & Cables,,Medium,2089,Roll,Per_Area,0.05,Lighting,False
P002832,Electrical Basic,Wires & Cables,Copper Wire,Hager,Wires & Cables,,Low,1637,Roll,Per_Area,0.05,Lighting,False
P002833,Electrical Basic,Wires & Cables,Copper Wire,Legrand,Wires & Cables,,Low,1763,Roll,Per_Area,0.05,Lighting,False
P002834,Electrical Basic,Wires & Cables,Copper Wire,El Sewedy Electric,Wires & Cables,,Medium,1976,Roll,Per_Area,0.05,Lighting,False
P002835,Electrical Basic,Wires & Cables,Copper Wire,Hager,Wires & Cables,,High,3061,Roll,Per_Area,0.06,Sockets,False
P002836,Electrical Basic,Wires & Cables,Copper Wire,Schneider Electric,Wires & Cables,,High,2936,Roll,Per_Area,0.06,Sockets,False
P002837,Electrical Basic,Wires & Cables,Copper Wire,Schneider Electric,Wires & Cables,,Medium,2757,Roll,Per_Area,0.06,Sockets,False
P002838,Electrical Basic,Wires & Cables,Copper Wire,Schneider Electric,Wires & Cables,,Medium,2094,Roll,Per_Area,0.05,Lighting,False
P002839,Electrical Basic,Wires & Cables,Copper Wire,Schneider Electric,Wires & Cables,,High,2979,Roll,Per_Area,0.06,Sockets,False
P002840,Electrical Basic,Wires & Cables,Copper Wire,Legrand,Wires & Cables,,High,2932,Roll,Per_Area,0.06,Sockets,False
P002841,Electrical Basic,Wires & Cables,Copper Wire,Hager,Wires & Cables,,High,2877,Roll,Per_Area,0.06,Sockets,False
P002842,Electrical Basic,Wires & Cables,Copper Wire,Legrand,Wires & Cables,,Low,1742,Roll,Per_Area,0.05,Lighting,False
P002843,Electrical Basic,Wires & Cables,Copper Wire,Venus Electric,Wires & Cables,,Low,1668,Roll,Per_Area,0.05,Lighting,False
P002844,Electrical Basic,Wires & Cables,Copper Wire,Legrand,Wires & Cables,,Medium,2615,Roll,Per_Area,0.06,Sockets,False
P002845,Electrical Basic,Wires & Cables,Copper Wire,El Sewedy Electric,Wires & Cables,,High,2799,Roll,Per_Area,0.06,Sockets,False
P002846,Electrical Basic,Wires & Cables,Copper Wire,El Sewedy Electric,Wires & Cables,,High,2951,Roll,Per_Area,0.06,Sockets,False
P002847,Electrical Basic,Wires & Cables,Copper Wire,Schneider Electric,Wires & Cables,,Medium,2708,Roll,Per_Area,0.06,Sockets,False
P002848,Electrical Basic,Wires & Cables,Copper Wire,Legrand,Wires & Cables,,Medium,2614,Roll,Per_Area,0.06,Sockets,False
P002849,Electrical Basic,Wires & Cables,Copper Wire,Legrand,Wires & Cables,,High,2945,Roll,Per_Area,0.06,Sockets,False
P002850,Electrical Basic,Wires & Cables,Copper Wire,Venus Electric,Wires & Cables,,Medium,2689,Roll,Per_Area,0.06,Sockets,False
P002851,Electrical Basic,Wires & Cables,Copper Wire,El Sewedy Electric,Wires & Cables,,Low,1797,Roll,Per_Area,0.05,Lighting,False
P002852,Electrical Basic,Wires & Cables,Copper Wire,Hager,Wires & Cables,,High,3008,Roll,Per_Area,0.06,Sockets,False
P002853,Electrical Basic,Wires & Cables,Copper Wire,Schneider Electric,Wires & Cables,,High,2824,Roll,Per_Area,0.06,Sockets,False
P002854,Electrical Basic,Wires & Cables,Copper Wire,El Sewedy Electric,Wires & Cables,,Medium,2648,Roll,Per_Area,0.06,Sockets,False
P002855,Electrical Basic,Wires & Cables,Copper Wire,Venus Electric,Wires & Cables,,Medium,2738,Roll,Per_Area,0.06,Sockets,False
P002856,Electrical Basic,Wires & Cables,Copper Wire,Legrand,Wires & Cables,,Low,1808,Roll,Per_Area,0.05,Lighting,False
P002857,Electrical Basic,Wires & Cables,Copper Wire,Schneider Electric,Wires & Cables,,High,2777,Roll,Per_Area,0.06,Sockets,False
P002858,Electrical Basic,Wires & Cables,Copper Wire,Hager,Wires & Cables,,High,2904,Roll,Per_Area,0.06,Sockets,False
P002859,Electrical Basic,Wires & Cables,Copper Wire,Schneider Electric,Wires & Cables,,High,2932,Roll,Per_Area,0.06,Sockets,False
P002860,Electrical Basic,Wires & Cables,Copper Wire,Hager,Wires & Cables,,Low,1640,Roll,Per_Area,0.05,Lighting,False
P002861,Electrical Basic,Wires & Cables,Copper Wire,El Sewedy Electric,Wires & Cables,,Low,1727,Roll,Per_Area,0.05,Lighting,False
P002862,Electrical Basic,Wires & Cables,Copper Wire,Hager,Wires & Cables,,Medium,2052,Roll,Per_Area,0.05,Lighting,False
P002863,Electrical Basic,Wires & Cables,Copper Wire,Schneider Electric,Wires & Cables,,Medium,2068,Roll,Per_Area,0.05,Lighting,False
P002864,Electrical Basic,Wires & Cables,Copper Wire,El Sewedy Electric,Wires & Cables,,Low,1865,Roll,Per_Area,0.05,Lighting,False
P002865,Electrical Basic,Sockets,Double Socket,Venus Electric,Sockets,,Low,140,Piece,Per_Room,4.0,Room,False
P002866,Electrical Basic,Wires & Cables,Copper Wire,Schneider Electric,Wires & Cables,,Low,1805,Roll,Per_Area,0.05,Lighting,False
P002867,Electrical Basic,Wires & Cables,Copper Wire,Schneider Electric,Wires & Cables,,Low,1707,Roll,Per_Area,0.05,Lighting,False
P002868,Electrical Basic,Wires & Cables,Copper Wire,Hager,Wires & Cables,,Medium,2713,Roll,Per_Area,0.06,Sockets,False
P002869,Electrical Basic,Wires & Cables,Copper Wire,Hager,Wires & Cables,,High,2976,Roll,Per_Area,0.06,Sockets,False
P002870,Electrical Basic,Wires & Cables,Copper Wire,Hager,Wires & Cables,,Medium,2193,Roll,Per_Area,0.05,Lighting,False
P002871,Electrical Basic,Wires & Cables,Copper Wire,Legrand,Wires & Cables,,Low,1700,Roll,Per_Area,0.05,Lighting,False
P002872,Electrical Basic,Wires & Cables,Copper Wire,Legrand,Wires & Cables,,Low,1898,Roll,Per_Area,0.05,Lighting,False
P002873,Electrical Basic,Wires & Cables,Copper Wire,Hager,Wires & Cables,,Medium,2642,Roll,Per_Area,0.06,Sockets,False
P002874,Electrical Basic,Wires & Cables,Copper Wire,Legrand,Wires & Cables,,Low,1728,Roll,Per_Area,0.05,Lighting,False
P002875,Electrical Basic,Wires & Cables,Copper Wire,Legrand,Wires & Cables,,Low,1914,Roll,Per_Area,0.05,Lighting,False
P002876,Electrical Basic,Wires & Cables,Copper Wire,Schneider Electric,Wires & Cables,,High,2917,Roll,Per_Area,0.06,Sockets,False
P002877,Electrical Basic,Wires & Cables,Copper Wire,Legrand,Wires & Cables,,Low,1611,Roll,Per_Area,0.05,Lighting,False
P002878,Electrical Basic,Wires & Cables,Copper Wire,El Sewedy Electric,Wires & Cables,,Low,1838,Roll,Per_Area,0.05,Lighting,False
P002879,Electrical Basic,Wires & Cables,Copper Wire,Legrand,Wires & Cables,,High,2973,Roll,Per_Area,0.06,Sockets,False
P002880,Electrical Basic,Wires & Cables,Copper Wire,Hager,Wires & Cables,,High,3089,Roll,Per_Area,0.06,Sockets,False
P002881,Electrical Basic,Wires & Cables,Copper Wire,Schneider Electric,Wires & Cables,,Medium,2085,Roll,Per_Area,0.05,Lighting,False
P002882,Electrical Basic,Wires & Cables,Copper Wire,Schneider Electric,Wires & Cables,,High,2814,Roll,Per_Area,0.06,Sockets,False
P002883,Electrical Basic,Wires & Cables,Copper Wire,El Sewedy Electric,Wires & Cables,,Medium,2690,Roll,Per_Area,0.06,Sockets,False
P002884,Electrical Basic,Wires & Cables,Copper Wire,Hager,Wires & Cables,,High,2963,Roll,Per_Area,0.06,Sockets,False
P002885,Electrical Basic,Wires & Cables,Copper Wire,Schneider Electric,Wires & Cables,,Low,1687,Roll,Per_Area,0.05,Lighting,False
P002886,Electrical Basic,Wires & Cables,Copper Wire,Hager,Wires & Cables,,Low,1617,Roll,Per_Area,0.05,Lighting,False
P002887,Electrical Basic,Wires & Cables,Copper Wire,Venus Electric,Wires & Cables,,High,2884,Roll,Per_Area,0.06,Sockets,False
P002888,Electrical Basic,Sockets,Double Socket,El Sewedy Electric,Sockets,,Low,147,Piece,Per_Room,4.0,Room,False
P002889,Electrical Basic,Wires & Cables,Copper Wire,Schneider Electric,Wires & Cables,,Medium,2668,Roll,Per_Area,0.06,Sockets,False
P002890,Electrical Basic,Wires & Cables,Copper Wire,El Sewedy Electric,Wires & Cables,,Low,1778,Roll,Per_Area,0.05,Lighting,False
P002891,Electrical Basic,Wires & Cables,Copper Wire,El Sewedy Electric,Wires & Cables,,High,3003,Roll,Per_Area,0.06,Sockets,False
P002892,Electrical Basic,Wires & Cables,Copper Wire,Hager,Wires & Cables,,Medium,2076,Roll,Per_Area,0.05,Lighting,False
P002893,Electrical Basic,Wires & Cables,Copper Wire,Schneider Electric,Wires & Cables,,Medium,2685,Roll,Per_Area,0.06,Sockets,False
P002894,Electrical Basic,Wires & Cables,Copper Wire,El Sewedy Electric,Wires & Cables,,High,2879,Roll,Per_Area,0.06,Sockets,False
P002895,Electrical Basic,Wires & Cables,Copper Wire,Schneider Electric,Wires & Cables,,High,2869,Roll,Per_Area,0.06,Sockets,False
P002896,Electrical Finishing,Modern Chandelier,Modern Chandelier,El Sewedy Electric,Electrical,,Medium,1273,Piece,Per_Reception,1.0,Reception,True
P002897,Electrical Finishing,Modern Chandelier,Modern Chandelier,Venus Electric,Electrical,,High,2564,Piece,Per_Reception,1.0,Reception,True
P002898,Electrical Finishing,Modern Chandelier,Modern Chandelier,Opple,Electrical,,High,2699,Piece,Per_Reception,1.0,Reception,True
P002899,Electrical Finishing,LED Spotlight,LED Spotlight,El Sewedy Electric,Electrical,,Low,145,Piece,Per_Room,4.0,Bedroom,False
P002900,Electrical Finishing,LED Downlight,LED Downlight,Venus Electric,Electrical,,Low,113,Piece,Per_Reception,8.0,Reception,False
P002901,Electrical Finishing,Modern Chandelier,Modern Chandelier,Opple,Electrical,,High,2407,Piece,Per_Reception,1.0,Reception,True
P002902,Electrical Finishing,Modern Chandelier,Modern Chandelier,Venus Electric,Electrical,,Medium,1683,Piece,Per_Reception,1.0,Reception,True
P002903,Electrical Finishing,Modern Chandelier,Modern Chandelier,El Sewedy Electric,Electrical,,High,2920,Piece,Per_Reception,1.0,Reception,True
P002904,Electrical Finishing,Modern Chandelier,Modern Chandelier,Opple,Electrical,,Medium,1940,Piece,Per_Reception,1.0,Reception,True
P002905,Electrical Finishing,Modern Chandelier,Modern Chandelier,Venus Electric,Electrical,,Medium,1577,Piece,Per_Reception,1.0,Reception,True
P002906,Electrical Finishing,Modern Chandelier,Modern Chandelier,Osram,Electrical,,Medium,2047,Piece,Per_Reception,1.0,Reception,True
P002907,Electrical Finishing,Modern Chandelier,Modern Chandelier,Venus Electric,Electrical,,Medium,1616,Piece,Per_Reception,1.0,Reception,True
P002908,Electrical Finishing,Modern Chandelier,Modern Chandelier,Philips,Electrical,,Medium,1742,Piece,Per_Reception,1.0,Reception,True
P002909,Electrical Finishing,LED Spotlight,LED Spotlight,Osram,Electrical,,Low,136,Piece,Per_Room,4.0,Bedroom,False
P002910,Electrical Finishing,Modern Chandelier,Modern Chandelier,Venus Electric,Electrical,,High,2818,Piece,Per_Reception,1.0,Reception,True
P002911,Electrical Finishing,Modern Chandelier,Modern Chandelier,Osram,Electrical,,High,2343,Piece,Per_Reception,1.0,Reception,True
P002912,Electrical Finishing,Modern Chandelier,Modern Chandelier,Venus Electric,Electrical,,Medium,1467,Piece,Per_Reception,1.0,Reception,True
P002913,Electrical Finishing,Modern Chandelier,Modern Chandelier,Opple,Electrical,,Medium,1803,Piece,Per_Reception,1.0,Reception,True
P002914,Electrical Finishing,LED Spotlight,LED Spotlight,Opple,Electrical,,Low,73,Piece,Per_Room,4.0,Bedroom,False
P002915,Electrical Finishing,Modern Chandelier,Modern Chandelier,Philips,Electrical,,Medium,1785,Piece,Per_Reception,1.0,Reception,True
P002916,Electrical Finishing,Modern Chandelier,Modern Chandelier,Philips,Electrical,,High,3355,Piece,Per_Reception,1.0,Reception,True
P002917,Electrical Finishing,LED Bulb,LED Bulb,Philips,Electrical,,Low,77,Piece,Per_Room,4.0,Bedroom,False
P002918,Electrical Finishing,LED Bulb,LED Bulb,Osram,Electrical,,Low,77,Piece,Per_Room,4.0,Bedroom,False
P002919,Electrical Finishing,Modern Chandelier,Modern Chandelier,Opple,Electrical,,High,2579,Piece,Per_Reception,1.0,Reception,True
P002920,Electrical Finishing,Modern Chandelier,Modern Chandelier,El Sewedy Electric,Electrical,,Medium,1970,Piece,Per_Reception,1.0,Reception,True
P002921,Electrical Finishing,Modern Chandelier,Modern Chandelier,Opple,Electrical,,Medium,2202,Piece,Per_Reception,1.0,Reception,True
P002922,Electrical Finishing,Modern Chandelier,Modern Chandelier,Venus Electric,Electrical,,Medium,1307,Piece,Per_Reception,1.0,Reception,True
P002923,Electrical Finishing,Modern Chandelier,Modern Chandelier,El Sewedy Electric,Electrical,,High,2254,Piece,Per_Reception,1.0,Reception,True
P002924,Electrical Finishing,LED Spotlight,LED Spotlight,Osram,Electrical,,Low,145,Piece,Per_Room,4.0,Bedroom,False
P002925,Electrical Finishing,Modern Chandelier,Modern Chandelier,Philips,Electrical,,Medium,1393,Piece,Per_Reception,1.0,Reception,True
P002926,Electrical Finishing,Modern Chandelier,Modern Chandelier,Philips,Electrical,,Medium,2036,Piece,Per_Reception,1.0,Reception,True
P002927,Electrical Finishing,LED Bulb,LED Bulb,Osram,Electrical,,Low,117,Piece,Per_Room,4.0,Bedroom,False
P002928,Electrical Finishing,Modern Chandelier,Modern Chandelier,Venus Electric,Electrical,,High,3356,Piece,Per_Reception,1.0,Reception,True
P002929,Electrical Finishing,LED Downlight,LED Downlight,El Sewedy Electric,Electrical,,Low,56,Piece,Per_Reception,8.0,Reception,False
P002930,Electrical Finishing,LED Downlight,LED Downlight,Philips,Electrical,,Low,57,Piece,Per_Reception,8.0,Reception,False
P002931,Electrical Finishing,LED Downlight,LED Downlight,Philips,Electrical,,Low,120,Piece,Per_Reception,8.0,Reception,False
P002932,Electrical Finishing,LED Bulb,LED Bulb,Philips,Electrical,,Low,142,Piece,Per_Room,4.0,Bedroom,False
P002933,Electrical Finishing,Modern Chandelier,Modern Chandelier,Venus Electric,Electrical,,High,3043,Piece,Per_Reception,1.0,Reception,True
P002934,Electrical Finishing,LED Downlight,LED Downlight,Opple,Electrical,,Low,142,Piece,Per_Reception,8.0,Reception,False
P002935,Electrical Finishing,Modern Chandelier,Modern Chandelier,Osram,Electrical,,Medium,1436,Piece,Per_Reception,1.0,Reception,True
P002936,Electrical Finishing,Modern Chandelier,Modern Chandelier,El Sewedy Electric,Electrical,,High,3162,Piece,Per_Reception,1.0,Reception,True
P002937,Electrical Finishing,LED Downlight,LED Downlight,Venus Electric,Electrical,,Low,162,Piece,Per_Reception,8.0,Reception,False
P002938,Electrical Finishing,LED Spotlight,LED Spotlight,Venus Electric,Electrical,,Low,125,Piece,Per_Room,4.0,Bedroom,False
P002939,Electrical Finishing,Modern Chandelier,Modern Chandelier,Philips,Electrical,,Medium,2096,Piece,Per_Reception,1.0,Reception,True
P002940,Electrical Finishing,Modern Chandelier,Modern Chandelier,Philips,Electrical,,High,2985,Piece,Per_Reception,1.0,Reception,True
P002941,Electrical Finishing,Modern Chandelier,Modern Chandelier,El Sewedy Electric,Electrical,,High,2533,Piece,Per_Reception,1.0,Reception,True
P002942,Electrical Finishing,LED Downlight,LED Downlight,Osram,Electrical,,Low,104,Piece,Per_Reception,8.0,Reception,False
P002943,Electrical Finishing,Modern Chandelier,Modern Chandelier,Venus Electric,Electrical,,High,2554,Piece,Per_Reception,1.0,Reception,True
P002944,Electrical Finishing,LED Bulb,LED Bulb,Opple,Electrical,,Low,148,Piece,Per_Room,4.0,Bedroom,False
P002945,Electrical Finishing,LED Bulb,LED Bulb,Venus Electric,Electrical,,Low,92,Piece,Per_Room,4.0,Bedroom,False
P002946,Electrical Finishing,LED Downlight,LED Downlight,Venus Electric,Electrical,,Low,75,Piece,Per_Reception,8.0,Reception,False
P002947,Electrical Finishing,LED Spotlight,LED Spotlight,Opple,Electrical,,Low,74,Piece,Per_Room,4.0,Bedroom,False
P002948,Electrical Finishing,Modern Chandelier,Modern Chandelier,Venus Electric,Electrical,,High,3365,Piece,Per_Reception,1.0,Reception,True
P002949,Electrical Finishing,Modern Chandelier,Modern Chandelier,Osram,Electrical,,High,2628,Piece,Per_Reception,1.0,Reception,True
P002950,Electrical Finishing,Modern Chandelier,Modern Chandelier,Venus Electric,Electrical,,High,2950,Piece,Per_Reception,1.0,Reception,True
P002951,Electrical Finishing,Modern Chandelier,Modern Chandelier,Opple,Electrical,,Medium,2191,Piece,Per_Reception,1.0,Reception,True
P002952,Electrical Finishing,Modern Chandelier,Modern Chandelier,Opple,Electrical,,Medium,2170,Piece,Per_Reception,1.0,Reception,True
P002953,Electrical Finishing,LED Downlight,LED Downlight,Philips,Electrical,,Low,139,Piece,Per_Reception,8.0,Reception,False
P002954,Electrical Finishing,Modern Chandelier,Modern Chandelier,El Sewedy Electric,Electrical,,Medium,1237,Piece,Per_Reception,1.0,Reception,True
P002955,Electrical Finishing,Modern Chandelier,Modern Chandelier,Philips,Electrical,,Medium,1779,Piece,Per_Reception,1.0,Reception,True
P002956,Electrical Finishing,Modern Chandelier,Modern Chandelier,Opple,Electrical,,Medium,1536,Piece,Per_Reception,1.0,Reception,True
P002957,Electrical Finishing,Modern Chandelier,Modern Chandelier,Venus Electric,Electrical,,Medium,1201,Piece,Per_Reception,1.0,Reception,True
P002958,Electrical Finishing,Modern Chandelier,Modern Chandelier,Venus Electric,Electrical,,High,2890,Piece,Per_Reception,1.0,Reception,True
P002959,Electrical Finishing,Modern Chandelier,Modern Chandelier,Philips,Electrical,,Medium,2251,Piece,Per_Reception,1.0,Reception,True
P002960,Electrical Finishing,Modern Chandelier,Modern Chandelier,Philips,Electrical,,High,3378,Piece,Per_Reception,1.0,Reception,True
P002961,Electrical Finishing,Modern Chandelier,Modern Chandelier,Venus Electric,Electrical,,High,2335,Piece,Per_Reception,1.0,Reception,True
P002962,Electrical Finishing,LED Downlight,LED Downlight,Opple,Electrical,,Low,125,Piece,Per_Reception,8.0,Reception,False
P002963,Electrical Finishing,Modern Chandelier,Modern Chandelier,Venus Electric,Electrical,,High,3005,Piece,Per_Reception,1.0,Reception,True
P002964,Electrical Finishing,Modern Chandelier,Modern Chandelier,Opple,Electrical,,High,2674,Piece,Per_Reception,1.0,Reception,True
P002965,Electrical Finishing,Modern Chandelier,Modern Chandelier,El Sewedy Electric,Electrical,,High,3287,Piece,Per_Reception,1.0,Reception,True
P002966,Electrical Finishing,Modern Chandelier,Modern Chandelier,Venus Electric,Electrical,,High,3310,Piece,Per_Reception,1.0,Reception,True
P002967,Electrical Finishing,Modern Chandelier,Modern Chandelier,Opple,Electrical,,High,2598,Piece,Per_Reception,1.0,Reception,True
P002968,Electrical Finishing,Modern Chandelier,Modern Chandelier,Opple,Electrical,,Medium,1428,Piece,Per_Reception,1.0,Reception,True
P002969,Electrical Finishing,LED Downlight,LED Downlight,El Sewedy Electric,Electrical,,Low,97,Piece,Per_Reception,8.0,Reception,False
P002970,Electrical Finishing,LED Downlight,LED Downlight,Opple,Electrical,,Low,118,Piece,Per_Reception,8.0,Reception,False
P002971,Electrical Finishing,LED Spotlight,LED Spotlight,Osram,Electrical,,Low,162,Piece,Per_Room,4.0,Bedroom,False
P002972,Electrical Finishing,LED Spotlight,LED Spotlight,Osram,Electrical,,Low,161,Piece,Per_Room,4.0,Bedroom,False
P002973,Electrical Finishing,Modern Chandelier,Modern Chandelier,Venus Electric,Electrical,,Medium,1675,Piece,Per_Reception,1.0,Reception,True
P002974,Electrical Finishing,LED Downlight,LED Downlight,Opple,Electrical,,Low,111,Piece,Per_Reception,8.0,Reception,False
P002975,Electrical Finishing,Modern Chandelier,Modern Chandelier,Venus Electric,Electrical,,High,2616,Piece,Per_Reception,1.0,Reception,True
P002976,Electrical Finishing,Modern Chandelier,Modern Chandelier,Osram,Electrical,,Medium,1710,Piece,Per_Reception,1.0,Reception,True
P002977,Electrical Finishing,Modern Chandelier,Modern Chandelier,Philips,Electrical,,Medium,1466,Piece,Per_Reception,1.0,Reception,True
P002978,Electrical Finishing,LED Bulb,LED Bulb,Venus Electric,Electrical,,Low,124,Piece,Per_Room,4.0,Bedroom,False
P002979,Electrical Finishing,LED Downlight,LED Downlight,Osram,Electrical,,Low,93,Piece,Per_Reception,8.0,Reception,False
P002980,Electrical Finishing,Modern Chandelier,Modern Chandelier,Venus Electric,Electrical,,Medium,2022,Piece,Per_Reception,1.0,Reception,True
P002981,Electrical Finishing,Modern Chandelier,Modern Chandelier,Philips,Electrical,,High,3121,Piece,Per_Reception,1.0,Reception,True
P002982,Electrical Finishing,Modern Chandelier,Modern Chandelier,Osram,Electrical,,Medium,1720,Piece,Per_Reception,1.0,Reception,True
P002983,Electrical Finishing,LED Downlight,LED Downlight,Opple,Electrical,,Low,97,Piece,Per_Reception,8.0,Reception,False
P002984,Electrical Finishing,Modern Chandelier,Modern Chandelier,Philips,Electrical,,High,2953,Piece,Per_Reception,1.0,Reception,True
P002985,Electrical Finishing,Modern Chandelier,Modern Chandelier,Osram,Electrical,,High,2810,Piece,Per_Reception,1.0,Reception,True
P002986,Electrical Finishing,LED Downlight,LED Downlight,Philips,Electrical,,Low,138,Piece,Per_Reception,8.0,Reception,False
P002987,Electrical Finishing,LED Spotlight,LED Spotlight,El Sewedy Electric,Electrical,,Low,140,Piece,Per_Room,4.0,Bedroom,False
P002988,Electrical Finishing,Modern Chandelier,Modern Chandelier,Venus Electric,Electrical,,High,2738,Piece,Per_Reception,1.0,Reception,True
P002989,Electrical Finishing,LED Downlight,LED Downlight,Osram,Electrical,,Low,110,Piece,Per_Reception,8.0,Reception,False
P002990,Electrical Finishing,LED Bulb,LED Bulb,El Sewedy Electric,Electrical,,Low,88,Piece,Per_Room,4.0,Bedroom,False
P002991,Electrical Finishing,LED Spotlight,LED Spotlight,Osram,Electrical,,Low,124,Piece,Per_Room,4.0,Bedroom,False
P002992,Electrical Finishing,Modern Chandelier,Modern Chandelier,Osram,Electrical,,Medium,1479,Piece,Per_Reception,1.0,Reception,True
P002993,Electrical Finishing,Modern Chandelier,Modern Chandelier,Venus Electric,Electrical,,Medium,2244,Piece,Per_Reception,1.0,Reception,True
P002994,Electrical Finishing,LED Bulb,LED Bulb,Venus Electric,Electrical,,Low,108,Piece,Per_Room,4.0,Bedroom,False
P002995,Electrical Finishing,LED Downlight,LED Downlight,Opple,Electrical,,Low,81,Piece,Per_Reception,8.0,Reception,False
P002996,Electrical Finishing,LED Downlight,LED Downlight,Opple,Electrical,,Low,160,Piece,Per_Reception,8.0,Reception,False
P002997,Electrical Finishing,LED Spotlight,LED Spotlight,Philips,Electrical,,Low,66,Piece,Per_Room,4.0,Bedroom,False
P002998,Electrical Finishing,LED Bulb,LED Bulb,Venus Electric,Electrical,,Low,94,Piece,Per_Room,4.0,Bedroom,False
P002999,Electrical Finishing,Modern Chandelier,Modern Chandelier,Venus Electric,Electrical,,Medium,2209,Piece,Per_Reception,1.0,Reception,True
P003000,Electrical Finishing,Modern Chandelier,Modern Chandelier,Philips,Electrical,,Medium,2154,Piece,Per_Reception,1.0,Reception,True
P003001,Electrical Finishing,Modern Chandelier,Modern Chandelier,Opple,Electrical,,High,3009,Piece,Per_Reception,1.0,Reception,True
P003002,Electrical Finishing,LED Downlight,LED Downlight,Opple,Electrical,,Medium,177,Piece,Per_Reception,8.0,Reception,False
P003003,Electrical Finishing,Modern Chandelier,Modern Chandelier,Osram,Electrical,,Medium,1470,Piece,Per_Reception,1.0,Reception,True
P003004,Electrical Finishing,LED Downlight,LED Downlight,Venus Electric,Electrical,,Low,100,Piece,Per_Reception,8.0,Reception,False
P003005,Electrical Finishing,Modern Chandelier,Modern Chandelier,Venus Electric,Electrical,,Medium,1975,Piece,Per_Reception,1.0,Reception,True
P003006,Electrical Finishing,Modern Chandelier,Modern Chandelier,Philips,Electrical,,Medium,1623,Piece,Per_Reception,1.0,Reception,True
P003007,Electrical Finishing,Modern Chandelier,Modern Chandelier,El Sewedy Electric,Electrical,,Medium,1808,Piece,Per_Reception,1.0,Reception,True
P003008,Electrical Finishing,LED Bulb,LED Bulb,Philips,Electrical,,Low,99,Piece,Per_Room,4.0,Bedroom,False
P003009,Electrical Finishing,LED Spotlight,LED Spotlight,Opple,Electrical,,Low,69,Piece,Per_Room,4.0,Bedroom,False
P003010,Electrical Finishing,Modern Chandelier,Modern Chandelier,El Sewedy Electric,Electrical,,High,2997,Piece,Per_Reception,1.0,Reception,True
P003011,Electrical Finishing,LED Spotlight,LED Spotlight,Opple,Electrical,,Low,70,Piece,Per_Room,4.0,Bedroom,False
P003012,Electrical Finishing,Modern Chandelier,Modern Chandelier,El Sewedy Electric,Electrical,,High,3359,Piece,Per_Reception,1.0,Reception,True
P003013,Electrical Finishing,Modern Chandelier,Modern Chandelier,Philips,Electrical,,High,3368,Piece,Per_Reception,1.0,Reception,True
P003014,Electrical Finishing,LED Downlight,LED Downlight,Venus Electric,Electrical,,Low,156,Piece,Per_Reception,8.0,Reception,False
P003015,Electrical Finishing,Modern Chandelier,Modern Chandelier,Philips,Electrical,,Medium,1342,Piece,Per_Reception,1.0,Reception,True
P003016,Electrical Finishing,Modern Chandelier,Modern Chandelier,Opple,Electrical,,High,2816,Piece,Per_Reception,1.0,Reception,True
P003017,Electrical Finishing,Modern Chandelier,Modern Chandelier,Philips,Electrical,,High,3292,Piece,Per_Reception,1.0,Reception,True
P003018,Electrical Finishing,LED Spotlight,LED Spotlight,Philips,Electrical,,Low,78,Piece,Per_Room,4.0,Bedroom,False
P003019,Electrical Finishing,Modern Chandelier,Modern Chandelier,Osram,Electrical,,High,2521,Piece,Per_Reception,1.0,Reception,True
P003020,Electrical Finishing,Modern Chandelier,Modern Chandelier,Venus Electric,Electrical,,Medium,1882,Piece,Per_Reception,1.0,Reception,True
P003021,Electrical Finishing,LED Downlight,LED Downlight,Opple,Electrical,,Low,135,Piece,Per_Reception,8.0,Reception,False
P003022,Electrical Finishing,Modern Chandelier,Modern Chandelier,Philips,Electrical,,Medium,1436,Piece,Per_Reception,1.0,Reception,True
P003023,Electrical Finishing,Modern Chandelier,Modern Chandelier,Osram,Electrical,,Medium,2180,Piece,Per_Reception,1.0,Reception,True
P003024,Electrical Finishing,LED Downlight,LED Downlight,El Sewedy Electric,Electrical,,Low,124,Piece,Per_Reception,8.0,Reception,False
P003025,Electrical Finishing,Modern Chandelier,Modern Chandelier,Philips,Electrical,,High,2269,Piece,Per_Reception,1.0,Reception,True
P003026,Electrical Finishing,LED Spotlight,LED Spotlight,El Sewedy Electric,Electrical,,Low,78,Piece,Per_Room,4.0,Bedroom,False
P003027,Electrical Finishing,Modern Chandelier,Modern Chandelier,Osram,Electrical,,High,3131,Piece,Per_Reception,1.0,Reception,True
P003028,Electrical Finishing,LED Downlight,LED Downlight,Osram,Electrical,,Medium,174,Piece,Per_Reception,8.0,Reception,False
P003029,Electrical Finishing,Modern Chandelier,Modern Chandelier,Philips,Electrical,,Medium,1963,Piece,Per_Reception,1.0,Reception,True
P003030,Electrical Finishing,LED Downlight,LED Downlight,Philips,Electrical,,Low,89,Piece,Per_Reception,8.0,Reception,False
P003031,Electrical Finishing,Modern Chandelier,Modern Chandelier,Opple,Electrical,,High,2600,Piece,Per_Reception,1.0,Reception,True
P003032,Electrical Finishing,Modern Chandelier,Modern Chandelier,El Sewedy Electric,Electrical,,High,2338,Piece,Per_Reception,1.0,Reception,True
P003033,Electrical Finishing,Modern Chandelier,Modern Chandelier,Opple,Electrical,,Medium,1339,Piece,Per_Reception,1.0,Reception,True
P003034,Electrical Finishing,Modern Chandelier,Modern Chandelier,Venus Electric,Electrical,,Medium,1543,Piece,Per_Reception,1.0,Reception,True
P003035,Electrical Finishing,LED Spotlight,LED Spotlight,El Sewedy Electric,Electrical,,Low,57,Piece,Per_Room,4.0,Bedroom,False
P003036,Electrical Finishing,Modern Chandelier,Modern Chandelier,Opple,Electrical,,High,3419,Piece,Per_Reception,1.0,Reception,True
P003037,Electrical Finishing,LED Downlight,LED Downlight,Opple,Electrical,,Low,129,Piece,Per_Reception,8.0,Reception,False
P003038,Electrical Finishing,LED Downlight,LED Downlight,Osram,Electrical,,Low,108,Piece,Per_Reception,8.0,Reception,False
P003039,Electrical Finishing,Modern Chandelier,Modern Chandelier,Philips,Electrical,,High,3398,Piece,Per_Reception,1.0,Reception,True
P003040,Electrical Finishing,Modern Chandelier,Modern Chandelier,Venus Electric,Electrical,,High,2691,Piece,Per_Reception,1.0,Reception,True
P003041,Electrical Finishing,Modern Chandelier,Modern Chandelier,Opple,Electrical,,Medium,2178,Piece,Per_Reception,1.0,Reception,True
P003042,Electrical Finishing,Modern Chandelier,Modern Chandelier,Venus Electric,Electrical,,High,2723,Piece,Per_Reception,1.0,Reception,True
P003043,Electrical Finishing,Modern Chandelier,Modern Chandelier,Opple,Electrical,,Medium,1679,Piece,Per_Reception,1.0,Reception,True
P003044,Electrical Finishing,Modern Chandelier,Modern Chandelier,Philips,Electrical,,High,2377,Piece,Per_Reception,1.0,Reception,True
P003045,Electrical Finishing,LED Spotlight,LED Spotlight,Venus Electric,Electrical,,Low,113,Piece,Per_Room,4.0,Bedroom,False
P003046,Electrical Finishing,LED Spotlight,LED Spotlight,Opple,Electrical,,Low,78,Piece,Per_Room,4.0,Bedroom,False
P003047,Electrical Finishing,Modern Chandelier,Modern Chandelier,Osram,Electrical,,Medium,1876,Piece,Per_Reception,1.0,Reception,True
P003048,Electrical Finishing,LED Spotlight,LED Spotlight,El Sewedy Electric,Electrical,,Low,92,Piece,Per_Room,4.0,Bedroom,False
P003049,Electrical Finishing,LED Downlight,LED Downlight,Philips,Electrical,,Low,167,Piece,Per_Reception,8.0,Reception,False
P003050,Electrical Finishing,Modern Chandelier,Modern Chandelier,Opple,Electrical,,Medium,1287,Piece,Per_Reception,1.0,Reception,True
P003051,Electrical Finishing,Modern Chandelier,Modern Chandelier,Opple,Electrical,,High,2447,Piece,Per_Reception,1.0,Reception,True
P003052,Electrical Finishing,Modern Chandelier,Modern Chandelier,Philips,Electrical,,Medium,1819,Piece,Per_Reception,1.0,Reception,True
P003053,Electrical Finishing,Modern Chandelier,Modern Chandelier,Osram,Electrical,,Medium,1303,Piece,Per_Reception,1.0,Reception,True
P003054,Electrical Finishing,Modern Chandelier,Modern Chandelier,Venus Electric,Electrical,,Medium,1339,Piece,Per_Reception,1.0,Reception,True
P003055,Electrical Finishing,LED Downlight,LED Downlight,Opple,Electrical,,Low,78,Piece,Per_Reception,8.0,Reception,False
P003056,Electrical Finishing,Modern Chandelier,Modern Chandelier,Osram,Electrical,,Medium,2133,Piece,Per_Reception,1.0,Reception,True
P003057,Electrical Finishing,Modern Chandelier,Modern Chandelier,Osram,Electrical,,Medium,1586,Piece,Per_Reception,1.0,Reception,True
P003058,Electrical Finishing,Modern Chandelier,Modern Chandelier,Osram,Electrical,,Medium,1960,Piece,Per_Reception,1.0,Reception,True
P003059,Electrical Finishing,LED Spotlight,LED Spotlight,Venus Electric,Electrical,,Low,79,Piece,Per_Room,4.0,Bedroom,False
P003060,Electrical Finishing,LED Bulb,LED Bulb,Opple,Electrical,,Low,150,Piece,Per_Room,4.0,Bedroom,False
P003061,Electrical Finishing,Modern Chandelier,Modern Chandelier,El Sewedy Electric,Electrical,,High,3118,Piece,Per_Reception,1.0,Reception,True
P003062,Electrical Finishing,Modern Chandelier,Modern Chandelier,Osram,Electrical,,Medium,2109,Piece,Per_Reception,1.0,Reception,True
P003063,Electrical Finishing,LED Spotlight,LED Spotlight,Osram,Electrical,,Low,93,Piece,Per_Room,4.0,Bedroom,False
P003064,Electrical Finishing,Modern Chandelier,Modern Chandelier,Philips,Electrical,,Medium,1776,Piece,Per_Reception,1.0,Reception,True
P003065,Electrical Finishing,Modern Chandelier,Modern Chandelier,Osram,Electrical,,High,3025,Piece,Per_Reception,1.0,Reception,True
P003066,Electrical Finishing,LED Downlight,LED Downlight,El Sewedy Electric,Electrical,,Low,152,Piece,Per_Reception,8.0,Reception,False
P003067,Electrical Finishing,Modern Chandelier,Modern Chandelier,Opple,Electrical,,Medium,1785,Piece,Per_Reception,1.0,Reception,True
P003068,Electrical Finishing,LED Downlight,LED Downlight,El Sewedy Electric,Electrical,,Low,71,Piece,Per_Reception,8.0,Reception,False
P003069,Electrical Finishing,Modern Chandelier,Modern Chandelier,Osram,Electrical,,Medium,1379,Piece,Per_Reception,1.0,Reception,True
P003070,Electrical Finishing,Modern Chandelier,Modern Chandelier,Venus Electric,Electrical,,High,2589,Piece,Per_Reception,1.0,Reception,True
P003071,Electrical Finishing,Modern Chandelier,Modern Chandelier,Philips,Electrical,,High,3491,Piece,Per_Reception,1.0,Reception,True
P003072,Electrical Finishing,Modern Chandelier,Modern Chandelier,Osram,Electrical,,High,3114,Piece,Per_Reception,1.0,Reception,True
P003073,Electrical Finishing,LED Downlight,LED Downlight,Philips,Electrical,,Low,153,Piece,Per_Reception,8.0,Reception,False
P003074,Electrical Finishing,Modern Chandelier,Modern Chandelier,Opple,Electrical,,Medium,1444,Piece,Per_Reception,1.0,Reception,True
P003075,Electrical Finishing,Modern Chandelier,Modern Chandelier,Osram,Electrical,,High,2261,Piece,Per_Reception,1.0,Reception,True
P003076,Electrical Finishing,Modern Chandelier,Modern Chandelier,Philips,Electrical,,High,2668,Piece,Per_Reception,1.0,Reception,True
P003077,Electrical Finishing,LED Spotlight,LED Spotlight,Osram,Electrical,,Low,88,Piece,Per_Room,4.0,Bedroom,False
P003078,Electrical Finishing,Modern Chandelier,Modern Chandelier,Venus Electric,Electrical,,Medium,1336,Piece,Per_Reception,1.0,Reception,True
P003079,Electrical Finishing,LED Downlight,LED Downlight,Osram,Electrical,,Low,157,Piece,Per_Reception,8.0,Reception,False
P003080,Electrical Finishing,Modern Chandelier,Modern Chandelier,Osram,Electrical,,Medium,1381,Piece,Per_Reception,1.0,Reception,True
P003081,Electrical Finishing,Modern Chandelier,Modern Chandelier,El Sewedy Electric,Electrical,,High,2794,Piece,Per_Reception,1.0,Reception,True
P003082,Electrical Finishing,LED Downlight,LED Downlight,Venus Electric,Electrical,,Low,69,Piece,Per_Reception,8.0,Reception,False
P003083,Electrical Finishing,Modern Chandelier,Modern Chandelier,Opple,Electrical,,High,2327,Piece,Per_Reception,1.0,Reception,True
P003084,Electrical Finishing,Modern Chandelier,Modern Chandelier,El Sewedy Electric,Electrical,,High,2398,Piece,Per_Reception,1.0,Reception,True
P003085,Electrical Finishing,Modern Chandelier,Modern Chandelier,Osram,Electrical,,Medium,1997,Piece,Per_Reception,1.0,Reception,True
P003086,Electrical Finishing,Modern Chandelier,Modern Chandelier,Philips,Electrical,,High,3457,Piece,Per_Reception,1.0,Reception,True
P003087,Electrical Finishing,LED Downlight,LED Downlight,Osram,Electrical,,Low,56,Piece,Per_Reception,8.0,Reception,False
P003088,Electrical Finishing,Modern Chandelier,Modern Chandelier,Philips,Electrical,,High,2583,Piece,Per_Reception,1.0,Reception,True
P003089,Electrical Finishing,LED Spotlight,LED Spotlight,Opple,Electrical,,Low,80,Piece,Per_Room,4.0,Bedroom,False
P003090,Electrical Finishing,Modern Chandelier,Modern Chandelier,El Sewedy Electric,Electrical,,Medium,1248,Piece,Per_Reception,1.0,Reception,True
P003091,Electrical Finishing,Modern Chandelier,Modern Chandelier,Philips,Electrical,,Medium,1854,Piece,Per_Reception,1.0,Reception,True
P003092,Electrical Finishing,LED Bulb,LED Bulb,Osram,Electrical,,Low,119,Piece,Per_Room,4.0,Bedroom,False
P003093,Electrical Finishing,LED Spotlight,LED Spotlight,Philips,Electrical,,Low,136,Piece,Per_Room,4.0,Bedroom,False
P003094,Electrical Finishing,Modern Chandelier,Modern Chandelier,Opple,Electrical,,High,3259,Piece,Per_Reception,1.0,Reception,True
P003095,Electrical Finishing,Modern Chandelier,Modern Chandelier,Osram,Electrical,,Medium,1486,Piece,Per_Reception,1.0,Reception,True
P003096,Electrical Finishing,Modern Chandelier,Modern Chandelier,Osram,Electrical,,Medium,1778,Piece,Per_Reception,1.0,Reception,True
P003097,Electrical Finishing,Modern Chandelier,Modern Chandelier,Philips,Electrical,,High,2512,Piece,Per_Reception,1.0,Reception,True
P003098,Electrical Finishing,Modern Chandelier,Modern Chandelier,El Sewedy Electric,Electrical,,Medium,1943,Piece,Per_Reception,1.0,Reception,True
P003099,Electrical Finishing,LED Downlight,LED Downlight,Philips,Electrical,,Low,142,Piece,Per_Reception,8.0,Reception,False
P003100,Electrical Finishing,Modern Chandelier,Modern Chandelier,Opple,Electrical,,High,3214,Piece,Per_Reception,1.0,Reception,True
P003101,Electrical Finishing,LED Spotlight,LED Spotlight,Philips,Electrical,,Low,156,Piece,Per_Room,4.0,Bedroom,False
P003102,Electrical Finishing,Modern Chandelier,Modern Chandelier,Venus Electric,Electrical,,High,3292,Piece,Per_Reception,1.0,Reception,True
P003103,Electrical Finishing,Modern Chandelier,Modern Chandelier,Opple,Electrical,,Medium,1284,Piece,Per_Reception,1.0,Reception,True
P003104,Electrical Finishing,LED Downlight,LED Downlight,Osram,Electrical,,Low,117,Piece,Per_Reception,8.0,Reception,False
P003105,Electrical Finishing,Modern Chandelier,Modern Chandelier,Osram,Electrical,,High,2341,Piece,Per_Reception,1.0,Reception,True
P003106,Electrical Finishing,LED Bulb,LED Bulb,Opple,Electrical,,Low,74,Piece,Per_Room,4.0,Bedroom,False
P003107,Electrical Finishing,Modern Chandelier,Modern Chandelier,El Sewedy Electric,Electrical,,Medium,1860,Piece,Per_Reception,1.0,Reception,True
P003108,Electrical Finishing,Modern Chandelier,Modern Chandelier,Opple,Electrical,,Medium,2003,Piece,Per_Reception,1.0,Reception,True
P003109,Electrical Finishing,LED Downlight,LED Downlight,El Sewedy Electric,Electrical,,Low,118,Piece,Per_Reception,8.0,Reception,False
P003110,Electrical Finishing,LED Spotlight,LED Spotlight,El Sewedy Electric,Electrical,,Low,74,Piece,Per_Room,4.0,Bedroom,False
P003111,Electrical Finishing,Modern Chandelier,Modern Chandelier,El Sewedy Electric,Electrical,,High,2901,Piece,Per_Reception,1.0,Reception,True
P003112,Electrical Finishing,Modern Chandelier,Modern Chandelier,Philips,Electrical,,Medium,2009,Piece,Per_Reception,1.0,Reception,True
P003113,Electrical Finishing,Modern Chandelier,Modern Chandelier,Venus Electric,Electrical,,High,3250,Piece,Per_Reception,1.0,Reception,True
P003114,Electrical Finishing,LED Spotlight,LED Spotlight,Opple,Electrical,,Low,138,Piece,Per_Room,4.0,Bedroom,False
P003115,Electrical Finishing,LED Bulb,LED Bulb,Philips,Electrical,,Low,62,Piece,Per_Room,4.0,Bedroom,False
P003116,Electrical Finishing,Modern Chandelier,Modern Chandelier,El Sewedy Electric,Electrical,,High,2368,Piece,Per_Reception,1.0,Reception,True
P003117,Electrical Finishing,Modern Chandelier,Modern Chandelier,Osram,Electrical,,High,2303,Piece,Per_Reception,1.0,Reception,True
P003118,Electrical Finishing,Modern Chandelier,Modern Chandelier,Venus Electric,Electrical,,High,2610,Piece,Per_Reception,1.0,Reception,True
P003119,Electrical Finishing,LED Downlight,LED Downlight,El Sewedy Electric,Electrical,,Low,148,Piece,Per_Reception,8.0,Reception,False
P003120,Electrical Finishing,LED Bulb,LED Bulb,Venus Electric,Electrical,,Low,150,Piece,Per_Room,4.0,Bedroom,False
P003121,Electrical Finishing,LED Bulb,LED Bulb,El Sewedy Electric,Electrical,,Low,166,Piece,Per_Room,4.0,Bedroom,False
P003122,Electrical Finishing,Modern Chandelier,Modern Chandelier,Osram,Electrical,,High,2466,Piece,Per_Reception,1.0,Reception,True
P003123,Electrical Finishing,Modern Chandelier,Modern Chandelier,Philips,Electrical,,High,2453,Piece,Per_Reception,1.0,Reception,True
P003124,Electrical Finishing,LED Bulb,LED Bulb,Osram,Electrical,,Low,108,Piece,Per_Room,4.0,Bedroom,False
P003125,Electrical Finishing,Modern Chandelier,Modern Chandelier,Philips,Electrical,,High,2940,Piece,Per_Reception,1.0,Reception,True
P003126,Electrical Finishing,LED Downlight,LED Downlight,El Sewedy Electric,Electrical,,Low,141,Piece,Per_Reception,8.0,Reception,False
P003127,Electrical Finishing,LED Downlight,LED Downlight,Osram,Electrical,,Low,96,Piece,Per_Reception,8.0,Reception,False
P003128,Electrical Finishing,Modern Chandelier,Modern Chandelier,Venus Electric,Electrical,,Medium,1866,Piece,Per_Reception,1.0,Reception,True
P003129,Electrical Finishing,Modern Chandelier,Modern Chandelier,Venus Electric,Electrical,,Medium,1316,Piece,Per_Reception,1.0,Reception,True
P003130,Electrical Finishing,Modern Chandelier,Modern Chandelier,Osram,Electrical,,High,2995,Piece,Per_Reception,1.0,Reception,True
P003131,Electrical Finishing,LED Downlight,LED Downlight,El Sewedy Electric,Electrical,,Low,163,Piece,Per_Reception,8.0,Reception,False
P003132,Electrical Finishing,LED Downlight,LED Downlight,El Sewedy Electric,Electrical,,Low,68,Piece,Per_Reception,8.0,Reception,False
P003133,Electrical Finishing,Modern Chandelier,Modern Chandelier,Opple,Electrical,,Medium,1775,Piece,Per_Reception,1.0,Reception,True
P003134,Electrical Finishing,Modern Chandelier,Modern Chandelier,Opple,Electrical,,Medium,1756,Piece,Per_Reception,1.0,Reception,True
P003135,Electrical Finishing,Modern Chandelier,Modern Chandelier,Osram,Electrical,,Medium,1274,Piece,Per_Reception,1.0,Reception,True
P003136,Electrical Finishing,Modern Chandelier,Modern Chandelier,Osram,Electrical,,High,3319,Piece,Per_Reception,1.0,Reception,True
P003137,Electrical Finishing,Modern Chandelier,Modern Chandelier,El Sewedy Electric,Electrical,,High,2344,Piece,Per_Reception,1.0,Reception,True
P003138,Electrical Finishing,LED Downlight,LED Downlight,Philips,Electrical,,Low,72,Piece,Per_Reception,8.0,Reception,False
P003139,Electrical Finishing,Modern Chandelier,Modern Chandelier,Philips,Electrical,,Medium,1284,Piece,Per_Reception,1.0,Reception,True
P003140,Electrical Finishing,Modern Chandelier,Modern Chandelier,Venus Electric,Electrical,,Medium,1274,Piece,Per_Reception,1.0,Reception,True
P003141,Electrical Finishing,Modern Chandelier,Modern Chandelier,El Sewedy Electric,Electrical,,Medium,2099,Piece,Per_Reception,1.0,Reception,True
P003142,Electrical Finishing,Modern Chandelier,Modern Chandelier,Osram,Electrical,,High,2610,Piece,Per_Reception,1.0,Reception,True
P003143,Electrical Finishing,LED Spotlight,LED Spotlight,El Sewedy Electric,Electrical,,Low,172,Piece,Per_Room,4.0,Bedroom,False
P003144,Electrical Finishing,LED Downlight,LED Downlight,Philips,Electrical,,Medium,179,Piece,Per_Reception,8.0,Reception,False
P003145,Electrical Finishing,LED Downlight,LED Downlight,Opple,Electrical,,Low,79,Piece,Per_Reception,8.0,Reception,False
P003146,Electrical Finishing,Modern Chandelier,Modern Chandelier,Osram,Electrical,,High,3137,Piece,Per_Reception,1.0,Reception,True
P003147,Electrical Finishing,LED Downlight,LED Downlight,Opple,Electrical,,Low,55,Piece,Per_Reception,8.0,Reception,False
P003148,Electrical Finishing,Modern Chandelier,Modern Chandelier,Opple,Electrical,,Medium,2139,Piece,Per_Reception,1.0,Reception,True
P003149,Electrical Finishing,Modern Chandelier,Modern Chandelier,Osram,Electrical,,High,3402,Piece,Per_Reception,1.0,Reception,True
P003150,Electrical Finishing,LED Downlight,LED Downlight,Venus Electric,Electrical,,Low,151,Piece,Per_Reception,8.0,Reception,False
P003151,Electrical Finishing,Modern Chandelier,Modern Chandelier,Venus Electric,Electrical,,Medium,1611,Piece,Per_Reception,1.0,Reception,True
P003152,Electrical Finishing,LED Spotlight,LED Spotlight,Venus Electric,Electrical,,Low,123,Piece,Per_Room,4.0,Bedroom,False
P003153,Electrical Finishing,LED Downlight,LED Downlight,Venus Electric,Electrical,,Medium,175,Piece,Per_Reception,8.0,Reception,False
P003154,Electrical Finishing,Modern Chandelier,Modern Chandelier,Opple,Electrical,,Medium,1855,Piece,Per_Reception,1.0,Reception,True
P003155,Electrical Finishing,Modern Chandelier,Modern Chandelier,Osram,Electrical,,High,3461,Piece,Per_Reception,1.0,Reception,True
P003156,Electrical Finishing,Modern Chandelier,Modern Chandelier,Philips,Electrical,,High,2528,Piece,Per_Reception,1.0,Reception,True
P003157,Electrical Finishing,LED Spotlight,LED Spotlight,Osram,Electrical,,Low,97,Piece,Per_Room,4.0,Bedroom,False
P003158,Electrical Finishing,Modern Chandelier,Modern Chandelier,Osram,Electrical,,High,3241,Piece,Per_Reception,1.0,Reception,True
P003159,Electrical Finishing,LED Downlight,LED Downlight,Philips,Electrical,,Low,135,Piece,Per_Reception,8.0,Reception,False
P003160,Electrical Finishing,Modern Chandelier,Modern Chandelier,Venus Electric,Electrical,,Medium,1980,Piece,Per_Reception,1.0,Reception,True
P003161,Electrical Finishing,Modern Chandelier,Modern Chandelier,Opple,Electrical,,High,2671,Piece,Per_Reception,1.0,Reception,True
P003162,Electrical Finishing,Modern Chandelier,Modern Chandelier,Venus Electric,Electrical,,High,2370,Piece,Per_Reception,1.0,Reception,True
P003163,Electrical Finishing,LED Downlight,LED Downlight,Osram,Electrical,,Low,67,Piece,Per_Reception,8.0,Reception,False
P003164,Electrical Finishing,Modern Chandelier,Modern Chandelier,Opple,Electrical,,Medium,1927,Piece,Per_Reception,1.0,Reception,True
P003165,Electrical Finishing,LED Spotlight,LED Spotlight,Philips,Electrical,,Low,73,Piece,Per_Room,4.0,Bedroom,False
P003166,Electrical Finishing,Modern Chandelier,Modern Chandelier,El Sewedy Electric,Electrical,,High,2934,Piece,Per_Reception,1.0,Reception,True
P003167,Electrical Finishing,Modern Chandelier,Modern Chandelier,Opple,Electrical,,Medium,1903,Piece,Per_Reception,1.0,Reception,True
P003168,Electrical Finishing,LED Downlight,LED Downlight,Osram,Electrical,,Low,126,Piece,Per_Reception,8.0,Reception,False
P003169,Electrical Finishing,Modern Chandelier,Modern Chandelier,Venus Electric,Electrical,,High,3468,Piece,Per_Reception,1.0,Reception,True
P003170,Electrical Finishing,Modern Chandelier,Modern Chandelier,Opple,Electrical,,High,2385,Piece,Per_Reception,1.0,Reception,True
P003171,Electrical Finishing,Modern Chandelier,Modern Chandelier,El Sewedy Electric,Electrical,,Medium,2043,Piece,Per_Reception,1.0,Reception,True
P003172,Electrical Finishing,Modern Chandelier,Modern Chandelier,Opple,Electrical,,Medium,1707,Piece,Per_Reception,1.0,Reception,True
P003173,Electrical Finishing,Modern Chandelier,Modern Chandelier,Venus Electric,Electrical,,High,2842,Piece,Per_Reception,1.0,Reception,True
P003174,Electrical Finishing,Modern Chandelier,Modern Chandelier,El Sewedy Electric,Electrical,,Medium,1394,Piece,Per_Reception,1.0,Reception,True
P003175,Electrical Finishing,Modern Chandelier,Modern Chandelier,Philips,Electrical,,Medium,1981,Piece,Per_Reception,1.0,Reception,True
P003176,Electrical Finishing,Modern Chandelier,Modern Chandelier,Osram,Electrical,,Medium,1559,Piece,Per_Reception,1.0,Reception,True
P003177,Electrical Finishing,LED Spotlight,LED Spotlight,Philips,Electrical,,Low,60,Piece,Per_Room,4.0,Bedroom,False
P003178,Electrical Finishing,LED Spotlight,LED Spotlight,Philips,Electrical,,Low,81,Piece,Per_Room,4.0,Bedroom,False
P003179,Electrical Finishing,LED Bulb,LED Bulb,Venus Electric,Electrical,,Low,91,Piece,Per_Room,4.0,Bedroom,False
P003180,Electrical Finishing,LED Downlight,LED Downlight,Opple,Electrical,,Low,124,Piece,Per_Reception,8.0,Reception,False
P003181,Electrical Finishing,LED Bulb,LED Bulb,El Sewedy Electric,Electrical,,Low,80,Piece,Per_Room,4.0,Bedroom,False
P003182,Electrical Finishing,LED Downlight,LED Downlight,El Sewedy Electric,Electrical,,Low,169,Piece,Per_Reception,8.0,Reception,False
P003183,Electrical Finishing,Modern Chandelier,Modern Chandelier,Venus Electric,Electrical,,Medium,1419,Piece,Per_Reception,1.0,Reception,True
P003184,Electrical Finishing,Modern Chandelier,Modern Chandelier,Opple,Electrical,,Medium,1722,Piece,Per_Reception,1.0,Reception,True
P003185,Electrical Finishing,LED Downlight,LED Downlight,El Sewedy Electric,Electrical,,Low,135,Piece,Per_Reception,8.0,Reception,False
P003186,Electrical Finishing,Modern Chandelier,Modern Chandelier,Opple,Electrical,,High,3200,Piece,Per_Reception,1.0,Reception,True
P003187,Electrical Finishing,Modern Chandelier,Modern Chandelier,El Sewedy Electric,Electrical,,High,2690,Piece,Per_Reception,1.0,Reception,True
P003188,Electrical Finishing,Modern Chandelier,Modern Chandelier,Venus Electric,Electrical,,High,2436,Piece,Per_Reception,1.0,Reception,True
P003189,Electrical Finishing,LED Downlight,LED Downlight,Venus Electric,Electrical,,Low,58,Piece,Per_Reception,8.0,Reception,False
P003190,Electrical Finishing,Modern Chandelier,Modern Chandelier,Opple,Electrical,,High,2337,Piece,Per_Reception,1.0,Reception,True
P003191,Electrical Finishing,LED Downlight,LED Downlight,Philips,Electrical,,Low,137,Piece,Per_Reception,8.0,Reception,False
P003192,Electrical Finishing,LED Downlight,LED Downlight,Opple,Electrical,,Low,143,Piece,Per_Reception,8.0,Reception,False
P003193,Electrical Finishing,Modern Chandelier,Modern Chandelier,Venus Electric,Electrical,,High,2863,Piece,Per_Reception,1.0,Reception,True
P003194,Electrical Finishing,Modern Chandelier,Modern Chandelier,Philips,Electrical,,Medium,1767,Piece,Per_Reception,1.0,Reception,True
P003195,Electrical Finishing,Modern Chandelier,Modern Chandelier,Opple,Electrical,,High,3068,Piece,Per_Reception,1.0,Reception,True
P003196,Electrical Finishing,Modern Chandelier,Modern Chandelier,El Sewedy Electric,Electrical,,High,2352,Piece,Per_Reception,1.0,Reception,True
P003197,Electrical Finishing,Modern Chandelier,Modern Chandelier,Opple,Electrical,,High,3228,Piece,Per_Reception,1.0,Reception,True
P003198,Electrical Finishing,LED Downlight,LED Downlight,Opple,Electrical,,Low,59,Piece,Per_Reception,8.0,Reception,False
P003199,Electrical Finishing,Modern Chandelier,Modern Chandelier,Opple,Electrical,,High,2889,Piece,Per_Reception,1.0,Reception,True
P003200,Electrical Finishing,LED Spotlight,LED Spotlight,Venus Electric,Electrical,,Low,60,Piece,Per_Room,4.0,Bedroom,False
P003201,Electrical Finishing,LED Downlight,LED Downlight,Venus Electric,Electrical,,Low,84,Piece,Per_Reception,8.0,Reception,False
P003202,Electrical Finishing,LED Bulb,LED Bulb,Opple,Electrical,,Medium,179,Piece,Per_Room,4.0,Bedroom,False
P003203,Electrical Finishing,Modern Chandelier,Modern Chandelier,El Sewedy Electric,Electrical,,Medium,2038,Piece,Per_Reception,1.0,Reception,True
P003204,Electrical Finishing,LED Bulb,LED Bulb,Philips,Electrical,,Low,58,Piece,Per_Room,4.0,Bedroom,False
P003205,Electrical Finishing,Modern Chandelier,Modern Chandelier,El Sewedy Electric,Electrical,,High,3145,Piece,Per_Reception,1.0,Reception,True
P003206,Electrical Finishing,Modern Chandelier,Modern Chandelier,Philips,Electrical,,High,2819,Piece,Per_Reception,1.0,Reception,True
P003207,Electrical Finishing,Modern Chandelier,Modern Chandelier,Opple,Electrical,,High,2724,Piece,Per_Reception,1.0,Reception,True
P003208,Electrical Finishing,LED Downlight,LED Downlight,El Sewedy Electric,Electrical,,Low,144,Piece,Per_Reception,8.0,Reception,False
P003209,Electrical Finishing,LED Downlight,LED Downlight,El Sewedy Electric,Electrical,,Low,89,Piece,Per_Reception,8.0,Reception,False
P003210,Electrical Finishing,Modern Chandelier,Modern Chandelier,Opple,Electrical,,Medium,1951,Piece,Per_Reception,1.0,Reception,True
P003211,Electrical Finishing,Modern Chandelier,Modern Chandelier,Philips,Electrical,,Medium,1816,Piece,Per_Reception,1.0,Reception,True
P003212,Electrical Finishing,LED Downlight,LED Downlight,Venus Electric,Electrical,,Low,157,Piece,Per_Reception,8.0,Reception,False
P003213,Electrical Finishing,LED Downlight,LED Downlight,El Sewedy Electric,Electrical,,Low,168,Piece,Per_Reception,8.0,Reception,False
P003214,Electrical Finishing,Modern Chandelier,Modern Chandelier,Philips,Electrical,,High,2421,Piece,Per_Reception,1.0,Reception,True
P003215,Electrical Finishing,Modern Chandelier,Modern Chandelier,Venus Electric,Electrical,,Medium,1744,Piece,Per_Reception,1.0,Reception,True
P003216,Electrical Finishing,Modern Chandelier,Modern Chandelier,Osram,Electrical,,Medium,1970,Piece,Per_Reception,1.0,Reception,True
P003217,Electrical Finishing,LED Bulb,LED Bulb,Osram,Electrical,,Low,64,Piece,Per_Room,4.0,Bedroom,False
P003218,Electrical Finishing,Modern Chandelier,Modern Chandelier,El Sewedy Electric,Electrical,,High,3276,Piece,Per_Reception,1.0,Reception,True
P003219,Electrical Finishing,LED Spotlight,LED Spotlight,El Sewedy Electric,Electrical,,Low,108,Piece,Per_Room,4.0,Bedroom,False
P003220,Electrical Finishing,Modern Chandelier,Modern Chandelier,El Sewedy Electric,Electrical,,Medium,1461,Piece,Per_Reception,1.0,Reception,True
P003221,Electrical Finishing,LED Downlight,LED Downlight,Philips,Electrical,,Low,155,Piece,Per_Reception,8.0,Reception,False
P003222,Electrical Finishing,LED Downlight,LED Downlight,Philips,Electrical,,Low,90,Piece,Per_Reception,8.0,Reception,False
P003223,Electrical Finishing,Modern Chandelier,Modern Chandelier,Opple,Electrical,,Medium,2135,Piece,Per_Reception,1.0,Reception,True
P003224,Electrical Finishing,Modern Chandelier,Modern Chandelier,El Sewedy Electric,Electrical,,Medium,2037,Piece,Per_Reception,1.0,Reception,True
P003225,Electrical Finishing,Modern Chandelier,Modern Chandelier,El Sewedy Electric,Electrical,,Medium,2246,Piece,Per_Reception,1.0,Reception,True
P003226,Electrical Finishing,Modern Chandelier,Modern Chandelier,El Sewedy Electric,Electrical,,High,3447,Piece,Per_Reception,1.0,Reception,True
P003227,Electrical Finishing,Modern Chandelier,Modern Chandelier,Philips,Electrical,,Medium,2231,Piece,Per_Reception,1.0,Reception,True
P003228,Electrical Finishing,Modern Chandelier,Modern Chandelier,Osram,Electrical,,Medium,1495,Piece,Per_Reception,1.0,Reception,True
P003229,Electrical Finishing,Modern Chandelier,Modern Chandelier,Osram,Electrical,,High,3240,Piece,Per_Reception,1.0,Reception,True
P003230,Electrical Finishing,Modern Chandelier,Modern Chandelier,Opple,Electrical,,High,3449,Piece,Per_Reception,1.0,Reception,True
P003231,Electrical Finishing,LED Downlight,LED Downlight,Opple,Electrical,,Low,121,Piece,Per_Reception,8.0,Reception,False
P003232,Electrical Finishing,Modern Chandelier,Modern Chandelier,Opple,Electrical,,High,2814,Piece,Per_Reception,1.0,Reception,True
P003233,Electrical Finishing,Modern Chandelier,Modern Chandelier,Opple,Electrical,,Medium,1736,Piece,Per_Reception,1.0,Reception,True
P003234,Electrical Finishing,Modern Chandelier,Modern Chandelier,El Sewedy Electric,Electrical,,Medium,1423,Piece,Per_Reception,1.0,Reception,True
P003235,Electrical Finishing,LED Downlight,LED Downlight,Venus Electric,Electrical,,Low,154,Piece,Per_Reception,8.0,Reception,False
P003236,Electrical Finishing,Modern Chandelier,Modern Chandelier,Opple,Electrical,,High,2917,Piece,Per_Reception,1.0,Reception,True
P003237,Electrical Finishing,Modern Chandelier,Modern Chandelier,Philips,Electrical,,High,2477,Piece,Per_Reception,1.0,Reception,True
P003238,Electrical Finishing,Modern Chandelier,Modern Chandelier,El Sewedy Electric,Electrical,,Medium,1816,Piece,Per_Reception,1.0,Reception,True
P003239,Electrical Finishing,Modern Chandelier,Modern Chandelier,Osram,Electrical,,Medium,1246,Piece,Per_Reception,1.0,Reception,True
P003240,Electrical Finishing,Modern Chandelier,Modern Chandelier,Philips,Electrical,,High,3197,Piece,Per_Reception,1.0,Reception,True
P003241,Electrical Finishing,Modern Chandelier,Modern Chandelier,Opple,Electrical,,High,3479,Piece,Per_Reception,1.0,Reception,True
P003242,Electrical Finishing,Modern Chandelier,Modern Chandelier,Osram,Electrical,,Medium,1396,Piece,Per_Reception,1.0,Reception,True
P003243,Electrical Finishing,Modern Chandelier,Modern Chandelier,Opple,Electrical,,High,2634,Piece,Per_Reception,1.0,Reception,True
P003244,Electrical Finishing,Modern Chandelier,Modern Chandelier,Osram,Electrical,,Medium,1912,Piece,Per_Reception,1.0,Reception,True
P003245,Electrical Finishing,LED Downlight,LED Downlight,Philips,Electrical,,Medium,178,Piece,Per_Reception,8.0,Reception,False
P003246,Electrical Finishing,LED Downlight,LED Downlight,Osram,Electrical,,Low,71,Piece,Per_Reception,8.0,Reception,False
P003247,Electrical Finishing,LED Spotlight,LED Spotlight,Philips,Electrical,,Low,128,Piece,Per_Room,4.0,Bedroom,False
P003248,Electrical Finishing,LED Spotlight,LED Spotlight,Venus Electric,Electrical,,Low,57,Piece,Per_Room,4.0,Bedroom,False
P003249,Electrical Finishing,Modern Chandelier,Modern Chandelier,Venus Electric,Electrical,,Medium,1476,Piece,Per_Reception,1.0,Reception,True
P003250,Electrical Finishing,Modern Chandelier,Modern Chandelier,El Sewedy Electric,Electrical,,Medium,1624,Piece,Per_Reception,1.0,Reception,True
P003251,Electrical Finishing,Modern Chandelier,Modern Chandelier,Philips,Electrical,,High,2846,Piece,Per_Reception,1.0,Reception,True
P003252,Electrical Finishing,Modern Chandelier,Modern Chandelier,Venus Electric,Electrical,,Medium,1268,Piece,Per_Reception,1.0,Reception,True
P003253,Electrical Finishing,Modern Chandelier,Modern Chandelier,El Sewedy Electric,Electrical,,Medium,1486,Piece,Per_Reception,1.0,Reception,True
P003254,Electrical Finishing,LED Spotlight,LED Spotlight,Venus Electric,Electrical,,Low,154,Piece,Per_Room,4.0,Bedroom,False
P003255,Electrical Finishing,Modern Chandelier,Modern Chandelier,Venus Electric,Electrical,,High,3446,Piece,Per_Reception,1.0,Reception,True
P003256,Electrical Finishing,Modern Chandelier,Modern Chandelier,Philips,Electrical,,High,2482,Piece,Per_Reception,1.0,Reception,True
P003257,Electrical Finishing,Modern Chandelier,Modern Chandelier,El Sewedy Electric,Electrical,,Medium,1350,Piece,Per_Reception,1.0,Reception,True
P003258,Electrical Finishing,LED Downlight,LED Downlight,Opple,Electrical,,Low,128,Piece,Per_Reception,8.0,Reception,False
P003259,Electrical Finishing,Modern Chandelier,Modern Chandelier,Osram,Electrical,,High,2979,Piece,Per_Reception,1.0,Reception,True
P003260,Electrical Finishing,Modern Chandelier,Modern Chandelier,Opple,Electrical,,High,2866,Piece,Per_Reception,1.0,Reception,True
P003261,Electrical Finishing,Modern Chandelier,Modern Chandelier,Osram,Electrical,,High,2418,Piece,Per_Reception,1.0,Reception,True
P003262,Electrical Finishing,Modern Chandelier,Modern Chandelier,El Sewedy Electric,Electrical,,High,2715,Piece,Per_Reception,1.0,Reception,True
P003263,Electrical Finishing,Modern Chandelier,Modern Chandelier,Osram,Electrical,,High,2383,Piece,Per_Reception,1.0,Reception,True
P003264,Electrical Finishing,LED Downlight,LED Downlight,Philips,Electrical,,Low,124,Piece,Per_Reception,8.0,Reception,False
P003265,Electrical Finishing,Modern Chandelier,Modern Chandelier,El Sewedy Electric,Electrical,,Medium,1968,Piece,Per_Reception,1.0,Reception,True
P003266,Electrical Finishing,Modern Chandelier,Modern Chandelier,Philips,Electrical,,High,2932,Piece,Per_Reception,1.0,Reception,True
P003267,Electrical Finishing,LED Downlight,LED Downlight,Philips,Electrical,,Low,129,Piece,Per_Reception,8.0,Reception,False
P003268,Electrical Finishing,Modern Chandelier,Modern Chandelier,El Sewedy Electric,Electrical,,Medium,1979,Piece,Per_Reception,1.0,Reception,True
P003269,Electrical Finishing,LED Spotlight,LED Spotlight,Venus Electric,Electrical,,Low,160,Piece,Per_Room,4.0,Bedroom,False
P003270,Electrical Finishing,Modern Chandelier,Modern Chandelier,Osram,Electrical,,High,3219,Piece,Per_Reception,1.0,Reception,True
P003271,Electrical Finishing,Modern Chandelier,Modern Chandelier,Opple,Electrical,,High,2440,Piece,Per_Reception,1.0,Reception,True
P003272,Electrical Finishing,Modern Chandelier,Modern Chandelier,Osram,Electrical,,High,2918,Piece,Per_Reception,1.0,Reception,True
P003273,Electrical Finishing,Modern Chandelier,Modern Chandelier,Osram,Electrical,,Medium,1343,Piece,Per_Reception,1.0,Reception,True
P003274,Electrical Finishing,Modern Chandelier,Modern Chandelier,Venus Electric,Electrical,,High,3208,Piece,Per_Reception,1.0,Reception,True
P003275,Electrical Finishing,LED Downlight,LED Downlight,Philips,Electrical,,Low,162,Piece,Per_Reception,8.0,Reception,False
P003276,Electrical Finishing,LED Spotlight,LED Spotlight,Osram,Electrical,,Low,86,Piece,Per_Room,4.0,Bedroom,False
P003277,Electrical Finishing,LED Downlight,LED Downlight,Venus Electric,Electrical,,Low,101,Piece,Per_Reception,8.0,Reception,False
P003278,Electrical Finishing,Modern Chandelier,Modern Chandelier,Opple,Electrical,,High,3312,Piece,Per_Reception,1.0,Reception,True
P003279,Electrical Finishing,LED Spotlight,LED Spotlight,El Sewedy Electric,Electrical,,Low,113,Piece,Per_Room,4.0,Bedroom,False
P003280,Electrical Finishing,Modern Chandelier,Modern Chandelier,Venus Electric,Electrical,,High,2648,Piece,Per_Reception,1.0,Reception,True
P003281,Electrical Finishing,Modern Chandelier,Modern Chandelier,Osram,Electrical,,High,3344,Piece,Per_Reception,1.0,Reception,True
P003282,Electrical Finishing,Modern Chandelier,Modern Chandelier,Osram,Electrical,,High,3470,Piece,Per_Reception,1.0,Reception,True
P003283,Electrical Finishing,Modern Chandelier,Modern Chandelier,Opple,Electrical,,High,2946,Piece,Per_Reception,1.0,Reception,True
P003284,Electrical Finishing,Modern Chandelier,Modern Chandelier,El Sewedy Electric,Electrical,,High,2895,Piece,Per_Reception,1.0,Reception,True
P003285,Electrical Finishing,LED Downlight,LED Downlight,El Sewedy Electric,Electrical,,Low,133,Piece,Per_Reception,8.0,Reception,False
P003286,Electrical Finishing,Modern Chandelier,Modern Chandelier,Venus Electric,Electrical,,High,2618,Piece,Per_Reception,1.0,Reception,True
P003287,Electrical Finishing,Modern Chandelier,Modern Chandelier,Opple,Electrical,,High,3028,Piece,Per_Reception,1.0,Reception,True
P003288,Electrical Finishing,Modern Chandelier,Modern Chandelier,Osram,Electrical,,High,2705,Piece,Per_Reception,1.0,Reception,True
P003289,Electrical Finishing,Modern Chandelier,Modern Chandelier,Venus Electric,Electrical,,High,2895,Piece,Per_Reception,1.0,Reception,True
P003290,Electrical Finishing,LED Bulb,LED Bulb,Opple,Electrical,,Low,126,Piece,Per_Room,4.0,Bedroom,False
P003291,Electrical Finishing,Modern Chandelier,Modern Chandelier,Osram,Electrical,,High,3065,Piece,Per_Reception,1.0,Reception,True
P003292,Electrical Finishing,LED Downlight,LED Downlight,El Sewedy Electric,Electrical,,Low,110,Piece,Per_Reception,8.0,Reception,False
P003293,Electrical Finishing,Modern Chandelier,Modern Chandelier,Opple,Electrical,,Medium,1322,Piece,Per_Reception,1.0,Reception,True
P003294,Electrical Finishing,Modern Chandelier,Modern Chandelier,El Sewedy Electric,Electrical,,Medium,1749,Piece,Per_Reception,1.0,Reception,True
P003295,Electrical Finishing,Modern Chandelier,Modern Chandelier,Osram,Electrical,,High,2782,Piece,Per_Reception,1.0,Reception,True
P003296,Electrical Finishing,Modern Chandelier,Modern Chandelier,Venus Electric,Electrical,,High,2941,Piece,Per_Reception,1.0,Reception,True
P003297,Electrical Finishing,Modern Chandelier,Modern Chandelier,El Sewedy Electric,Electrical,,Medium,1430,Piece,Per_Reception,1.0,Reception,True
P003298,Electrical Finishing,Modern Chandelier,Modern Chandelier,Philips,Electrical,,Medium,1695,Piece,Per_Reception,1.0,Reception,True
P003299,Electrical Finishing,Modern Chandelier,Modern Chandelier,Venus Electric,Electrical,,Medium,1470,Piece,Per_Reception,1.0,Reception,True
P003300,Electrical Finishing,LED Downlight,LED Downlight,Osram,Electrical,,Low,119,Piece,Per_Reception,8.0,Reception,False
P003301,Electrical Finishing,Modern Chandelier,Modern Chandelier,El Sewedy Electric,Electrical,,High,3300,Piece,Per_Reception,1.0,Reception,True
P003302,Electrical Finishing,Modern Chandelier,Modern Chandelier,Osram,Electrical,,Medium,1894,Piece,Per_Reception,1.0,Reception,True
P003303,Electrical Finishing,Modern Chandelier,Modern Chandelier,Venus Electric,Electrical,,Medium,1799,Piece,Per_Reception,1.0,Reception,True
P003304,Electrical Finishing,LED Spotlight,LED Spotlight,Venus Electric,Electrical,,Low,151,Piece,Per_Room,4.0,Bedroom,False
P003305,Electrical Finishing,Modern Chandelier,Modern Chandelier,Venus Electric,Electrical,,High,3414,Piece,Per_Reception,1.0,Reception,True
P003306,Electrical Finishing,Modern Chandelier,Modern Chandelier,El Sewedy Electric,Electrical,,Medium,2132,Piece,Per_Reception,1.0,Reception,True
P003307,Electrical Finishing,Modern Chandelier,Modern Chandelier,Venus Electric,Electrical,,Medium,1295,Piece,Per_Reception,1.0,Reception,True
P003308,Electrical Finishing,LED Downlight,LED Downlight,El Sewedy Electric,Electrical,,Low,82,Piece,Per_Reception,8.0,Reception,False
P003309,Electrical Finishing,LED Spotlight,LED Spotlight,Venus Electric,Electrical,,Low,159,Piece,Per_Room,4.0,Bedroom,False
P003310,Electrical Finishing,LED Downlight,LED Downlight,Venus Electric,Electrical,,Low,88,Piece,Per_Reception,8.0,Reception,False
P003311,Electrical Finishing,Modern Chandelier,Modern Chandelier,Philips,Electrical,,Medium,1512,Piece,Per_Reception,1.0,Reception,True
P003312,Electrical Finishing,LED Bulb,LED Bulb,El Sewedy Electric,Electrical,,Low,67,Piece,Per_Room,4.0,Bedroom,False
P003313,Electrical Finishing,Modern Chandelier,Modern Chandelier,Opple,Electrical,,High,2519,Piece,Per_Reception,1.0,Reception,True
P003314,Electrical Finishing,LED Spotlight,LED Spotlight,El Sewedy Electric,Electrical,,Low,173,Piece,Per_Room,4.0,Bedroom,False
P003315,Electrical Finishing,Modern Chandelier,Modern Chandelier,Venus Electric,Electrical,,High,2956,Piece,Per_Reception,1.0,Reception,True
P003316,Electrical Finishing,Modern Chandelier,Modern Chandelier,Osram,Electrical,,High,3448,Piece,Per_Reception,1.0,Reception,True
P003317,Electrical Finishing,Modern Chandelier,Modern Chandelier,Philips,Electrical,,Medium,2059,Piece,Per_Reception,1.0,Reception,True
P003318,Electrical Finishing,Modern Chandelier,Modern Chandelier,Osram,Electrical,,Medium,1762,Piece,Per_Reception,1.0,Reception,True
P003319,Electrical Finishing,LED Downlight,LED Downlight,El Sewedy Electric,Electrical,,Low,120,Piece,Per_Reception,8.0,Reception,False
P003320,Electrical Finishing,Modern Chandelier,Modern Chandelier,Osram,Electrical,,High,2624,Piece,Per_Reception,1.0,Reception,True
P003321,Electrical Finishing,Modern Chandelier,Modern Chandelier,Venus Electric,Electrical,,Medium,1719,Piece,Per_Reception,1.0,Reception,True
P003322,Electrical Finishing,Modern Chandelier,Modern Chandelier,Philips,Electrical,,High,2984,Piece,Per_Reception,1.0,Reception,True
P003323,Electrical Finishing,LED Downlight,LED Downlight,Philips,Electrical,,Low,133,Piece,Per_Reception,8.0,Reception,False
P003324,Electrical Finishing,Modern Chandelier,Modern Chandelier,Philips,Electrical,,Medium,1453,Piece,Per_Reception,1.0,Reception,True
P003325,Electrical Finishing,Modern Chandelier,Modern Chandelier,Osram,Electrical,,Medium,1293,Piece,Per_Reception,1.0,Reception,True
P003326,Electrical Finishing,Modern Chandelier,Modern Chandelier,El Sewedy Electric,Electrical,,Medium,1535,Piece,Per_Reception,1.0,Reception,True
P003327,Electrical Finishing,Modern Chandelier,Modern Chandelier,El Sewedy Electric,Electrical,,High,2698,Piece,Per_Reception,1.0,Reception,True
P003328,Electrical Finishing,Modern Chandelier,Modern Chandelier,Philips,Electrical,,Medium,1565,Piece,Per_Reception,1.0,Reception,True
P003329,Electrical Finishing,Modern Chandelier,Modern Chandelier,Opple,Electrical,,High,3077,Piece,Per_Reception,1.0,Reception,True
P003330,Electrical Finishing,LED Downlight,LED Downlight,Osram,Electrical,,Low,111,Piece,Per_Reception,8.0,Reception,False
P003331,Electrical Finishing,LED Downlight,LED Downlight,Osram,Electrical,,Medium,177,Piece,Per_Reception,8.0,Reception,False
P003332,Electrical Finishing,LED Downlight,LED Downlight,Osram,Electrical,,Low,78,Piece,Per_Reception,8.0,Reception,False
P003333,Electrical Finishing,Modern Chandelier,Modern Chandelier,Philips,Electrical,,Medium,1722,Piece,Per_Reception,1.0,Reception,True
P003334,Electrical Finishing,Modern Chandelier,Modern Chandelier,Philips,Electrical,,Medium,1356,Piece,Per_Reception,1.0,Reception,True
P003335,Electrical Finishing,LED Bulb,LED Bulb,Venus Electric,Electrical,,Low,146,Piece,Per_Room,4.0,Bedroom,False
P003336,Electrical Finishing,Modern Chandelier,Modern Chandelier,El Sewedy Electric,Electrical,,High,3313,Piece,Per_Reception,1.0,Reception,True
P003337,Electrical Finishing,Modern Chandelier,Modern Chandelier,El Sewedy Electric,Electrical,,High,2706,Piece,Per_Reception,1.0,Reception,True
P003338,Electrical Finishing,LED Downlight,LED Downlight,Venus Electric,Electrical,,Low,122,Piece,Per_Reception,8.0,Reception,False
P003339,Electrical Finishing,LED Downlight,LED Downlight,Venus Electric,Electrical,,Low,81,Piece,Per_Reception,8.0,Reception,False
P003340,Electrical Finishing,Modern Chandelier,Modern Chandelier,Osram,Electrical,,High,2266,Piece,Per_Reception,1.0,Reception,True
P003341,Electrical Finishing,LED Bulb,LED Bulb,Osram,Electrical,,Low,147,Piece,Per_Room,4.0,Bedroom,False
P003342,Electrical Finishing,Modern Chandelier,Modern Chandelier,Philips,Electrical,,High,2413,Piece,Per_Reception,1.0,Reception,True
P003343,Electrical Finishing,Modern Chandelier,Modern Chandelier,Venus Electric,Electrical,,High,2346,Piece,Per_Reception,1.0,Reception,True
P003344,Electrical Finishing,Modern Chandelier,Modern Chandelier,Philips,Electrical,,Medium,1504,Piece,Per_Reception,1.0,Reception,True
P003345,Electrical Finishing,LED Bulb,LED Bulb,Philips,Electrical,,Low,81,Piece,Per_Room,4.0,Bedroom,False
P003346,Electrical Finishing,Modern Chandelier,Modern Chandelier,Venus Electric,Electrical,,Medium,1457,Piece,Per_Reception,1.0,Reception,True
P003347,Electrical Finishing,Modern Chandelier,Modern Chandelier,Opple,Electrical,,Medium,1447,Piece,Per_Reception,1.0,Reception,True
P003348,Electrical Finishing,LED Downlight,LED Downlight,Philips,Electrical,,Low,55,Piece,Per_Reception,8.0,Reception,False
P003349,Electrical Finishing,LED Downlight,LED Downlight,Philips,Electrical,,Low,76,Piece,Per_Reception,8.0,Reception,False
P003350,Electrical Finishing,Modern Chandelier,Modern Chandelier,El Sewedy Electric,Electrical,,High,3461,Piece,Per_Reception,1.0,Reception,True
P003351,Electrical Finishing,Modern Chandelier,Modern Chandelier,Opple,Electrical,,High,3435,Piece,Per_Reception,1.0,Reception,True
P003352,Electrical Finishing,LED Downlight,LED Downlight,El Sewedy Electric,Electrical,,Low,165,Piece,Per_Reception,8.0,Reception,False
P003353,Electrical Finishing,LED Spotlight,LED Spotlight,Philips,Electrical,,Low,65,Piece,Per_Room,4.0,Bedroom,False
P003354,Electrical Finishing,LED Downlight,LED Downlight,Opple,Electrical,,Low,113,Piece,Per_Reception,8.0,Reception,False
P003355,Electrical Finishing,Modern Chandelier,Modern Chandelier,El Sewedy Electric,Electrical,,High,3032,Piece,Per_Reception,1.0,Reception,True
P003356,Electrical Finishing,LED Downlight,LED Downlight,Osram,Electrical,,Low,134,Piece,Per_Reception,8.0,Reception,False
P003357,Electrical Finishing,Modern Chandelier,Modern Chandelier,El Sewedy Electric,Electrical,,Medium,1985,Piece,Per_Reception,1.0,Reception,True
P003358,Electrical Finishing,Modern Chandelier,Modern Chandelier,Opple,Electrical,,High,2981,Piece,Per_Reception,1.0,Reception,True
P003359,Electrical Finishing,Modern Chandelier,Modern Chandelier,Venus Electric,Electrical,,Medium,1221,Piece,Per_Reception,1.0,Reception,True
P003360,Electrical Finishing,Modern Chandelier,Modern Chandelier,Venus Electric,Electrical,,Medium,1294,Piece,Per_Reception,1.0,Reception,True
P003361,Electrical Finishing,Modern Chandelier,Modern Chandelier,Osram,Electrical,,High,2998,Piece,Per_Reception,1.0,Reception,True
P003362,Electrical Finishing,Modern Chandelier,Modern Chandelier,Osram,Electrical,,High,2886,Piece,Per_Reception,1.0,Reception,True
P003363,Electrical Finishing,Modern Chandelier,Modern Chandelier,El Sewedy Electric,Electrical,,High,2782,Piece,Per_Reception,1.0,Reception,True
P003364,Electrical Finishing,Modern Chandelier,Modern Chandelier,El Sewedy Electric,Electrical,,High,3237,Piece,Per_Reception,1.0,Reception,True
P003365,Electrical Finishing,Modern Chandelier,Modern Chandelier,Opple,Electrical,,Medium,1245,Piece,Per_Reception,1.0,Reception,True
P003366,Electrical Finishing,Modern Chandelier,Modern Chandelier,Osram,Electrical,,Medium,2066,Piece,Per_Reception,1.0,Reception,True
P003367,Electrical Finishing,LED Downlight,LED Downlight,El Sewedy Electric,Electrical,,Low,114,Piece,Per_Reception,8.0,Reception,False
P003368,Electrical Finishing,Modern Chandelier,Modern Chandelier,Opple,Electrical,,Medium,1802,Piece,Per_Reception,1.0,Reception,True
P003369,Electrical Finishing,Modern Chandelier,Modern Chandelier,Venus Electric,Electrical,,High,3285,Piece,Per_Reception,1.0,Reception,True
P003370,Electrical Finishing,Modern Chandelier,Modern Chandelier,Venus Electric,Electrical,,High,2279,Piece,Per_Reception,1.0,Reception,True
P003371,Electrical Finishing,Modern Chandelier,Modern Chandelier,El Sewedy Electric,Electrical,,High,2742,Piece,Per_Reception,1.0,Reception,True
P003372,Electrical Finishing,Modern Chandelier,Modern Chandelier,Philips,Electrical,,Medium,1511,Piece,Per_Reception,1.0,Reception,True
P003373,Electrical Finishing,Modern Chandelier,Modern Chandelier,El Sewedy Electric,Electrical,,High,3401,Piece,Per_Reception,1.0,Reception,True
P003374,Electrical Finishing,Modern Chandelier,Modern Chandelier,El Sewedy Electric,Electrical,,High,2979,Piece,Per_Reception,1.0,Reception,True
P003375,Electrical Finishing,LED Bulb,LED Bulb,Osram,Electrical,,Low,154,Piece,Per_Room,4.0,Bedroom,False
P003376,Electrical Finishing,LED Downlight,LED Downlight,Venus Electric,Electrical,,Low,67,Piece,Per_Reception,8.0,Reception,False
P003377,Electrical Finishing,Modern Chandelier,Modern Chandelier,Opple,Electrical,,Medium,2088,Piece,Per_Reception,1.0,Reception,True
P003378,Electrical Finishing,Modern Chandelier,Modern Chandelier,Opple,Electrical,,High,3448,Piece,Per_Reception,1.0,Reception,True
P003379,Electrical Finishing,Modern Chandelier,Modern Chandelier,Philips,Electrical,,Medium,2075,Piece,Per_Reception,1.0,Reception,True
P003380,Electrical Finishing,Modern Chandelier,Modern Chandelier,Philips,Electrical,,High,3429,Piece,Per_Reception,1.0,Reception,True
P003381,Electrical Finishing,Modern Chandelier,Modern Chandelier,El Sewedy Electric,Electrical,,Medium,2142,Piece,Per_Reception,1.0,Reception,True
P003382,Electrical Finishing,Modern Chandelier,Modern Chandelier,Osram,Electrical,,High,2482,Piece,Per_Reception,1.0,Reception,True
P003383,Electrical Finishing,LED Downlight,LED Downlight,Opple,Electrical,,Low,73,Piece,Per_Reception,8.0,Reception,False
P003384,Electrical Finishing,LED Downlight,LED Downlight,El Sewedy Electric,Electrical,,Low,145,Piece,Per_Reception,8.0,Reception,False
P003385,Electrical Finishing,Modern Chandelier,Modern Chandelier,Osram,Electrical,,Medium,2157,Piece,Per_Reception,1.0,Reception,True
P003386,Electrical Finishing,Modern Chandelier,Modern Chandelier,Osram,Electrical,,Medium,1877,Piece,Per_Reception,1.0,Reception,True
P003387,Electrical Finishing,Modern Chandelier,Modern Chandelier,Osram,Electrical,,Medium,1357,Piece,Per_Reception,1.0,Reception,True
P003388,Electrical Finishing,LED Bulb,LED Bulb,Opple,Electrical,,Low,88,Piece,Per_Room,4.0,Bedroom,False
P003389,Electrical Finishing,Modern Chandelier,Modern Chandelier,Opple,Electrical,,High,3473,Piece,Per_Reception,1.0,Reception,True
P003390,Electrical Finishing,Modern Chandelier,Modern Chandelier,Philips,Electrical,,High,3020,Piece,Per_Reception,1.0,Reception,True
P003391,Electrical Finishing,LED Downlight,LED Downlight,Venus Electric,Electrical,,Medium,176,Piece,Per_Reception,8.0,Reception,False
P003392,Electrical Finishing,Modern Chandelier,Modern Chandelier,Opple,Electrical,,Medium,1890,Piece,Per_Reception,1.0,Reception,True
P003393,Electrical Finishing,Modern Chandelier,Modern Chandelier,Osram,Electrical,,Medium,1284,Piece,Per_Reception,1.0,Reception,True
P003394,Electrical Finishing,LED Spotlight,LED Spotlight,Osram,Electrical,,Low,166,Piece,Per_Room,4.0,Bedroom,False
P003395,Electrical Finishing,Modern Chandelier,Modern Chandelier,Venus Electric,Electrical,,Medium,1372,Piece,Per_Reception,1.0,Reception,True
P003396,Electrical Finishing,Modern Chandelier,Modern Chandelier,Opple,Electrical,,Medium,1839,Piece,Per_Reception,1.0,Reception,True
P003397,Electrical Finishing,Modern Chandelier,Modern Chandelier,Venus Electric,Electrical,,High,2435,Piece,Per_Reception,1.0,Reception,True
P003398,Electrical Finishing,Modern Chandelier,Modern Chandelier,Venus Electric,Electrical,,Medium,1251,Piece,Per_Reception,1.0,Reception,True
P003399,Electrical Finishing,Modern Chandelier,Modern Chandelier,El Sewedy Electric,Electrical,,Medium,2162,Piece,Per_Reception,1.0,Reception,True
P003400,Electrical Finishing,Modern Chandelier,Modern Chandelier,Venus Electric,Electrical,,High,2868,Piece,Per_Reception,1.0,Reception,True
P003401,Electrical Finishing,Modern Chandelier,Modern Chandelier,Venus Electric,Electrical,,High,2471,Piece,Per_Reception,1.0,Reception,True
P003402,Electrical Finishing,Modern Chandelier,Modern Chandelier,El Sewedy Electric,Electrical,,High,3143,Piece,Per_Reception,1.0,Reception,True
P003403,Electrical Finishing,LED Downlight,LED Downlight,Venus Electric,Electrical,,Low,144,Piece,Per_Reception,8.0,Reception,False
P003404,Electrical Finishing,Modern Chandelier,Modern Chandelier,Venus Electric,Electrical,,Medium,1856,Piece,Per_Reception,1.0,Reception,True
P003405,Electrical Finishing,Modern Chandelier,Modern Chandelier,Osram,Electrical,,Medium,1296,Piece,Per_Reception,1.0,Reception,True
P003406,Electrical Finishing,Modern Chandelier,Modern Chandelier,Venus Electric,Electrical,,High,3348,Piece,Per_Reception,1.0,Reception,True
P003407,Electrical Finishing,LED Downlight,LED Downlight,Opple,Electrical,,Low,169,Piece,Per_Reception,8.0,Reception,False
P003408,Electrical Finishing,Modern Chandelier,Modern Chandelier,El Sewedy Electric,Electrical,,Medium,1328,Piece,Per_Reception,1.0,Reception,True
P003409,Electrical Finishing,Modern Chandelier,Modern Chandelier,Venus Electric,Electrical,,Medium,1581,Piece,Per_Reception,1.0,Reception,True
P003410,Electrical Finishing,Modern Chandelier,Modern Chandelier,Opple,Electrical,,Medium,1232,Piece,Per_Reception,1.0,Reception,True
P003411,Electrical Finishing,Modern Chandelier,Modern Chandelier,El Sewedy Electric,Electrical,,Medium,1705,Piece,Per_Reception,1.0,Reception,True
P003412,Electrical Finishing,Modern Chandelier,Modern Chandelier,El Sewedy Electric,Electrical,,Medium,2084,Piece,Per_Reception,1.0,Reception,True
P003413,Electrical Finishing,Modern Chandelier,Modern Chandelier,Osram,Electrical,,High,2413,Piece,Per_Reception,1.0,Reception,True
P003414,Electrical Finishing,LED Spotlight,LED Spotlight,Opple,Electrical,,Low,130,Piece,Per_Room,4.0,Bedroom,False
P003415,Electrical Finishing,LED Spotlight,LED Spotlight,Osram,Electrical,,Low,141,Piece,Per_Room,4.0,Bedroom,False
P003416,Electrical Finishing,Modern Chandelier,Modern Chandelier,Philips,Electrical,,Medium,1712,Piece,Per_Reception,1.0,Reception,True
P003417,Electrical Finishing,Modern Chandelier,Modern Chandelier,Osram,Electrical,,High,2589,Piece,Per_Reception,1.0,Reception,True
P003418,Electrical Finishing,Modern Chandelier,Modern Chandelier,Opple,Electrical,,High,2311,Piece,Per_Reception,1.0,Reception,True
P003419,Electrical Finishing,Modern Chandelier,Modern Chandelier,Osram,Electrical,,High,2639,Piece,Per_Reception,1.0,Reception,True
P003420,Electrical Finishing,Modern Chandelier,Modern Chandelier,El Sewedy Electric,Electrical,,Medium,1781,Piece,Per_Reception,1.0,Reception,True
P003421,Electrical Finishing,LED Downlight,LED Downlight,Venus Electric,Electrical,,Medium,178,Piece,Per_Reception,8.0,Reception,False
P003422,Electrical Finishing,Modern Chandelier,Modern Chandelier,Philips,Electrical,,High,3237,Piece,Per_Reception,1.0,Reception,True
P003423,Electrical Finishing,LED Bulb,LED Bulb,Opple,Electrical,,Low,166,Piece,Per_Room,4.0,Bedroom,False
P003424,Electrical Finishing,Modern Chandelier,Modern Chandelier,Osram,Electrical,,High,2787,Piece,Per_Reception,1.0,Reception,True
P003425,Electrical Finishing,LED Downlight,LED Downlight,Philips,Electrical,,Low,116,Piece,Per_Reception,8.0,Reception,False
P003426,Electrical Finishing,LED Downlight,LED Downlight,Osram,Electrical,,Low,136,Piece,Per_Reception,8.0,Reception,False
P003427,Electrical Finishing,Modern Chandelier,Modern Chandelier,Philips,Electrical,,Medium,1618,Piece,Per_Reception,1.0,Reception,True
P003428,Electrical Finishing,Modern Chandelier,Modern Chandelier,Osram,Electrical,,High,3424,Piece,Per_Reception,1.0,Reception,True
P003429,Electrical Finishing,LED Bulb,LED Bulb,El Sewedy Electric,Electrical,,Low,66,Piece,Per_Room,4.0,Bedroom,False
P003430,Electrical Finishing,LED Bulb,LED Bulb,El Sewedy Electric,Electrical,,Low,159,Piece,Per_Room,4.0,Bedroom,False
P003431,Electrical Finishing,Modern Chandelier,Modern Chandelier,Opple,Electrical,,High,2850,Piece,Per_Reception,1.0,Reception,True
P003432,Electrical Finishing,Modern Chandelier,Modern Chandelier,Venus Electric,Electrical,,High,2649,Piece,Per_Reception,1.0,Reception,True
P003433,Electrical Finishing,Modern Chandelier,Modern Chandelier,Philips,Electrical,,Medium,1237,Piece,Per_Reception,1.0,Reception,True
P003434,Electrical Finishing,LED Spotlight,LED Spotlight,Philips,Electrical,,Low,112,Piece,Per_Room,4.0,Bedroom,False
P003435,Flooring,Floor Tile,Porcelain 60x120,Lecico,Porcelain,,Medium,701,m2,Area_m2,1.0,Reception,False
P003436,Flooring,Floor Tile,Porcelain 60x120,Royal Ceramica,Porcelain,,High,747,m2,Area_m2,1.0,Reception,False
P003437,Flooring,Floor Tile,Ceramic 60x60,Alfa Ceramic,Ceramic,,Low,247,m2,Area_m2,1.0,Bedrooms,False
P003438,Flooring,Floor Tile,Ceramic 60x60,Ceramica Cleopatra,Ceramic,,High,238,m2,Area_m2,1.0,Bedrooms,False
P003439,Flooring,Floor Tile,Ceramic 60x60,Alfa Ceramic,Ceramic,,Medium,354,m2,Area_m2,1.0,Bedrooms,False
P003440,Flooring,Floor Tile,Ceramic 60x60,Gemma,Ceramic,,Medium,284,m2,Area_m2,1.0,Bedrooms,False
P003441,Flooring,Floor Tile,Ceramic 60x60,Gemma,Ceramic,,Low,260,m2,Area_m2,1.0,Bedrooms,False
P003442,Flooring,Floor Tile,Ceramic 60x60,Lecico,Ceramic,,Medium,324,m2,Area_m2,1.0,Bedrooms,False
P003443,Flooring,Floor Tile,Ceramic 60x60,Ceramica Cleopatra,Ceramic,,High,265,m2,Area_m2,1.0,Bedrooms,False
P003444,Flooring,Floor Tile,Porcelain 60x120,Royal Ceramica,Porcelain,,Low,751,m2,Area_m2,1.0,Reception,False
P003445,Flooring,Floor Tile,Porcelain 60x120,Ceramica Cleopatra,Porcelain,,Low,679,m2,Area_m2,1.0,Reception,False
P003446,Flooring,Floor Tile,Ceramic 60x60,Lecico,Ceramic,,Medium,372,m2,Area_m2,1.0,Bedrooms,False
P003447,Flooring,Floor Tile,Porcelain 60x120,Alfa Ceramic,Porcelain,,Low,884,m2,Area_m2,1.0,Reception,False
P003448,Flooring,Floor Tile,Porcelain 60x120,Gemma,Porcelain,,Low,731,m2,Area_m2,1.0,Reception,False
P003449,Flooring,Floor Tile,Porcelain 60x120,Alfa Ceramic,Porcelain,,Medium,778,m2,Area_m2,1.0,Reception,False
P003450,Flooring,Floor Tile,Ceramic 60x60,Gemma,Ceramic,,High,173,m2,Area_m2,1.0,Bedrooms,False
P003451,Flooring,Floor Tile,Porcelain 60x120,Lecico,Porcelain,,Medium,917,m2,Area_m2,1.0,Reception,False
P003452,Flooring,Floor Tile,Porcelain 60x120,Ceramica Cleopatra,Porcelain,,Low,657,m2,Area_m2,1.0,Reception,False
P003453,Flooring,Floor Tile,Ceramic 60x60,Lecico,Ceramic,,Low,244,m2,Area_m2,1.0,Bedrooms,False
P003454,Flooring,Floor Tile,Ceramic 60x60,Alfa Ceramic,Ceramic,,Medium,287,m2,Area_m2,1.0,Bedrooms,False
P003455,Flooring,Floor Tile,Porcelain 60x120,Ceramica Cleopatra,Porcelain,,High,746,m2,Area_m2,1.0,Reception,False
P003456,Flooring,Floor Tile,Porcelain 60x120,Ceramica Cleopatra,Porcelain,,High,452,m2,Area_m2,1.0,Reception,False
P003457,Flooring,Floor Tile,Porcelain 60x120,Royal Ceramica,Porcelain,,Medium,531,m2,Area_m2,1.0,Reception,False
P003458,Flooring,Floor Tile,Porcelain 60x120,Alfa Ceramic,Porcelain,,Medium,654,m2,Area_m2,1.0,Reception,False
P003459,Flooring,Floor Tile,Ceramic 60x60,Ceramica Cleopatra,Ceramic,,Low,322,m2,Area_m2,1.0,Bedrooms,False
P003460,Flooring,Floor Tile,Porcelain 60x120,Gemma,Porcelain,,High,920,m2,Area_m2,1.0,Reception,False
P003461,Flooring,Floor Tile,Porcelain 60x120,Gemma,Porcelain,,Low,460,m2,Area_m2,1.0,Reception,False
P003462,Flooring,Floor Tile,Porcelain 60x120,Ceramica Cleopatra,Porcelain,,Medium,623,m2,Area_m2,1.0,Reception,False
P003463,Flooring,Floor Tile,Porcelain 60x120,Gemma,Porcelain,,Low,681,m2,Area_m2,1.0,Reception,False
P003464,Flooring,Floor Tile,Porcelain 60x120,Ceramica Cleopatra,Porcelain,,High,744,m2,Area_m2,1.0,Reception,False
P003465,Flooring,Floor Tile,Porcelain 60x120,Alfa Ceramic,Porcelain,,High,683,m2,Area_m2,1.0,Reception,False
P003466,Flooring,Floor Tile,Ceramic 60x60,Lecico,Ceramic,,High,329,m2,Area_m2,1.0,Bedrooms,False
P003467,Flooring,Floor Tile,Porcelain 60x120,Gemma,Porcelain,,Low,821,m2,Area_m2,1.0,Reception,False
P003468,Flooring,Floor Tile,Porcelain 60x120,Lecico,Porcelain,,Medium,822,m2,Area_m2,1.0,Reception,False
P003469,Flooring,Floor Tile,Ceramic 60x60,Gemma,Ceramic,,Medium,371,m2,Area_m2,1.0,Bedrooms,False
P003470,Flooring,Floor Tile,Porcelain 60x120,Lecico,Porcelain,,Low,794,m2,Area_m2,1.0,Reception,False
P003471,Flooring,Floor Tile,Ceramic 60x60,Ceramica Cleopatra,Ceramic,,High,332,m2,Area_m2,1.0,Bedrooms,False
P003472,Flooring,Floor Tile,Ceramic 60x60,Alfa Ceramic,Ceramic,,Low,205,m2,Area_m2,1.0,Bedrooms,False
P003473,Flooring,Floor Tile,Ceramic 60x60,Gemma,Ceramic,,Medium,296,m2,Area_m2,1.0,Bedrooms,False
P003474,Flooring,Floor Tile,Porcelain 60x120,Ceramica Cleopatra,Porcelain,,High,657,m2,Area_m2,1.0,Reception,False
P003475,Flooring,Floor Tile,Porcelain 60x120,Royal Ceramica,Porcelain,,Low,607,m2,Area_m2,1.0,Reception,False
P003476,Flooring,Floor Tile,Porcelain 60x120,Gemma,Porcelain,,Medium,687,m2,Area_m2,1.0,Reception,False
P003477,Flooring,Floor Tile,Ceramic 60x60,Alfa Ceramic,Ceramic,,High,317,m2,Area_m2,1.0,Bedrooms,False
P003478,Flooring,Floor Tile,Porcelain 60x120,Royal Ceramica,Porcelain,,High,539,m2,Area_m2,1.0,Reception,False
P003479,Flooring,Floor Tile,Ceramic 60x60,Gemma,Ceramic,,Low,236,m2,Area_m2,1.0,Bedrooms,False
P003480,Flooring,Floor Tile,Porcelain 60x120,Royal Ceramica,Porcelain,,High,747,m2,Area_m2,1.0,Reception,False
P003481,Flooring,Floor Tile,Porcelain 60x120,Ceramica Cleopatra,Porcelain,,Low,525,m2,Area_m2,1.0,Reception,False
P003482,Flooring,Floor Tile,Porcelain 60x120,Lecico,Porcelain,,Low,586,m2,Area_m2,1.0,Reception,False
P003483,Flooring,Floor Tile,Ceramic 60x60,Alfa Ceramic,Ceramic,,Low,213,m2,Area_m2,1.0,Bedrooms,False
P003484,Flooring,Floor Tile,Ceramic 60x60,Ceramica Cleopatra,Ceramic,,Medium,334,m2,Area_m2,1.0,Bedrooms,False
P003485,Flooring,Floor Tile,Porcelain 60x120,Lecico,Porcelain,,High,522,m2,Area_m2,1.0,Reception,False
P003486,Flooring,Floor Tile,Ceramic 60x60,Ceramica Cleopatra,Ceramic,,High,265,m2,Area_m2,1.0,Bedrooms,False
P003487,Flooring,Floor Tile,Porcelain 60x120,Ceramica Cleopatra,Porcelain,,High,727,m2,Area_m2,1.0,Reception,False
P003488,Flooring,Floor Tile,Porcelain 60x120,Ceramica Cleopatra,Porcelain,,Medium,502,m2,Area_m2,1.0,Reception,False
P003489,Flooring,Floor Tile,Ceramic 60x60,Royal Ceramica,Ceramic,,High,371,m2,Area_m2,1.0,Bedrooms,False
P003490,Flooring,Floor Tile,Porcelain 60x120,Alfa Ceramic,Porcelain,,Medium,839,m2,Area_m2,1.0,Reception,False
P003491,Flooring,Floor Tile,Porcelain 60x120,Gemma,Porcelain,,High,840,m2,Area_m2,1.0,Reception,False
P003492,Flooring,Floor Tile,Porcelain 60x120,Ceramica Cleopatra,Porcelain,,Low,698,m2,Area_m2,1.0,Reception,False
P003493,Flooring,Floor Tile,Porcelain 60x120,Gemma,Porcelain,,High,913,m2,Area_m2,1.0,Reception,False
P003494,Flooring,Floor Tile,Ceramic 60x60,Ceramica Cleopatra,Ceramic,,Low,332,m2,Area_m2,1.0,Bedrooms,False
P003495,Flooring,Floor Tile,Ceramic 60x60,Gemma,Ceramic,,High,284,m2,Area_m2,1.0,Bedrooms,False
P003496,Flooring,Floor Tile,Porcelain 60x120,Royal Ceramica,Porcelain,,Low,934,m2,Area_m2,1.0,Reception,False
P003497,Flooring,Floor Tile,Ceramic 60x60,Lecico,Ceramic,,Medium,239,m2,Area_m2,1.0,Bedrooms,False
P003498,Flooring,Floor Tile,Porcelain 60x120,Lecico,Porcelain,,Low,855,m2,Area_m2,1.0,Reception,False
P003499,Flooring,Floor Tile,Ceramic 60x60,Royal Ceramica,Ceramic,,Medium,359,m2,Area_m2,1.0,Bedrooms,False
P003500,Flooring,Floor Tile,Porcelain 60x120,Ceramica Cleopatra,Porcelain,,Low,800,m2,Area_m2,1.0,Reception,False
P003501,Flooring,Floor Tile,Ceramic 60x60,Gemma,Ceramic,,Low,286,m2,Area_m2,1.0,Bedrooms,False
P003502,Flooring,Floor Tile,Ceramic 60x60,Alfa Ceramic,Ceramic,,High,378,m2,Area_m2,1.0,Bedrooms,False
P003503,Flooring,Floor Tile,Porcelain 60x120,Gemma,Porcelain,,High,869,m2,Area_m2,1.0,Reception,False
P003504,Flooring,Floor Tile,Ceramic 60x60,Gemma,Ceramic,,High,346,m2,Area_m2,1.0,Bedrooms,False
P003505,Flooring,Floor Tile,Porcelain 60x120,Royal Ceramica,Porcelain,,Medium,534,m2,Area_m2,1.0,Reception,False
P003506,Flooring,Floor Tile,Porcelain 60x120,Gemma,Porcelain,,Medium,534,m2,Area_m2,1.0,Reception,False
P003507,Flooring,Floor Tile,Porcelain 60x120,Royal Ceramica,Porcelain,,Low,704,m2,Area_m2,1.0,Reception,False
P003508,Flooring,Floor Tile,Porcelain 60x120,Ceramica Cleopatra,Porcelain,,Medium,549,m2,Area_m2,1.0,Reception,False
P003509,Flooring,Floor Tile,Porcelain 60x120,Royal Ceramica,Porcelain,,Low,768,m2,Area_m2,1.0,Reception,False
P003510,Flooring,Floor Tile,Ceramic 60x60,Gemma,Ceramic,,Low,201,m2,Area_m2,1.0,Bedrooms,False
P003511,Flooring,Floor Tile,Porcelain 60x120,Alfa Ceramic,Porcelain,,Medium,676,m2,Area_m2,1.0,Reception,False
P003512,Flooring,Floor Tile,Ceramic 60x60,Ceramica Cleopatra,Ceramic,,Medium,322,m2,Area_m2,1.0,Bedrooms,False
P003513,Flooring,Floor Tile,Ceramic 60x60,Alfa Ceramic,Ceramic,,Low,204,m2,Area_m2,1.0,Bedrooms,False
P003514,Flooring,Floor Tile,Ceramic 60x60,Alfa Ceramic,Ceramic,,Low,240,m2,Area_m2,1.0,Bedrooms,False
P003515,Flooring,Floor Tile,Ceramic 60x60,Royal Ceramica,Ceramic,,High,199,m2,Area_m2,1.0,Bedrooms,False
P003516,Flooring,Floor Tile,Porcelain 60x120,Royal Ceramica,Porcelain,,Medium,539,m2,Area_m2,1.0,Reception,False
P003517,Flooring,Floor Tile,Porcelain 60x120,Ceramica Cleopatra,Porcelain,,Low,826,m2,Area_m2,1.0,Reception,False
P003518,Flooring,Floor Tile,Porcelain 60x120,Royal Ceramica,Porcelain,,High,520,m2,Area_m2,1.0,Reception,False
P003519,Flooring,Floor Tile,Porcelain 60x120,Ceramica Cleopatra,Porcelain,,Low,740,m2,Area_m2,1.0,Reception,False
P003520,Flooring,Floor Tile,Porcelain 60x120,Ceramica Cleopatra,Porcelain,,Medium,844,m2,Area_m2,1.0,Reception,False
P003521,Flooring,Floor Tile,Porcelain 60x120,Ceramica Cleopatra,Porcelain,,High,603,m2,Area_m2,1.0,Reception,False
P003522,Flooring,Floor Tile,Porcelain 60x120,Alfa Ceramic,Porcelain,,High,772,m2,Area_m2,1.0,Reception,False
P003523,Flooring,Floor Tile,Ceramic 60x60,Alfa Ceramic,Ceramic,,High,184,m2,Area_m2,1.0,Bedrooms,False
P003524,Flooring,Floor Tile,Ceramic 60x60,Royal Ceramica,Ceramic,,Low,182,m2,Area_m2,1.0,Bedrooms,False
P003525,Flooring,Floor Tile,Ceramic 60x60,Royal Ceramica,Ceramic,,High,236,m2,Area_m2,1.0,Bedrooms,False
P003526,Flooring,Floor Tile,Ceramic 60x60,Lecico,Ceramic,,Low,219,m2,Area_m2,1.0,Bedrooms,False
P003527,Flooring,Floor Tile,Ceramic 60x60,Lecico,Ceramic,,Medium,377,m2,Area_m2,1.0,Bedrooms,False
P003528,Flooring,Floor Tile,Ceramic 60x60,Royal Ceramica,Ceramic,,Medium,267,m2,Area_m2,1.0,Bedrooms,False
P003529,Flooring,Floor Tile,Porcelain 60x120,Gemma,Porcelain,,High,731,m2,Area_m2,1.0,Reception,False
P003530,Flooring,Floor Tile,Porcelain 60x120,Alfa Ceramic,Porcelain,,Low,772,m2,Area_m2,1.0,Reception,False
P003531,Flooring,Floor Tile,Ceramic 60x60,Alfa Ceramic,Ceramic,,Medium,256,m2,Area_m2,1.0,Bedrooms,False
P003532,Flooring,Floor Tile,Ceramic 60x60,Alfa Ceramic,Ceramic,,Low,221,m2,Area_m2,1.0,Bedrooms,False
P003533,Flooring,Floor Tile,Porcelain 60x120,Alfa Ceramic,Porcelain,,Medium,847,m2,Area_m2,1.0,Reception,False
P003534,Flooring,Floor Tile,Porcelain 60x120,Ceramica Cleopatra,Porcelain,,Low,516,m2,Area_m2,1.0,Reception,False
P003535,Flooring,Floor Tile,Ceramic 60x60,Ceramica Cleopatra,Ceramic,,Low,285,m2,Area_m2,1.0,Bedrooms,False
P003536,Flooring,Floor Tile,Ceramic 60x60,Royal Ceramica,Ceramic,,High,179,m2,Area_m2,1.0,Bedrooms,False
P003537,Flooring,Floor Tile,Porcelain 60x120,Ceramica Cleopatra,Porcelain,,Medium,904,m2,Area_m2,1.0,Reception,False
P003538,Flooring,Floor Tile,Ceramic 60x60,Ceramica Cleopatra,Ceramic,,Low,371,m2,Area_m2,1.0,Bedrooms,False
P003539,Flooring,Floor Tile,Ceramic 60x60,Ceramica Cleopatra,Ceramic,,High,322,m2,Area_m2,1.0,Bedrooms,False
P003540,Flooring,Floor Tile,Porcelain 60x120,Gemma,Porcelain,,Medium,440,m2,Area_m2,1.0,Reception,False
P003541,Flooring,Floor Tile,Ceramic 60x60,Royal Ceramica,Ceramic,,High,221,m2,Area_m2,1.0,Bedrooms,False
P003542,Flooring,Floor Tile,Porcelain 60x120,Gemma,Porcelain,,Low,534,m2,Area_m2,1.0,Reception,False
P003543,Flooring,Floor Tile,Porcelain 60x120,Royal Ceramica,Porcelain,,Medium,747,m2,Area_m2,1.0,Reception,False
P003544,Flooring,Floor Tile,Porcelain 60x120,Royal Ceramica,Porcelain,,Low,835,m2,Area_m2,1.0,Reception,False
P003545,Flooring,Floor Tile,Ceramic 60x60,Ceramica Cleopatra,Ceramic,,High,368,m2,Area_m2,1.0,Bedrooms,False
P003546,Flooring,Floor Tile,Ceramic 60x60,Royal Ceramica,Ceramic,,Low,195,m2,Area_m2,1.0,Bedrooms,False
P003547,Flooring,Floor Tile,Porcelain 60x120,Gemma,Porcelain,,Medium,913,m2,Area_m2,1.0,Reception,False
P003548,Flooring,Floor Tile,Porcelain 60x120,Royal Ceramica,Porcelain,,Medium,497,m2,Area_m2,1.0,Reception,False
P003549,Flooring,Floor Tile,Ceramic 60x60,Ceramica Cleopatra,Ceramic,,Low,264,m2,Area_m2,1.0,Bedrooms,False
P003550,Flooring,Floor Tile,Porcelain 60x120,Royal Ceramica,Porcelain,,Low,704,m2,Area_m2,1.0,Reception,False
P003551,Flooring,Floor Tile,Porcelain 60x120,Lecico,Porcelain,,High,462,m2,Area_m2,1.0,Reception,False
P003552,Flooring,Floor Tile,Ceramic 60x60,Royal Ceramica,Ceramic,,Medium,327,m2,Area_m2,1.0,Bedrooms,False
P003553,Flooring,Floor Tile,Porcelain 60x120,Gemma,Porcelain,,Low,543,m2,Area_m2,1.0,Reception,False
P003554,Flooring,Floor Tile,Porcelain 60x120,Ceramica Cleopatra,Porcelain,,Medium,612,m2,Area_m2,1.0,Reception,False
P003555,Flooring,Floor Tile,Porcelain 60x120,Ceramica Cleopatra,Porcelain,,High,802,m2,Area_m2,1.0,Reception,False
P003556,Flooring,Floor Tile,Porcelain 60x120,Ceramica Cleopatra,Porcelain,,High,612,m2,Area_m2,1.0,Reception,False
P003557,Flooring,Floor Tile,Porcelain 60x120,Gemma,Porcelain,,Medium,564,m2,Area_m2,1.0,Reception,False
P003558,Flooring,Floor Tile,Porcelain 60x120,Ceramica Cleopatra,Porcelain,,Medium,900,m2,Area_m2,1.0,Reception,False
P003559,Flooring,Floor Tile,Ceramic 60x60,Gemma,Ceramic,,Low,179,m2,Area_m2,1.0,Bedrooms,False
P003560,Flooring,Floor Tile,Porcelain 60x120,Lecico,Porcelain,,Medium,737,m2,Area_m2,1.0,Reception,False
P003561,Flooring,Floor Tile,Porcelain 60x120,Lecico,Porcelain,,Medium,705,m2,Area_m2,1.0,Reception,False
P003562,Flooring,Floor Tile,Porcelain 60x120,Ceramica Cleopatra,Porcelain,,Medium,740,m2,Area_m2,1.0,Reception,False
P003563,Flooring,Floor Tile,Ceramic 60x60,Alfa Ceramic,Ceramic,,Medium,284,m2,Area_m2,1.0,Bedrooms,False
P003564,Flooring,Floor Tile,Porcelain 60x120,Royal Ceramica,Porcelain,,Medium,762,m2,Area_m2,1.0,Reception,False
P003565,Flooring,Floor Tile,Porcelain 60x120,Alfa Ceramic,Porcelain,,High,553,m2,Area_m2,1.0,Reception,False
P003566,Flooring,Floor Tile,Porcelain 60x120,Alfa Ceramic,Porcelain,,Low,713,m2,Area_m2,1.0,Reception,False
P003567,Flooring,Floor Tile,Ceramic 60x60,Alfa Ceramic,Ceramic,,High,256,m2,Area_m2,1.0,Bedrooms,False
P003568,Flooring,Floor Tile,Porcelain 60x120,Gemma,Porcelain,,High,506,m2,Area_m2,1.0,Reception,False
P003569,Flooring,Floor Tile,Porcelain 60x120,Alfa Ceramic,Porcelain,,Medium,839,m2,Area_m2,1.0,Reception,False
P003570,Flooring,Floor Tile,Porcelain 60x120,Ceramica Cleopatra,Porcelain,,Low,764,m2,Area_m2,1.0,Reception,False
P003571,Flooring,Floor Tile,Porcelain 60x120,Gemma,Porcelain,,High,836,m2,Area_m2,1.0,Reception,False
P003572,Flooring,Floor Tile,Porcelain 60x120,Gemma,Porcelain,,Medium,528,m2,Area_m2,1.0,Reception,False
P003573,Flooring,Floor Tile,Ceramic 60x60,Ceramica Cleopatra,Ceramic,,Low,371,m2,Area_m2,1.0,Bedrooms,False
P003574,Flooring,Floor Tile,Porcelain 60x120,Ceramica Cleopatra,Porcelain,,Medium,734,m2,Area_m2,1.0,Reception,False
P003575,Flooring,Floor Tile,Porcelain 60x120,Royal Ceramica,Porcelain,,Medium,855,m2,Area_m2,1.0,Reception,False
P003576,Flooring,Floor Tile,Porcelain 60x120,Alfa Ceramic,Porcelain,,Medium,729,m2,Area_m2,1.0,Reception,False
P003577,Flooring,Floor Tile,Porcelain 60x120,Gemma,Porcelain,,Medium,506,m2,Area_m2,1.0,Reception,False
P003578,Flooring,Floor Tile,Porcelain 60x120,Lecico,Porcelain,,High,752,m2,Area_m2,1.0,Reception,False
P003579,Flooring,Floor Tile,Porcelain 60x120,Lecico,Porcelain,,Low,943,m2,Area_m2,1.0,Reception,False
P003580,Flooring,Floor Tile,Porcelain 60x120,Royal Ceramica,Porcelain,,Low,790,m2,Area_m2,1.0,Reception,False
P003581,Flooring,Floor Tile,Porcelain 60x120,Gemma,Porcelain,,Medium,793,m2,Area_m2,1.0,Reception,False
P003582,Flooring,Floor Tile,Porcelain 60x120,Ceramica Cleopatra,Porcelain,,Low,438,m2,Area_m2,1.0,Reception,False
P003583,Flooring,Floor Tile,Porcelain 60x120,Lecico,Porcelain,,High,586,m2,Area_m2,1.0,Reception,False
P003584,Flooring,Floor Tile,Porcelain 60x120,Lecico,Porcelain,,Medium,509,m2,Area_m2,1.0,Reception,False
P003585,Flooring,Floor Tile,Porcelain 60x120,Alfa Ceramic,Porcelain,,Low,593,m2,Area_m2,1.0,Reception,False
P003586,Flooring,Floor Tile,Porcelain 60x120,Gemma,Porcelain,,Medium,927,m2,Area_m2,1.0,Reception,False
P003587,Flooring,Floor Tile,Ceramic 60x60,Ceramica Cleopatra,Ceramic,,Medium,275,m2,Area_m2,1.0,Bedrooms,False
P003588,Flooring,Floor Tile,Porcelain 60x120,Royal Ceramica,Porcelain,,Low,446,m2,Area_m2,1.0,Reception,False
P003589,Flooring,Floor Tile,Porcelain 60x120,Ceramica Cleopatra,Porcelain,,Low,898,m2,Area_m2,1.0,Reception,False
P003590,Flooring,Floor Tile,Porcelain 60x120,Gemma,Porcelain,,Medium,890,m2,Area_m2,1.0,Reception,False
P003591,Flooring,Floor Tile,Porcelain 60x120,Gemma,Porcelain,,Medium,850,m2,Area_m2,1.0,Reception,False
P003592,Flooring,Floor Tile,Porcelain 60x120,Alfa Ceramic,Porcelain,,High,492,m2,Area_m2,1.0,Reception,False
P003593,Flooring,Floor Tile,Ceramic 60x60,Royal Ceramica,Ceramic,,Medium,245,m2,Area_m2,1.0,Bedrooms,False
P003594,Flooring,Floor Tile,Porcelain 60x120,Alfa Ceramic,Porcelain,,Low,757,m2,Area_m2,1.0,Reception,False
P003595,Flooring,Floor Tile,Porcelain 60x120,Ceramica Cleopatra,Porcelain,,Medium,900,m2,Area_m2,1.0,Reception,False
P003596,Flooring,Floor Tile,Porcelain 60x120,Alfa Ceramic,Porcelain,,High,884,m2,Area_m2,1.0,Reception,False
P003597,Flooring,Floor Tile,Ceramic 60x60,Lecico,Ceramic,,Medium,329,m2,Area_m2,1.0,Bedrooms,False
P003598,Flooring,Floor Tile,Ceramic 60x60,Royal Ceramica,Ceramic,,High,359,m2,Area_m2,1.0,Bedrooms,False
P003599,Flooring,Floor Tile,Ceramic 60x60,Ceramica Cleopatra,Ceramic,,Medium,339,m2,Area_m2,1.0,Bedrooms,False
P003600,Flooring,Floor Tile,Ceramic 60x60,Ceramica Cleopatra,Ceramic,,High,178,m2,Area_m2,1.0,Bedrooms,False
P003601,Flooring,Floor Tile,Ceramic 60x60,Lecico,Ceramic,,Medium,298,m2,Area_m2,1.0,Bedrooms,False
P003602,Flooring,Floor Tile,Porcelain 60x120,Lecico,Porcelain,,High,536,m2,Area_m2,1.0,Reception,False
P003603,Flooring,Floor Tile,Porcelain 60x120,Ceramica Cleopatra,Porcelain,,Low,734,m2,Area_m2,1.0,Reception,False
P003604,Flooring,Floor Tile,Porcelain 60x120,Gemma,Porcelain,,High,869,m2,Area_m2,1.0,Reception,False
P003605,Flooring,Floor Tile,Porcelain 60x120,Alfa Ceramic,Porcelain,,High,525,m2,Area_m2,1.0,Reception,False
P003606,Flooring,Floor Tile,Ceramic 60x60,Lecico,Ceramic,,High,334,m2,Area_m2,1.0,Bedrooms,False
P003607,Flooring,Floor Tile,Porcelain 60x120,Ceramica Cleopatra,Porcelain,,High,808,m2,Area_m2,1.0,Reception,False
P003608,Flooring,Floor Tile,Ceramic 60x60,Lecico,Ceramic,,High,357,m2,Area_m2,1.0,Bedrooms,False
P003609,Flooring,Floor Tile,Porcelain 60x120,Lecico,Porcelain,,Medium,563,m2,Area_m2,1.0,Reception,False
P003610,Flooring,Floor Tile,Porcelain 60x120,Alfa Ceramic,Porcelain,,Low,839,m2,Area_m2,1.0,Reception,False
P003611,Flooring,Floor Tile,Ceramic 60x60,Alfa Ceramic,Ceramic,,Medium,218,m2,Area_m2,1.0,Bedrooms,False
P003612,Flooring,Floor Tile,Ceramic 60x60,Alfa Ceramic,Ceramic,,High,198,m2,Area_m2,1.0,Bedrooms,False
P003613,Flooring,Floor Tile,Ceramic 60x60,Royal Ceramica,Ceramic,,Low,230,m2,Area_m2,1.0,Bedrooms,False
P003614,Flooring,Floor Tile,Porcelain 60x120,Royal Ceramica,Porcelain,,Low,843,m2,Area_m2,1.0,Reception,False
P003615,Flooring,Floor Tile,Ceramic 60x60,Gemma,Ceramic,,High,371,m2,Area_m2,1.0,Bedrooms,False
P003616,Flooring,Floor Tile,Ceramic 60x60,Ceramica Cleopatra,Ceramic,,Medium,368,m2,Area_m2,1.0,Bedrooms,False
P003617,Flooring,Floor Tile,Porcelain 60x120,Alfa Ceramic,Porcelain,,High,644,m2,Area_m2,1.0,Reception,False
P003618,Flooring,Floor Tile,Ceramic 60x60,Alfa Ceramic,Ceramic,,Medium,283,m2,Area_m2,1.0,Bedrooms,False
P003619,Flooring,Floor Tile,Porcelain 60x120,Gemma,Porcelain,,Low,600,m2,Area_m2,1.0,Reception,False
P003620,Flooring,Floor Tile,Porcelain 60x120,Ceramica Cleopatra,Porcelain,,High,614,m2,Area_m2,1.0,Reception,False
P003621,Flooring,Floor Tile,Porcelain 60x120,Lecico,Porcelain,,Low,794,m2,Area_m2,1.0,Reception,False
P003622,Flooring,Floor Tile,Ceramic 60x60,Royal Ceramica,Ceramic,,High,179,m2,Area_m2,1.0,Bedrooms,False
P003623,Flooring,Floor Tile,Porcelain 60x120,Ceramica Cleopatra,Porcelain,,Medium,800,m2,Area_m2,1.0,Reception,False
P003624,Flooring,Floor Tile,Porcelain 60x120,Royal Ceramica,Porcelain,,High,676,m2,Area_m2,1.0,Reception,False
P003625,Flooring,Floor Tile,Porcelain 60x120,Gemma,Porcelain,,Low,748,m2,Area_m2,1.0,Reception,False
P003626,Flooring,Floor Tile,Ceramic 60x60,Ceramica Cleopatra,Ceramic,,High,244,m2,Area_m2,1.0,Bedrooms,False
P003627,Flooring,Floor Tile,Ceramic 60x60,Ceramica Cleopatra,Ceramic,,Low,334,m2,Area_m2,1.0,Bedrooms,False
P003628,Flooring,Floor Tile,Ceramic 60x60,Alfa Ceramic,Ceramic,,Low,184,m2,Area_m2,1.0,Bedrooms,False
P003629,Flooring,Floor Tile,Ceramic 60x60,Ceramica Cleopatra,Ceramic,,Medium,357,m2,Area_m2,1.0,Bedrooms,False
P003630,Flooring,Floor Tile,Porcelain 60x120,Lecico,Porcelain,,High,658,m2,Area_m2,1.0,Reception,False
P003631,Flooring,Floor Tile,Porcelain 60x120,Lecico,Porcelain,,Low,536,m2,Area_m2,1.0,Reception,False
P003632,Flooring,Floor Tile,Ceramic 60x60,Lecico,Ceramic,,Medium,270,m2,Area_m2,1.0,Bedrooms,False
P003633,Flooring,Floor Tile,Ceramic 60x60,Lecico,Ceramic,,Low,279,m2,Area_m2,1.0,Bedrooms,False
P003634,Flooring,Floor Tile,Porcelain 60x120,Royal Ceramica,Porcelain,,High,446,m2,Area_m2,1.0,Reception,False
P003635,Flooring,Floor Tile,Porcelain 60x120,Ceramica Cleopatra,Porcelain,,High,924,m2,Area_m2,1.0,Reception,False
P003636,Flooring,Floor Tile,Porcelain 60x120,Royal Ceramica,Porcelain,,Low,703,m2,Area_m2,1.0,Reception,False
P003637,Flooring,Floor Tile,Porcelain 60x120,Ceramica Cleopatra,Porcelain,,Low,832,m2,Area_m2,1.0,Reception,False
P003638,Flooring,Floor Tile,Porcelain 60x120,Lecico,Porcelain,,High,509,m2,Area_m2,1.0,Reception,False
P003639,Flooring,Floor Tile,Ceramic 60x60,Lecico,Ceramic,,Low,329,m2,Area_m2,1.0,Bedrooms,False
P003640,Flooring,Floor Tile,Porcelain 60x120,Alfa Ceramic,Porcelain,,Low,597,m2,Area_m2,1.0,Reception,False
P003641,Flooring,Floor Tile,Porcelain 60x120,Gemma,Porcelain,,Low,543,m2,Area_m2,1.0,Reception,False
P003642,Flooring,Floor Tile,Ceramic 60x60,Gemma,Ceramic,,Low,286,m2,Area_m2,1.0,Bedrooms,False
P003643,Flooring,Floor Tile,Porcelain 60x120,Alfa Ceramic,Porcelain,,Medium,702,m2,Area_m2,1.0,Reception,False
P003644,Flooring,Floor Tile,Porcelain 60x120,Royal Ceramica,Porcelain,,Low,520,m2,Area_m2,1.0,Reception,False
P003645,Flooring,Floor Tile,Porcelain 60x120,Gemma,Porcelain,,High,466,m2,Area_m2,1.0,Reception,False
P003646,Flooring,Floor Tile,Porcelain 60x120,Lecico,Porcelain,,High,756,m2,Area_m2,1.0,Reception,False
P003647,Flooring,Floor Tile,Ceramic 60x60,Gemma,Ceramic,,Low,248,m2,Area_m2,1.0,Bedrooms,False
P003648,Flooring,Floor Tile,Ceramic 60x60,Gemma,Ceramic,,High,179,m2,Area_m2,1.0,Bedrooms,False
P003649,Flooring,Floor Tile,Porcelain 60x120,Alfa Ceramic,Porcelain,,Low,660,m2,Area_m2,1.0,Reception,False
P003650,Flooring,Floor Tile,Porcelain 60x120,Royal Ceramica,Porcelain,,Medium,607,m2,Area_m2,1.0,Reception,False
P003651,Flooring,Floor Tile,Ceramic 60x60,Ceramica Cleopatra,Ceramic,,Low,244,m2,Area_m2,1.0,Bedrooms,False
P003652,Flooring,Floor Tile,Porcelain 60x120,Alfa Ceramic,Porcelain,,High,600,m2,Area_m2,1.0,Reception,False
P003653,Flooring,Floor Tile,Porcelain 60x120,Ceramica Cleopatra,Porcelain,,Low,740,m2,Area_m2,1.0,Reception,False
P003654,Flooring,Floor Tile,Porcelain 60x120,Lecico,Porcelain,,High,672,m2,Area_m2,1.0,Reception,False
P003655,Flooring,Floor Tile,Ceramic 60x60,Ceramica Cleopatra,Ceramic,,High,235,m2,Area_m2,1.0,Bedrooms,False
P003656,Flooring,Floor Tile,Ceramic 60x60,Ceramica Cleopatra,Ceramic,,High,178,m2,Area_m2,1.0,Bedrooms,False
P003657,Flooring,Floor Tile,Porcelain 60x120,Lecico,Porcelain,,High,822,m2,Area_m2,1.0,Reception,False
P003658,Flooring,Floor Tile,Porcelain 60x120,Royal Ceramica,Porcelain,,Low,793,m2,Area_m2,1.0,Reception,False
P003659,Flooring,Floor Tile,Porcelain 60x120,Royal Ceramica,Porcelain,,Medium,613,m2,Area_m2,1.0,Reception,False
P003660,Flooring,Floor Tile,Porcelain 60x120,Lecico,Porcelain,,High,917,m2,Area_m2,1.0,Reception,False
P003661,Flooring,Floor Tile,Ceramic 60x60,Alfa Ceramic,Ceramic,,High,284,m2,Area_m2,1.0,Bedrooms,False
P003662,Flooring,Floor Tile,Porcelain 60x120,Alfa Ceramic,Porcelain,,Medium,757,m2,Area_m2,1.0,Reception,False
P003663,Flooring,Floor Tile,Ceramic 60x60,Alfa Ceramic,Ceramic,,Medium,272,m2,Area_m2,1.0,Bedrooms,False
P003664,Flooring,Floor Tile,Porcelain 60x120,Gemma,Porcelain,,High,596,m2,Area_m2,1.0,Reception,False
P003665,Flooring,Floor Tile,Ceramic 60x60,Royal Ceramica,Ceramic,,Low,349,m2,Area_m2,1.0,Bedrooms,False
P003666,Flooring,Floor Tile,Ceramic 60x60,Alfa Ceramic,Ceramic,,Low,213,m2,Area_m2,1.0,Bedrooms,False
P003667,Flooring,Floor Tile,Porcelain 60x120,Alfa Ceramic,Porcelain,,Low,885,m2,Area_m2,1.0,Reception,False
P003668,Flooring,Floor Tile,Porcelain 60x120,Lecico,Porcelain,,Medium,781,m2,Area_m2,1.0,Reception,False
P003669,Flooring,Floor Tile,Ceramic 60x60,Royal Ceramica,Ceramic,,Low,236,m2,Area_m2,1.0,Bedrooms,False
P003670,Flooring,Floor Tile,Porcelain 60x120,Lecico,Porcelain,,High,740,m2,Area_m2,1.0,Reception,False
P003671,Flooring,Floor Tile,Porcelain 60x120,Ceramica Cleopatra,Porcelain,,Medium,813,m2,Area_m2,1.0,Reception,False
P003672,Flooring,Floor Tile,Porcelain 60x120,Royal Ceramica,Porcelain,,High,676,m2,Area_m2,1.0,Reception,False
P003673,Flooring,Floor Tile,Porcelain 60x120,Gemma,Porcelain,,Low,840,m2,Area_m2,1.0,Reception,False
P003674,Flooring,Floor Tile,Porcelain 60x120,Gemma,Porcelain,,High,655,m2,Area_m2,1.0,Reception,False
P003675,Flooring,Floor Tile,Porcelain 60x120,Royal Ceramica,Porcelain,,Medium,815,m2,Area_m2,1.0,Reception,False
P003676,Flooring,Floor Tile,Porcelain 60x120,Alfa Ceramic,Porcelain,,Low,644,m2,Area_m2,1.0,Reception,False
P003677,Flooring,Floor Tile,Ceramic 60x60,Royal Ceramica,Ceramic,,Medium,264,m2,Area_m2,1.0,Bedrooms,False
P003678,Flooring,Floor Tile,Ceramic 60x60,Ceramica Cleopatra,Ceramic,,Low,264,m2,Area_m2,1.0,Bedrooms,False
P003679,Flooring,Floor Tile,Porcelain 60x120,Alfa Ceramic,Porcelain,,Low,885,m2,Area_m2,1.0,Reception,False
P003680,Flooring,Floor Tile,Ceramic 60x60,Gemma,Ceramic,,Low,173,m2,Area_m2,1.0,Bedrooms,False
P003681,Flooring,Floor Tile,Porcelain 60x120,Royal Ceramica,Porcelain,,Low,843,m2,Area_m2,1.0,Reception,False
P003682,Flooring,Floor Tile,Ceramic 60x60,Gemma,Ceramic,,Low,306,m2,Area_m2,1.0,Bedrooms,False
P003683,Flooring,Floor Tile,Porcelain 60x120,Lecico,Porcelain,,High,499,m2,Area_m2,1.0,Reception,False
P003684,Flooring,Floor Tile,Porcelain 60x120,Lecico,Porcelain,,Medium,442,m2,Area_m2,1.0,Reception,False
P003685,Flooring,Floor Tile,Porcelain 60x120,Lecico,Porcelain,,High,862,m2,Area_m2,1.0,Reception,False
P003686,Flooring,Floor Tile,Ceramic 60x60,Gemma,Ceramic,,Medium,211,m2,Area_m2,1.0,Bedrooms,False
P003687,Flooring,Floor Tile,Ceramic 60x60,Royal Ceramica,Ceramic,,Medium,355,m2,Area_m2,1.0,Bedrooms,False
P003688,Flooring,Floor Tile,Porcelain 60x120,Alfa Ceramic,Porcelain,,High,443,m2,Area_m2,1.0,Reception,False
P003689,Flooring,Floor Tile,Porcelain 60x120,Lecico,Porcelain,,Medium,672,m2,Area_m2,1.0,Reception,False
P003690,Flooring,Floor Tile,Ceramic 60x60,Alfa Ceramic,Ceramic,,Low,262,m2,Area_m2,1.0,Bedrooms,False
P003691,Flooring,Floor Tile,Ceramic 60x60,Royal Ceramica,Ceramic,,High,221,m2,Area_m2,1.0,Bedrooms,False
P003692,Flooring,Floor Tile,Ceramic 60x60,Lecico,Ceramic,,Low,239,m2,Area_m2,1.0,Bedrooms,False
P003693,Flooring,Floor Tile,Porcelain 60x120,Lecico,Porcelain,,Medium,658,m2,Area_m2,1.0,Reception,False
P003694,Flooring,Floor Tile,Porcelain 60x120,Gemma,Porcelain,,Low,564,m2,Area_m2,1.0,Reception,False
P003695,Flooring,Floor Tile,Ceramic 60x60,Ceramica Cleopatra,Ceramic,,Medium,357,m2,Area_m2,1.0,Bedrooms,False
P003696,Flooring,Floor Tile,Ceramic 60x60,Ceramica Cleopatra,Ceramic,,High,268,m2,Area_m2,1.0,Bedrooms,False
P003697,Flooring,Floor Tile,Ceramic 60x60,Alfa Ceramic,Ceramic,,High,198,m2,Area_m2,1.0,Bedrooms,False
P003698,Flooring,Floor Tile,Porcelain 60x120,Lecico,Porcelain,,Low,499,m2,Area_m2,1.0,Reception,False
P003699,Flooring,Floor Tile,Porcelain 60x120,Lecico,Porcelain,,Medium,831,m2,Area_m2,1.0,Reception,False
P003700,Flooring,Floor Tile,Porcelain 60x120,Gemma,Porcelain,,High,944,m2,Area_m2,1.0,Reception,False
P003701,Flooring,Floor Tile,Ceramic 60x60,Lecico,Ceramic,,Medium,303,m2,Area_m2,1.0,Bedrooms,False
P003702,Flooring,Floor Tile,Ceramic 60x60,Alfa Ceramic,Ceramic,,Medium,232,m2,Area_m2,1.0,Bedrooms,False
P003703,Flooring,Floor Tile,Porcelain 60x120,Lecico,Porcelain,,High,466,m2,Area_m2,1.0,Reception,False
P003704,Flooring,Floor Tile,Porcelain 60x120,Ceramica Cleopatra,Porcelain,,High,614,m2,Area_m2,1.0,Reception,False
P003705,Flooring,Floor Tile,Ceramic 60x60,Ceramica Cleopatra,Ceramic,,Medium,261,m2,Area_m2,1.0,Bedrooms,False
P003706,Flooring,Floor Tile,Porcelain 60x120,Ceramica Cleopatra,Porcelain,,High,525,m2,Area_m2,1.0,Reception,False
P003707,Flooring,Floor Tile,Porcelain 60x120,Gemma,Porcelain,,Medium,769,m2,Area_m2,1.0,Reception,False
P003708,Flooring,Floor Tile,Ceramic 60x60,Ceramica Cleopatra,Ceramic,,Medium,261,m2,Area_m2,1.0,Bedrooms,False
P003709,Flooring,Floor Tile,Porcelain 60x120,Royal Ceramica,Porcelain,,Low,734,m2,Area_m2,1.0,Reception,False
P003710,Flooring,Floor Tile,Porcelain 60x120,Gemma,Porcelain,,Low,544,m2,Area_m2,1.0,Reception,False
P003711,Flooring,Floor Tile,Porcelain 60x120,Ceramica Cleopatra,Porcelain,,Medium,452,m2,Area_m2,1.0,Reception,False
P003712,Flooring,Floor Tile,Ceramic 60x60,Gemma,Ceramic,,Low,313,m2,Area_m2,1.0,Bedrooms,False
P003713,Flooring,Floor Tile,Porcelain 60x120,Alfa Ceramic,Porcelain,,High,586,m2,Area_m2,1.0,Reception,False
P003714,Flooring,Floor Tile,Porcelain 60x120,Ceramica Cleopatra,Porcelain,,Medium,720,m2,Area_m2,1.0,Reception,False
P003715,Flooring,Floor Tile,Porcelain 60x120,Ceramica Cleopatra,Porcelain,,Medium,934,m2,Area_m2,1.0,Reception,False
P003716,Flooring,Floor Tile,Porcelain 60x120,Ceramica Cleopatra,Porcelain,,High,832,m2,Area_m2,1.0,Reception,False
P003717,Flooring,Floor Tile,Porcelain 60x120,Royal Ceramica,Porcelain,,Low,815,m2,Area_m2,1.0,Reception,False
P003718,Flooring,Floor Tile,Porcelain 60x120,Alfa Ceramic,Porcelain,,High,729,m2,Area_m2,1.0,Reception,False
P003719,Flooring,Floor Tile,Ceramic 60x60,Gemma,Ceramic,,High,260,m2,Area_m2,1.0,Bedrooms,False
P003720,Flooring,Floor Tile,Porcelain 60x120,Lecico,Porcelain,,Medium,442,m2,Area_m2,1.0,Reception,False
P003721,Flooring,Floor Tile,Ceramic 60x60,Alfa Ceramic,Ceramic,,Medium,213,m2,Area_m2,1.0,Bedrooms,False
P003722,Flooring,Floor Tile,Ceramic 60x60,Alfa Ceramic,Ceramic,,High,283,m2,Area_m2,1.0,Bedrooms,False
P003723,Flooring,Floor Tile,Porcelain 60x120,Lecico,Porcelain,,Medium,740,m2,Area_m2,1.0,Reception,False
P003724,Flooring,Floor Tile,Porcelain 60x120,Royal Ceramica,Porcelain,,Low,734,m2,Area_m2,1.0,Reception,False
P003725,Flooring,Floor Tile,Porcelain 60x120,Royal Ceramica,Porcelain,,Medium,528,m2,Area_m2,1.0,Reception,False
P003726,Flooring,Floor Tile,Porcelain 60x120,Lecico,Porcelain,,Low,822,m2,Area_m2,1.0,Reception,False
P003727,Flooring,Floor Tile,Porcelain 60x120,Royal Ceramica,Porcelain,,Low,768,m2,Area_m2,1.0,Reception,False
P003728,Flooring,Floor Tile,Ceramic 60x60,Alfa Ceramic,Ceramic,,Low,354,m2,Area_m2,1.0,Bedrooms,False
P003729,Flooring,Floor Tile,Porcelain 60x120,Alfa Ceramic,Porcelain,,High,555,m2,Area_m2,1.0,Reception,False
P003730,Flooring,Floor Tile,Ceramic 60x60,Gemma,Ceramic,,Low,306,m2,Area_m2,1.0,Bedrooms,False
P003731,Flooring,Floor Tile,Porcelain 60x120,Lecico,Porcelain,,Medium,852,m2,Area_m2,1.0,Reception,False
P003732,Flooring,Floor Tile,Ceramic 60x60,Alfa Ceramic,Ceramic,,Low,284,m2,Area_m2,1.0,Bedrooms,False
P003733,Flooring,Floor Tile,Porcelain 60x120,Gemma,Porcelain,,Low,893,m2,Area_m2,1.0,Reception,False
P003734,Flooring,Floor Tile,Porcelain 60x120,Royal Ceramica,Porcelain,,Medium,844,m2,Area_m2,1.0,Reception,False
P003735,Flooring,Floor Tile,Ceramic 60x60,Ceramica Cleopatra,Ceramic,,Medium,235,m2,Area_m2,1.0,Bedrooms,False
P003736,Flooring,Floor Tile,Porcelain 60x120,Gemma,Porcelain,,High,584,m2,Area_m2,1.0,Reception,False
P003737,Flooring,Floor Tile,Porcelain 60x120,Alfa Ceramic,Porcelain,,High,586,m2,Area_m2,1.0,Reception,False
P003738,Flooring,Floor Tile,Porcelain 60x120,Lecico,Porcelain,,Medium,737,m2,Area_m2,1.0,Reception,False
P003739,Flooring,Floor Tile,Ceramic 60x60,Alfa Ceramic,Ceramic,,High,184,m2,Area_m2,1.0,Bedrooms,False
P003740,Flooring,Floor Tile,Ceramic 60x60,Royal Ceramica,Ceramic,,Low,289,m2,Area_m2,1.0,Bedrooms,False
P003741,Flooring,Floor Tile,Porcelain 60x120,Royal Ceramica,Porcelain,,Low,743,m2,Area_m2,1.0,Reception,False
P003742,Flooring,Floor Tile,Ceramic 60x60,Lecico,Ceramic,,Low,281,m2,Area_m2,1.0,Bedrooms,False
P003743,Flooring,Floor Tile,Porcelain 60x120,Alfa Ceramic,Porcelain,,Low,443,m2,Area_m2,1.0,Reception,False
P003744,Flooring,Floor Tile,Porcelain 60x120,Gemma,Porcelain,,Low,821,m2,Area_m2,1.0,Reception,False
P003745,Flooring,Floor Tile,Porcelain 60x120,Lecico,Porcelain,,Low,831,m2,Area_m2,1.0,Reception,False
P003746,Flooring,Floor Tile,Porcelain 60x120,Lecico,Porcelain,,Medium,456,m2,Area_m2,1.0,Reception,False
P003747,Flooring,Floor Tile,Ceramic 60x60,Lecico,Ceramic,,Medium,334,m2,Area_m2,1.0,Bedrooms,False
P003748,Flooring,Floor Tile,Porcelain 60x120,Alfa Ceramic,Porcelain,,Medium,545,m2,Area_m2,1.0,Reception,False
P003749,Flooring,Floor Tile,Porcelain 60x120,Ceramica Cleopatra,Porcelain,,High,438,m2,Area_m2,1.0,Reception,False
P003750,Flooring,Floor Tile,Porcelain 60x120,Alfa Ceramic,Porcelain,,Medium,650,m2,Area_m2,1.0,Reception,False
P003751,Flooring,Floor Tile,Porcelain 60x120,Lecico,Porcelain,,High,716,m2,Area_m2,1.0,Reception,False
P003752,Flooring,Floor Tile,Porcelain 60x120,Royal Ceramica,Porcelain,,High,670,m2,Area_m2,1.0,Reception,False
P003753,Flooring,Floor Tile,Ceramic 60x60,Lecico,Ceramic,,High,196,m2,Area_m2,1.0,Bedrooms,False
P003754,Flooring,Floor Tile,Porcelain 60x120,Lecico,Porcelain,,Medium,462,m2,Area_m2,1.0,Reception,False
P003755,Flooring,Floor Tile,Porcelain 60x120,Lecico,Porcelain,,High,701,m2,Area_m2,1.0,Reception,False
P003756,Flooring,Floor Tile,Ceramic 60x60,Lecico,Ceramic,,Medium,267,m2,Area_m2,1.0,Bedrooms,False
P003757,Flooring,Floor Tile,Porcelain 60x120,Gemma,Porcelain,,Medium,596,m2,Area_m2,1.0,Reception,False
P003758,Flooring,Floor Tile,Porcelain 60x120,Gemma,Porcelain,,Low,947,m2,Area_m2,1.0,Reception,False
P003759,Flooring,Floor Tile,Porcelain 60x120,Ceramica Cleopatra,Porcelain,,Low,525,m2,Area_m2,1.0,Reception,False
P003760,Flooring,Floor Tile,Porcelain 60x120,Royal Ceramica,Porcelain,,Low,694,m2,Area_m2,1.0,Reception,False
P003761,Flooring,Floor Tile,Porcelain 60x120,Ceramica Cleopatra,Porcelain,,High,552,m2,Area_m2,1.0,Reception,False
P003762,Flooring,Floor Tile,Porcelain 60x120,Alfa Ceramic,Porcelain,,High,650,m2,Area_m2,1.0,Reception,False
P003763,Flooring,Floor Tile,Porcelain 60x120,Ceramica Cleopatra,Porcelain,,High,744,m2,Area_m2,1.0,Reception,False
P003764,Flooring,Floor Tile,Porcelain 60x120,Ceramica Cleopatra,Porcelain,,Medium,720,m2,Area_m2,1.0,Reception,False
P003765,Flooring,Floor Tile,Porcelain 60x120,Gemma,Porcelain,,Low,543,m2,Area_m2,1.0,Reception,False
P003766,Flooring,Floor Tile,Ceramic 60x60,Royal Ceramica,Ceramic,,Low,299,m2,Area_m2,1.0,Bedrooms,False
P003767,Flooring,Floor Tile,Ceramic 60x60,Royal Ceramica,Ceramic,,High,349,m2,Area_m2,1.0,Bedrooms,False
P003768,Flooring,Floor Tile,Ceramic 60x60,Gemma,Ceramic,,Low,265,m2,Area_m2,1.0,Bedrooms,False
P003769,Flooring,Floor Tile,Ceramic 60x60,Lecico,Ceramic,,Medium,270,m2,Area_m2,1.0,Bedrooms,False
P003770,Flooring,Floor Tile,Porcelain 60x120,Gemma,Porcelain,,Low,890,m2,Area_m2,1.0,Reception,False
P003771,Flooring,Floor Tile,Porcelain 60x120,Alfa Ceramic,Porcelain,,Low,555,m2,Area_m2,1.0,Reception,False
P003772,Flooring,Floor Tile,Ceramic 60x60,Lecico,Ceramic,,Medium,328,m2,Area_m2,1.0,Bedrooms,False
P003773,Flooring,Floor Tile,Ceramic 60x60,Lecico,Ceramic,,Medium,196,m2,Area_m2,1.0,Bedrooms,False
P003774,Flooring,Floor Tile,Ceramic 60x60,Alfa Ceramic,Ceramic,,Low,263,m2,Area_m2,1.0,Bedrooms,False
P003775,Flooring,Floor Tile,Porcelain 60x120,Ceramica Cleopatra,Porcelain,,Low,904,m2,Area_m2,1.0,Reception,False
P003776,Flooring,Floor Tile,Ceramic 60x60,Royal Ceramica,Ceramic,,High,199,m2,Area_m2,1.0,Bedrooms,False
P003777,Flooring,Floor Tile,Ceramic 60x60,Royal Ceramica,Ceramic,,Low,182,m2,Area_m2,1.0,Bedrooms,False
P003778,Flooring,Floor Tile,Ceramic 60x60,Lecico,Ceramic,,Medium,219,m2,Area_m2,1.0,Bedrooms,False
P003779,Flooring,Floor Tile,Ceramic 60x60,Alfa Ceramic,Ceramic,,Low,263,m2,Area_m2,1.0,Bedrooms,False
P003780,Flooring,Floor Tile,Porcelain 60x120,Ceramica Cleopatra,Porcelain,,High,898,m2,Area_m2,1.0,Reception,False
P003781,Flooring,Floor Tile,Ceramic 60x60,Royal Ceramica,Ceramic,,Low,279,m2,Area_m2,1.0,Bedrooms,False
P003782,Flooring,Floor Tile,Porcelain 60x120,Royal Ceramica,Porcelain,,Medium,674,m2,Area_m2,1.0,Reception,False
P003783,Flooring,Floor Tile,Porcelain 60x120,Alfa Ceramic,Porcelain,,Medium,847,m2,Area_m2,1.0,Reception,False
P003784,Flooring,Floor Tile,Porcelain 60x120,Gemma,Porcelain,,High,559,m2,Area_m2,1.0,Reception,False
P003785,Flooring,Floor Tile,Ceramic 60x60,Royal Ceramica,Ceramic,,High,276,m2,Area_m2,1.0,Bedrooms,False
P003786,Flooring,Floor Tile,Porcelain 60x120,Lecico,Porcelain,,Low,667,m2,Area_m2,1.0,Reception,False
P003787,Flooring,Floor Tile,Ceramic 60x60,Ceramica Cleopatra,Ceramic,,High,275,m2,Area_m2,1.0,Bedrooms,False
P003788,Flooring,Floor Tile,Porcelain 60x120,Ceramica Cleopatra,Porcelain,,Medium,808,m2,Area_m2,1.0,Reception,False
P003789,Flooring,Floor Tile,Ceramic 60x60,Ceramica Cleopatra,Ceramic,,High,275,m2,Area_m2,1.0,Bedrooms,False
P003790,Flooring,Floor Tile,Porcelain 60x120,Lecico,Porcelain,,Low,600,m2,Area_m2,1.0,Reception,False
P003791,Flooring,Floor Tile,Porcelain 60x120,Gemma,Porcelain,,High,496,m2,Area_m2,1.0,Reception,False
P003792,Flooring,Floor Tile,Porcelain 60x120,Ceramica Cleopatra,Porcelain,,Medium,502,m2,Area_m2,1.0,Reception,False
P003793,Flooring,Floor Tile,Porcelain 60x120,Alfa Ceramic,Porcelain,,Medium,654,m2,Area_m2,1.0,Reception,False
P003794,Flooring,Floor Tile,Porcelain 60x120,Gemma,Porcelain,,Low,835,m2,Area_m2,1.0,Reception,False
P003795,Flooring,Floor Tile,Ceramic 60x60,Lecico,Ceramic,,Low,236,m2,Area_m2,1.0,Bedrooms,False
P003796,Flooring,Floor Tile,Porcelain 60x120,Lecico,Porcelain,,High,756,m2,Area_m2,1.0,Reception,False
P003797,Flooring,Floor Tile,Porcelain 60x120,Alfa Ceramic,Porcelain,,Medium,737,m2,Area_m2,1.0,Reception,False
P003798,Flooring,Floor Tile,Porcelain 60x120,Royal Ceramica,Porcelain,,Low,782,m2,Area_m2,1.0,Reception,False
P003799,Flooring,Floor Tile,Ceramic 60x60,Gemma,Ceramic,,Low,313,m2,Area_m2,1.0,Bedrooms,False
P003800,Flooring,Floor Tile,Porcelain 60x120,Royal Ceramica,Porcelain,,Medium,716,m2,Area_m2,1.0,Reception,False
P003801,Flooring,Floor Tile,Porcelain 60x120,Lecico,Porcelain,,High,453,m2,Area_m2,1.0,Reception,False
P003802,Flooring,Floor Tile,Porcelain 60x120,Gemma,Porcelain,,Medium,438,m2,Area_m2,1.0,Reception,False
P003803,Flooring,Floor Tile,Porcelain 60x120,Gemma,Porcelain,,Medium,466,m2,Area_m2,1.0,Reception,False
P003804,Flooring,Floor Tile,Porcelain 60x120,Gemma,Porcelain,,Low,440,m2,Area_m2,1.0,Reception,False
P003805,Flooring,Floor Tile,Porcelain 60x120,Lecico,Porcelain,,Medium,600,m2,Area_m2,1.0,Reception,False
P003806,Flooring,Floor Tile,Porcelain 60x120,Lecico,Porcelain,,Medium,672,m2,Area_m2,1.0,Reception,False
P003807,Flooring,Floor Tile,Ceramic 60x60,Ceramica Cleopatra,Ceramic,,Medium,265,m2,Area_m2,1.0,Bedrooms,False
P003808,Flooring,Floor Tile,Porcelain 60x120,Gemma,Porcelain,,High,869,m2,Area_m2,1.0,Reception,False
P003809,Flooring,Floor Tile,Porcelain 60x120,Lecico,Porcelain,,Medium,547,m2,Area_m2,1.0,Reception,False
P003810,Flooring,Floor Tile,Porcelain 60x120,Alfa Ceramic,Porcelain,,Low,664,m2,Area_m2,1.0,Reception,False
P003811,Flooring,Floor Tile,Porcelain 60x120,Alfa Ceramic,Porcelain,,Medium,884,m2,Area_m2,1.0,Reception,False
P003812,Flooring,Floor Tile,Porcelain 60x120,Gemma,Porcelain,,Medium,876,m2,Area_m2,1.0,Reception,False
P003813,Flooring,Floor Tile,Ceramic 60x60,Gemma,Ceramic,,Medium,278,m2,Area_m2,1.0,Bedrooms,False
P003814,Flooring,Floor Tile,Porcelain 60x120,Royal Ceramica,Porcelain,,Medium,534,m2,Area_m2,1.0,Reception,False
P003815,Flooring,Floor Tile,Porcelain 60x120,Royal Ceramica,Porcelain,,High,811,m2,Area_m2,1.0,Reception,False
P003816,Flooring,Floor Tile,Ceramic 60x60,Ceramica Cleopatra,Ceramic,,High,245,m2,Area_m2,1.0,Bedrooms,False
P003817,Flooring,Floor Tile,Porcelain 60x120,Ceramica Cleopatra,Porcelain,,Medium,657,m2,Area_m2,1.0,Reception,False
P003818,Flooring,Floor Tile,Porcelain 60x120,Alfa Ceramic,Porcelain,,High,750,m2,Area_m2,1.0,Reception,False
P003819,Flooring,Floor Tile,Ceramic 60x60,Royal Ceramica,Ceramic,,Medium,276,m2,Area_m2,1.0,Bedrooms,False
P003820,Flooring,Floor Tile,Ceramic 60x60,Gemma,Ceramic,,Medium,260,m2,Area_m2,1.0,Bedrooms,False
P003821,Flooring,Floor Tile,Porcelain 60x120,Lecico,Porcelain,,High,554,m2,Area_m2,1.0,Reception,False
P003822,Flooring,Floor Tile,Ceramic 60x60,Lecico,Ceramic,,High,303,m2,Area_m2,1.0,Bedrooms,False
P003823,Flooring,Floor Tile,Porcelain 60x120,Gemma,Porcelain,,Medium,559,m2,Area_m2,1.0,Reception,False
P003824,Flooring,Floor Tile,Porcelain 60x120,Alfa Ceramic,Porcelain,,High,737,m2,Area_m2,1.0,Reception,False
P003825,Flooring,Floor Tile,Porcelain 60x120,Lecico,Porcelain,,Low,547,m2,Area_m2,1.0,Reception,False
P003826,Flooring,Floor Tile,Porcelain 60x120,Gemma,Porcelain,,High,460,m2,Area_m2,1.0,Reception,False
P003827,Flooring,Floor Tile,Ceramic 60x60,Gemma,Ceramic,,High,236,m2,Area_m2,1.0,Bedrooms,False
P003828,Flooring,Floor Tile,Ceramic 60x60,Gemma,Ceramic,,High,248,m2,Area_m2,1.0,Bedrooms,False
P003829,Flooring,Floor Tile,Porcelain 60x120,Alfa Ceramic,Porcelain,,Low,540,m2,Area_m2,1.0,Reception,False
P003830,Flooring,Floor Tile,Porcelain 60x120,Lecico,Porcelain,,Low,716,m2,Area_m2,1.0,Reception,False
P003831,Flooring,Floor Tile,Ceramic 60x60,Ceramica Cleopatra,Ceramic,,Medium,268,m2,Area_m2,1.0,Bedrooms,False
P003832,Flooring,Floor Tile,Ceramic 60x60,Royal Ceramica,Ceramic,,Low,289,m2,Area_m2,1.0,Bedrooms,False
P003833,Flooring,Floor Tile,Porcelain 60x120,Gemma,Porcelain,,Low,856,m2,Area_m2,1.0,Reception,False
P003834,Flooring,Floor Tile,Porcelain 60x120,Ceramica Cleopatra,Porcelain,,Low,801,m2,Area_m2,1.0,Reception,False
P003835,Flooring,Floor Tile,Porcelain 60x120,Ceramica Cleopatra,Porcelain,,High,502,m2,Area_m2,1.0,Reception,False
P003836,Flooring,Floor Tile,Porcelain 60x120,Lecico,Porcelain,,Medium,563,m2,Area_m2,1.0,Reception,False
P003837,Flooring,Floor Tile,Porcelain 60x120,Gemma,Porcelain,,High,655,m2,Area_m2,1.0,Reception,False
P003838,Flooring,Floor Tile,Ceramic 60x60,Lecico,Ceramic,,High,324,m2,Area_m2,1.0,Bedrooms,False
P003839,Flooring,Floor Tile,Ceramic 60x60,Alfa Ceramic,Ceramic,,Medium,232,m2,Area_m2,1.0,Bedrooms,False
P003840,Flooring,Floor Tile,Porcelain 60x120,Alfa Ceramic,Porcelain,,High,858,m2,Area_m2,1.0,Reception,False
P003841,Flooring,Floor Tile,Porcelain 60x120,Alfa Ceramic,Porcelain,,High,600,m2,Area_m2,1.0,Reception,False
P003842,Flooring,Floor Tile,Ceramic 60x60,Alfa Ceramic,Ceramic,,Low,378,m2,Area_m2,1.0,Bedrooms,False
P003843,Flooring,Floor Tile,Porcelain 60x120,Alfa Ceramic,Porcelain,,High,553,m2,Area_m2,1.0,Reception,False
P003844,Flooring,Floor Tile,Porcelain 60x120,Royal Ceramica,Porcelain,,High,724,m2,Area_m2,1.0,Reception,False
P003845,Flooring,Floor Tile,Ceramic 60x60,Gemma,Ceramic,,High,296,m2,Area_m2,1.0,Bedrooms,False
P003846,Flooring,Floor Tile,Porcelain 60x120,Alfa Ceramic,Porcelain,,Low,545,m2,Area_m2,1.0,Reception,False
P003847,Flooring,Floor Tile,Ceramic 60x60,Gemma,Ceramic,,Medium,346,m2,Area_m2,1.0,Bedrooms,False
P003848,Flooring,Floor Tile,Ceramic 60x60,Lecico,Ceramic,,Low,169,m2,Area_m2,1.0,Bedrooms,False
P003849,Flooring,Floor Tile,Porcelain 60x120,Lecico,Porcelain,,Low,536,m2,Area_m2,1.0,Reception,False
P003850,Flooring,Floor Tile,Porcelain 60x120,Ceramica Cleopatra,Porcelain,,High,642,m2,Area_m2,1.0,Reception,False
P003851,Flooring,Floor Tile,Porcelain 60x120,Alfa Ceramic,Porcelain,,High,597,m2,Area_m2,1.0,Reception,False
P003852,Flooring,Floor Tile,Ceramic 60x60,Gemma,Ceramic,,Medium,261,m2,Area_m2,1.0,Bedrooms,False
P003853,Flooring,Floor Tile,Porcelain 60x120,Royal Ceramica,Porcelain,,Low,716,m2,Area_m2,1.0,Reception,False
P003854,Flooring,Floor Tile,Porcelain 60x120,Alfa Ceramic,Porcelain,,Medium,729,m2,Area_m2,1.0,Reception,False
P003855,Flooring,Floor Tile,Porcelain 60x120,Ceramica Cleopatra,Porcelain,,High,924,m2,Area_m2,1.0,Reception,False
P003856,Flooring,Floor Tile,Porcelain 60x120,Gemma,Porcelain,,Medium,856,m2,Area_m2,1.0,Reception,False
P003857,Flooring,Floor Tile,Porcelain 60x120,Alfa Ceramic,Porcelain,,Medium,540,m2,Area_m2,1.0,Reception,False
P003858,Flooring,Floor Tile,Porcelain 60x120,Ceramica Cleopatra,Porcelain,,Low,934,m2,Area_m2,1.0,Reception,False
P003859,Flooring,Floor Tile,Porcelain 60x120,Gemma,Porcelain,,Medium,687,m2,Area_m2,1.0,Reception,False
P003860,Flooring,Floor Tile,Ceramic 60x60,Gemma,Ceramic,,High,261,m2,Area_m2,1.0,Bedrooms,False
P003861,Flooring,Floor Tile,Porcelain 60x120,Lecico,Porcelain,,Medium,690,m2,Area_m2,1.0,Reception,False
P003862,Flooring,Floor Tile,Porcelain 60x120,Ceramica Cleopatra,Porcelain,,Low,516,m2,Area_m2,1.0,Reception,False
P003863,Flooring,Floor Tile,Ceramic 60x60,Ceramica Cleopatra,Ceramic,,Medium,332,m2,Area_m2,1.0,Bedrooms,False
P003864,Flooring,Floor Tile,Ceramic 60x60,Ceramica Cleopatra,Ceramic,,High,244,m2,Area_m2,1.0,Bedrooms,False
P003865,Flooring,Floor Tile,Ceramic 60x60,Royal Ceramica,Ceramic,,Low,195,m2,Area_m2,1.0,Bedrooms,False
P003866,Flooring,Floor Tile,Porcelain 60x120,Lecico,Porcelain,,Low,652,m2,Area_m2,1.0,Reception,False
P003867,Flooring,Floor Tile,Porcelain 60x120,Royal Ceramica,Porcelain,,High,845,m2,Area_m2,1.0,Reception,False
P003868,Flooring,Floor Tile,Ceramic 60x60,Ceramica Cleopatra,Ceramic,,Low,224,m2,Area_m2,1.0,Bedrooms,False
P003869,Flooring,Floor Tile,Porcelain 60x120,Gemma,Porcelain,,Medium,913,m2,Area_m2,1.0,Reception,False
P003870,Flooring,Floor Tile,Porcelain 60x120,Ceramica Cleopatra,Porcelain,,High,572,m2,Area_m2,1.0,Reception,False
P003871,Flooring,Floor Tile,Ceramic 60x60,Royal Ceramica,Ceramic,,Low,279,m2,Area_m2,1.0,Bedrooms,False
P003872,Flooring,Floor Tile,Ceramic 60x60,Gemma,Ceramic,,Medium,321,m2,Area_m2,1.0,Bedrooms,False
P003873,Flooring,Floor Tile,Ceramic 60x60,Lecico,Ceramic,,Medium,346,m2,Area_m2,1.0,Bedrooms,False
P003874,Flooring,Floor Tile,Porcelain 60x120,Ceramica Cleopatra,Porcelain,,High,603,m2,Area_m2,1.0,Reception,False
P003875,Flooring,Floor Tile,Porcelain 60x120,Gemma,Porcelain,,Low,840,m2,Area_m2,1.0,Reception,False
P003876,Flooring,Floor Tile,Ceramic 60x60,Ceramica Cleopatra,Ceramic,,High,224,m2,Area_m2,1.0,Bedrooms,False
P003877,Flooring,Floor Tile,Ceramic 60x60,Ceramica Cleopatra,Ceramic,,Medium,224,m2,Area_m2,1.0,Bedrooms,False
P003878,Flooring,Floor Tile,Ceramic 60x60,Royal Ceramica,Ceramic,,Medium,226,m2,Area_m2,1.0,Bedrooms,False
P003879,Flooring,Floor Tile,Porcelain 60x120,Alfa Ceramic,Porcelain,,High,508,m2,Area_m2,1.0,Reception,False
P003880,Flooring,Floor Tile,Ceramic 60x60,Lecico,Ceramic,,Medium,253,m2,Area_m2,1.0,Bedrooms,False
P003881,Flooring,Floor Tile,Ceramic 60x60,Alfa Ceramic,Ceramic,,Low,317,m2,Area_m2,1.0,Bedrooms,False
P003882,Flooring,Floor Tile,Ceramic 60x60,Alfa Ceramic,Ceramic,,Medium,204,m2,Area_m2,1.0,Bedrooms,False
P003883,Flooring,Floor Tile,Porcelain 60x120,Ceramica Cleopatra,Porcelain,,Low,746,m2,Area_m2,1.0,Reception,False
P003884,Flooring,Floor Tile,Ceramic 60x60,Gemma,Ceramic,,High,321,m2,Area_m2,1.0,Bedrooms,False
P003885,Flooring,Floor Tile,Porcelain 60x120,Royal Ceramica,Porcelain,,Medium,734,m2,Area_m2,1.0,Reception,False
P003886,Flooring,Floor Tile,Ceramic 60x60,Gemma,Ceramic,,Medium,278,m2,Area_m2,1.0,Bedrooms,False
P003887,Flooring,Floor Tile,Porcelain 60x120,Alfa Ceramic,Porcelain,,High,612,m2,Area_m2,1.0,Reception,False
P003888,Flooring,Floor Tile,Porcelain 60x120,Royal Ceramica,Porcelain,,Medium,704,m2,Area_m2,1.0,Reception,False
P003889,Flooring,Floor Tile,Porcelain 60x120,Lecico,Porcelain,,Low,728,m2,Area_m2,1.0,Reception,False
P003890,Flooring,Floor Tile,Porcelain 60x120,Ceramica Cleopatra,Porcelain,,Medium,801,m2,Area_m2,1.0,Reception,False
P003891,Flooring,Floor Tile,Ceramic 60x60,Royal Ceramica,Ceramic,,High,267,m2,Area_m2,1.0,Bedrooms,False
P003892,Flooring,Floor Tile,Porcelain 60x120,Royal Ceramica,Porcelain,,Medium,674,m2,Area_m2,1.0,Reception,False
P003893,Flooring,Floor Tile,Porcelain 60x120,Gemma,Porcelain,,Low,947,m2,Area_m2,1.0,Reception,False
P003894,Flooring,Floor Tile,Porcelain 60x120,Gemma,Porcelain,,High,559,m2,Area_m2,1.0,Reception,False
P003895,Flooring,Floor Tile,Ceramic 60x60,Alfa Ceramic,Ceramic,,Low,221,m2,Area_m2,1.0,Bedrooms,False
P003896,Flooring,Floor Tile,Porcelain 60x120,Royal Ceramica,Porcelain,,Low,743,m2,Area_m2,1.0,Reception,False
P003897,Flooring,Floor Tile,Porcelain 60x120,Alfa Ceramic,Porcelain,,Medium,492,m2,Area_m2,1.0,Reception,False
P003898,Flooring,Floor Tile,Ceramic 60x60,Royal Ceramica,Ceramic,,High,299,m2,Area_m2,1.0,Bedrooms,False
P003899,Flooring,Floor Tile,Ceramic 60x60,Alfa Ceramic,Ceramic,,Medium,284,m2,Area_m2,1.0,Bedrooms,False
P003900,Flooring,Floor Tile,Ceramic 60x60,Royal Ceramica,Ceramic,,High,276,m2,Area_m2,1.0,Bedrooms,False
P003901,Flooring,Floor Tile,Ceramic 60x60,Ceramica Cleopatra,Ceramic,,High,330,m2,Area_m2,1.0,Bedrooms,False
P003902,Flooring,Floor Tile,Ceramic 60x60,Gemma,Ceramic,,Medium,358,m2,Area_m2,1.0,Bedrooms,False
P003903,Flooring,Floor Tile,Porcelain 60x120,Lecico,Porcelain,,High,730,m2,Area_m2,1.0,Reception,False
P003904,Flooring,Floor Tile,Porcelain 60x120,Alfa Ceramic,Porcelain,,Medium,600,m2,Area_m2,1.0,Reception,False
P003905,Flooring,Floor Tile,Ceramic 60x60,Lecico,Ceramic,,Medium,270,m2,Area_m2,1.0,Bedrooms,False
P003906,Flooring,Floor Tile,Porcelain 60x120,Alfa Ceramic,Porcelain,,Low,657,m2,Area_m2,1.0,Reception,False
P003907,Flooring,Floor Tile,Porcelain 60x120,Gemma,Porcelain,,Medium,528,m2,Area_m2,1.0,Reception,False
P003908,Flooring,Floor Tile,Porcelain 60x120,Royal Ceramica,Porcelain,,High,855,m2,Area_m2,1.0,Reception,False
P003909,Flooring,Floor Tile,Ceramic 60x60,Lecico,Ceramic,,Low,236,m2,Area_m2,1.0,Bedrooms,False
P003910,Flooring,Floor Tile,Ceramic 60x60,Royal Ceramica,Ceramic,,High,371,m2,Area_m2,1.0,Bedrooms,False
P003911,Flooring,Floor Tile,Ceramic 60x60,Gemma,Ceramic,,Low,280,m2,Area_m2,1.0,Bedrooms,False
P003912,Flooring,Floor Tile,Porcelain 60x120,Royal Ceramica,Porcelain,,High,757,m2,Area_m2,1.0,Reception,False
P003913,Flooring,Floor Tile,Porcelain 60x120,Lecico,Porcelain,,Medium,752,m2,Area_m2,1.0,Reception,False
P003914,Flooring,Floor Tile,Ceramic 60x60,Royal Ceramica,Ceramic,,High,182,m2,Area_m2,1.0,Bedrooms,False
P003915,Flooring,Floor Tile,Porcelain 60x120,Lecico,Porcelain,,Low,531,m2,Area_m2,1.0,Reception,False
P003916,Flooring,Floor Tile,Porcelain 60x120,Alfa Ceramic,Porcelain,,Medium,858,m2,Area_m2,1.0,Reception,False
P003917,Flooring,Floor Tile,Porcelain 60x120,Gemma,Porcelain,,Medium,592,m2,Area_m2,1.0,Reception,False
P003918,Flooring,Floor Tile,Porcelain 60x120,Lecico,Porcelain,,Medium,672,m2,Area_m2,1.0,Reception,False
P003919,Flooring,Floor Tile,Porcelain 60x120,Alfa Ceramic,Porcelain,,Low,767,m2,Area_m2,1.0,Reception,False
P003920,Flooring,Floor Tile,Ceramic 60x60,Alfa Ceramic,Ceramic,,High,247,m2,Area_m2,1.0,Bedrooms,False
P003921,Flooring,Floor Tile,Porcelain 60x120,Ceramica Cleopatra,Porcelain,,High,727,m2,Area_m2,1.0,Reception,False
P003922,Flooring,Floor Tile,Porcelain 60x120,Lecico,Porcelain,,Low,550,m2,Area_m2,1.0,Reception,False
P003923,Flooring,Floor Tile,Porcelain 60x120,Alfa Ceramic,Porcelain,,Low,525,m2,Area_m2,1.0,Reception,False
P003924,Flooring,Floor Tile,Porcelain 60x120,Ceramica Cleopatra,Porcelain,,High,552,m2,Area_m2,1.0,Reception,False
P003925,Flooring,Floor Tile,Ceramic 60x60,Royal Ceramica,Ceramic,,Low,264,m2,Area_m2,1.0,Bedrooms,False
P003926,Flooring,Floor Tile,Porcelain 60x120,Lecico,Porcelain,,High,522,m2,Area_m2,1.0,Reception,False
P003927,Flooring,Floor Tile,Ceramic 60x60,Ceramica Cleopatra,Ceramic,,Medium,265,m2,Area_m2,1.0,Bedrooms,False
P003928,Flooring,Floor Tile,Porcelain 60x120,Lecico,Porcelain,,High,740,m2,Area_m2,1.0,Reception,False
P003929,Flooring,Floor Tile,Porcelain 60x120,Lecico,Porcelain,,Medium,568,m2,Area_m2,1.0,Reception,False
P003930,Flooring,Floor Tile,Porcelain 60x120,Lecico,Porcelain,,Low,667,m2,Area_m2,1.0,Reception,False
P003931,Flooring,Floor Tile,Porcelain 60x120,Gemma,Porcelain,,Medium,584,m2,Area_m2,1.0,Reception,False
P003932,Flooring,Floor Tile,Ceramic 60x60,Gemma,Ceramic,,High,280,m2,Area_m2,1.0,Bedrooms,False
P003933,Flooring,Floor Tile,Porcelain 60x120,Ceramica Cleopatra,Porcelain,,Low,770,m2,Area_m2,1.0,Reception,False
P003934,Flooring,Floor Tile,Porcelain 60x120,Royal Ceramica,Porcelain,,High,534,m2,Area_m2,1.0,Reception,False
P003935,Flooring,Floor Tile,Porcelain 60x120,Gemma,Porcelain,,High,947,m2,Area_m2,1.0,Reception,False
P003936,Flooring,Floor Tile,Porcelain 60x120,Ceramica Cleopatra,Porcelain,,Medium,813,m2,Area_m2,1.0,Reception,False
P003937,Flooring,Floor Tile,Ceramic 60x60,Alfa Ceramic,Ceramic,,Low,240,m2,Area_m2,1.0,Bedrooms,False
P003938,Flooring,Floor Tile,Ceramic 60x60,Gemma,Ceramic,,Medium,173,m2,Area_m2,1.0,Bedrooms,False
P003939,Flooring,Floor Tile,Ceramic 60x60,Royal Ceramica,Ceramic,,Low,230,m2,Area_m2,1.0,Bedrooms,False
P003940,Flooring,Floor Tile,Porcelain 60x120,Alfa Ceramic,Porcelain,,High,676,m2,Area_m2,1.0,Reception,False
P003941,Flooring,Floor Tile,Porcelain 60x120,Gemma,Porcelain,,Medium,496,m2,Area_m2,1.0,Reception,False
P003942,Flooring,Floor Tile,Porcelain 60x120,Gemma,Porcelain,,Medium,438,m2,Area_m2,1.0,Reception,False
P003943,Flooring,Floor Tile,Porcelain 60x120,Alfa Ceramic,Porcelain,,Low,612,m2,Area_m2,1.0,Reception,False
P003944,Flooring,Floor Tile,Porcelain 60x120,Ceramica Cleopatra,Porcelain,,Medium,844,m2,Area_m2,1.0,Reception,False
P003945,Flooring,Floor Tile,Ceramic 60x60,Ceramica Cleopatra,Ceramic,,Medium,238,m2,Area_m2,1.0,Bedrooms,False
P003946,Flooring,Floor Tile,Ceramic 60x60,Royal Ceramica,Ceramic,,High,371,m2,Area_m2,1.0,Bedrooms,False
P003947,Flooring,Floor Tile,Porcelain 60x120,Lecico,Porcelain,,Low,943,m2,Area_m2,1.0,Reception,False
P003948,Flooring,Floor Tile,Porcelain 60x120,Ceramica Cleopatra,Porcelain,,High,924,m2,Area_m2,1.0,Reception,False
P003949,Flooring,Floor Tile,Porcelain 60x120,Royal Ceramica,Porcelain,,Low,790,m2,Area_m2,1.0,Reception,False
P003950,Flooring,Floor Tile,Porcelain 60x120,Ceramica Cleopatra,Porcelain,,Medium,574,m2,Area_m2,1.0,Reception,False
P003951,Flooring,Floor Tile,Porcelain 60x120,Royal Ceramica,Porcelain,,High,835,m2,Area_m2,1.0,Reception,False
P003952,Flooring,Floor Tile,Ceramic 60x60,Lecico,Ceramic,,High,377,m2,Area_m2,1.0,Bedrooms,False
P003953,Flooring,Floor Tile,Ceramic 60x60,Ceramica Cleopatra,Ceramic,,Low,238,m2,Area_m2,1.0,Bedrooms,False
P003954,Flooring,Floor Tile,Porcelain 60x120,Lecico,Porcelain,,High,855,m2,Area_m2,1.0,Reception,False
P003955,Flooring,Floor Tile,Ceramic 60x60,Alfa Ceramic,Ceramic,,Medium,256,m2,Area_m2,1.0,Bedrooms,False
P003956,Flooring,Floor Tile,Porcelain 60x120,Ceramica Cleopatra,Porcelain,,High,800,m2,Area_m2,1.0,Reception,False
P003957,Flooring,Floor Tile,Ceramic 60x60,Lecico,Ceramic,,Medium,240,m2,Area_m2,1.0,Bedrooms,False
P003958,Flooring,Floor Tile,Porcelain 60x120,Royal Ceramica,Porcelain,,Low,757,m2,Area_m2,1.0,Reception,False
P003959,Flooring,Floor Tile,Porcelain 60x120,Ceramica Cleopatra,Porcelain,,High,934,m2,Area_m2,1.0,Reception,False
P003960,Flooring,Floor Tile,Ceramic 60x60,Ceramica Cleopatra,Ceramic,,Medium,264,m2,Area_m2,1.0,Bedrooms,False
P003961,Flooring,Floor Tile,Porcelain 60x120,Alfa Ceramic,Porcelain,,Medium,767,m2,Area_m2,1.0,Reception,False
P003962,Flooring,Floor Tile,Porcelain 60x120,Lecico,Porcelain,,Medium,453,m2,Area_m2,1.0,Reception,False
P003963,Flooring,Floor Tile,Porcelain 60x120,Lecico,Porcelain,,Low,705,m2,Area_m2,1.0,Reception,False
P003964,Flooring,Floor Tile,Porcelain 60x120,Lecico,Porcelain,,Medium,466,m2,Area_m2,1.0,Reception,False
P003965,Flooring,Floor Tile,Porcelain 60x120,Royal Ceramica,Porcelain,,High,855,m2,Area_m2,1.0,Reception,False
P003966,Flooring,Floor Tile,Porcelain 60x120,Gemma,Porcelain,,Medium,893,m2,Area_m2,1.0,Reception,False
P003967,Flooring,Floor Tile,Porcelain 60x120,Royal Ceramica,Porcelain,,High,782,m2,Area_m2,1.0,Reception,False
P003968,Flooring,Floor Tile,Ceramic 60x60,Ceramica Cleopatra,Ceramic,,Medium,339,m2,Area_m2,1.0,Bedrooms,False
P003969,Flooring,Floor Tile,Ceramic 60x60,Ceramica Cleopatra,Ceramic,,Medium,265,m2,Area_m2,1.0,Bedrooms,False
P003970,Flooring,Floor Tile,Porcelain 60x120,Royal Ceramica,Porcelain,,Medium,520,m2,Area_m2,1.0,Reception,False
P003971,Flooring,Floor Tile,Porcelain 60x120,Royal Ceramica,Porcelain,,Low,762,m2,Area_m2,1.0,Reception,False
P003972,Flooring,Floor Tile,Porcelain 60x120,Gemma,Porcelain,,High,944,m2,Area_m2,1.0,Reception,False
P003973,Flooring,Floor Tile,Ceramic 60x60,Lecico,Ceramic,,Low,372,m2,Area_m2,1.0,Bedrooms,False
P003974,Flooring,Floor Tile,Porcelain 60x120,Alfa Ceramic,Porcelain,,Low,492,m2,Area_m2,1.0,Reception,False
P003975,Flooring,Floor Tile,Porcelain 60x120,Ceramica Cleopatra,Porcelain,,Medium,549,m2,Area_m2,1.0,Reception,False
P003976,Flooring,Floor Tile,Porcelain 60x120,Lecico,Porcelain,,Medium,499,m2,Area_m2,1.0,Reception,False
P003977,Flooring,Floor Tile,Porcelain 60x120,Gemma,Porcelain,,High,890,m2,Area_m2,1.0,Reception,False
P003978,Flooring,Floor Tile,Porcelain 60x120,Gemma,Porcelain,,Medium,592,m2,Area_m2,1.0,Reception,False
P003979,Flooring,Floor Tile,Porcelain 60x120,Gemma,Porcelain,,Medium,819,m2,Area_m2,1.0,Reception,False
P003980,Flooring,Floor Tile,Ceramic 60x60,Alfa Ceramic,Ceramic,,Low,284,m2,Area_m2,1.0,Bedrooms,False
P003981,Flooring,Floor Tile,Porcelain 60x120,Royal Ceramica,Porcelain,,Low,645,m2,Area_m2,1.0,Reception,False
P003982,Flooring,Floor Tile,Ceramic 60x60,Lecico,Ceramic,,High,372,m2,Area_m2,1.0,Bedrooms,False
P003983,Flooring,Floor Tile,Ceramic 60x60,Alfa Ceramic,Ceramic,,Medium,208,m2,Area_m2,1.0,Bedrooms,False
P003984,Flooring,Floor Tile,Ceramic 60x60,Ceramica Cleopatra,Ceramic,,High,178,m2,Area_m2,1.0,Bedrooms,False
P003985,Flooring,Floor Tile,Ceramic 60x60,Gemma,Ceramic,,Medium,296,m2,Area_m2,1.0,Bedrooms,False
P003986,Flooring,Floor Tile,Porcelain 60x120,Lecico,Porcelain,,Low,554,m2,Area_m2,1.0,Reception,False
P003987,Flooring,Floor Tile,Porcelain 60x120,Royal Ceramica,Porcelain,,Medium,670,m2,Area_m2,1.0,Reception,False
P003988,Flooring,Floor Tile,Porcelain 60x120,Ceramica Cleopatra,Porcelain,,Medium,802,m2,Area_m2,1.0,Reception,False
P003989,Flooring,Floor Tile,Porcelain 60x120,Alfa Ceramic,Porcelain,,High,713,m2,Area_m2,1.0,Reception,False
P003990,Flooring,Floor Tile,Porcelain 60x120,Gemma,Porcelain,,Low,748,m2,Area_m2,1.0,Reception,False
P003991,Flooring,Floor Tile,Porcelain 60x120,Ceramica Cleopatra,Porcelain,,High,802,m2,Area_m2,1.0,Reception,False
P003992,Flooring,Floor Tile,Porcelain 60x120,Lecico,Porcelain,,Low,586,m2,Area_m2,1.0,Reception,False
P003993,Flooring,Floor Tile,Ceramic 60x60,Lecico,Ceramic,,Low,253,m2,Area_m2,1.0,Bedrooms,False
P003994,Flooring,Floor Tile,Porcelain 60x120,Lecico,Porcelain,,High,531,m2,Area_m2,1.0,Reception,False
P003995,Flooring,Floor Tile,Ceramic 60x60,Lecico,Ceramic,,Low,169,m2,Area_m2,1.0,Bedrooms,False
P003996,Flooring,Floor Tile,Ceramic 60x60,Lecico,Ceramic,,Low,346,m2,Area_m2,1.0,Bedrooms,False
P003997,Flooring,Floor Tile,Ceramic 60x60,Lecico,Ceramic,,Low,324,m2,Area_m2,1.0,Bedrooms,False
P003998,Flooring,Floor Tile,Porcelain 60x120,Royal Ceramica,Porcelain,,Low,757,m2,Area_m2,1.0,Reception,False
P003999,Flooring,Floor Tile,Porcelain 60x120,Lecico,Porcelain,,High,547,m2,Area_m2,1.0,Reception,False
P004000,Flooring,Floor Tile,Ceramic 60x60,Alfa Ceramic,Ceramic,,Medium,284,m2,Area_m2,1.0,Bedrooms,False
P004001,Flooring,Floor Tile,Porcelain 60x120,Lecico,Porcelain,,High,837,m2,Area_m2,1.0,Reception,False
P004002,Flooring,Floor Tile,Porcelain 60x120,Gemma,Porcelain,,Medium,850,m2,Area_m2,1.0,Reception,False
P004003,Flooring,Floor Tile,Porcelain 60x120,Royal Ceramica,Porcelain,,Low,748,m2,Area_m2,1.0,Reception,False
P004004,Flooring,Floor Tile,Ceramic 60x60,Lecico,Ceramic,,Low,279,m2,Area_m2,1.0,Bedrooms,False
P004005,Flooring,Floor Tile,Porcelain 60x120,Royal Ceramica,Porcelain,,High,844,m2,Area_m2,1.0,Reception,False
P004006,Flooring,Floor Tile,Porcelain 60x120,Lecico,Porcelain,,Medium,531,m2,Area_m2,1.0,Reception,False
P004007,Flooring,Floor Tile,Ceramic 60x60,Gemma,Ceramic,,Low,284,m2,Area_m2,1.0,Bedrooms,False
P004008,Flooring,Floor Tile,Ceramic 60x60,Royal Ceramica,Ceramic,,Medium,245,m2,Area_m2,1.0,Bedrooms,False
P004009,Flooring,Floor Tile,Ceramic 60x60,Lecico,Ceramic,,High,360,m2,Area_m2,1.0,Bedrooms,False
P004010,Flooring,Floor Tile,Ceramic 60x60,Alfa Ceramic,Ceramic,,Low,205,m2,Area_m2,1.0,Bedrooms,False
P004011,Flooring,Floor Tile,Ceramic 60x60,Ceramica Cleopatra,Ceramic,,Low,172,m2,Area_m2,1.0,Bedrooms,False
P004012,Flooring,Floor Tile,Ceramic 60x60,Ceramica Cleopatra,Ceramic,,High,232,m2,Area_m2,1.0,Bedrooms,False
P004013,Flooring,Floor Tile,Ceramic 60x60,Gemma,Ceramic,,Low,355,m2,Area_m2,1.0,Bedrooms,False
P004014,Flooring,Floor Tile,Ceramic 60x60,Lecico,Ceramic,,Low,298,m2,Area_m2,1.0,Bedrooms,False
P004015,Flooring,Floor Tile,Porcelain 60x120,Alfa Ceramic,Porcelain,,Low,657,m2,Area_m2,1.0,Reception,False
P004016,Flooring,Floor Tile,Ceramic 60x60,Royal Ceramica,Ceramic,,High,349,m2,Area_m2,1.0,Bedrooms,False
P004017,Flooring,Floor Tile,Ceramic 60x60,Lecico,Ceramic,,Low,267,m2,Area_m2,1.0,Bedrooms,False
P004018,Flooring,Floor Tile,Ceramic 60x60,Ceramica Cleopatra,Ceramic,,High,174,m2,Area_m2,1.0,Bedrooms,False
P004019,Flooring,Floor Tile,Porcelain 60x120,Lecico,Porcelain,,Medium,855,m2,Area_m2,1.0,Reception,False
P004020,Flooring,Floor Tile,Ceramic 60x60,Lecico,Ceramic,,High,240,m2,Area_m2,1.0,Bedrooms,False
P004021,Flooring,Floor Tile,Ceramic 60x60,Gemma,Ceramic,,High,321,m2,Area_m2,1.0,Bedrooms,False
P004022,Flooring,Floor Tile,Ceramic 60x60,Lecico,Ceramic,,Low,360,m2,Area_m2,1.0,Bedrooms,False
P004023,Flooring,Floor Tile,Porcelain 60x120,Ceramica Cleopatra,Porcelain,,Medium,699,m2,Area_m2,1.0,Reception,False
P004024,Flooring,Floor Tile,Porcelain 60x120,Royal Ceramica,Porcelain,,Medium,751,m2,Area_m2,1.0,Reception,False
P004025,Flooring,Floor Tile,Porcelain 60x120,Royal Ceramica,Porcelain,,High,704,m2,Area_m2,1.0,Reception,False
P004026,Flooring,Floor Tile,Ceramic 60x60,Alfa Ceramic,Ceramic,,High,198,m2,Area_m2,1.0,Bedrooms,False
P004027,Flooring,Floor Tile,Porcelain 60x120,Royal Ceramica,Porcelain,,Low,743,m2,Area_m2,1.0,Reception,False
P004028,Flooring,Floor Tile,Ceramic 60x60,Alfa Ceramic,Ceramic,,High,208,m2,Area_m2,1.0,Bedrooms,False
P004029,Flooring,Floor Tile,Porcelain 60x120,Ceramica Cleopatra,Porcelain,,High,813,m2,Area_m2,1.0,Reception,False
P004030,Flooring,Floor Tile,Ceramic 60x60,Royal Ceramica,Ceramic,,High,267,m2,Area_m2,1.0,Bedrooms,False
P004031,Flooring,Floor Tile,Porcelain 60x120,Ceramica Cleopatra,Porcelain,,Medium,438,m2,Area_m2,1.0,Reception,False
P004032,Flooring,Floor Tile,Porcelain 60x120,Alfa Ceramic,Porcelain,,Low,847,m2,Area_m2,1.0,Reception,False
P004033,Flooring,Floor Tile,Porcelain 60x120,Lecico,Porcelain,,Low,672,m2,Area_m2,1.0,Reception,False
P004034,Flooring,Floor Tile,Ceramic 60x60,Gemma,Ceramic,,High,272,m2,Area_m2,1.0,Bedrooms,False
P004035,Flooring,Floor Tile,Ceramic 60x60,Royal Ceramica,Ceramic,,Medium,359,m2,Area_m2,1.0,Bedrooms,False
P004036,Flooring,Floor Tile,Porcelain 60x120,Ceramica Cleopatra,Porcelain,,High,801,m2,Area_m2,1.0,Reception,False
P004037,Flooring,Floor Tile,Porcelain 60x120,Royal Ceramica,Porcelain,,Medium,689,m2,Area_m2,1.0,Reception,False
P004038,Flooring,Floor Tile,Porcelain 60x120,Lecico,Porcelain,,Low,862,m2,Area_m2,1.0,Reception,False
P004039,Flooring,Floor Tile,Porcelain 60x120,Ceramica Cleopatra,Porcelain,,Medium,572,m2,Area_m2,1.0,Reception,False
P004040,Flooring,Floor Tile,Ceramic 60x60,Royal Ceramica,Ceramic,,Low,199,m2,Area_m2,1.0,Bedrooms,False
P004041,Flooring,Floor Tile,Porcelain 60x120,Royal Ceramica,Porcelain,,Medium,497,m2,Area_m2,1.0,Reception,False
P004042,Flooring,Floor Tile,Porcelain 60x120,Ceramica Cleopatra,Porcelain,,Medium,642,m2,Area_m2,1.0,Reception,False
P004043,Flooring,Floor Tile,Ceramic 60x60,Gemma,Ceramic,,Medium,236,m2,Area_m2,1.0,Bedrooms,False
P004044,Flooring,Floor Tile,Ceramic 60x60,Lecico,Ceramic,,Medium,279,m2,Area_m2,1.0,Bedrooms,False
P004045,Flooring,Floor Tile,Porcelain 60x120,Ceramica Cleopatra,Porcelain,,Low,623,m2,Area_m2,1.0,Reception,False
P004046,Flooring,Floor Tile,Ceramic 60x60,Ceramica Cleopatra,Ceramic,,High,174,m2,Area_m2,1.0,Bedrooms,False
P004047,Flooring,Floor Tile,Ceramic 60x60,Ceramica Cleopatra,Ceramic,,Low,265,m2,Area_m2,1.0,Bedrooms,False
P004048,Flooring,Floor Tile,Porcelain 60x120,Lecico,Porcelain,,Medium,456,m2,Area_m2,1.0,Reception,False
P004049,Flooring,Floor Tile,Porcelain 60x120,Alfa Ceramic,Porcelain,,Medium,672,m2,Area_m2,1.0,Reception,False
P004050,Flooring,Floor Tile,Ceramic 60x60,Lecico,Ceramic,,High,279,m2,Area_m2,1.0,Bedrooms,False
P004051,Flooring,Floor Tile,Porcelain 60x120,Gemma,Porcelain,,Medium,893,m2,Area_m2,1.0,Reception,False
P004052,Flooring,Floor Tile,Ceramic 60x60,Lecico,Ceramic,,Low,169,m2,Area_m2,1.0,Bedrooms,False
P004053,Flooring,Floor Tile,Porcelain 60x120,Gemma,Porcelain,,Low,748,m2,Area_m2,1.0,Reception,False
P004054,Flooring,Floor Tile,Porcelain 60x120,Gemma,Porcelain,,High,687,m2,Area_m2,1.0,Reception,False
P004055,Flooring,Floor Tile,Ceramic 60x60,Royal Ceramica,Ceramic,,High,236,m2,Area_m2,1.0,Bedrooms,False
P004056,Flooring,Floor Tile,Porcelain 60x120,Alfa Ceramic,Porcelain,,Medium,672,m2,Area_m2,1.0,Reception,False
P004057,Flooring,Floor Tile,Porcelain 60x120,Alfa Ceramic,Porcelain,,Low,660,m2,Area_m2,1.0,Reception,False
P004058,Flooring,Floor Tile,Porcelain 60x120,Gemma,Porcelain,,Low,600,m2,Area_m2,1.0,Reception,False
P004059,Flooring,Floor Tile,Porcelain 60x120,Royal Ceramica,Porcelain,,Medium,539,m2,Area_m2,1.0,Reception,False
P004060,Flooring,Floor Tile,Porcelain 60x120,Alfa Ceramic,Porcelain,,Low,664,m2,Area_m2,1.0,Reception,False
P004061,Flooring,Floor Tile,Porcelain 60x120,Royal Ceramica,Porcelain,,Low,703,m2,Area_m2,1.0,Reception,False
P004062,Flooring,Floor Tile,Porcelain 60x120,Gemma,Porcelain,,High,793,m2,Area_m2,1.0,Reception,False
P004063,Flooring,Floor Tile,Ceramic 60x60,Gemma,Ceramic,,Low,355,m2,Area_m2,1.0,Bedrooms,False
P004064,Flooring,Floor Tile,Porcelain 60x120,Ceramica Cleopatra,Porcelain,,High,549,m2,Area_m2,1.0,Reception,False
P004065,Flooring,Floor Tile,Porcelain 60x120,Alfa Ceramic,Porcelain,,Medium,593,m2,Area_m2,1.0,Reception,False
P004066,Flooring,Floor Tile,Porcelain 60x120,Alfa Ceramic,Porcelain,,Low,460,m2,Area_m2,1.0,Reception,False
P004067,Flooring,Floor Tile,Ceramic 60x60,Alfa Ceramic,Ceramic,,High,208,m2,Area_m2,1.0,Bedrooms,False
P004068,Flooring,Floor Tile,Porcelain 60x120,Ceramica Cleopatra,Porcelain,,Low,770,m2,Area_m2,1.0,Reception,False
P004069,Flooring,Floor Tile,Ceramic 60x60,Lecico,Ceramic,,High,240,m2,Area_m2,1.0,Bedrooms,False
P004070,Flooring,Floor Tile,Porcelain 60x120,Ceramica Cleopatra,Porcelain,,Low,699,m2,Area_m2,1.0,Reception,False
P004071,Flooring,Floor Tile,Porcelain 60x120,Lecico,Porcelain,,Low,781,m2,Area_m2,1.0,Reception,False
P004072,Flooring,Floor Tile,Porcelain 60x120,Gemma,Porcelain,,Medium,655,m2,Area_m2,1.0,Reception,False
P004073,Flooring,Floor Tile,Ceramic 60x60,Lecico,Ceramic,,Low,196,m2,Area_m2,1.0,Bedrooms,False
P004074,Flooring,Floor Tile,Ceramic 60x60,Gemma,Ceramic,,High,172,m2,Area_m2,1.0,Bedrooms,False
P004075,Flooring,Floor Tile,Porcelain 60x120,Royal Ceramica,Porcelain,,Low,528,m2,Area_m2,1.0,Reception,False
P004076,Flooring,Floor Tile,Porcelain 60x120,Royal Ceramica,Porcelain,,Medium,670,m2,Area_m2,1.0,Reception,False
P004077,Flooring,Floor Tile,Porcelain 60x120,Gemma,Porcelain,,High,584,m2,Area_m2,1.0,Reception,False
P004078,Flooring,Floor Tile,Porcelain 60x120,Ceramica Cleopatra,Porcelain,,High,679,m2,Area_m2,1.0,Reception,False
P004079,Flooring,Floor Tile,Ceramic 60x60,Royal Ceramica,Ceramic,,Low,235,m2,Area_m2,1.0,Bedrooms,False
P004080,Flooring,Floor Tile,Porcelain 60x120,Royal Ceramica,Porcelain,,Medium,724,m2,Area_m2,1.0,Reception,False
P004081,Flooring,Floor Tile,Ceramic 60x60,Royal Ceramica,Ceramic,,High,221,m2,Area_m2,1.0,Bedrooms,False
P004082,Flooring,Floor Tile,Porcelain 60x120,Royal Ceramica,Porcelain,,High,694,m2,Area_m2,1.0,Reception,False
P004083,Flooring,Floor Tile,Ceramic 60x60,Royal Ceramica,Ceramic,,High,221,m2,Area_m2,1.0,Bedrooms,False
P004084,Flooring,Floor Tile,Porcelain 60x120,Gemma,Porcelain,,Medium,460,m2,Area_m2,1.0,Reception,False
P004085,Flooring,Floor Tile,Ceramic 60x60,Lecico,Ceramic,,Medium,279,m2,Area_m2,1.0,Bedrooms,False
P004086,Flooring,Floor Tile,Porcelain 60x120,Alfa Ceramic,Porcelain,,Low,540,m2,Area_m2,1.0,Reception,False
P004087,Flooring,Floor Tile,Ceramic 60x60,Royal Ceramica,Ceramic,,Low,221,m2,Area_m2,1.0,Bedrooms,False
P004088,Flooring,Floor Tile,Ceramic 60x60,Gemma,Ceramic,,Low,233,m2,Area_m2,1.0,Bedrooms,False
P004089,Flooring,Floor Tile,Ceramic 60x60,Ceramica Cleopatra,Ceramic,,High,371,m2,Area_m2,1.0,Bedrooms,False
P004090,Flooring,Floor Tile,Porcelain 60x120,Gemma,Porcelain,,High,920,m2,Area_m2,1.0,Reception,False
P004091,Flooring,Floor Tile,Ceramic 60x60,Alfa Ceramic,Ceramic,,Medium,378,m2,Area_m2,1.0,Bedrooms,False
P004092,Flooring,Floor Tile,Porcelain 60x120,Alfa Ceramic,Porcelain,,Low,494,m2,Area_m2,1.0,Reception,False
P004093,Flooring,Floor Tile,Porcelain 60x120,Lecico,Porcelain,,High,917,m2,Area_m2,1.0,Reception,False
P004094,Flooring,Floor Tile,Porcelain 60x120,Royal Ceramica,Porcelain,,Medium,569,m2,Area_m2,1.0,Reception,False
P004095,Flooring,Floor Tile,Ceramic 60x60,Lecico,Ceramic,,High,281,m2,Area_m2,1.0,Bedrooms,False
P004096,Flooring,Floor Tile,Porcelain 60x120,Gemma,Porcelain,,High,769,m2,Area_m2,1.0,Reception,False
P004097,Flooring,Floor Tile,Porcelain 60x120,Royal Ceramica,Porcelain,,Low,607,m2,Area_m2,1.0,Reception,False
P004098,Flooring,Floor Tile,Porcelain 60x120,Ceramica Cleopatra,Porcelain,,Low,826,m2,Area_m2,1.0,Reception,False
P004099,Flooring,Floor Tile,Ceramic 60x60,Gemma,Ceramic,,High,233,m2,Area_m2,1.0,Bedrooms,False
P004100,Flooring,Floor Tile,Ceramic 60x60,Alfa Ceramic,Ceramic,,Low,262,m2,Area_m2,1.0,Bedrooms,False
P004101,Flooring,Floor Tile,Porcelain 60x120,Royal Ceramica,Porcelain,,High,676,m2,Area_m2,1.0,Reception,False
P004102,Flooring,Floor Tile,Porcelain 60x120,Gemma,Porcelain,,Low,576,m2,Area_m2,1.0,Reception,False
P004103,Flooring,Floor Tile,Ceramic 60x60,Gemma,Ceramic,,High,286,m2,Area_m2,1.0,Bedrooms,False
P004104,Flooring,Floor Tile,Porcelain 60x120,Gemma,Porcelain,,High,681,m2,Area_m2,1.0,Reception,False
P004105,Flooring,Floor Tile,Porcelain 60x120,Gemma,Porcelain,,High,660,m2,Area_m2,1.0,Reception,False
P004106,Flooring,Floor Tile,Porcelain 60x120,Alfa Ceramic,Porcelain,,High,772,m2,Area_m2,1.0,Reception,False
P004107,Flooring,Floor Tile,Ceramic 60x60,Gemma,Ceramic,,Medium,211,m2,Area_m2,1.0,Bedrooms,False
P004108,Flooring,Floor Tile,Porcelain 60x120,Alfa Ceramic,Porcelain,,High,443,m2,Area_m2,1.0,Reception,False
P004109,Flooring,Floor Tile,Ceramic 60x60,Gemma,Ceramic,,Low,211,m2,Area_m2,1.0,Bedrooms,False
P004110,Flooring,Floor Tile,Porcelain 60x120,Gemma,Porcelain,,High,731,m2,Area_m2,1.0,Reception,False
P004111,Flooring,Floor Tile,Porcelain 60x120,Alfa Ceramic,Porcelain,,Medium,600,m2,Area_m2,1.0,Reception,False
P004112,Flooring,Floor Tile,Porcelain 60x120,Lecico,Porcelain,,Medium,943,m2,Area_m2,1.0,Reception,False
P004113,Flooring,Floor Tile,Porcelain 60x120,Lecico,Porcelain,,Medium,728,m2,Area_m2,1.0,Reception,False
P004114,Flooring,Floor Tile,Ceramic 60x60,Gemma,Ceramic,,Low,358,m2,Area_m2,1.0,Bedrooms,False
P004115,Flooring,Floor Tile,Porcelain 60x120,Royal Ceramica,Porcelain,,Low,811,m2,Area_m2,1.0,Reception,False
P004116,Flooring,Floor Tile,Porcelain 60x120,Ceramica Cleopatra,Porcelain,,High,826,m2,Area_m2,1.0,Reception,False
P004117,Flooring,Floor Tile,Ceramic 60x60,Ceramica Cleopatra,Ceramic,,Low,268,m2,Area_m2,1.0,Bedrooms,False
P004118,Flooring,Floor Tile,Porcelain 60x120,Alfa Ceramic,Porcelain,,Medium,555,m2,Area_m2,1.0,Reception,False
P004119,Flooring,Floor Tile,Porcelain 60x120,Alfa Ceramic,Porcelain,,Medium,660,m2,Area_m2,1.0,Reception,False
P004120,Flooring,Floor Tile,Porcelain 60x120,Ceramica Cleopatra,Porcelain,,High,770,m2,Area_m2,1.0,Reception,False
P004121,Flooring,Floor Tile,Porcelain 60x120,Gemma,Porcelain,,High,821,m2,Area_m2,1.0,Reception,False
P004122,Flooring,Floor Tile,Porcelain 60x120,Royal Ceramica,Porcelain,,Low,748,m2,Area_m2,1.0,Reception,False
P004123,Flooring,Floor Tile,Porcelain 60x120,Alfa Ceramic,Porcelain,,Medium,657,m2,Area_m2,1.0,Reception,False
P004124,Flooring,Floor Tile,Porcelain 60x120,Royal Ceramica,Porcelain,,High,633,m2,Area_m2,1.0,Reception,False
P004125,Flooring,Floor Tile,Ceramic 60x60,Ceramica Cleopatra,Ceramic,,Low,174,m2,Area_m2,1.0,Bedrooms,False
P004126,Flooring,Floor Tile,Porcelain 60x120,Ceramica Cleopatra,Porcelain,,Medium,844,m2,Area_m2,1.0,Reception,False
P004127,Flooring,Floor Tile,Ceramic 60x60,Royal Ceramica,Ceramic,,Low,221,m2,Area_m2,1.0,Bedrooms,False
P004128,Flooring,Floor Tile,Ceramic 60x60,Gemma,Ceramic,,Medium,284,m2,Area_m2,1.0,Bedrooms,False
P004129,Flooring,Floor Tile,Ceramic 60x60,Lecico,Ceramic,,High,270,m2,Area_m2,1.0,Bedrooms,False
P004130,Flooring,Floor Tile,Ceramic 60x60,Lecico,Ceramic,,Medium,303,m2,Area_m2,1.0,Bedrooms,False
P004131,Flooring,Floor Tile,Porcelain 60x120,Ceramica Cleopatra,Porcelain,,Medium,679,m2,Area_m2,1.0,Reception,False
P004132,Flooring,Floor Tile,Porcelain 60x120,Alfa Ceramic,Porcelain,,Medium,525,m2,Area_m2,1.0,Reception,False
P004133,Flooring,Floor Tile,Porcelain 60x120,Alfa Ceramic,Porcelain,,High,672,m2,Area_m2,1.0,Reception,False
P004134,Flooring,Floor Tile,Ceramic 60x60,Lecico,Ceramic,,High,298,m2,Area_m2,1.0,Bedrooms,False
P004135,Flooring,Floor Tile,Ceramic 60x60,Royal Ceramica,Ceramic,,Low,327,m2,Area_m2,1.0,Bedrooms,False
P004136,Flooring,Floor Tile,Porcelain 60x120,Alfa Ceramic,Porcelain,,High,612,m2,Area_m2,1.0,Reception,False
P004137,Flooring,Floor Tile,Porcelain 60x120,Lecico,Porcelain,,Medium,862,m2,Area_m2,1.0,Reception,False
P004138,Flooring,Floor Tile,Ceramic 60x60,Alfa Ceramic,Ceramic,,Medium,284,m2,Area_m2,1.0,Bedrooms,False
P004139,Flooring,Floor Tile,Porcelain 60x120,Gemma,Porcelain,,Low,766,m2,Area_m2,1.0,Reception,False
P004140,Flooring,Floor Tile,Ceramic 60x60,Gemma,Ceramic,,Medium,284,m2,Area_m2,1.0,Bedrooms,False
P004141,Flooring,Floor Tile,Porcelain 60x120,Alfa Ceramic,Porcelain,,High,906,m2,Area_m2,1.0,Reception,False
P004142,Flooring,Floor Tile,Porcelain 60x120,Royal Ceramica,Porcelain,,Low,531,m2,Area_m2,1.0,Reception,False
P004143,Flooring,Floor Tile,Ceramic 60x60,Royal Ceramica,Ceramic,,Medium,279,m2,Area_m2,1.0,Bedrooms,False
P004144,Flooring,Floor Tile,Porcelain 60x120,Royal Ceramica,Porcelain,,Low,811,m2,Area_m2,1.0,Reception,False
P004145,Flooring,Floor Tile,Porcelain 60x120,Royal Ceramica,Porcelain,,Medium,633,m2,Area_m2,1.0,Reception,False
P004146,Flooring,Floor Tile,Porcelain 60x120,Alfa Ceramic,Porcelain,,Medium,748,m2,Area_m2,1.0,Reception,False
P004147,Flooring,Floor Tile,Ceramic 60x60,Lecico,Ceramic,,Medium,219,m2,Area_m2,1.0,Bedrooms,False
P004148,Flooring,Floor Tile,Porcelain 60x120,Ceramica Cleopatra,Porcelain,,Medium,698,m2,Area_m2,1.0,Reception,False
P004149,Flooring,Floor Tile,Porcelain 60x120,Ceramica Cleopatra,Porcelain,,Medium,614,m2,Area_m2,1.0,Reception,False
P004150,Flooring,Floor Tile,Porcelain 60x120,Gemma,Porcelain,,Medium,835,m2,Area_m2,1.0,Reception,False
P004151,Flooring,Floor Tile,Porcelain 60x120,Royal Ceramica,Porcelain,,Low,497,m2,Area_m2,1.0,Reception,False
P004152,Flooring,Floor Tile,Ceramic 60x60,Alfa Ceramic,Ceramic,,High,247,m2,Area_m2,1.0,Bedrooms,False
P004153,Flooring,Floor Tile,Porcelain 60x120,Lecico,Porcelain,,High,554,m2,Area_m2,1.0,Reception,False
P004154,Flooring,Floor Tile,Porcelain 60x120,Lecico,Porcelain,,High,752,m2,Area_m2,1.0,Reception,False
P004155,Flooring,Floor Tile,Ceramic 60x60,Gemma,Ceramic,,Low,201,m2,Area_m2,1.0,Bedrooms,False
P004156,Flooring,Floor Tile,Porcelain 60x120,Ceramica Cleopatra,Porcelain,,High,488,m2,Area_m2,1.0,Reception,False
P004157,Flooring,Floor Tile,Porcelain 60x120,Gemma,Porcelain,,Low,819,m2,Area_m2,1.0,Reception,False
P004158,Flooring,Floor Tile,Porcelain 60x120,Gemma,Porcelain,,High,592,m2,Area_m2,1.0,Reception,False
P004159,Flooring,Floor Tile,Porcelain 60x120,Ceramica Cleopatra,Porcelain,,High,699,m2,Area_m2,1.0,Reception,False
P004160,Flooring,Floor Tile,Ceramic 60x60,Alfa Ceramic,Ceramic,,Low,191,m2,Area_m2,1.0,Bedrooms,False
P004161,Flooring,Floor Tile,Porcelain 60x120,Ceramica Cleopatra,Porcelain,,Medium,764,m2,Area_m2,1.0,Reception,False
P004162,Flooring,Floor Tile,Porcelain 60x120,Royal Ceramica,Porcelain,,High,845,m2,Area_m2,1.0,Reception,False
P004163,Flooring,Floor Tile,Ceramic 60x60,Ceramica Cleopatra,Ceramic,,Low,330,m2,Area_m2,1.0,Bedrooms,False
P004164,Flooring,Floor Tile,Porcelain 60x120,Lecico,Porcelain,,Medium,701,m2,Area_m2,1.0,Reception,False
P004165,Flooring,Floor Tile,Porcelain 60x120,Ceramica Cleopatra,Porcelain,,Low,516,m2,Area_m2,1.0,Reception,False
P004166,Flooring,Floor Tile,Porcelain 60x120,Gemma,Porcelain,,Low,766,m2,Area_m2,1.0,Reception,False
P004167,Flooring,Floor Tile,Porcelain 60x120,Lecico,Porcelain,,High,914,m2,Area_m2,1.0,Reception,False
P004168,Flooring,Floor Tile,Porcelain 60x120,Ceramica Cleopatra,Porcelain,,High,612,m2,Area_m2,1.0,Reception,False
P004169,Flooring,Floor Tile,Ceramic 60x60,Alfa Ceramic,Ceramic,,Low,287,m2,Area_m2,1.0,Bedrooms,False
P004170,Flooring,Floor Tile,Porcelain 60x120,Lecico,Porcelain,,Medium,831,m2,Area_m2,1.0,Reception,False
P004171,Flooring,Floor Tile,Porcelain 60x120,Royal Ceramica,Porcelain,,Medium,703,m2,Area_m2,1.0,Reception,False
P004172,Flooring,Floor Tile,Porcelain 60x120,Lecico,Porcelain,,Low,563,m2,Area_m2,1.0,Reception,False
P004173,Flooring,Floor Tile,Ceramic 60x60,Lecico,Ceramic,,High,244,m2,Area_m2,1.0,Bedrooms,False
P004174,Flooring,Floor Tile,Porcelain 60x120,Alfa Ceramic,Porcelain,,Medium,508,m2,Area_m2,1.0,Reception,False
P004175,Flooring,Floor Tile,Porcelain 60x120,Lecico,Porcelain,,Low,568,m2,Area_m2,1.0,Reception,False
P004176,Flooring,Floor Tile,Ceramic 60x60,Lecico,Ceramic,,Low,377,m2,Area_m2,1.0,Bedrooms,False
P004177,Flooring,Floor Tile,Ceramic 60x60,Gemma,Ceramic,,High,265,m2,Area_m2,1.0,Bedrooms,False
P004178,Flooring,Floor Tile,Porcelain 60x120,Gemma,Porcelain,,High,835,m2,Area_m2,1.0,Reception,False
P004179,Flooring,Floor Tile,Ceramic 60x60,Gemma,Ceramic,,Low,248,m2,Area_m2,1.0,Bedrooms,False
P004180,Flooring,Floor Tile,Porcelain 60x120,Gemma,Porcelain,,Medium,544,m2,Area_m2,1.0,Reception,False
P004181,Flooring,Floor Tile,Porcelain 60x120,Lecico,Porcelain,,High,730,m2,Area_m2,1.0,Reception,False
P004182,Flooring,Floor Tile,Ceramic 60x60,Royal Ceramica,Ceramic,,High,195,m2,Area_m2,1.0,Bedrooms,False
P004183,Flooring,Floor Tile,Porcelain 60x120,Royal Ceramica,Porcelain,,High,674,m2,Area_m2,1.0,Reception,False
P004184,Flooring,Floor Tile,Porcelain 60x120,Gemma,Porcelain,,Medium,576,m2,Area_m2,1.0,Reception,False
P004185,Flooring,Floor Tile,Ceramic 60x60,Lecico,Ceramic,,Medium,279,m2,Area_m2,1.0,Bedrooms,False
P004186,Flooring,Floor Tile,Ceramic 60x60,Gemma,Ceramic,,Low,313,m2,Area_m2,1.0,Bedrooms,False
P004187,Flooring,Floor Tile,Ceramic 60x60,Lecico,Ceramic,,High,334,m2,Area_m2,1.0,Bedrooms,False
P004188,Flooring,Floor Tile,Porcelain 60x120,Lecico,Porcelain,,Low,658,m2,Area_m2,1.0,Reception,False
P004189,Flooring,Floor Tile,Ceramic 60x60,Royal Ceramica,Ceramic,,Low,359,m2,Area_m2,1.0,Bedrooms,False
P004190,Flooring,Floor Tile,Porcelain 60x120,Gemma,Porcelain,,Low,876,m2,Area_m2,1.0,Reception,False
P004191,Flooring,Floor Tile,Porcelain 60x120,Lecico,Porcelain,,High,852,m2,Area_m2,1.0,Reception,False
P004192,Flooring,Floor Tile,Ceramic 60x60,Alfa Ceramic,Ceramic,,High,284,m2,Area_m2,1.0,Bedrooms,False
P004193,Flooring,Floor Tile,Porcelain 60x120,Royal Ceramica,Porcelain,,Low,793,m2,Area_m2,1.0,Reception,False
P004194,Flooring,Floor Tile,Porcelain 60x120,Ceramica Cleopatra,Porcelain,,Low,898,m2,Area_m2,1.0,Reception,False
P004195,Flooring,Floor Tile,Porcelain 60x120,Lecico,Porcelain,,Medium,568,m2,Area_m2,1.0,Reception,False
P004196,Flooring,Floor Tile,Ceramic 60x60,Gemma,Ceramic,,Low,272,m2,Area_m2,1.0,Bedrooms,False
P004197,Flooring,Floor Tile,Porcelain 60x120,Lecico,Porcelain,,Medium,730,m2,Area_m2,1.0,Reception,False
P004198,Flooring,Floor Tile,Porcelain 60x120,Alfa Ceramic,Porcelain,,High,778,m2,Area_m2,1.0,Reception,False
P004199,Flooring,Floor Tile,Ceramic 60x60,Royal Ceramica,Ceramic,,High,359,m2,Area_m2,1.0,Bedrooms,False
P004200,Flooring,Floor Tile,Porcelain 60x120,Ceramica Cleopatra,Porcelain,,High,572,m2,Area_m2,1.0,Reception,False
P004201,Flooring,Floor Tile,Porcelain 60x120,Royal Ceramica,Porcelain,,Low,689,m2,Area_m2,1.0,Reception,False
P004202,Flooring,Floor Tile,Ceramic 60x60,Gemma,Ceramic,,Low,261,m2,Area_m2,1.0,Bedrooms,False
P004203,Flooring,Floor Tile,Ceramic 60x60,Alfa Ceramic,Ceramic,,Medium,221,m2,Area_m2,1.0,Bedrooms,False
P004204,Flooring,Floor Tile,Porcelain 60x120,Royal Ceramica,Porcelain,,High,633,m2,Area_m2,1.0,Reception,False
P004205,Flooring,Floor Tile,Porcelain 60x120,Alfa Ceramic,Porcelain,,High,597,m2,Area_m2,1.0,Reception,False
P004206,Flooring,Floor Tile,Ceramic 60x60,Royal Ceramica,Ceramic,,High,230,m2,Area_m2,1.0,Bedrooms,False
P004207,Flooring,Floor Tile,Ceramic 60x60,Lecico,Ceramic,,Medium,357,m2,Area_m2,1.0,Bedrooms,False
P004208,Flooring,Floor Tile,Porcelain 60x120,Lecico,Porcelain,,High,728,m2,Area_m2,1.0,Reception,False
P004209,Flooring,Floor Tile,Ceramic 60x60,Alfa Ceramic,Ceramic,,Medium,272,m2,Area_m2,1.0,Bedrooms,False
P004210,Flooring,Floor Tile,Porcelain 60x120,Ceramica Cleopatra,Porcelain,,Low,469,m2,Area_m2,1.0,Reception,False
P004211,Flooring,Floor Tile,Ceramic 60x60,Lecico,Ceramic,,High,270,m2,Area_m2,1.0,Bedrooms,False
P004212,Flooring,Floor Tile,Ceramic 60x60,Ceramica Cleopatra,Ceramic,,High,245,m2,Area_m2,1.0,Bedrooms,False
P004213,Flooring,Floor Tile,Ceramic 60x60,Lecico,Ceramic,,Low,357,m2,Area_m2,1.0,Bedrooms,False
P004214,Flooring,Floor Tile,Porcelain 60x120,Royal Ceramica,Porcelain,,Low,707,m2,Area_m2,1.0,Reception,False
P004215,Flooring,Floor Tile,Porcelain 60x120,Gemma,Porcelain,,High,660,m2,Area_m2,1.0,Reception,False
P004216,Flooring,Floor Tile,Porcelain 60x120,Gemma,Porcelain,,Medium,856,m2,Area_m2,1.0,Reception,False
P004217,Flooring,Floor Tile,Porcelain 60x120,Royal Ceramica,Porcelain,,Low,751,m2,Area_m2,1.0,Reception,False
P004218,Flooring,Floor Tile,Ceramic 60x60,Royal Ceramica,Ceramic,,Low,355,m2,Area_m2,1.0,Bedrooms,False
P004219,Flooring,Floor Tile,Ceramic 60x60,Alfa Ceramic,Ceramic,,Medium,191,m2,Area_m2,1.0,Bedrooms,False
P004220,Flooring,Floor Tile,Ceramic 60x60,Ceramica Cleopatra,Ceramic,,Low,172,m2,Area_m2,1.0,Bedrooms,False
P004221,Flooring,Floor Tile,Ceramic 60x60,Alfa Ceramic,Ceramic,,Medium,204,m2,Area_m2,1.0,Bedrooms,False
P004222,Flooring,Floor Tile,Porcelain 60x120,Alfa Ceramic,Porcelain,,Medium,750,m2,Area_m2,1.0,Reception,False
P004223,Flooring,Floor Tile,Porcelain 60x120,Alfa Ceramic,Porcelain,,Low,906,m2,Area_m2,1.0,Reception,False
P004224,Flooring,Floor Tile,Ceramic 60x60,Royal Ceramica,Ceramic,,Medium,355,m2,Area_m2,1.0,Bedrooms,False
P004225,Flooring,Floor Tile,Ceramic 60x60,Royal Ceramica,Ceramic,,Medium,245,m2,Area_m2,1.0,Bedrooms,False
P004226,Flooring,Floor Tile,Porcelain 60x120,Lecico,Porcelain,,Medium,453,m2,Area_m2,1.0,Reception,False
P004227,Flooring,Floor Tile,Ceramic 60x60,Lecico,Ceramic,,High,239,m2,Area_m2,1.0,Bedrooms,False
P004228,Flooring,Floor Tile,Porcelain 60x120,Lecico,Porcelain,,Low,705,m2,Area_m2,1.0,Reception,False
P004229,Flooring,Floor Tile,Porcelain 60x120,Royal Ceramica,Porcelain,,Low,694,m2,Area_m2,1.0,Reception,False
P004230,Flooring,Floor Tile,Porcelain 60x120,Ceramica Cleopatra,Porcelain,,Low,574,m2,Area_m2,1.0,Reception,False
P004231,Flooring,Floor Tile,Porcelain 60x120,Ceramica Cleopatra,Porcelain,,High,488,m2,Area_m2,1.0,Reception,False
P004232,Flooring,Floor Tile,Porcelain 60x120,Lecico,Porcelain,,High,837,m2,Area_m2,1.0,Reception,False
P004233,Flooring,Floor Tile,Ceramic 60x60,Ceramica Cleopatra,Ceramic,,Medium,202,m2,Area_m2,1.0,Bedrooms,False
P004234,Flooring,Floor Tile,Ceramic 60x60,Ceramica Cleopatra,Ceramic,,Medium,172,m2,Area_m2,1.0,Bedrooms,False
P004235,Flooring,Floor Tile,Porcelain 60x120,Ceramica Cleopatra,Porcelain,,High,623,m2,Area_m2,1.0,Reception,False
P004236,Flooring,Floor Tile,Porcelain 60x120,Gemma,Porcelain,,High,596,m2,Area_m2,1.0,Reception,False
P004237,Flooring,Floor Tile,Porcelain 60x120,Alfa Ceramic,Porcelain,,High,460,m2,Area_m2,1.0,Reception,False
P004238,Flooring,Floor Tile,Porcelain 60x120,Ceramica Cleopatra,Porcelain,,Medium,808,m2,Area_m2,1.0,Reception,False
P004239,Flooring,Floor Tile,Porcelain 60x120,Gemma,Porcelain,,Low,576,m2,Area_m2,1.0,Reception,False
P004240,Flooring,Floor Tile,Ceramic 60x60,Alfa Ceramic,Ceramic,,High,283,m2,Area_m2,1.0,Bedrooms,False
P004241,Flooring,Floor Tile,Ceramic 60x60,Ceramica Cleopatra,Ceramic,,Low,202,m2,Area_m2,1.0,Bedrooms,False
P004242,Flooring,Floor Tile,Porcelain 60x120,Alfa Ceramic,Porcelain,,Low,427,m2,Area_m2,1.0,Reception,False
P004243,Flooring,Floor Tile,Porcelain 60x120,Alfa Ceramic,Porcelain,,High,858,m2,Area_m2,1.0,Reception,False
P004244,Flooring,Floor Tile,Ceramic 60x60,Lecico,Ceramic,,High,281,m2,Area_m2,1.0,Bedrooms,False
P004245,Flooring,Floor Tile,Ceramic 60x60,Alfa Ceramic,Ceramic,,High,232,m2,Area_m2,1.0,Bedrooms,False
P004246,Flooring,Floor Tile,Porcelain 60x120,Alfa Ceramic,Porcelain,,Medium,778,m2,Area_m2,1.0,Reception,False
P004247,Flooring,Floor Tile,Porcelain 60x120,Royal Ceramica,Porcelain,,High,569,m2,Area_m2,1.0,Reception,False
P004248,Flooring,Floor Tile,Porcelain 60x120,Royal Ceramica,Porcelain,,Low,707,m2,Area_m2,1.0,Reception,False
P004249,Flooring,Floor Tile,Porcelain 60x120,Lecico,Porcelain,,High,466,m2,Area_m2,1.0,Reception,False
P004250,Flooring,Floor Tile,Porcelain 60x120,Lecico,Porcelain,,Low,852,m2,Area_m2,1.0,Reception,False
P004251,Flooring,Floor Tile,Porcelain 60x120,Ceramica Cleopatra,Porcelain,,Medium,469,m2,Area_m2,1.0,Reception,False
P004252,Flooring,Floor Tile,Ceramic 60x60,Gemma,Ceramic,,High,172,m2,Area_m2,1.0,Bedrooms,False
P004253,Flooring,Floor Tile,Porcelain 60x120,Alfa Ceramic,Porcelain,,High,644,m2,Area_m2,1.0,Reception,False
P004254,Flooring,Floor Tile,Porcelain 60x120,Royal Ceramica,Porcelain,,Medium,446,m2,Area_m2,1.0,Reception,False
P004255,Flooring,Floor Tile,Ceramic 60x60,Ceramica Cleopatra,Ceramic,,Low,330,m2,Area_m2,1.0,Bedrooms,False
P004256,Flooring,Floor Tile,Porcelain 60x120,Ceramica Cleopatra,Porcelain,,High,727,m2,Area_m2,1.0,Reception,False
P004257,Flooring,Floor Tile,Porcelain 60x120,Royal Ceramica,Porcelain,,Medium,934,m2,Area_m2,1.0,Reception,False
P004258,Flooring,Floor Tile,Porcelain 60x120,Gemma,Porcelain,,High,681,m2,Area_m2,1.0,Reception,False
P004259,Flooring,Floor Tile,Ceramic 60x60,Ceramica Cleopatra,Ceramic,,High,202,m2,Area_m2,1.0,Bedrooms,False
P004260,Flooring,Floor Tile,Ceramic 60x60,Ceramica Cleopatra,Ceramic,,High,339,m2,Area_m2,1.0,Bedrooms,False
P004261,Flooring,Floor Tile,Ceramic 60x60,Gemma,Ceramic,,High,371,m2,Area_m2,1.0,Bedrooms,False
P004262,Flooring,Floor Tile,Ceramic 60x60,Gemma,Ceramic,,Medium,355,m2,Area_m2,1.0,Bedrooms,False
P004263,Flooring,Floor Tile,Porcelain 60x120,Ceramica Cleopatra,Porcelain,,Low,488,m2,Area_m2,1.0,Reception,False
P004264,Flooring,Floor Tile,Ceramic 60x60,Alfa Ceramic,Ceramic,,Medium,218,m2,Area_m2,1.0,Bedrooms,False
P004265,Flooring,Floor Tile,Porcelain 60x120,Royal Ceramica,Porcelain,,Low,531,m2,Area_m2,1.0,Reception,False
P004266,Flooring,Floor Tile,Ceramic 60x60,Ceramica Cleopatra,Ceramic,,Low,334,m2,Area_m2,1.0,Bedrooms,False
P004267,Flooring,Floor Tile,Porcelain 60x120,Gemma,Porcelain,,Medium,836,m2,Area_m2,1.0,Reception,False
P004268,Flooring,Floor Tile,Porcelain 60x120,Gemma,Porcelain,,Low,528,m2,Area_m2,1.0,Reception,False
P004269,Flooring,Floor Tile,Porcelain 60x120,Alfa Ceramic,Porcelain,,Medium,757,m2,Area_m2,1.0,Reception,False
P004270,Flooring,Floor Tile,Ceramic 60x60,Lecico,Ceramic,,High,236,m2,Area_m2,1.0,Bedrooms,False
P004271,Flooring,Floor Tile,Porcelain 60x120,Lecico,Porcelain,,Low,914,m2,Area_m2,1.0,Reception,False
P004272,Flooring,Floor Tile,Ceramic 60x60,Alfa Ceramic,Ceramic,,High,240,m2,Area_m2,1.0,Bedrooms,False
P004273,Flooring,Floor Tile,Porcelain 60x120,Royal Ceramica,Porcelain,,High,844,m2,Area_m2,1.0,Reception,False
P004274,Flooring,Floor Tile,Porcelain 60x120,Alfa Ceramic,Porcelain,,Low,767,m2,Area_m2,1.0,Reception,False
P004275,Flooring,Floor Tile,Porcelain 60x120,Gemma,Porcelain,,Medium,769,m2,Area_m2,1.0,Reception,False
P004276,Flooring,Floor Tile,Porcelain 60x120,Royal Ceramica,Porcelain,,High,689,m2,Area_m2,1.0,Reception,False
P004277,Flooring,Floor Tile,Porcelain 60x120,Royal Ceramica,Porcelain,,Low,835,m2,Area_m2,1.0,Reception,False
P004278,Flooring,Floor Tile,Ceramic 60x60,Royal Ceramica,Ceramic,,High,310,m2,Area_m2,1.0,Bedrooms,False
P004279,Flooring,Floor Tile,Ceramic 60x60,Alfa Ceramic,Ceramic,,High,205,m2,Area_m2,1.0,Bedrooms,False
P004280,Flooring,Floor Tile,Ceramic 60x60,Gemma,Ceramic,,Medium,346,m2,Area_m2,1.0,Bedrooms,False
P004281,Flooring,Floor Tile,Porcelain 60x120,Ceramica Cleopatra,Porcelain,,High,720,m2,Area_m2,1.0,Reception,False
P004282,Flooring,Floor Tile,Ceramic 60x60,Alfa Ceramic,Ceramic,,Medium,248,m2,Area_m2,1.0,Bedrooms,False
P004283,Flooring,Floor Tile,Porcelain 60x120,Alfa Ceramic,Porcelain,,Low,683,m2,Area_m2,1.0,Reception,False
P004284,Flooring,Floor Tile,Ceramic 60x60,Gemma,Ceramic,,Medium,358,m2,Area_m2,1.0,Bedrooms,False
P004285,Flooring,Floor Tile,Porcelain 60x120,Gemma,Porcelain,,High,819,m2,Area_m2,1.0,Reception,False
P004286,Flooring,Floor Tile,Porcelain 60x120,Gemma,Porcelain,,Low,496,m2,Area_m2,1.0,Reception,False
P004287,Flooring,Floor Tile,Porcelain 60x120,Alfa Ceramic,Porcelain,,Low,702,m2,Area_m2,1.0,Reception,False
P004288,Flooring,Floor Tile,Porcelain 60x120,Alfa Ceramic,Porcelain,,High,750,m2,Area_m2,1.0,Reception,False
P004289,Flooring,Floor Tile,Ceramic 60x60,Lecico,Ceramic,,Medium,253,m2,Area_m2,1.0,Bedrooms,False
P004290,Flooring,Floor Tile,Porcelain 60x120,Lecico,Porcelain,,High,652,m2,Area_m2,1.0,Reception,False
P004291,Flooring,Floor Tile,Porcelain 60x120,Alfa Ceramic,Porcelain,,Low,702,m2,Area_m2,1.0,Reception,False
P004292,Flooring,Floor Tile,Porcelain 60x120,Lecico,Porcelain,,Medium,690,m2,Area_m2,1.0,Reception,False
P004293,Flooring,Floor Tile,Ceramic 60x60,Royal Ceramica,Ceramic,,High,235,m2,Area_m2,1.0,Bedrooms,False
P004294,Flooring,Floor Tile,Porcelain 60x120,Ceramica Cleopatra,Porcelain,,Low,904,m2,Area_m2,1.0,Reception,False
P004295,Flooring,Floor Tile,Porcelain 60x120,Lecico,Porcelain,,Low,600,m2,Area_m2,1.0,Reception,False
P004296,Flooring,Floor Tile,Ceramic 60x60,Gemma,Ceramic,,Low,233,m2,Area_m2,1.0,Bedrooms,False
P004297,Flooring,Floor Tile,Ceramic 60x60,Alfa Ceramic,Ceramic,,Medium,248,m2,Area_m2,1.0,Bedrooms,False
P004298,Flooring,Floor Tile,Porcelain 60x120,Lecico,Porcelain,,Medium,716,m2,Area_m2,1.0,Reception,False
P004299,Flooring,Floor Tile,Porcelain 60x120,Alfa Ceramic,Porcelain,,Low,553,m2,Area_m2,1.0,Reception,False
P004300,Flooring,Floor Tile,Porcelain 60x120,Royal Ceramica,Porcelain,,Medium,815,m2,Area_m2,1.0,Reception,False
P004301,Flooring,Floor Tile,Ceramic 60x60,Lecico,Ceramic,,Medium,328,m2,Area_m2,1.0,Bedrooms,False
P004302,Flooring,Floor Tile,Porcelain 60x120,Ceramica Cleopatra,Porcelain,,High,698,m2,Area_m2,1.0,Reception,False
P004303,Flooring,Floor Tile,Porcelain 60x120,Ceramica Cleopatra,Porcelain,,High,642,m2,Area_m2,1.0,Reception,False
P004304,Flooring,Floor Tile,Ceramic 60x60,Ceramica Cleopatra,Ceramic,,Medium,285,m2,Area_m2,1.0,Bedrooms,False
P004305,Flooring,Floor Tile,Porcelain 60x120,Alfa Ceramic,Porcelain,,Medium,804,m2,Area_m2,1.0,Reception,False
P004306,Flooring,Floor Tile,Ceramic 60x60,Lecico,Ceramic,,High,267,m2,Area_m2,1.0,Bedrooms,False
P004307,Flooring,Floor Tile,Porcelain 60x120,Lecico,Porcelain,,Medium,690,m2,Area_m2,1.0,Reception,False
P004308,Flooring,Floor Tile,Ceramic 60x60,Gemma,Ceramic,,Low,306,m2,Area_m2,1.0,Bedrooms,False
P004309,Flooring,Floor Tile,Porcelain 60x120,Gemma,Porcelain,,Medium,438,m2,Area_m2,1.0,Reception,False
P004310,Flooring,Floor Tile,Porcelain 60x120,Gemma,Porcelain,,High,927,m2,Area_m2,1.0,Reception,False
P004311,Flooring,Floor Tile,Porcelain 60x120,Lecico,Porcelain,,Low,914,m2,Area_m2,1.0,Reception,False
P004312,Flooring,Floor Tile,Porcelain 60x120,Gemma,Porcelain,,Medium,466,m2,Area_m2,1.0,Reception,False
P004313,Flooring,Floor Tile,Porcelain 60x120,Royal Ceramica,Porcelain,,High,790,m2,Area_m2,1.0,Reception,False
P004314,Flooring,Floor Tile,Ceramic 60x60,Royal Ceramica,Ceramic,,Low,310,m2,Area_m2,1.0,Bedrooms,False
P004315,Flooring,Floor Tile,Porcelain 60x120,Alfa Ceramic,Porcelain,,Low,804,m2,Area_m2,1.0,Reception,False
P004316,Flooring,Floor Tile,Ceramic 60x60,Alfa Ceramic,Ceramic,,Low,262,m2,Area_m2,1.0,Bedrooms,False
P004317,Flooring,Floor Tile,Porcelain 60x120,Ceramica Cleopatra,Porcelain,,Low,900,m2,Area_m2,1.0,Reception,False
P004318,Flooring,Floor Tile,Ceramic 60x60,Alfa Ceramic,Ceramic,,Low,263,m2,Area_m2,1.0,Bedrooms,False
P004319,Flooring,Floor Tile,Porcelain 60x120,Lecico,Porcelain,,High,737,m2,Area_m2,1.0,Reception,False
P004320,Flooring,Floor Tile,Porcelain 60x120,Ceramica Cleopatra,Porcelain,,Medium,552,m2,Area_m2,1.0,Reception,False
P004321,Flooring,Floor Tile,Porcelain 60x120,Royal Ceramica,Porcelain,,High,569,m2,Area_m2,1.0,Reception,False
P004322,Flooring,Floor Tile,Ceramic 60x60,Gemma,Ceramic,,Medium,280,m2,Area_m2,1.0,Bedrooms,False
P004323,Flooring,Floor Tile,Ceramic 60x60,Alfa Ceramic,Ceramic,,Medium,218,m2,Area_m2,1.0,Bedrooms,False
P004324,Flooring,Floor Tile,Porcelain 60x120,Royal Ceramica,Porcelain,,High,645,m2,Area_m2,1.0,Reception,False
P004325,Flooring,Floor Tile,Ceramic 60x60,Royal Ceramica,Ceramic,,Low,258,m2,Area_m2,1.0,Bedrooms,False
P004326,Flooring,Floor Tile,Porcelain 60x120,Alfa Ceramic,Porcelain,,Medium,885,m2,Area_m2,1.0,Reception,False
P004327,Flooring,Floor Tile,Ceramic 60x60,Lecico,Ceramic,,Low,328,m2,Area_m2,1.0,Bedrooms,False
P004328,Flooring,Floor Tile,Ceramic 60x60,Royal Ceramica,Ceramic,,Low,299,m2,Area_m2,1.0,Bedrooms,False
P004329,Flooring,Floor Tile,Porcelain 60x120,Gemma,Porcelain,,Low,600,m2,Area_m2,1.0,Reception,False
P004330,Flooring,Floor Tile,Ceramic 60x60,Ceramica Cleopatra,Ceramic,,Low,232,m2,Area_m2,1.0,Bedrooms,False
P004331,Flooring,Floor Tile,Ceramic 60x60,Alfa Ceramic,Ceramic,,Medium,191,m2,Area_m2,1.0,Bedrooms,False
P004332,Flooring,Floor Tile,Ceramic 60x60,Royal Ceramica,Ceramic,,High,235,m2,Area_m2,1.0,Bedrooms,False
P004333,Flooring,Floor Tile,Porcelain 60x120,Alfa Ceramic,Porcelain,,Medium,650,m2,Area_m2,1.0,Reception,False
P004334,Flooring,Floor Tile,Ceramic 60x60,Royal Ceramica,Ceramic,,Medium,258,m2,Area_m2,1.0,Bedrooms,False
P004335,Flooring,Floor Tile,Ceramic 60x60,Lecico,Ceramic,,High,360,m2,Area_m2,1.0,Bedrooms,False
P004336,Flooring,Floor Tile,Porcelain 60x120,Gemma,Porcelain,,Medium,544,m2,Area_m2,1.0,Reception,False
P004337,Flooring,Floor Tile,Ceramic 60x60,Alfa Ceramic,Ceramic,,Low,317,m2,Area_m2,1.0,Bedrooms,False
P004338,Flooring,Floor Tile,Ceramic 60x60,Gemma,Ceramic,,High,179,m2,Area_m2,1.0,Bedrooms,False
P004339,Flooring,Floor Tile,Porcelain 60x120,Gemma,Porcelain,,High,890,m2,Area_m2,1.0,Reception,False
P004340,Flooring,Floor Tile,Porcelain 60x120,Lecico,Porcelain,,High,456,m2,Area_m2,1.0,Reception,False
P004341,Flooring,Floor Tile,Porcelain 60x120,Lecico,Porcelain,,Medium,550,m2,Area_m2,1.0,Reception,False
P004342,Flooring,Floor Tile,Ceramic 60x60,Ceramica Cleopatra,Ceramic,,Medium,285,m2,Area_m2,1.0,Bedrooms,False
P004343,Flooring,Floor Tile,Porcelain 60x120,Gemma,Porcelain,,Medium,534,m2,Area_m2,1.0,Reception,False
P004344,Flooring,Floor Tile,Porcelain 60x120,Gemma,Porcelain,,Medium,836,m2,Area_m2,1.0,Reception,False
P004345,Flooring,Floor Tile,Ceramic 60x60,Royal Ceramica,Ceramic,,Medium,310,m2,Area_m2,1.0,Bedrooms,False
P004346,Flooring,Floor Tile,Porcelain 60x120,Gemma,Porcelain,,High,440,m2,Area_m2,1.0,Reception,False
P004347,Flooring,Floor Tile,Porcelain 60x120,Royal Ceramica,Porcelain,,Low,762,m2,Area_m2,1.0,Reception,False
P004348,Flooring,Floor Tile,Porcelain 60x120,Alfa Ceramic,Porcelain,,Low,748,m2,Area_m2,1.0,Reception,False
P004349,Flooring,Floor Tile,Porcelain 60x120,Gemma,Porcelain,,High,944,m2,Area_m2,1.0,Reception,False
P004350,Flooring,Floor Tile,Porcelain 60x120,Lecico,Porcelain,,Medium,652,m2,Area_m2,1.0,Reception,False
P004351,Flooring,Floor Tile,Porcelain 60x120,Lecico,Porcelain,,Medium,462,m2,Area_m2,1.0,Reception,False
P004352,Flooring,Floor Tile,Ceramic 60x60,Royal Ceramica,Ceramic,,Medium,258,m2,Area_m2,1.0,Bedrooms,False
P004353,Flooring,Floor Tile,Porcelain 60x120,Alfa Ceramic,Porcelain,,Medium,545,m2,Area_m2,1.0,Reception,False
P004354,Flooring,Floor Tile,Porcelain 60x120,Royal Ceramica,Porcelain,,Low,845,m2,Area_m2,1.0,Reception,False
P004355,Flooring,Floor Tile,Ceramic 60x60,Ceramica Cleopatra,Ceramic,,Medium,235,m2,Area_m2,1.0,Bedrooms,False
P004356,Flooring,Floor Tile,Porcelain 60x120,Alfa Ceramic,Porcelain,,Medium,906,m2,Area_m2,1.0,Reception,False
P004357,Flooring,Floor Tile,Ceramic 60x60,Lecico,Ceramic,,High,270,m2,Area_m2,1.0,Bedrooms,False
P004358,Flooring,Floor Tile,Porcelain 60x120,Royal Ceramica,Porcelain,,High,716,m2,Area_m2,1.0,Reception,False
P004359,Flooring,Floor Tile,Porcelain 60x120,Ceramica Cleopatra,Porcelain,,High,452,m2,Area_m2,1.0,Reception,False
P004360,Flooring,Floor Tile,Ceramic 60x60,Alfa Ceramic,Ceramic,,Medium,287,m2,Area_m2,1.0,Bedrooms,False
P004361,Flooring,Floor Tile,Porcelain 60x120,Gemma,Porcelain,,High,793,m2,Area_m2,1.0,Reception,False
P004362,Flooring,Floor Tile,Porcelain 60x120,Lecico,Porcelain,,Medium,667,m2,Area_m2,1.0,Reception,False
P004363,Flooring,Floor Tile,Porcelain 60x120,Royal Ceramica,Porcelain,,Low,645,m2,Area_m2,1.0,Reception,False
P004364,Flooring,Floor Tile,Porcelain 60x120,Ceramica Cleopatra,Porcelain,,Low,832,m2,Area_m2,1.0,Reception,False
P004365,Flooring,Floor Tile,Porcelain 60x120,Royal Ceramica,Porcelain,,Medium,782,m2,Area_m2,1.0,Reception,False
P004366,Flooring,Floor Tile,Ceramic 60x60,Alfa Ceramic,Ceramic,,Low,272,m2,Area_m2,1.0,Bedrooms,False
P004367,Flooring,Floor Tile,Ceramic 60x60,Royal Ceramica,Ceramic,,High,226,m2,Area_m2,1.0,Bedrooms,False
P004368,Flooring,Floor Tile,Porcelain 60x120,Royal Ceramica,Porcelain,,Low,768,m2,Area_m2,1.0,Reception,False
P004369,Flooring,Floor Tile,Porcelain 60x120,Royal Ceramica,Porcelain,,Low,748,m2,Area_m2,1.0,Reception,False
P004370,Flooring,Floor Tile,Porcelain 60x120,Royal Ceramica,Porcelain,,Medium,613,m2,Area_m2,1.0,Reception,False
P004371,Flooring,Floor Tile,Porcelain 60x120,Alfa Ceramic,Porcelain,,Low,508,m2,Area_m2,1.0,Reception,False
P004372,Flooring,Floor Tile,Ceramic 60x60,Gemma,Ceramic,,High,284,m2,Area_m2,1.0,Bedrooms,False
P004373,Flooring,Floor Tile,Porcelain 60x120,Gemma,Porcelain,,Medium,564,m2,Area_m2,1.0,Reception,False
P004374,Flooring,Floor Tile,Porcelain 60x120,Lecico,Porcelain,,High,837,m2,Area_m2,1.0,Reception,False
P004375,Flooring,Floor Tile,Ceramic 60x60,Ceramica Cleopatra,Ceramic,,High,232,m2,Area_m2,1.0,Bedrooms,False
P004376,Flooring,Floor Tile,Ceramic 60x60,Royal Ceramica,Ceramic,,Medium,327,m2,Area_m2,1.0,Bedrooms,False
P004377,Flooring,Floor Tile,Porcelain 60x120,Alfa Ceramic,Porcelain,,High,494,m2,Area_m2,1.0,Reception,False
P004378,Flooring,Floor Tile,Porcelain 60x120,Alfa Ceramic,Porcelain,,High,494,m2,Area_m2,1.0,Reception,False
P004379,Flooring,Floor Tile,Ceramic 60x60,Royal Ceramica,Ceramic,,High,264,m2,Area_m2,1.0,Bedrooms,False
P004380,Flooring,Floor Tile,Porcelain 60x120,Royal Ceramica,Porcelain,,Low,793,m2,Area_m2,1.0,Reception,False
P004381,Flooring,Floor Tile,Porcelain 60x120,Alfa Ceramic,Porcelain,,High,737,m2,Area_m2,1.0,Reception,False
P004382,Flooring,Floor Tile,Porcelain 60x120,Alfa Ceramic,Porcelain,,High,748,m2,Area_m2,1.0,Reception,False
P004383,Flooring,Floor Tile,Porcelain 60x120,Ceramica Cleopatra,Porcelain,,Low,469,m2,Area_m2,1.0,Reception,False
P004384,Flooring,Floor Tile,Porcelain 60x120,Lecico,Porcelain,,High,522,m2,Area_m2,1.0,Reception,False
P004385,Flooring,Floor Tile,Porcelain 60x120,Alfa Ceramic,Porcelain,,High,664,m2,Area_m2,1.0,Reception,False
P004386,Flooring,Floor Tile,Porcelain 60x120,Royal Ceramica,Porcelain,,High,843,m2,Area_m2,1.0,Reception,False
P004387,Flooring,Floor Tile,Porcelain 60x120,Royal Ceramica,Porcelain,,Medium,724,m2,Area_m2,1.0,Reception,False
P004388,Flooring,Floor Tile,Porcelain 60x120,Lecico,Porcelain,,High,550,m2,Area_m2,1.0,Reception,False
P004389,Flooring,Floor Tile,Ceramic 60x60,Gemma,Ceramic,,Low,172,m2,Area_m2,1.0,Bedrooms,False
P004390,Flooring,Floor Tile,Porcelain 60x120,Lecico,Porcelain,,Low,442,m2,Area_m2,1.0,Reception,False
P004391,Flooring,Floor Tile,Ceramic 60x60,Lecico,Ceramic,,Medium,346,m2,Area_m2,1.0,Bedrooms,False
P004392,Flooring,Floor Tile,Porcelain 60x120,Lecico,Porcelain,,Medium,781,m2,Area_m2,1.0,Reception,False
P004393,Flooring,Floor Tile,Porcelain 60x120,Gemma,Porcelain,,Low,920,m2,Area_m2,1.0,Reception,False
P004394,Flooring,Floor Tile,Ceramic 60x60,Royal Ceramica,Ceramic,,Medium,289,m2,Area_m2,1.0,Bedrooms,False
P004395,Flooring,Floor Tile,Porcelain 60x120,Ceramica Cleopatra,Porcelain,,High,734,m2,Area_m2,1.0,Reception,False
P004396,Flooring,Floor Tile,Porcelain 60x120,Alfa Ceramic,Porcelain,,High,804,m2,Area_m2,1.0,Reception,False
P004397,Flooring,Floor Tile,Porcelain 60x120,Alfa Ceramic,Porcelain,,Low,586,m2,Area_m2,1.0,Reception,False
P004398,Flooring,Floor Tile,Porcelain 60x120,Gemma,Porcelain,,Low,876,m2,Area_m2,1.0,Reception,False
P004399,Flooring,Floor Tile,Porcelain 60x120,Alfa Ceramic,Porcelain,,Low,676,m2,Area_m2,1.0,Reception,False
P004400,Flooring,Floor Tile,Ceramic 60x60,Royal Ceramica,Ceramic,,Low,179,m2,Area_m2,1.0,Bedrooms,False
P004401,Flooring,Floor Tile,Ceramic 60x60,Royal Ceramica,Ceramic,,High,226,m2,Area_m2,1.0,Bedrooms,False
P004402,Flooring,Floor Tile,Porcelain 60x120,Ceramica Cleopatra,Porcelain,,High,603,m2,Area_m2,1.0,Reception,False
P004403,Flooring,Floor Tile,Ceramic 60x60,Ceramica Cleopatra,Ceramic,,Low,245,m2,Area_m2,1.0,Bedrooms,False
P004404,Flooring,Floor Tile,Porcelain 60x120,Ceramica Cleopatra,Porcelain,,High,746,m2,Area_m2,1.0,Reception,False
P004405,Flooring,Floor Tile,Porcelain 60x120,Gemma,Porcelain,,High,660,m2,Area_m2,1.0,Reception,False
P004406,Flooring,Floor Tile,Porcelain 60x120,Gemma,Porcelain,,Low,927,m2,Area_m2,1.0,Reception,False
P004407,Flooring,Floor Tile,Porcelain 60x120,Gemma,Porcelain,,High,766,m2,Area_m2,1.0,Reception,False
P004408,Flooring,Floor Tile,Ceramic 60x60,Ceramica Cleopatra,Ceramic,,Medium,357,m2,Area_m2,1.0,Bedrooms,False
P004409,Flooring,Floor Tile,Porcelain 60x120,Gemma,Porcelain,,Medium,890,m2,Area_m2,1.0,Reception,False
P004410,Flooring,Floor Tile,Porcelain 60x120,Lecico,Porcelain,,Medium,672,m2,Area_m2,1.0,Reception,False
P004411,Flooring,Floor Tile,Ceramic 60x60,Alfa Ceramic,Ceramic,,Medium,354,m2,Area_m2,1.0,Bedrooms,False
P004412,Flooring,Floor Tile,Porcelain 60x120,Alfa Ceramic,Porcelain,,Low,593,m2,Area_m2,1.0,Reception,False
P004413,Flooring,Floor Tile,Porcelain 60x120,Alfa Ceramic,Porcelain,,High,654,m2,Area_m2,1.0,Reception,False
P004414,Flooring,Floor Tile,Porcelain 60x120,Lecico,Porcelain,,Medium,794,m2,Area_m2,1.0,Reception,False
P004415,Flooring,Floor Tile,Ceramic 60x60,Gemma,Ceramic,,Low,272,m2,Area_m2,1.0,Bedrooms,False
P004416,Flooring,Floor Tile,Ceramic 60x60,Gemma,Ceramic,,High,278,m2,Area_m2,1.0,Bedrooms,False
P004417,Flooring,Floor Tile,Porcelain 60x120,Royal Ceramica,Porcelain,,Low,934,m2,Area_m2,1.0,Reception,False
P004418,Flooring,Floor Tile,Porcelain 60x120,Alfa Ceramic,Porcelain,,Medium,460,m2,Area_m2,1.0,Reception,False
P004419,Flooring,Floor Tile,Porcelain 60x120,Ceramica Cleopatra,Porcelain,,Medium,574,m2,Area_m2,1.0,Reception,False
P004420,Flooring,Floor Tile,Porcelain 60x120,Alfa Ceramic,Porcelain,,High,683,m2,Area_m2,1.0,Reception,False
P004421,Flooring,Floor Tile,Porcelain 60x120,Lecico,Porcelain,,High,756,m2,Area_m2,1.0,Reception,False
P004422,Flooring,Floor Tile,Porcelain 60x120,Ceramica Cleopatra,Porcelain,,High,764,m2,Area_m2,1.0,Reception,False
P004423,Flooring,Floor Tile,Ceramic 60x60,Lecico,Ceramic,,Medium,244,m2,Area_m2,1.0,Bedrooms,False
P004424,Flooring,Floor Tile,Porcelain 60x120,Royal Ceramica,Porcelain,,Low,707,m2,Area_m2,1.0,Reception,False
P004425,Flooring,Floor Tile,Ceramic 60x60,Ceramica Cleopatra,Ceramic,,High,261,m2,Area_m2,1.0,Bedrooms,False
P004426,Flooring,Floor Tile,Porcelain 60x120,Alfa Ceramic,Porcelain,,Medium,427,m2,Area_m2,1.0,Reception,False
P004427,Flooring,Floor Tile,Porcelain 60x120,Alfa Ceramic,Porcelain,,Low,713,m2,Area_m2,1.0,Reception,False
P004428,Flooring,Floor Tile,Porcelain 60x120,Ceramica Cleopatra,Porcelain,,High,744,m2,Area_m2,1.0,Reception,False
P004429,Flooring,Floor Tile,Ceramic 60x60,Gemma,Ceramic,,Medium,265,m2,Area_m2,1.0,Bedrooms,False
P004430,Flooring,Floor Tile,Porcelain 60x120,Alfa Ceramic,Porcelain,,Low,427,m2,Area_m2,1.0,Reception,False
P004431,Flooring,Floor Tile,Porcelain 60x120,Gemma,Porcelain,,High,506,m2,Area_m2,1.0,Reception,False
P004432,Flooring,Floor Tile,Porcelain 60x120,Lecico,Porcelain,,Low,509,m2,Area_m2,1.0,Reception,False
P004433,Flooring,Floor Tile,Porcelain 60x120,Royal Ceramica,Porcelain,,Low,528,m2,Area_m2,1.0,Reception,False
P004434,Flooring,Floor Tile,Ceramic 60x60,Ceramica Cleopatra,Ceramic,,High,368,m2,Area_m2,1.0,Bedrooms,False
P004435,Flooring,Floor Tile,Porcelain 60x120,Gemma,Porcelain,,High,850,m2,Area_m2,1.0,Reception,False
P004436,Flooring,Floor Tile,Ceramic 60x60,Gemma,Ceramic,,Medium,201,m2,Area_m2,1.0,Bedrooms,False
P004437,Flooring,Floor Tile,Ceramic 60x60,Alfa Ceramic,Ceramic,,Medium,248,m2,Area_m2,1.0,Bedrooms,False
P004438,Flooring,Floor Tile,Porcelain 60x120,Royal Ceramica,Porcelain,,High,613,m2,Area_m2,1.0,Reception,False
P004439,Labor and Auxiliary,Paints Preparation Materials,Putty & Wall Preparation Materials,GLC / SCIB,Paints Preparation Materials,,Low,40,m2,Category_Specific,1.0,Paints,False
P004440,Labor and Auxiliary,Flooring Installation,Tile Installer Labor (Porcelain),Market Standard,Flooring Installation,,Low,180,m2,Category_Specific,1.0,Flooring,False
P004441,Labor and Auxiliary,Flooring Building Materials,Cement & Sand for Flooring,CEMEX / Building Standards,Flooring Building Materials,,Medium,65,m2,Category_Specific,1.0,Flooring,False
P004442,Labor and Auxiliary,Flooring Installation,Tile Installer Labor,Market Standard,Flooring Installation,,High,110,m2,Category_Specific,1.0,Flooring,False
P004443,Labor and Auxiliary,Plumbing Insulation,Bathroom WaterProofing Insulation,CMB / Sika,Plumbing Insulation,,High,2200,Bathroom,Category_Specific,1.0,Plumbing,False
P004444,Labor and Auxiliary,Paints Application,Painter Labor,Market Standard,Paints Application,,High,55,m2,Category_Specific,1.0,Paints,False
P004445,Labor and Auxiliary,Electrical Works,Electrician Labor (Basic + Finishing),Market Standard,Electrical Works,,Medium,1200,Room,Category_Specific,1.0,Electrical,False
P004446,Labor and Auxiliary,Plumbing Works,Plumber Labor (Basic + Sanitary),Market Standard,Plumbing Works,,Medium,4500,Bathroom,Category_Specific,1.0,Plumbing,False
P004447,Labor and Auxiliary,Flooring Building Materials,Tile Adhesive (Tile Mortar),Saveto / CMTV,Flooring Building Materials,,Low,45,m2,Category_Specific,1.0,Flooring,False
P004448,Paints,Interior,Interior Top Coat,Jotun,Top Coat,,Medium,95,Liter,Paintable_Area/Coverage,1.0,Walls,False
P004449,Paints,Interior,Interior Top Coat,GLC,Top Coat,,High,166,Liter,Paintable_Area/Coverage,1.0,Walls,False
P004450,Paints,Interior,Interior Top Coat,Sipes,Top Coat,,High,219,Liter,Paintable_Area/Coverage,1.0,Walls,False
P004451,Paints,Interior,Interior Top Coat,SCIB,Top Coat,,High,205,Liter,Paintable_Area/Coverage,1.0,Walls,False
P004452,Paints,Interior,Interior Top Coat,GLC,Top Coat,,High,171,Liter,Paintable_Area/Coverage,1.0,Walls,False
P004453,Paints,Interior,Interior Primer,Jotun,Primer,,Low,35,Liter,Paintable_Area/Coverage,1.0,Walls,False
P004454,Paints,Interior,Interior Primer,Sipes,Primer,,Low,52,Liter,Paintable_Area/Coverage,1.0,Walls,False
P004455,Paints,Interior,Interior Top Coat,Pachin,Top Coat,,Medium,123,Liter,Paintable_Area/Coverage,1.0,Walls,False
P004456,Paints,Interior,Interior Primer,GLC,Primer,,Low,40,Liter,Paintable_Area/Coverage,1.0,Walls,False
P004457,Paints,Interior,Interior Primer,SCIB,Primer,,Low,37,Liter,Paintable_Area/Coverage,1.0,Walls,False
P004458,Paints,Interior,Interior Top Coat,Sipes,Top Coat,,Medium,96,Liter,Paintable_Area/Coverage,1.0,Walls,False
P004459,Paints,Interior,Interior Top Coat,Pachin,Top Coat,,Medium,108,Liter,Paintable_Area/Coverage,1.0,Walls,False
P004460,Paints,Interior,Interior Primer,Sipes,Primer,,Low,50,Liter,Paintable_Area/Coverage,1.0,Walls,False
P004461,Paints,Interior,Interior Primer,GLC,Primer,,Low,46,Liter,Paintable_Area/Coverage,1.0,Walls,False
P004462,Paints,Interior,Interior Top Coat,Jotun,Top Coat,,High,183,Liter,Paintable_Area/Coverage,1.0,Walls,False
P004463,Paints,Interior,Interior Top Coat,Jotun,Top Coat,,Medium,139,Liter,Paintable_Area/Coverage,1.0,Walls,False
P004464,Paints,Interior,Interior Primer,SCIB,Primer,,Low,51,Liter,Paintable_Area/Coverage,1.0,Walls,False
P004465,Paints,Interior,Interior Top Coat,Sipes,Top Coat,,High,193,Liter,Paintable_Area/Coverage,1.0,Walls,False
P004466,Paints,Interior,Interior Top Coat,Sipes,Top Coat,,Medium,129,Liter,Paintable_Area/Coverage,1.0,Walls,False
P004467,Paints,Interior,Interior Primer,Pachin,Primer,,Low,45,Liter,Paintable_Area/Coverage,1.0,Walls,False
P004468,Paints,Interior,Interior Primer,GLC,Primer,,Medium,59,Liter,Paintable_Area/Coverage,1.0,Walls,False
P004469,Paints,Interior,Interior Primer,Sipes,Primer,,Low,56,Liter,Paintable_Area/Coverage,1.0,Walls,False
P004470,Paints,Interior,Interior Top Coat,GLC,Top Coat,,High,173,Liter,Paintable_Area/Coverage,1.0,Walls,False
P004471,Paints,Interior,Interior Primer,SCIB,Primer,,Low,44,Liter,Paintable_Area/Coverage,1.0,Walls,False
P004472,Paints,Interior,Interior Primer,GLC,Primer,,Low,53,Liter,Paintable_Area/Coverage,1.0,Walls,False
P004473,Paints,Interior,Interior Top Coat,SCIB,Top Coat,,Medium,147,Liter,Paintable_Area/Coverage,1.0,Walls,False
P004474,Paints,Interior,Interior Top Coat,SCIB,Top Coat,,High,215,Liter,Paintable_Area/Coverage,1.0,Walls,False
P004475,Paints,Interior,Interior Primer,SCIB,Primer,,Low,49,Liter,Paintable_Area/Coverage,1.0,Walls,False
P004476,Paints,Interior,Interior Primer,SCIB,Primer,,Low,56,Liter,Paintable_Area/Coverage,1.0,Walls,False
P004477,Paints,Interior,Interior Top Coat,SCIB,Top Coat,,Medium,111,Liter,Paintable_Area/Coverage,1.0,Walls,False
P004478,Paints,Interior,Interior Primer,GLC,Primer,,Low,36,Liter,Paintable_Area/Coverage,1.0,Walls,False
P004479,Paints,Interior,Interior Top Coat,Sipes,Top Coat,,Medium,116,Liter,Paintable_Area/Coverage,1.0,Walls,False
P004480,Paints,Interior,Interior Top Coat,Jotun,Top Coat,,High,186,Liter,Paintable_Area/Coverage,1.0,Walls,False
P004481,Paints,Interior,Interior Top Coat,Sipes,Top Coat,,High,190,Liter,Paintable_Area/Coverage,1.0,Walls,False
P004482,Paints,Interior,Interior Primer,Sipes,Primer,,Low,41,Liter,Paintable_Area/Coverage,1.0,Walls,False
P004483,Paints,Interior,Interior Top Coat,GLC,Top Coat,,Medium,97,Liter,Paintable_Area/Coverage,1.0,Walls,False
P004484,Paints,Interior,Interior Top Coat,GLC,Top Coat,,High,155,Liter,Paintable_Area/Coverage,1.0,Walls,False
P004485,Paints,Interior,Interior Top Coat,SCIB,Top Coat,,Medium,106,Liter,Paintable_Area/Coverage,1.0,Walls,False
P004486,Paints,Interior,Interior Primer,GLC,Primer,,Medium,57,Liter,Paintable_Area/Coverage,1.0,Walls,False
P004487,Paints,Interior,Interior Top Coat,Jotun,Top Coat,,Medium,146,Liter,Paintable_Area/Coverage,1.0,Walls,False
P004488,Paints,Interior,Interior Top Coat,Jotun,Top Coat,,Medium,113,Liter,Paintable_Area/Coverage,1.0,Walls,False
P004489,Paints,Interior,Interior Top Coat,Pachin,Top Coat,,Medium,131,Liter,Paintable_Area/Coverage,1.0,Walls,False
P004490,Paints,Interior,Interior Top Coat,GLC,Top Coat,,High,191,Liter,Paintable_Area/Coverage,1.0,Walls,False
P004491,Paints,Interior,Interior Primer,SCIB,Primer,,Low,50,Liter,Paintable_Area/Coverage,1.0,Walls,False
P004492,Paints,Interior,Interior Top Coat,Jotun,Top Coat,,Medium,107,Liter,Paintable_Area/Coverage,1.0,Walls,False
P004493,Paints,Interior,Interior Top Coat,SCIB,Top Coat,,High,177,Liter,Paintable_Area/Coverage,1.0,Walls,False
P004494,Paints,Interior,Interior Top Coat,Jotun,Top Coat,,Medium,134,Liter,Paintable_Area/Coverage,1.0,Walls,False
P004495,Paints,Interior,Interior Top Coat,SCIB,Top Coat,,Medium,125,Liter,Paintable_Area/Coverage,1.0,Walls,False
P004496,Paints,Interior,Interior Primer,SCIB,Primer,,Low,35,Liter,Paintable_Area/Coverage,1.0,Walls,False
P004497,Paints,Interior,Interior Primer,Jotun,Primer,,Low,41,Liter,Paintable_Area/Coverage,1.0,Walls,False
P004498,Paints,Interior,Interior Top Coat,GLC,Top Coat,,High,206,Liter,Paintable_Area/Coverage,1.0,Walls,False
P004499,Paints,Interior,Interior Top Coat,Pachin,Top Coat,,High,184,Liter,Paintable_Area/Coverage,1.0,Walls,False
P004500,Paints,Interior,Interior Top Coat,Jotun,Top Coat,,High,172,Liter,Paintable_Area/Coverage,1.0,Walls,False
P004501,Paints,Interior,Interior Top Coat,GLC,Top Coat,,High,165,Liter,Paintable_Area/Coverage,1.0,Walls,False
P004502,Paints,Interior,Interior Top Coat,Jotun,Top Coat,,High,159,Liter,Paintable_Area/Coverage,1.0,Walls,False
P004503,Paints,Interior,Interior Primer,SCIB,Primer,,Low,52,Liter,Paintable_Area/Coverage,1.0,Walls,False
P004504,Paints,Interior,Interior Primer,SCIB,Primer,,Low,43,Liter,Paintable_Area/Coverage,1.0,Walls,False
P004505,Paints,Interior,Interior Primer,Sipes,Primer,,Low,37,Liter,Paintable_Area/Coverage,1.0,Walls,False
P004506,Paints,Interior,Interior Top Coat,GLC,Top Coat,,High,185,Liter,Paintable_Area/Coverage,1.0,Walls,False
P004507,Paints,Interior,Interior Top Coat,SCIB,Top Coat,,Medium,145,Liter,Paintable_Area/Coverage,1.0,Walls,False
P004508,Paints,Interior,Interior Top Coat,SCIB,Top Coat,,Medium,105,Liter,Paintable_Area/Coverage,1.0,Walls,False
P004509,Paints,Interior,Interior Primer,Pachin,Primer,,Medium,57,Liter,Paintable_Area/Coverage,1.0,Walls,False
P004510,Paints,Interior,Interior Primer,SCIB,Primer,,Medium,57,Liter,Paintable_Area/Coverage,1.0,Walls,False
P004511,Paints,Interior,Interior Primer,Jotun,Primer,,Low,56,Liter,Paintable_Area/Coverage,1.0,Walls,False
P004512,Paints,Interior,Interior Top Coat,Sipes,Top Coat,,High,194,Liter,Paintable_Area/Coverage,1.0,Walls,False
P004513,Paints,Interior,Interior Top Coat,SCIB,Top Coat,,High,156,Liter,Paintable_Area/Coverage,1.0,Walls,False
P004514,Paints,Interior,Interior Primer,Pachin,Primer,,Low,51,Liter,Paintable_Area/Coverage,1.0,Walls,False
P004515,Paints,Interior,Interior Top Coat,GLC,Top Coat,,Medium,100,Liter,Paintable_Area/Coverage,1.0,Walls,False
P004516,Paints,Interior,Interior Top Coat,GLC,Top Coat,,High,175,Liter,Paintable_Area/Coverage,1.0,Walls,False
P004517,Paints,Interior,Interior Top Coat,Sipes,Top Coat,,Medium,115,Liter,Paintable_Area/Coverage,1.0,Walls,False
P004518,Paints,Interior,Interior Top Coat,SCIB,Top Coat,,High,195,Liter,Paintable_Area/Coverage,1.0,Walls,False
P004519,Paints,Interior,Interior Top Coat,Pachin,Top Coat,,High,208,Liter,Paintable_Area/Coverage,1.0,Walls,False
P004520,Paints,Interior,Interior Primer,SCIB,Primer,,Low,39,Liter,Paintable_Area/Coverage,1.0,Walls,False
P004521,Paints,Interior,Interior Primer,GLC,Primer,,Low,35,Liter,Paintable_Area/Coverage,1.0,Walls,False
P004522,Paints,Interior,Interior Primer,Pachin,Primer,,Low,46,Liter,Paintable_Area/Coverage,1.0,Walls,False
P004523,Paints,Interior,Interior Top Coat,GLC,Top Coat,,Medium,139,Liter,Paintable_Area/Coverage,1.0,Walls,False
P004524,Paints,Interior,Interior Primer,Sipes,Primer,,Low,47,Liter,Paintable_Area/Coverage,1.0,Walls,False
P004525,Paints,Interior,Interior Top Coat,GLC,Top Coat,,Medium,147,Liter,Paintable_Area/Coverage,1.0,Walls,False
P004526,Paints,Interior,Interior Primer,Sipes,Primer,,Low,45,Liter,Paintable_Area/Coverage,1.0,Walls,False
P004527,Paints,Interior,Interior Primer,Pachin,Primer,,Low,44,Liter,Paintable_Area/Coverage,1.0,Walls,False
P004528,Paints,Interior,Interior Top Coat,SCIB,Top Coat,,High,216,Liter,Paintable_Area/Coverage,1.0,Walls,False
P004529,Paints,Interior,Interior Top Coat,Pachin,Top Coat,,Medium,138,Liter,Paintable_Area/Coverage,1.0,Walls,False
P004530,Paints,Interior,Interior Primer,Pachin,Primer,,Medium,59,Liter,Paintable_Area/Coverage,1.0,Walls,False
P004531,Paints,Interior,Interior Top Coat,Pachin,Top Coat,,Medium,128,Liter,Paintable_Area/Coverage,1.0,Walls,False
P004532,Paints,Interior,Interior Top Coat,Pachin,Top Coat,,High,209,Liter,Paintable_Area/Coverage,1.0,Walls,False
P004533,Paints,Interior,Interior Primer,Jotun,Primer,,Medium,58,Liter,Paintable_Area/Coverage,1.0,Walls,False
P004534,Paints,Interior,Interior Top Coat,Jotun,Top Coat,,High,164,Liter,Paintable_Area/Coverage,1.0,Walls,False
P004535,Paints,Interior,Interior Top Coat,SCIB,Top Coat,,High,213,Liter,Paintable_Area/Coverage,1.0,Walls,False
P004536,Paints,Interior,Interior Top Coat,Jotun,Top Coat,,Medium,94,Liter,Paintable_Area/Coverage,1.0,Walls,False
P004537,Paints,Interior,Interior Top Coat,SCIB,Top Coat,,Medium,126,Liter,Paintable_Area/Coverage,1.0,Walls,False
P004538,Paints,Interior,Interior Top Coat,Sipes,Top Coat,,Medium,111,Liter,Paintable_Area/Coverage,1.0,Walls,False
P004539,Paints,Interior,Interior Primer,Jotun,Primer,,Low,48,Liter,Paintable_Area/Coverage,1.0,Walls,False
P004540,Paints,Interior,Interior Primer,GLC,Primer,,Low,45,Liter,Paintable_Area/Coverage,1.0,Walls,False
P004541,Paints,Interior,Interior Primer,Sipes,Primer,,Low,42,Liter,Paintable_Area/Coverage,1.0,Walls,False
P004542,Paints,Interior,Interior Top Coat,Sipes,Top Coat,,Medium,113,Liter,Paintable_Area/Coverage,1.0,Walls,False
P004543,Paints,Interior,Interior Primer,Pachin,Primer,,Low,49,Liter,Paintable_Area/Coverage,1.0,Walls,False
P004544,Paints,Interior,Interior Top Coat,Jotun,Top Coat,,High,173,Liter,Paintable_Area/Coverage,1.0,Walls,False
P004545,Paints,Interior,Interior Top Coat,Sipes,Top Coat,,High,160,Liter,Paintable_Area/Coverage,1.0,Walls,False
P004546,Paints,Interior,Interior Top Coat,Jotun,Top Coat,,High,162,Liter,Paintable_Area/Coverage,1.0,Walls,False
P004547,Paints,Interior,Interior Top Coat,Pachin,Top Coat,,Medium,113,Liter,Paintable_Area/Coverage,1.0,Walls,False
P004548,Paints,Interior,Interior Primer,GLC,Primer,,Low,55,Liter,Paintable_Area/Coverage,1.0,Walls,False
P004549,Paints,Interior,Interior Primer,Sipes,Primer,,Low,48,Liter,Paintable_Area/Coverage,1.0,Walls,False
P004550,Paints,Interior,Interior Top Coat,GLC,Top Coat,,High,186,Liter,Paintable_Area/Coverage,1.0,Walls,False
P004551,Paints,Interior,Interior Top Coat,SCIB,Top Coat,,Medium,91,Liter,Paintable_Area/Coverage,1.0,Walls,False
P004552,Paints,Interior,Interior Top Coat,Jotun,Top Coat,,Medium,105,Liter,Paintable_Area/Coverage,1.0,Walls,False
P004553,Paints,Interior,Interior Top Coat,Jotun,Top Coat,,High,216,Liter,Paintable_Area/Coverage,1.0,Walls,False
P004554,Paints,Interior,Interior Top Coat,Sipes,Top Coat,,Medium,124,Liter,Paintable_Area/Coverage,1.0,Walls,False
P004555,Paints,Interior,Interior Primer,Jotun,Primer,,Low,43,Liter,Paintable_Area/Coverage,1.0,Walls,False
P004556,Paints,Interior,Interior Primer,Jotun,Primer,,Low,39,Liter,Paintable_Area/Coverage,1.0,Walls,False
P004557,Paints,Interior,Interior Top Coat,Pachin,Top Coat,,High,190,Liter,Paintable_Area/Coverage,1.0,Walls,False
P004558,Paints,Interior,Interior Top Coat,Jotun,Top Coat,,High,214,Liter,Paintable_Area/Coverage,1.0,Walls,False
P004559,Paints,Interior,Interior Top Coat,Sipes,Top Coat,,Medium,131,Liter,Paintable_Area/Coverage,1.0,Walls,False
P004560,Paints,Interior,Interior Primer,SCIB,Primer,,Medium,58,Liter,Paintable_Area/Coverage,1.0,Walls,False
P004561,Paints,Interior,Interior Primer,GLC,Primer,,Low,56,Liter,Paintable_Area/Coverage,1.0,Walls,False
P004562,Paints,Interior,Interior Top Coat,Sipes,Top Coat,,Medium,102,Liter,Paintable_Area/Coverage,1.0,Walls,False
P004563,Paints,Interior,Interior Primer,Sipes,Primer,,Low,55,Liter,Paintable_Area/Coverage,1.0,Walls,False
P004564,Paints,Interior,Interior Top Coat,Pachin,Top Coat,,Medium,139,Liter,Paintable_Area/Coverage,1.0,Walls,False
P004565,Paints,Interior,Interior Primer,Jotun,Primer,,Low,49,Liter,Paintable_Area/Coverage,1.0,Walls,False
P004566,Paints,Interior,Interior Top Coat,GLC,Top Coat,,High,218,Liter,Paintable_Area/Coverage,1.0,Walls,False
P004567,Paints,Interior,Interior Top Coat,Pachin,Top Coat,,Medium,147,Liter,Paintable_Area/Coverage,1.0,Walls,False
P004568,Paints,Interior,Interior Top Coat,Pachin,Top Coat,,High,219,Liter,Paintable_Area/Coverage,1.0,Walls,False
P004569,Paints,Interior,Interior Top Coat,Sipes,Top Coat,,Medium,135,Liter,Paintable_Area/Coverage,1.0,Walls,False
P004570,Paints,Interior,Interior Primer,Pachin,Primer,,Low,35,Liter,Paintable_Area/Coverage,1.0,Walls,False
P004571,Paints,Interior,Interior Primer,Jotun,Primer,,Low,51,Liter,Paintable_Area/Coverage,1.0,Walls,False
P004572,Paints,Interior,Interior Top Coat,Pachin,Top Coat,,High,201,Liter,Paintable_Area/Coverage,1.0,Walls,False
P004573,Paints,Interior,Interior Primer,Jotun,Primer,,Low,50,Liter,Paintable_Area/Coverage,1.0,Walls,False
P004574,Paints,Interior,Interior Top Coat,Pachin,Top Coat,,High,166,Liter,Paintable_Area/Coverage,1.0,Walls,False
P004575,Paints,Interior,Interior Top Coat,GLC,Top Coat,,High,158,Liter,Paintable_Area/Coverage,1.0,Walls,False
P004576,Paints,Interior,Interior Top Coat,GLC,Top Coat,,Medium,146,Liter,Paintable_Area/Coverage,1.0,Walls,False
P004577,Paints,Interior,Interior Top Coat,Pachin,Top Coat,,High,204,Liter,Paintable_Area/Coverage,1.0,Walls,False
P004578,Paints,Interior,Interior Top Coat,Pachin,Top Coat,,High,213,Liter,Paintable_Area/Coverage,1.0,Walls,False
P004579,Paints,Interior,Interior Top Coat,Jotun,Top Coat,,High,217,Liter,Paintable_Area/Coverage,1.0,Walls,False
P004580,Paints,Interior,Interior Top Coat,Jotun,Top Coat,,High,190,Liter,Paintable_Area/Coverage,1.0,Walls,False
P004581,Paints,Interior,Interior Top Coat,Sipes,Top Coat,,Medium,119,Liter,Paintable_Area/Coverage,1.0,Walls,False
P004582,Paints,Interior,Interior Top Coat,Pachin,Top Coat,,High,163,Liter,Paintable_Area/Coverage,1.0,Walls,False
P004583,Paints,Interior,Interior Top Coat,Pachin,Top Coat,,High,171,Liter,Paintable_Area/Coverage,1.0,Walls,False
P004584,Paints,Interior,Interior Primer,GLC,Primer,,Low,52,Liter,Paintable_Area/Coverage,1.0,Walls,False
P004585,Paints,Interior,Interior Top Coat,Jotun,Top Coat,,Medium,143,Liter,Paintable_Area/Coverage,1.0,Walls,False
P004586,Paints,Interior,Interior Top Coat,SCIB,Top Coat,,High,218,Liter,Paintable_Area/Coverage,1.0,Walls,False
P004587,Paints,Interior,Interior Top Coat,Pachin,Top Coat,,High,216,Liter,Paintable_Area/Coverage,1.0,Walls,False
P004588,Paints,Interior,Interior Primer,Pachin,Primer,,Low,55,Liter,Paintable_Area/Coverage,1.0,Walls,False
P004589,Paints,Interior,Interior Top Coat,Sipes,Top Coat,,High,159,Liter,Paintable_Area/Coverage,1.0,Walls,False
P004590,Paints,Interior,Interior Top Coat,GLC,Top Coat,,High,163,Liter,Paintable_Area/Coverage,1.0,Walls,False
P004591,Paints,Interior,Interior Primer,Pachin,Primer,,Low,52,Liter,Paintable_Area/Coverage,1.0,Walls,False
P004592,Paints,Interior,Interior Top Coat,GLC,Top Coat,,Medium,112,Liter,Paintable_Area/Coverage,1.0,Walls,False
P004593,Paints,Interior,Interior Top Coat,SCIB,Top Coat,,High,174,Liter,Paintable_Area/Coverage,1.0,Walls,False
P004594,Paints,Interior,Interior Top Coat,Pachin,Top Coat,,High,148,Liter,Paintable_Area/Coverage,1.0,Walls,False
P004595,Paints,Interior,Interior Primer,Sipes,Primer,,Low,39,Liter,Paintable_Area/Coverage,1.0,Walls,False
P004596,Paints,Interior,Interior Top Coat,Sipes,Top Coat,,Medium,105,Liter,Paintable_Area/Coverage,1.0,Walls,False
P004597,Paints,Interior,Interior Top Coat,Sipes,Top Coat,,High,165,Liter,Paintable_Area/Coverage,1.0,Walls,False
P004598,Plumbing Basic,PVC Pipes,PVC Drain Pipe,Georg Fischer,PVC Pipes,,Medium,420,Piece,Per_Bathroom,2.0,Bathroom,False
P004599,Plumbing Basic,PPR Pipes,PPR Pipe,Aqua Technology,PPR Pipes,,Low,205,Piece,Per_Bathroom,6.0,Bathroom,False
P004600,Plumbing Basic,PPR Pipes,PPR Pipe,Aqua Technology,PPR Pipes,,Low,165,Piece,Per_Bathroom,6.0,Bathroom,False
P004601,Plumbing Basic,PVC Pipes,PVC Drain Pipe,El Sherif,PVC Pipes,,High,440,Piece,Per_Bathroom,2.0,Bathroom,False
P004602,Plumbing Basic,PVC Pipes,PVC Drain Pipe,Nile,PVC Pipes,,Medium,425,Piece,Per_Bathroom,2.0,Bathroom,False
P004603,Plumbing Basic,PVC Pipes,PVC Drain Pipe,UPONOR,PVC Pipes,,Medium,360,Piece,Per_Bathroom,2.0,Bathroom,False
P004604,Plumbing Basic,PVC Pipes,PVC Drain Pipe,UPONOR,PVC Pipes,,High,445,Piece,Per_Bathroom,2.0,Bathroom,False
P004605,Plumbing Basic,PVC Pipes,PVC Drain Pipe,El Sherif,PVC Pipes,,Medium,385,Piece,Per_Bathroom,2.0,Bathroom,False
P004606,Plumbing Basic,PPR Pipes,PPR Pipe,Aqua Technology,PPR Pipes,,Low,155,Piece,Per_Bathroom,6.0,Bathroom,False
P004607,Plumbing Basic,PVC Pipes,PVC Drain Pipe,El Sherif,PVC Pipes,,Medium,375,Piece,Per_Bathroom,2.0,Bathroom,False
P004608,Plumbing Basic,PVC Pipes,PVC Drain Pipe,Nile,PVC Pipes,,High,465,Piece,Per_Bathroom,2.0,Bathroom,False
P004609,Plumbing Basic,PPR Pipes,PPR Pipe,UPONOR,PPR Pipes,,Low,155,Piece,Per_Bathroom,6.0,Bathroom,False
P004610,Plumbing Basic,PVC Pipes,PVC Drain Pipe,Georg Fischer,PVC Pipes,,Medium,415,Piece,Per_Bathroom,2.0,Bathroom,False
P004611,Plumbing Basic,PVC Pipes,PVC Drain Pipe,Georg Fischer,PVC Pipes,,High,485,Piece,Per_Bathroom,2.0,Bathroom,False
P004612,Plumbing Basic,PPR Pipes,PPR Pipe,El Sherif,PPR Pipes,,Low,220,Piece,Per_Bathroom,6.0,Bathroom,False
P004613,Plumbing Basic,PVC Pipes,PVC Drain Pipe,Georg Fischer,PVC Pipes,,High,490,Piece,Per_Bathroom,2.0,Bathroom,False
P004614,Plumbing Basic,PVC Pipes,PVC Drain Pipe,Aqua Technology,PVC Pipes,,Medium,365,Piece,Per_Bathroom,2.0,Bathroom,False
P004615,Plumbing Basic,PPR Pipes,PPR Pipe,UPONOR,PPR Pipes,,Low,205,Piece,Per_Bathroom,6.0,Bathroom,False
P004616,Plumbing Basic,PVC Pipes,PVC Drain Pipe,UPONOR,PVC Pipes,,High,435,Piece,Per_Bathroom,2.0,Bathroom,False
P004617,Plumbing Basic,PVC Pipes,PVC Drain Pipe,UPONOR,PVC Pipes,,High,495,Piece,Per_Bathroom,2.0,Bathroom,False
P004618,Plumbing Basic,PVC Pipes,PVC Drain Pipe,Nile,PVC Pipes,,High,495,Piece,Per_Bathroom,2.0,Bathroom,False
P004619,Plumbing Basic,PPR Pipes,PPR Pipe,Nile,PPR Pipes,,Low,220,Piece,Per_Bathroom,6.0,Bathroom,False
P004620,Plumbing Basic,PVC Pipes,PVC Drain Pipe,UPONOR,PVC Pipes,,High,475,Piece,Per_Bathroom,2.0,Bathroom,False
P004621,Plumbing Basic,PVC Pipes,PVC Drain Pipe,Georg Fischer,PVC Pipes,,Medium,410,Piece,Per_Bathroom,2.0,Bathroom,False
P004622,Plumbing Basic,PVC Pipes,PVC Drain Pipe,Aqua Technology,PVC Pipes,,Medium,420,Piece,Per_Bathroom,2.0,Bathroom,False
P004623,Plumbing Basic,PVC Pipes,PVC Drain Pipe,UPONOR,PVC Pipes,,High,480,Piece,Per_Bathroom,2.0,Bathroom,False
P004624,Plumbing Basic,PPR Pipes,PPR Pipe,El Sherif,PPR Pipes,,Low,160,Piece,Per_Bathroom,6.0,Bathroom,False
P004625,Plumbing Basic,PVC Pipes,PVC Drain Pipe,El Sherif,PVC Pipes,,High,475,Piece,Per_Bathroom,2.0,Bathroom,False
P004626,Plumbing Basic,PVC Pipes,PVC Drain Pipe,Georg Fischer,PVC Pipes,,Medium,380,Piece,Per_Bathroom,2.0,Bathroom,False
P004627,Plumbing Basic,PVC Pipes,PVC Drain Pipe,Nile,PVC Pipes,,Medium,360,Piece,Per_Bathroom,2.0,Bathroom,False
P004628,Plumbing Basic,PVC Pipes,PVC Drain Pipe,Nile,PVC Pipes,,High,440,Piece,Per_Bathroom,2.0,Bathroom,False
P004629,Plumbing Basic,PPR Pipes,PPR Pipe,Georg Fischer,PPR Pipes,,Low,210,Piece,Per_Bathroom,6.0,Bathroom,False
P004630,Plumbing Basic,PVC Pipes,PVC Drain Pipe,Georg Fischer,PVC Pipes,,High,500,Piece,Per_Bathroom,2.0,Bathroom,False
P004631,Plumbing Basic,PVC Pipes,PVC Drain Pipe,UPONOR,PVC Pipes,,High,440,Piece,Per_Bathroom,2.0,Bathroom,False
P004632,Plumbing Basic,PPR Pipes,PPR Pipe,UPONOR,PPR Pipes,,Low,165,Piece,Per_Bathroom,6.0,Bathroom,False
P004633,Plumbing Basic,PPR Pipes,PPR Pipe,El Sherif,PPR Pipes,,Low,175,Piece,Per_Bathroom,6.0,Bathroom,False
P004634,Plumbing Basic,PVC Pipes,PVC Drain Pipe,Nile,PVC Pipes,,Medium,410,Piece,Per_Bathroom,2.0,Bathroom,False
P004635,Plumbing Basic,PVC Pipes,PVC Drain Pipe,Aqua Technology,PVC Pipes,,High,440,Piece,Per_Bathroom,2.0,Bathroom,False
P004636,Plumbing Basic,PVC Pipes,PVC Drain Pipe,El Sherif,PVC Pipes,,Medium,425,Piece,Per_Bathroom,2.0,Bathroom,False
P004637,Plumbing Basic,PVC Pipes,PVC Drain Pipe,Aqua Technology,PVC Pipes,,High,475,Piece,Per_Bathroom,2.0,Bathroom,False
P004638,Plumbing Basic,PVC Pipes,PVC Drain Pipe,Nile,PVC Pipes,,High,505,Piece,Per_Bathroom,2.0,Bathroom,False
P004639,Plumbing Basic,PVC Pipes,PVC Drain Pipe,Georg Fischer,PVC Pipes,,High,495,Piece,Per_Bathroom,2.0,Bathroom,False
P004640,Plumbing Basic,PVC Pipes,PVC Drain Pipe,El Sherif,PVC Pipes,,Medium,370,Piece,Per_Bathroom,2.0,Bathroom,False
P004641,Plumbing Basic,PPR Pipes,PPR Pipe,Aqua Technology,PPR Pipes,,Low,185,Piece,Per_Bathroom,6.0,Bathroom,False
P004642,Plumbing Basic,PVC Pipes,PVC Drain Pipe,UPONOR,PVC Pipes,,High,465,Piece,Per_Bathroom,2.0,Bathroom,False
P004643,Plumbing Basic,PVC Pipes,PVC Drain Pipe,Aqua Technology,PVC Pipes,,Medium,385,Piece,Per_Bathroom,2.0,Bathroom,False
P004644,Plumbing Basic,PVC Pipes,PVC Drain Pipe,Georg Fischer,PVC Pipes,,High,475,Piece,Per_Bathroom,2.0,Bathroom,False
P004645,Plumbing Basic,PPR Pipes,PPR Pipe,Georg Fischer,PPR Pipes,,Low,175,Piece,Per_Bathroom,6.0,Bathroom,False
P004646,Plumbing Basic,PVC Pipes,PVC Drain Pipe,Aqua Technology,PVC Pipes,,Medium,400,Piece,Per_Bathroom,2.0,Bathroom,False
P004647,Plumbing Basic,PPR Pipes,PPR Pipe,UPONOR,PPR Pipes,,Low,200,Piece,Per_Bathroom,6.0,Bathroom,False
P004648,Plumbing Basic,PVC Pipes,PVC Drain Pipe,Georg Fischer,PVC Pipes,,Medium,360,Piece,Per_Bathroom,2.0,Bathroom,False
P004649,Plumbing Basic,PVC Pipes,PVC Drain Pipe,UPONOR,PVC Pipes,,High,455,Piece,Per_Bathroom,2.0,Bathroom,False
P004650,Plumbing Basic,PVC Pipes,PVC Drain Pipe,UPONOR,PVC Pipes,,Medium,375,Piece,Per_Bathroom,2.0,Bathroom,False
P004651,Plumbing Basic,PVC Pipes,PVC Drain Pipe,Georg Fischer,PVC Pipes,,Medium,375,Piece,Per_Bathroom,2.0,Bathroom,False
P004652,Plumbing Basic,PVC Pipes,PVC Drain Pipe,Georg Fischer,PVC Pipes,,Low,355,Piece,Per_Bathroom,2.0,Bathroom,False
P004653,Plumbing Basic,PPR Pipes,PPR Pipe,Nile,PPR Pipes,,Low,165,Piece,Per_Bathroom,6.0,Bathroom,False
P004654,Plumbing Basic,PVC Pipes,PVC Drain Pipe,Nile,PVC Pipes,,Medium,405,Piece,Per_Bathroom,2.0,Bathroom,False
P004655,Plumbing Basic,PVC Pipes,PVC Drain Pipe,UPONOR,PVC Pipes,,Low,355,Piece,Per_Bathroom,2.0,Bathroom,False
P004656,Plumbing Basic,PPR Pipes,PPR Pipe,Georg Fischer,PPR Pipes,,Low,205,Piece,Per_Bathroom,6.0,Bathroom,False
P004657,Plumbing Basic,PPR Pipes,PPR Pipe,El Sherif,PPR Pipes,,Low,195,Piece,Per_Bathroom,6.0,Bathroom,False
P004658,Plumbing Basic,PPR Pipes,PPR Pipe,El Sherif,PPR Pipes,,Low,205,Piece,Per_Bathroom,6.0,Bathroom,False
P004659,Plumbing Basic,PVC Pipes,PVC Drain Pipe,El Sherif,PVC Pipes,,High,435,Piece,Per_Bathroom,2.0,Bathroom,False
P004660,Plumbing Basic,PVC Pipes,PVC Drain Pipe,Nile,PVC Pipes,,High,460,Piece,Per_Bathroom,2.0,Bathroom,False
P004661,Plumbing Basic,PVC Pipes,PVC Drain Pipe,UPONOR,PVC Pipes,,Medium,400,Piece,Per_Bathroom,2.0,Bathroom,False
P004662,Plumbing Basic,PVC Pipes,PVC Drain Pipe,El Sherif,PVC Pipes,,High,505,Piece,Per_Bathroom,2.0,Bathroom,False
P004663,Plumbing Basic,PVC Pipes,PVC Drain Pipe,UPONOR,PVC Pipes,,Medium,380,Piece,Per_Bathroom,2.0,Bathroom,False
P004664,Plumbing Basic,PPR Pipes,PPR Pipe,Nile,PPR Pipes,,Low,195,Piece,Per_Bathroom,6.0,Bathroom,False
P004665,Plumbing Basic,PPR Pipes,PPR Pipe,UPONOR,PPR Pipes,,Low,190,Piece,Per_Bathroom,6.0,Bathroom,False
P004666,Plumbing Basic,PPR Pipes,PPR Pipe,UPONOR,PPR Pipes,,Low,180,Piece,Per_Bathroom,6.0,Bathroom,False
P004667,Plumbing Basic,PPR Pipes,PPR Pipe,Nile,PPR Pipes,,Low,175,Piece,Per_Bathroom,6.0,Bathroom,False
P004668,Plumbing Basic,PVC Pipes,PVC Drain Pipe,Nile,PVC Pipes,,High,470,Piece,Per_Bathroom,2.0,Bathroom,False
P004669,Plumbing Basic,PPR Pipes,PPR Pipe,UPONOR,PPR Pipes,,Low,170,Piece,Per_Bathroom,6.0,Bathroom,False
P004670,Plumbing Basic,PVC Pipes,PVC Drain Pipe,Nile,PVC Pipes,,Low,355,Piece,Per_Bathroom,2.0,Bathroom,False
P004671,Plumbing Basic,PPR Pipes,PPR Pipe,Aqua Technology,PPR Pipes,,Low,195,Piece,Per_Bathroom,6.0,Bathroom,False
P004672,Plumbing Basic,PPR Pipes,PPR Pipe,Nile,PPR Pipes,,Low,160,Piece,Per_Bathroom,6.0,Bathroom,False
P004673,Plumbing Basic,PPR Pipes,PPR Pipe,Georg Fischer,PPR Pipes,,Low,180,Piece,Per_Bathroom,6.0,Bathroom,False
P004674,Plumbing Basic,PVC Pipes,PVC Drain Pipe,El Sherif,PVC Pipes,,Medium,405,Piece,Per_Bathroom,2.0,Bathroom,False
P004675,Plumbing Basic,PVC Pipes,PVC Drain Pipe,Georg Fischer,PVC Pipes,,Medium,425,Piece,Per_Bathroom,2.0,Bathroom,False
P004676,Plumbing Basic,PPR Pipes,PPR Pipe,Aqua Technology,PPR Pipes,,Low,200,Piece,Per_Bathroom,6.0,Bathroom,False
P004677,Plumbing Basic,PPR Pipes,PPR Pipe,Aqua Technology,PPR Pipes,,Low,180,Piece,Per_Bathroom,6.0,Bathroom,False
P004678,Plumbing Basic,PPR Pipes,PPR Pipe,Georg Fischer,PPR Pipes,,Low,190,Piece,Per_Bathroom,6.0,Bathroom,False
P004679,Plumbing Basic,PPR Pipes,PPR Pipe,El Sherif,PPR Pipes,,Low,165,Piece,Per_Bathroom,6.0,Bathroom,False
P004680,Plumbing Basic,PVC Pipes,PVC Drain Pipe,Aqua Technology,PVC Pipes,,High,460,Piece,Per_Bathroom,2.0,Bathroom,False
P004681,Plumbing Basic,PPR Pipes,PPR Pipe,Aqua Technology,PPR Pipes,,Low,220,Piece,Per_Bathroom,6.0,Bathroom,False
P004682,Plumbing Basic,PPR Pipes,PPR Pipe,UPONOR,PPR Pipes,,Low,150,Piece,Per_Bathroom,6.0,Bathroom,False
P004683,Plumbing Basic,PVC Pipes,PVC Drain Pipe,Nile,PVC Pipes,,High,490,Piece,Per_Bathroom,2.0,Bathroom,False
P004684,Plumbing Basic,PPR Pipes,PPR Pipe,El Sherif,PPR Pipes,,Low,170,Piece,Per_Bathroom,6.0,Bathroom,False
P004685,Plumbing Basic,PVC Pipes,PVC Drain Pipe,El Sherif,PVC Pipes,,Medium,410,Piece,Per_Bathroom,2.0,Bathroom,False
P004686,Plumbing Basic,PVC Pipes,PVC Drain Pipe,Georg Fischer,PVC Pipes,,High,445,Piece,Per_Bathroom,2.0,Bathroom,False
P004687,Plumbing Basic,PVC Pipes,PVC Drain Pipe,El Sherif,PVC Pipes,,High,465,Piece,Per_Bathroom,2.0,Bathroom,False
P004688,Plumbing Basic,PPR Pipes,PPR Pipe,Georg Fischer,PPR Pipes,,Low,215,Piece,Per_Bathroom,6.0,Bathroom,False
P004689,Plumbing Basic,PVC Pipes,PVC Drain Pipe,Nile,PVC Pipes,,Medium,430,Piece,Per_Bathroom,2.0,Bathroom,False
P004690,Plumbing Basic,PVC Pipes,PVC Drain Pipe,Nile,PVC Pipes,,Medium,420,Piece,Per_Bathroom,2.0,Bathroom,False
P004691,Plumbing Basic,PPR Pipes,PPR Pipe,El Sherif,PPR Pipes,,Low,190,Piece,Per_Bathroom,6.0,Bathroom,False
P004692,Plumbing Basic,PVC Pipes,PVC Drain Pipe,Aqua Technology,PVC Pipes,,High,470,Piece,Per_Bathroom,2.0,Bathroom,False
P004693,Plumbing Basic,PPR Pipes,PPR Pipe,Georg Fischer,PPR Pipes,,Low,170,Piece,Per_Bathroom,6.0,Bathroom,False
P004694,Plumbing Basic,PVC Pipes,PVC Drain Pipe,Aqua Technology,PVC Pipes,,High,435,Piece,Per_Bathroom,2.0,Bathroom,False
P004695,Plumbing Basic,PVC Pipes,PVC Drain Pipe,UPONOR,PVC Pipes,,Medium,420,Piece,Per_Bathroom,2.0,Bathroom,False
P004696,Plumbing Basic,PVC Pipes,PVC Drain Pipe,Aqua Technology,PVC Pipes,,Medium,395,Piece,Per_Bathroom,2.0,Bathroom,False
P004697,Plumbing Basic,PVC Pipes,PVC Drain Pipe,UPONOR,PVC Pipes,,High,490,Piece,Per_Bathroom,2.0,Bathroom,False
P004698,Plumbing Basic,PVC Pipes,PVC Drain Pipe,El Sherif,PVC Pipes,,High,495,Piece,Per_Bathroom,2.0,Bathroom,False
P004699,Plumbing Basic,PPR Pipes,PPR Pipe,Georg Fischer,PPR Pipes,,Low,185,Piece,Per_Bathroom,6.0,Bathroom,False
P004700,Plumbing Basic,PVC Pipes,PVC Drain Pipe,Aqua Technology,PVC Pipes,,Medium,390,Piece,Per_Bathroom,2.0,Bathroom,False
P004701,Plumbing Basic,PVC Pipes,PVC Drain Pipe,Aqua Technology,PVC Pipes,,Medium,405,Piece,Per_Bathroom,2.0,Bathroom,False
P004702,Plumbing Basic,PPR Pipes,PPR Pipe,El Sherif,PPR Pipes,,Low,210,Piece,Per_Bathroom,6.0,Bathroom,False
P004703,Plumbing Basic,PVC Pipes,PVC Drain Pipe,El Sherif,PVC Pipes,,High,485,Piece,Per_Bathroom,2.0,Bathroom,False
P004704,Plumbing Basic,PPR Pipes,PPR Pipe,Nile,PPR Pipes,,Low,215,Piece,Per_Bathroom,6.0,Bathroom,False
P004705,Plumbing Basic,PVC Pipes,PVC Drain Pipe,Nile,PVC Pipes,,Medium,365,Piece,Per_Bathroom,2.0,Bathroom,False
P004706,Plumbing Basic,PVC Pipes,PVC Drain Pipe,Georg Fischer,PVC Pipes,,High,450,Piece,Per_Bathroom,2.0,Bathroom,False
P004707,Plumbing Basic,PVC Pipes,PVC Drain Pipe,Aqua Technology,PVC Pipes,,High,450,Piece,Per_Bathroom,2.0,Bathroom,False
P004708,Plumbing Basic,PVC Pipes,PVC Drain Pipe,Aqua Technology,PVC Pipes,,Medium,380,Piece,Per_Bathroom,2.0,Bathroom,False
P004709,Plumbing Basic,PVC Pipes,PVC Drain Pipe,Nile,PVC Pipes,,Medium,400,Piece,Per_Bathroom,2.0,Bathroom,False
P004710,Plumbing Basic,PVC Pipes,PVC Drain Pipe,El Sherif,PVC Pipes,,Medium,380,Piece,Per_Bathroom,2.0,Bathroom,False
P004711,Plumbing Basic,PVC Pipes,PVC Drain Pipe,Nile,PVC Pipes,,High,455,Piece,Per_Bathroom,2.0,Bathroom,False
P004712,Plumbing Basic,PVC Pipes,PVC Drain Pipe,Nile,PVC Pipes,,High,445,Piece,Per_Bathroom,2.0,Bathroom,False
P004713,Plumbing Basic,PPR Pipes,PPR Pipe,Georg Fischer,PPR Pipes,,Low,165,Piece,Per_Bathroom,6.0,Bathroom,False
P004714,Plumbing Basic,PVC Pipes,PVC Drain Pipe,UPONOR,PVC Pipes,,Medium,395,Piece,Per_Bathroom,2.0,Bathroom,False
P004715,Plumbing Basic,PVC Pipes,PVC Drain Pipe,Aqua Technology,PVC Pipes,,High,500,Piece,Per_Bathroom,2.0,Bathroom,False
P004716,Plumbing Basic,PPR Pipes,PPR Pipe,Aqua Technology,PPR Pipes,,Low,190,Piece,Per_Bathroom,6.0,Bathroom,False
P004717,Plumbing Basic,PPR Pipes,PPR Pipe,UPONOR,PPR Pipes,,Low,210,Piece,Per_Bathroom,6.0,Bathroom,False
P004718,Plumbing Basic,PVC Pipes,PVC Drain Pipe,El Sherif,PVC Pipes,,High,490,Piece,Per_Bathroom,2.0,Bathroom,False
P004719,Plumbing Basic,PVC Pipes,PVC Drain Pipe,Nile,PVC Pipes,,Medium,380,Piece,Per_Bathroom,2.0,Bathroom,False
P004720,Plumbing Basic,PPR Pipes,PPR Pipe,UPONOR,PPR Pipes,,Low,195,Piece,Per_Bathroom,6.0,Bathroom,False
P004721,Plumbing Basic,PPR Pipes,PPR Pipe,El Sherif,PPR Pipes,,Low,185,Piece,Per_Bathroom,6.0,Bathroom,False
P004722,Plumbing Basic,PVC Pipes,PVC Drain Pipe,Aqua Technology,PVC Pipes,,Medium,410,Piece,Per_Bathroom,2.0,Bathroom,False
P004723,Plumbing Basic,PVC Pipes,PVC Drain Pipe,Nile,PVC Pipes,,High,485,Piece,Per_Bathroom,2.0,Bathroom,False
P004724,Plumbing Basic,PVC Pipes,PVC Drain Pipe,Aqua Technology,PVC Pipes,,Medium,370,Piece,Per_Bathroom,2.0,Bathroom,False
P004725,Plumbing Basic,PVC Pipes,PVC Drain Pipe,Georg Fischer,PVC Pipes,,Medium,365,Piece,Per_Bathroom,2.0,Bathroom,False
P004726,Plumbing Basic,PVC Pipes,PVC Drain Pipe,El Sherif,PVC Pipes,,Medium,430,Piece,Per_Bathroom,2.0,Bathroom,False
P004727,Plumbing Basic,PPR Pipes,PPR Pipe,Aqua Technology,PPR Pipes,,Low,215,Piece,Per_Bathroom,6.0,Bathroom,False
P004728,Plumbing Basic,PVC Pipes,PVC Drain Pipe,El Sherif,PVC Pipes,,High,455,Piece,Per_Bathroom,2.0,Bathroom,False
P004729,Plumbing Basic,PVC Pipes,PVC Drain Pipe,Georg Fischer,PVC Pipes,,Medium,395,Piece,Per_Bathroom,2.0,Bathroom,False
P004730,Plumbing Basic,PVC Pipes,PVC Drain Pipe,UPONOR,PVC Pipes,,Medium,430,Piece,Per_Bathroom,2.0,Bathroom,False
P004731,Plumbing Basic,PVC Pipes,PVC Drain Pipe,Georg Fischer,PVC Pipes,,Medium,400,Piece,Per_Bathroom,2.0,Bathroom,False
P004732,Plumbing Basic,PPR Pipes,PPR Pipe,UPONOR,PPR Pipes,,Low,220,Piece,Per_Bathroom,6.0,Bathroom,False
P004733,Plumbing Basic,PVC Pipes,PVC Drain Pipe,Aqua Technology,PVC Pipes,,Medium,415,Piece,Per_Bathroom,2.0,Bathroom,False
P004734,Plumbing Basic,PPR Pipes,PPR Pipe,UPONOR,PPR Pipes,,Low,160,Piece,Per_Bathroom,6.0,Bathroom,False
P004735,Plumbing Basic,PVC Pipes,PVC Drain Pipe,Aqua Technology,PVC Pipes,,Medium,375,Piece,Per_Bathroom,2.0,Bathroom,False
P004736,Plumbing Basic,PPR Pipes,PPR Pipe,Nile,PPR Pipes,,Low,155,Piece,Per_Bathroom,6.0,Bathroom,False
P004737,Plumbing Basic,PPR Pipes,PPR Pipe,Aqua Technology,PPR Pipes,,Low,175,Piece,Per_Bathroom,6.0,Bathroom,False
P004738,Plumbing Basic,PVC Pipes,PVC Drain Pipe,UPONOR,PVC Pipes,,Medium,390,Piece,Per_Bathroom,2.0,Bathroom,False
P004739,Plumbing Basic,PVC Pipes,PVC Drain Pipe,UPONOR,PVC Pipes,,Medium,410,Piece,Per_Bathroom,2.0,Bathroom,False
P004740,Plumbing Basic,PVC Pipes,PVC Drain Pipe,UPONOR,PVC Pipes,,High,485,Piece,Per_Bathroom,2.0,Bathroom,False
P004741,Plumbing Basic,PPR Pipes,PPR Pipe,El Sherif,PPR Pipes,,Low,215,Piece,Per_Bathroom,6.0,Bathroom,False
P004742,Plumbing Basic,PVC Pipes,PVC Drain Pipe,El Sherif,PVC Pipes,,Medium,400,Piece,Per_Bathroom,2.0,Bathroom,False
P004743,Plumbing Basic,PVC Pipes,PVC Drain Pipe,UPONOR,PVC Pipes,,Medium,370,Piece,Per_Bathroom,2.0,Bathroom,False
P004744,Plumbing Basic,PVC Pipes,PVC Drain Pipe,Georg Fischer,PVC Pipes,,High,455,Piece,Per_Bathroom,2.0,Bathroom,False
P004745,Plumbing Basic,PVC Pipes,PVC Drain Pipe,El Sherif,PVC Pipes,,High,450,Piece,Per_Bathroom,2.0,Bathroom,False
P004746,Plumbing Basic,PPR Pipes,PPR Pipe,Georg Fischer,PPR Pipes,,Low,220,Piece,Per_Bathroom,6.0,Bathroom,False
P004747,Plumbing Basic,PPR Pipes,PPR Pipe,Georg Fischer,PPR Pipes,,Low,160,Piece,Per_Bathroom,6.0,Bathroom,False
P004748,Plumbing Basic,PPR Pipes,PPR Pipe,El Sherif,PPR Pipes,,Low,200,Piece,Per_Bathroom,6.0,Bathroom,False
P004749,Plumbing Basic,PVC Pipes,PVC Drain Pipe,Nile,PVC Pipes,,Medium,395,Piece,Per_Bathroom,2.0,Bathroom,False
P004750,Plumbing Basic,PPR Pipes,PPR Pipe,Nile,PPR Pipes,,Low,200,Piece,Per_Bathroom,6.0,Bathroom,False
P004751,Plumbing Basic,PVC Pipes,PVC Drain Pipe,Aqua Technology,PVC Pipes,,High,495,Piece,Per_Bathroom,2.0,Bathroom,False
P004752,Plumbing Basic,PVC Pipes,PVC Drain Pipe,Georg Fischer,PVC Pipes,,Medium,430,Piece,Per_Bathroom,2.0,Bathroom,False
P004753,Plumbing Basic,PVC Pipes,PVC Drain Pipe,Aqua Technology,PVC Pipes,,High,485,Piece,Per_Bathroom,2.0,Bathroom,False
P004754,Plumbing Basic,PVC Pipes,PVC Drain Pipe,Aqua Technology,PVC Pipes,,High,465,Piece,Per_Bathroom,2.0,Bathroom,False
P004755,Plumbing Basic,PVC Pipes,PVC Drain Pipe,El Sherif,PVC Pipes,,Medium,420,Piece,Per_Bathroom,2.0,Bathroom,False
P004756,Plumbing Basic,PVC Pipes,PVC Drain Pipe,UPONOR,PVC Pipes,,High,505,Piece,Per_Bathroom,2.0,Bathroom,False
P004757,Plumbing Basic,PVC Pipes,PVC Drain Pipe,UPONOR,PVC Pipes,,Medium,405,Piece,Per_Bathroom,2.0,Bathroom,False
P004758,Plumbing Basic,PVC Pipes,PVC Drain Pipe,Georg Fischer,PVC Pipes,,High,470,Piece,Per_Bathroom,2.0,Bathroom,False
P004759,Plumbing Basic,PVC Pipes,PVC Drain Pipe,Aqua Technology,PVC Pipes,,High,480,Piece,Per_Bathroom,2.0,Bathroom,False
P004760,Plumbing Basic,PVC Pipes,PVC Drain Pipe,Aqua Technology,PVC Pipes,,Medium,360,Piece,Per_Bathroom,2.0,Bathroom,False
P004761,Plumbing Basic,PVC Pipes,PVC Drain Pipe,Nile,PVC Pipes,,Medium,390,Piece,Per_Bathroom,2.0,Bathroom,False
P004762,Plumbing Basic,PVC Pipes,PVC Drain Pipe,UPONOR,PVC Pipes,,Medium,425,Piece,Per_Bathroom,2.0,Bathroom,False
P004763,Plumbing Basic,PPR Pipes,PPR Pipe,Nile,PPR Pipes,,Low,205,Piece,Per_Bathroom,6.0,Bathroom,False
P004764,Plumbing Basic,PVC Pipes,PVC Drain Pipe,Nile,PVC Pipes,,Medium,370,Piece,Per_Bathroom,2.0,Bathroom,False
P004765,Plumbing Basic,PPR Pipes,PPR Pipe,Aqua Technology,PPR Pipes,,Low,210,Piece,Per_Bathroom,6.0,Bathroom,False
P004766,Plumbing Basic,PPR Pipes,PPR Pipe,UPONOR,PPR Pipes,,Low,175,Piece,Per_Bathroom,6.0,Bathroom,False
P004767,Plumbing Basic,PVC Pipes,PVC Drain Pipe,Georg Fischer,PVC Pipes,,High,480,Piece,Per_Bathroom,2.0,Bathroom,False
P004768,Plumbing Basic,PVC Pipes,PVC Drain Pipe,Aqua Technology,PVC Pipes,,Medium,425,Piece,Per_Bathroom,2.0,Bathroom,False
P004769,Plumbing Basic,PPR Pipes,PPR Pipe,Georg Fischer,PPR Pipes,,Low,200,Piece,Per_Bathroom,6.0,Bathroom,False
P004770,Plumbing Basic,PVC Pipes,PVC Drain Pipe,Nile,PVC Pipes,,High,475,Piece,Per_Bathroom,2.0,Bathroom,False
P004771,Plumbing Basic,PVC Pipes,PVC Drain Pipe,Georg Fischer,PVC Pipes,,High,440,Piece,Per_Bathroom,2.0,Bathroom,False
P004772,Plumbing Basic,PPR Pipes,PPR Pipe,Nile,PPR Pipes,,Low,190,Piece,Per_Bathroom,6.0,Bathroom,False
P004773,Plumbing Basic,PVC Pipes,PVC Drain Pipe,El Sherif,PVC Pipes,,High,470,Piece,Per_Bathroom,2.0,Bathroom,False
P004774,Plumbing Basic,PVC Pipes,PVC Drain Pipe,El Sherif,PVC Pipes,,High,445,Piece,Per_Bathroom,2.0,Bathroom,False
P004775,Plumbing Basic,PPR Pipes,PPR Pipe,UPONOR,PPR Pipes,,Low,185,Piece,Per_Bathroom,6.0,Bathroom,False
P004776,Plumbing Basic,PPR Pipes,PPR Pipe,Aqua Technology,PPR Pipes,,Low,170,Piece,Per_Bathroom,6.0,Bathroom,False
P004777,Plumbing Basic,PPR Pipes,PPR Pipe,El Sherif,PPR Pipes,,Low,155,Piece,Per_Bathroom,6.0,Bathroom,False
P004778,Plumbing Basic,PVC Pipes,PVC Drain Pipe,El Sherif,PVC Pipes,,Medium,415,Piece,Per_Bathroom,2.0,Bathroom,False
P004779,Plumbing Basic,PPR Pipes,PPR Pipe,UPONOR,PPR Pipes,,Low,215,Piece,Per_Bathroom,6.0,Bathroom,False
P004780,Plumbing Basic,PPR Pipes,PPR Pipe,Nile,PPR Pipes,,Low,150,Piece,Per_Bathroom,6.0,Bathroom,False
P004781,Plumbing Basic,PVC Pipes,PVC Drain Pipe,UPONOR,PVC Pipes,,High,450,Piece,Per_Bathroom,2.0,Bathroom,False
P004782,Plumbing Basic,PVC Pipes,PVC Drain Pipe,Aqua Technology,PVC Pipes,,High,490,Piece,Per_Bathroom,2.0,Bathroom,False
P004783,Plumbing Basic,PVC Pipes,PVC Drain Pipe,Georg Fischer,PVC Pipes,,Medium,370,Piece,Per_Bathroom,2.0,Bathroom,False
P004784,Plumbing Basic,PVC Pipes,PVC Drain Pipe,El Sherif,PVC Pipes,,Low,355,Piece,Per_Bathroom,2.0,Bathroom,False
P004785,Plumbing Basic,PVC Pipes,PVC Drain Pipe,UPONOR,PVC Pipes,,High,470,Piece,Per_Bathroom,2.0,Bathroom,False
P004786,Plumbing Basic,PPR Pipes,PPR Pipe,Georg Fischer,PPR Pipes,,Low,195,Piece,Per_Bathroom,6.0,Bathroom,False
P004787,Plumbing Basic,PVC Pipes,PVC Drain Pipe,Nile,PVC Pipes,,High,500,Piece,Per_Bathroom,2.0,Bathroom,False
P004788,Plumbing Basic,PVC Pipes,PVC Drain Pipe,Aqua Technology,PVC Pipes,,High,455,Piece,Per_Bathroom,2.0,Bathroom,False
P004789,Plumbing Basic,PVC Pipes,PVC Drain Pipe,Nile,PVC Pipes,,Medium,385,Piece,Per_Bathroom,2.0,Bathroom,False
P004790,Plumbing Basic,PVC Pipes,PVC Drain Pipe,UPONOR,PVC Pipes,,High,460,Piece,Per_Bathroom,2.0,Bathroom,False
P004791,Plumbing Basic,PVC Pipes,PVC Drain Pipe,UPONOR,PVC Pipes,,Medium,365,Piece,Per_Bathroom,2.0,Bathroom,False
P004792,Plumbing Basic,PVC Pipes,PVC Drain Pipe,Aqua Technology,PVC Pipes,,Medium,430,Piece,Per_Bathroom,2.0,Bathroom,False
P004793,Plumbing Basic,PPR Pipes,PPR Pipe,Georg Fischer,PPR Pipes,,Low,155,Piece,Per_Bathroom,6.0,Bathroom,False
P004794,Plumbing Basic,PVC Pipes,PVC Drain Pipe,El Sherif,PVC Pipes,,High,480,Piece,Per_Bathroom,2.0,Bathroom,False
P004795,Plumbing Basic,PPR Pipes,PPR Pipe,Nile,PPR Pipes,,Low,210,Piece,Per_Bathroom,6.0,Bathroom,False
P004796,Plumbing Basic,PVC Pipes,PVC Drain Pipe,Georg Fischer,PVC Pipes,,High,460,Piece,Per_Bathroom,2.0,Bathroom,False
P004797,Plumbing Basic,PVC Pipes,PVC Drain Pipe,Georg Fischer,PVC Pipes,,High,435,Piece,Per_Bathroom,2.0,Bathroom,False
P004798,Plumbing Basic,PPR Pipes,PPR Pipe,Nile,PPR Pipes,,Low,185,Piece,Per_Bathroom,6.0,Bathroom,False
P004799,Plumbing Basic,PVC Pipes,PVC Drain Pipe,El Sherif,PVC Pipes,,Medium,395,Piece,Per_Bathroom,2.0,Bathroom,False
P004800,Plumbing Basic,PVC Pipes,PVC Drain Pipe,El Sherif,PVC Pipes,,High,460,Piece,Per_Bathroom,2.0,Bathroom,False
P004801,Plumbing Basic,PPR Pipes,PPR Pipe,Aqua Technology,PPR Pipes,,Low,160,Piece,Per_Bathroom,6.0,Bathroom,False
P004802,Plumbing Basic,PVC Pipes,PVC Drain Pipe,Nile,PVC Pipes,,Medium,415,Piece,Per_Bathroom,2.0,Bathroom,False
P004803,Plumbing Basic,PVC Pipes,PVC Drain Pipe,Aqua Technology,PVC Pipes,,High,445,Piece,Per_Bathroom,2.0,Bathroom,False
P004804,Plumbing Basic,PVC Pipes,PVC Drain Pipe,Georg Fischer,PVC Pipes,,High,505,Piece,Per_Bathroom,2.0,Bathroom,False
P004805,Plumbing Basic,PVC Pipes,PVC Drain Pipe,El Sherif,PVC Pipes,,Medium,365,Piece,Per_Bathroom,2.0,Bathroom,False
P004806,Plumbing Basic,PVC Pipes,PVC Drain Pipe,UPONOR,PVC Pipes,,Medium,415,Piece,Per_Bathroom,2.0,Bathroom,False
P004807,Plumbing Basic,PVC Pipes,PVC Drain Pipe,El Sherif,PVC Pipes,,Medium,390,Piece,Per_Bathroom,2.0,Bathroom,False
P004808,Plumbing Basic,PVC Pipes,PVC Drain Pipe,El Sherif,PVC Pipes,,Medium,360,Piece,Per_Bathroom,2.0,Bathroom,False
P004809,Plumbing Basic,PVC Pipes,PVC Drain Pipe,Aqua Technology,PVC Pipes,,Low,355,Piece,Per_Bathroom,2.0,Bathroom,False
P004810,Plumbing Basic,PVC Pipes,PVC Drain Pipe,Nile,PVC Pipes,,High,450,Piece,Per_Bathroom,2.0,Bathroom,False
P004811,Plumbing Basic,PVC Pipes,PVC Drain Pipe,Nile,PVC Pipes,,High,480,Piece,Per_Bathroom,2.0,Bathroom,False
P004812,Plumbing Basic,PVC Pipes,PVC Drain Pipe,Nile,PVC Pipes,,Medium,375,Piece,Per_Bathroom,2.0,Bathroom,False
P004813,Plumbing Basic,PVC Pipes,PVC Drain Pipe,Georg Fischer,PVC Pipes,,Medium,385,Piece,Per_Bathroom,2.0,Bathroom,False
P004814,Plumbing Basic,PVC Pipes,PVC Drain Pipe,Nile,PVC Pipes,,High,435,Piece,Per_Bathroom,2.0,Bathroom,False
P004815,Plumbing Basic,PVC Pipes,PVC Drain Pipe,Georg Fischer,PVC Pipes,,Medium,405,Piece,Per_Bathroom,2.0,Bathroom,False
P004816,Plumbing Basic,PVC Pipes,PVC Drain Pipe,UPONOR,PVC Pipes,,High,500,Piece,Per_Bathroom,2.0,Bathroom,False
P004817,Plumbing Basic,PPR Pipes,PPR Pipe,Aqua Technology,PPR Pipes,,Low,150,Piece,Per_Bathroom,6.0,Bathroom,False
P004818,Plumbing Basic,PPR Pipes,PPR Pipe,El Sherif,PPR Pipes,,Low,150,Piece,Per_Bathroom,6.0,Bathroom,False
P004819,Plumbing Basic,PVC Pipes,PVC Drain Pipe,Georg Fischer,PVC Pipes,,High,465,Piece,Per_Bathroom,2.0,Bathroom,False
P004820,Plumbing Basic,PVC Pipes,PVC Drain Pipe,Aqua Technology,PVC Pipes,,High,505,Piece,Per_Bathroom,2.0,Bathroom,False
P004821,Plumbing Basic,PPR Pipes,PPR Pipe,Nile,PPR Pipes,,Low,170,Piece,Per_Bathroom,6.0,Bathroom,False
P004822,Plumbing Basic,PPR Pipes,PPR Pipe,Nile,PPR Pipes,,Low,180,Piece,Per_Bathroom,6.0,Bathroom,False
P004823,Plumbing Basic,PPR Pipes,PPR Pipe,Georg Fischer,PPR Pipes,,Low,150,Piece,Per_Bathroom,6.0,Bathroom,False
P004824,Plumbing Basic,PVC Pipes,PVC Drain Pipe,Georg Fischer,PVC Pipes,,Medium,390,Piece,Per_Bathroom,2.0,Bathroom,False
P004825,Plumbing Basic,PVC Pipes,PVC Drain Pipe,El Sherif,PVC Pipes,,High,500,Piece,Per_Bathroom,2.0,Bathroom,False
P004826,Plumbing Basic,PPR Pipes,PPR Pipe,El Sherif,PPR Pipes,,Low,180,Piece,Per_Bathroom,6.0,Bathroom,False
P004827,Sanitary Ware,Rain Shower,Rain Shower,Lecico,Rain Shower,,Medium,6507,Set,Per_Master_Bathroom,1.0,Master Bathroom,True
P004828,Sanitary Ware,Pedestal,Wash Basin,GROHE,Pedestal,,Low,3979,Piece,Per_Bathroom,1.0,Bathroom,False
P004829,Sanitary Ware,Sliding Cabin,Shower Cabin,Roca,Sliding Cabin,,High,10610,Piece,Per_Master_Bathroom,1.0,Master Bathroom,True
P004830,Sanitary Ware,Floor Mounted,Close Coupled Toilet,GROHE,Floor Mounted,,Medium,6322,Piece,Per_Bathroom,1.0,Bathroom,False
P004831,Sanitary Ware,Sliding Cabin,Shower Cabin,Ideal Standard,Sliding Cabin,,High,10845,Piece,Per_Master_Bathroom,1.0,Master Bathroom,True
P004832,Sanitary Ware,Floor Mounted,Close Coupled Toilet,Roca,Floor Mounted,,High,8034,Piece,Per_Bathroom,1.0,Bathroom,False
P004833,Sanitary Ware,Sliding Cabin,Shower Cabin,Ceramica Cleopatra,Sliding Cabin,,High,8513,Piece,Per_Master_Bathroom,1.0,Master Bathroom,True
P004834,Sanitary Ware,Pedestal,Wash Basin,Lecico,Pedestal,,Low,1812,Piece,Per_Bathroom,1.0,Bathroom,False
P004835,Sanitary Ware,Sliding Cabin,Shower Cabin,Lecico,Sliding Cabin,,Medium,7316,Piece,Per_Master_Bathroom,1.0,Master Bathroom,True
P004836,Sanitary Ware,Sliding Cabin,Shower Cabin,Ideal Standard,Sliding Cabin,,Medium,7541,Piece,Per_Master_Bathroom,1.0,Master Bathroom,True
P004837,Sanitary Ware,Rain Shower,Rain Shower,GROHE,Rain Shower,,High,10602,Set,Per_Master_Bathroom,1.0,Master Bathroom,True
P004838,Sanitary Ware,Floor Mounted,Close Coupled Toilet,Ceramica Cleopatra,Floor Mounted,,Low,4917,Piece,Per_Bathroom,1.0,Bathroom,False
P004839,Sanitary Ware,Rain Shower,Rain Shower,Lecico,Rain Shower,,High,10877,Set,Per_Master_Bathroom,1.0,Master Bathroom,True
P004840,Sanitary Ware,Pedestal,Wash Basin,Roca,Pedestal,,Low,3572,Piece,Per_Bathroom,1.0,Bathroom,False
P004841,Sanitary Ware,Rain Shower,Rain Shower,Ceramica Cleopatra,Rain Shower,,High,10910,Set,Per_Master_Bathroom,1.0,Master Bathroom,True
P004842,Sanitary Ware,Sliding Cabin,Shower Cabin,Roca,Sliding Cabin,,Medium,7038,Piece,Per_Master_Bathroom,1.0,Master Bathroom,True
P004843,Sanitary Ware,Floor Mounted,Close Coupled Toilet,Lecico,Floor Mounted,,High,7876,Piece,Per_Bathroom,1.0,Bathroom,False
P004844,Sanitary Ware,Floor Mounted,Close Coupled Toilet,Ceramica Cleopatra,Floor Mounted,,High,8229,Piece,Per_Bathroom,1.0,Bathroom,False
P004845,Sanitary Ware,Floor Mounted,Close Coupled Toilet,GROHE,Floor Mounted,,Medium,6781,Piece,Per_Bathroom,1.0,Bathroom,False
P004846,Sanitary Ware,Rain Shower,Rain Shower,Roca,Rain Shower,,High,9800,Set,Per_Master_Bathroom,1.0,Master Bathroom,True
P004847,Sanitary Ware,Floor Mounted,Close Coupled Toilet,GROHE,Floor Mounted,,Medium,6215,Piece,Per_Bathroom,1.0,Bathroom,False
P004848,Sanitary Ware,Sliding Cabin,Shower Cabin,GROHE,Sliding Cabin,,High,9572,Piece,Per_Master_Bathroom,1.0,Master Bathroom,True
P004849,Sanitary Ware,Floor Mounted,Close Coupled Toilet,Ceramica Cleopatra,Floor Mounted,,Low,4080,Piece,Per_Bathroom,1.0,Bathroom,False
P004850,Sanitary Ware,Rain Shower,Rain Shower,Roca,Rain Shower,,High,8705,Set,Per_Master_Bathroom,1.0,Master Bathroom,True
P004851,Sanitary Ware,Sliding Cabin,Shower Cabin,Roca,Sliding Cabin,,High,7740,Piece,Per_Master_Bathroom,1.0,Master Bathroom,True
P004852,Sanitary Ware,Rain Shower,Rain Shower,Ceramica Cleopatra,Rain Shower,,Low,4557,Set,Per_Master_Bathroom,1.0,Master Bathroom,True
P004853,Sanitary Ware,Rain Shower,Rain Shower,GROHE,Rain Shower,,Low,4600,Set,Per_Master_Bathroom,1.0,Master Bathroom,True
P004854,Sanitary Ware,Sliding Cabin,Shower Cabin,GROHE,Sliding Cabin,,High,9126,Piece,Per_Master_Bathroom,1.0,Master Bathroom,True
P004855,Sanitary Ware,Sliding Cabin,Shower Cabin,Ceramica Cleopatra,Sliding Cabin,,Medium,7371,Piece,Per_Master_Bathroom,1.0,Master Bathroom,True
P004856,Sanitary Ware,Floor Mounted,Close Coupled Toilet,Ideal Standard,Floor Mounted,,Low,3885,Piece,Per_Bathroom,1.0,Bathroom,False
P004857,Sanitary Ware,Rain Shower,Rain Shower,Ideal Standard,Rain Shower,,Medium,6275,Set,Per_Master_Bathroom,1.0,Master Bathroom,True
P004858,Sanitary Ware,Rain Shower,Rain Shower,Ideal Standard,Rain Shower,,Medium,6442,Set,Per_Master_Bathroom,1.0,Master Bathroom,True
P004859,Sanitary Ware,Rain Shower,Rain Shower,GROHE,Rain Shower,,High,9641,Set,Per_Master_Bathroom,1.0,Master Bathroom,True
P004860,Sanitary Ware,Rain Shower,Rain Shower,Ceramica Cleopatra,Rain Shower,,High,10640,Set,Per_Master_Bathroom,1.0,Master Bathroom,True
P004861,Sanitary Ware,Rain Shower,Rain Shower,Ceramica Cleopatra,Rain Shower,,High,8600,Set,Per_Master_Bathroom,1.0,Master Bathroom,True
P004862,Sanitary Ware,Pedestal,Wash Basin,Ideal Standard,Pedestal,,Low,3389,Piece,Per_Bathroom,1.0,Bathroom,False
P004863,Sanitary Ware,Rain Shower,Rain Shower,Roca,Rain Shower,,High,8385,Set,Per_Master_Bathroom,1.0,Master Bathroom,True
P004864,Sanitary Ware,Floor Mounted,Close Coupled Toilet,GROHE,Floor Mounted,,Medium,6744,Piece,Per_Bathroom,1.0,Bathroom,False
P004865,Sanitary Ware,Sliding Cabin,Shower Cabin,Lecico,Sliding Cabin,,Medium,5050,Piece,Per_Master_Bathroom,1.0,Master Bathroom,True
P004866,Sanitary Ware,Sliding Cabin,Shower Cabin,Ceramica Cleopatra,Sliding Cabin,,Medium,6352,Piece,Per_Master_Bathroom,1.0,Master Bathroom,True
P004867,Sanitary Ware,Sliding Cabin,Shower Cabin,Ideal Standard,Sliding Cabin,,High,10738,Piece,Per_Master_Bathroom,1.0,Master Bathroom,True
P004868,Sanitary Ware,Rain Shower,Rain Shower,Roca,Rain Shower,,High,7572,Set,Per_Master_Bathroom,1.0,Master Bathroom,True
P004869,Sanitary Ware,Floor Mounted,Close Coupled Toilet,Roca,Floor Mounted,,High,7693,Piece,Per_Bathroom,1.0,Bathroom,False
P004870,Sanitary Ware,Rain Shower,Rain Shower,Roca,Rain Shower,,High,9217,Set,Per_Master_Bathroom,1.0,Master Bathroom,True
P004871,Sanitary Ware,Sliding Cabin,Shower Cabin,GROHE,Sliding Cabin,,Medium,6296,Piece,Per_Master_Bathroom,1.0,Master Bathroom,True
P004872,Sanitary Ware,Floor Mounted,Close Coupled Toilet,Lecico,Floor Mounted,,Medium,7198,Piece,Per_Bathroom,1.0,Bathroom,False
P004873,Sanitary Ware,Pedestal,Wash Basin,GROHE,Pedestal,,Low,4029,Piece,Per_Bathroom,1.0,Bathroom,False
P004874,Sanitary Ware,Sliding Cabin,Shower Cabin,GROHE,Sliding Cabin,,Medium,5286,Piece,Per_Master_Bathroom,1.0,Master Bathroom,True
P004875,Sanitary Ware,Sliding Cabin,Shower Cabin,Roca,Sliding Cabin,,High,7698,Piece,Per_Master_Bathroom,1.0,Master Bathroom,True
P004876,Sanitary Ware,Rain Shower,Rain Shower,Ceramica Cleopatra,Rain Shower,,High,10498,Set,Per_Master_Bathroom,1.0,Master Bathroom,True
P004877,Sanitary Ware,Sliding Cabin,Shower Cabin,Roca,Sliding Cabin,,High,8450,Piece,Per_Master_Bathroom,1.0,Master Bathroom,True
P004878,Sanitary Ware,Floor Mounted,Close Coupled Toilet,Roca,Floor Mounted,,High,7968,Piece,Per_Bathroom,1.0,Bathroom,False
P004879,Sanitary Ware,Rain Shower,Rain Shower,GROHE,Rain Shower,,Medium,6115,Set,Per_Master_Bathroom,1.0,Master Bathroom,True
P004880,Sanitary Ware,Sliding Cabin,Shower Cabin,Lecico,Sliding Cabin,,High,8034,Piece,Per_Master_Bathroom,1.0,Master Bathroom,True
P004881,Sanitary Ware,Rain Shower,Rain Shower,Ceramica Cleopatra,Rain Shower,,High,9399,Set,Per_Master_Bathroom,1.0,Master Bathroom,True
P004882,Sanitary Ware,Pedestal,Wash Basin,Lecico,Pedestal,,Low,2422,Piece,Per_Bathroom,1.0,Bathroom,False
P004883,Sanitary Ware,Floor Mounted,Close Coupled Toilet,Lecico,Floor Mounted,,Medium,6818,Piece,Per_Bathroom,1.0,Bathroom,False
P004884,Sanitary Ware,Rain Shower,Rain Shower,Roca,Rain Shower,,High,8639,Set,Per_Master_Bathroom,1.0,Master Bathroom,True
P004885,Sanitary Ware,Floor Mounted,Close Coupled Toilet,Ceramica Cleopatra,Floor Mounted,,Low,3866,Piece,Per_Bathroom,1.0,Bathroom,False
P004886,Sanitary Ware,Rain Shower,Rain Shower,Ceramica Cleopatra,Rain Shower,,High,10060,Set,Per_Master_Bathroom,1.0,Master Bathroom,True
P004887,Sanitary Ware,Pedestal,Wash Basin,Lecico,Pedestal,,Low,1997,Piece,Per_Bathroom,1.0,Bathroom,False
P004888,Sanitary Ware,Pedestal,Wash Basin,Roca,Pedestal,,Low,2927,Piece,Per_Bathroom,1.0,Bathroom,False
P004889,Sanitary Ware,Floor Mounted,Close Coupled Toilet,GROHE,Floor Mounted,,Medium,5556,Piece,Per_Bathroom,1.0,Bathroom,False
P004890,Sanitary Ware,Sliding Cabin,Shower Cabin,Roca,Sliding Cabin,,High,9702,Piece,Per_Master_Bathroom,1.0,Master Bathroom,True
P004891,Sanitary Ware,Floor Mounted,Close Coupled Toilet,Roca,Floor Mounted,,Medium,5955,Piece,Per_Bathroom,1.0,Bathroom,False
P004892,Sanitary Ware,Floor Mounted,Close Coupled Toilet,GROHE,Floor Mounted,,Medium,6442,Piece,Per_Bathroom,1.0,Bathroom,False
P004893,Sanitary Ware,Rain Shower,Rain Shower,GROHE,Rain Shower,,High,9952,Set,Per_Master_Bathroom,1.0,Master Bathroom,True
P004894,Sanitary Ware,Sliding Cabin,Shower Cabin,Roca,Sliding Cabin,,Medium,6822,Piece,Per_Master_Bathroom,1.0,Master Bathroom,True
P004895,Sanitary Ware,Pedestal,Wash Basin,Lecico,Pedestal,,Low,4060,Piece,Per_Bathroom,1.0,Bathroom,False
P004896,Sanitary Ware,Pedestal,Wash Basin,GROHE,Pedestal,,Low,2816,Piece,Per_Bathroom,1.0,Bathroom,False
P004897,Sanitary Ware,Floor Mounted,Close Coupled Toilet,GROHE,Floor Mounted,,Medium,5703,Piece,Per_Bathroom,1.0,Bathroom,False
P004898,Sanitary Ware,Floor Mounted,Close Coupled Toilet,Ceramica Cleopatra,Floor Mounted,,Medium,5827,Piece,Per_Bathroom,1.0,Bathroom,False
P004899,Sanitary Ware,Pedestal,Wash Basin,Lecico,Pedestal,,Low,2176,Piece,Per_Bathroom,1.0,Bathroom,False
P004900,Sanitary Ware,Sliding Cabin,Shower Cabin,GROHE,Sliding Cabin,,Medium,5972,Piece,Per_Master_Bathroom,1.0,Master Bathroom,True
P004901,Sanitary Ware,Sliding Cabin,Shower Cabin,Ceramica Cleopatra,Sliding Cabin,,Medium,6246,Piece,Per_Master_Bathroom,1.0,Master Bathroom,True
P004902,Sanitary Ware,Floor Mounted,Close Coupled Toilet,GROHE,Floor Mounted,,Medium,7466,Piece,Per_Bathroom,1.0,Bathroom,False
P004903,Sanitary Ware,Sliding Cabin,Shower Cabin,Roca,Sliding Cabin,,High,8612,Piece,Per_Master_Bathroom,1.0,Master Bathroom,True
P004904,Sanitary Ware,Sliding Cabin,Shower Cabin,Roca,Sliding Cabin,,Low,4695,Piece,Per_Master_Bathroom,1.0,Master Bathroom,True
P004905,Sanitary Ware,Rain Shower,Rain Shower,Lecico,Rain Shower,,High,7662,Set,Per_Master_Bathroom,1.0,Master Bathroom,True
P004906,Sanitary Ware,Sliding Cabin,Shower Cabin,Ideal Standard,Sliding Cabin,,Medium,7240,Piece,Per_Master_Bathroom,1.0,Master Bathroom,True
P004907,Sanitary Ware,Rain Shower,Rain Shower,Roca,Rain Shower,,High,9980,Set,Per_Master_Bathroom,1.0,Master Bathroom,True
P004908,Sanitary Ware,Floor Mounted,Close Coupled Toilet,Ideal Standard,Floor Mounted,,Medium,7299,Piece,Per_Bathroom,1.0,Bathroom,False
P004909,Sanitary Ware,Floor Mounted,Close Coupled Toilet,Ceramica Cleopatra,Floor Mounted,,High,7742,Piece,Per_Bathroom,1.0,Bathroom,False
P004910,Sanitary Ware,Pedestal,Wash Basin,Ideal Standard,Pedestal,,Low,3245,Piece,Per_Bathroom,1.0,Bathroom,False
P004911,Sanitary Ware,Sliding Cabin,Shower Cabin,Ceramica Cleopatra,Sliding Cabin,,High,7886,Piece,Per_Master_Bathroom,1.0,Master Bathroom,True
P004912,Sanitary Ware,Rain Shower,Rain Shower,Ideal Standard,Rain Shower,,Medium,6764,Set,Per_Master_Bathroom,1.0,Master Bathroom,True
P004913,Sanitary Ware,Floor Mounted,Close Coupled Toilet,Ceramica Cleopatra,Floor Mounted,,High,7994,Piece,Per_Bathroom,1.0,Bathroom,False
P004914,Sanitary Ware,Pedestal,Wash Basin,Lecico,Pedestal,,Low,2440,Piece,Per_Bathroom,1.0,Bathroom,False
P004915,Sanitary Ware,Rain Shower,Rain Shower,Ideal Standard,Rain Shower,,High,8498,Set,Per_Master_Bathroom,1.0,Master Bathroom,True
P004916,Sanitary Ware,Pedestal,Wash Basin,Ceramica Cleopatra,Pedestal,,Low,2873,Piece,Per_Bathroom,1.0,Bathroom,False
P004917,Sanitary Ware,Sliding Cabin,Shower Cabin,Roca,Sliding Cabin,,Medium,6119,Piece,Per_Master_Bathroom,1.0,Master Bathroom,True
P004918,Sanitary Ware,Sliding Cabin,Shower Cabin,Ceramica Cleopatra,Sliding Cabin,,High,9009,Piece,Per_Master_Bathroom,1.0,Master Bathroom,True
P004919,Sanitary Ware,Sliding Cabin,Shower Cabin,Lecico,Sliding Cabin,,High,9028,Piece,Per_Master_Bathroom,1.0,Master Bathroom,True
P004920,Sanitary Ware,Sliding Cabin,Shower Cabin,Lecico,Sliding Cabin,,Low,4719,Piece,Per_Master_Bathroom,1.0,Master Bathroom,True
P004921,Sanitary Ware,Floor Mounted,Close Coupled Toilet,Ceramica Cleopatra,Floor Mounted,,High,7761,Piece,Per_Bathroom,1.0,Bathroom,False
P004922,Sanitary Ware,Sliding Cabin,Shower Cabin,Roca,Sliding Cabin,,Medium,7180,Piece,Per_Master_Bathroom,1.0,Master Bathroom,True
P004923,Sanitary Ware,Rain Shower,Rain Shower,GROHE,Rain Shower,,High,7823,Set,Per_Master_Bathroom,1.0,Master Bathroom,True
P004924,Sanitary Ware,Pedestal,Wash Basin,Roca,Pedestal,,Low,2756,Piece,Per_Bathroom,1.0,Bathroom,False
P004925,Sanitary Ware,Pedestal,Wash Basin,Roca,Pedestal,,Low,2160,Piece,Per_Bathroom,1.0,Bathroom,False
P004926,Sanitary Ware,Floor Mounted,Close Coupled Toilet,Ceramica Cleopatra,Floor Mounted,,Low,4343,Piece,Per_Bathroom,1.0,Bathroom,False
P004927,Sanitary Ware,Floor Mounted,Close Coupled Toilet,GROHE,Floor Mounted,,Low,4258,Piece,Per_Bathroom,1.0,Bathroom,False
P004928,Sanitary Ware,Floor Mounted,Close Coupled Toilet,Roca,Floor Mounted,,Medium,7499,Piece,Per_Bathroom,1.0,Bathroom,False
P004929,Sanitary Ware,Pedestal,Wash Basin,Ideal Standard,Pedestal,,Low,2056,Piece,Per_Bathroom,1.0,Bathroom,False
P004930,Sanitary Ware,Rain Shower,Rain Shower,Lecico,Rain Shower,,High,9734,Set,Per_Master_Bathroom,1.0,Master Bathroom,True
P004931,Sanitary Ware,Sliding Cabin,Shower Cabin,Roca,Sliding Cabin,,High,10171,Piece,Per_Master_Bathroom,1.0,Master Bathroom,True
P004932,Sanitary Ware,Floor Mounted,Close Coupled Toilet,Lecico,Floor Mounted,,Low,4604,Piece,Per_Bathroom,1.0,Bathroom,False
P004933,Sanitary Ware,Pedestal,Wash Basin,Ideal Standard,Pedestal,,Low,2675,Piece,Per_Bathroom,1.0,Bathroom,False
P004934,Sanitary Ware,Rain Shower,Rain Shower,Ideal Standard,Rain Shower,,Medium,6410,Set,Per_Master_Bathroom,1.0,Master Bathroom,True
P004935,Sanitary Ware,Pedestal,Wash Basin,Ideal Standard,Pedestal,,Low,3671,Piece,Per_Bathroom,1.0,Bathroom,False
P004936,Sanitary Ware,Rain Shower,Rain Shower,Ideal Standard,Rain Shower,,High,10115,Set,Per_Master_Bathroom,1.0,Master Bathroom,True
P004937,Sanitary Ware,Sliding Cabin,Shower Cabin,Ceramica Cleopatra,Sliding Cabin,,High,8375,Piece,Per_Master_Bathroom,1.0,Master Bathroom,True
P004938,Sanitary Ware,Rain Shower,Rain Shower,Lecico,Rain Shower,,Medium,6414,Set,Per_Master_Bathroom,1.0,Master Bathroom,True
P004939,Sanitary Ware,Pedestal,Wash Basin,Ideal Standard,Pedestal,,Low,3946,Piece,Per_Bathroom,1.0,Bathroom,False
P004940,Sanitary Ware,Sliding Cabin,Shower Cabin,Roca,Sliding Cabin,,High,8539,Piece,Per_Master_Bathroom,1.0,Master Bathroom,True
P004941,Sanitary Ware,Floor Mounted,Close Coupled Toilet,Ideal Standard,Floor Mounted,,High,7636,Piece,Per_Bathroom,1.0,Bathroom,False
P004942,Sanitary Ware,Pedestal,Wash Basin,Ceramica Cleopatra,Pedestal,,Low,2814,Piece,Per_Bathroom,1.0,Bathroom,False
P004943,Sanitary Ware,Rain Shower,Rain Shower,Lecico,Rain Shower,,High,10284,Set,Per_Master_Bathroom,1.0,Master Bathroom,True
P004944,Sanitary Ware,Floor Mounted,Close Coupled Toilet,Ceramica Cleopatra,Floor Mounted,,Medium,6107,Piece,Per_Bathroom,1.0,Bathroom,False
P004945,Sanitary Ware,Rain Shower,Rain Shower,Ceramica Cleopatra,Rain Shower,,Medium,6986,Set,Per_Master_Bathroom,1.0,Master Bathroom,True
P004946,Sanitary Ware,Pedestal,Wash Basin,Ideal Standard,Pedestal,,Low,2071,Piece,Per_Bathroom,1.0,Bathroom,False
P004947,Sanitary Ware,Rain Shower,Rain Shower,Roca,Rain Shower,,Medium,6588,Set,Per_Master_Bathroom,1.0,Master Bathroom,True
P004948,Sanitary Ware,Floor Mounted,Close Coupled Toilet,Ideal Standard,Floor Mounted,,High,8345,Piece,Per_Bathroom,1.0,Bathroom,False
P004949,Sanitary Ware,Floor Mounted,Close Coupled Toilet,Lecico,Floor Mounted,,Medium,7354,Piece,Per_Bathroom,1.0,Bathroom,False
P004950,Sanitary Ware,Rain Shower,Rain Shower,Ceramica Cleopatra,Rain Shower,,Medium,6919,Set,Per_Master_Bathroom,1.0,Master Bathroom,True
P004951,Sanitary Ware,Pedestal,Wash Basin,Lecico,Pedestal,,Low,3242,Piece,Per_Bathroom,1.0,Bathroom,False
P004952,Sanitary Ware,Floor Mounted,Close Coupled Toilet,Lecico,Floor Mounted,,High,7828,Piece,Per_Bathroom,1.0,Bathroom,False
P004953,Sanitary Ware,Floor Mounted,Close Coupled Toilet,Ideal Standard,Floor Mounted,,Medium,7468,Piece,Per_Bathroom,1.0,Bathroom,False
P004954,Sanitary Ware,Pedestal,Wash Basin,Ideal Standard,Pedestal,,Low,4081,Piece,Per_Bathroom,1.0,Bathroom,False
P004955,Sanitary Ware,Pedestal,Wash Basin,Roca,Pedestal,,Low,4015,Piece,Per_Bathroom,1.0,Bathroom,False
P004956,Sanitary Ware,Sliding Cabin,Shower Cabin,GROHE,Sliding Cabin,,Medium,7374,Piece,Per_Master_Bathroom,1.0,Master Bathroom,True
P004957,Sanitary Ware,Sliding Cabin,Shower Cabin,Roca,Sliding Cabin,,Medium,6791,Piece,Per_Master_Bathroom,1.0,Master Bathroom,True
P004958,Sanitary Ware,Pedestal,Wash Basin,Lecico,Pedestal,,Low,3692,Piece,Per_Bathroom,1.0,Bathroom,False
P004959,Sanitary Ware,Pedestal,Wash Basin,Ideal Standard,Pedestal,,Low,3641,Piece,Per_Bathroom,1.0,Bathroom,False
P004960,Sanitary Ware,Floor Mounted,Close Coupled Toilet,Lecico,Floor Mounted,,Medium,7113,Piece,Per_Bathroom,1.0,Bathroom,False
P004961,Sanitary Ware,Floor Mounted,Close Coupled Toilet,GROHE,Floor Mounted,,Low,4868,Piece,Per_Bathroom,1.0,Bathroom,False
P004962,Sanitary Ware,Floor Mounted,Close Coupled Toilet,Lecico,Floor Mounted,,Low,4966,Piece,Per_Bathroom,1.0,Bathroom,False
P004963,Sanitary Ware,Pedestal,Wash Basin,Ceramica Cleopatra,Pedestal,,Low,2079,Piece,Per_Bathroom,1.0,Bathroom,False
P004964,Sanitary Ware,Pedestal,Wash Basin,Ideal Standard,Pedestal,,Low,2360,Piece,Per_Bathroom,1.0,Bathroom,False
P004965,Sanitary Ware,Sliding Cabin,Shower Cabin,Ideal Standard,Sliding Cabin,,Low,4774,Piece,Per_Master_Bathroom,1.0,Master Bathroom,True
P004966,Sanitary Ware,Pedestal,Wash Basin,Lecico,Pedestal,,Low,1840,Piece,Per_Bathroom,1.0,Bathroom,False
P004967,Sanitary Ware,Pedestal,Wash Basin,Lecico,Pedestal,,Low,2992,Piece,Per_Bathroom,1.0,Bathroom,False
P004968,Sanitary Ware,Rain Shower,Rain Shower,Lecico,Rain Shower,,Medium,6866,Set,Per_Master_Bathroom,1.0,Master Bathroom,True
P004969,Sanitary Ware,Sliding Cabin,Shower Cabin,GROHE,Sliding Cabin,,Medium,5341,Piece,Per_Master_Bathroom,1.0,Master Bathroom,True
P004970,Sanitary Ware,Sliding Cabin,Shower Cabin,Roca,Sliding Cabin,,Medium,5389,Piece,Per_Master_Bathroom,1.0,Master Bathroom,True
P004971,Sanitary Ware,Pedestal,Wash Basin,Ceramica Cleopatra,Pedestal,,Low,3774,Piece,Per_Bathroom,1.0,Bathroom,False
P004972,Sanitary Ware,Rain Shower,Rain Shower,Ideal Standard,Rain Shower,,Medium,7088,Set,Per_Master_Bathroom,1.0,Master Bathroom,True
P004973,Sanitary Ware,Pedestal,Wash Basin,Lecico,Pedestal,,Low,3610,Piece,Per_Bathroom,1.0,Bathroom,False
P004974,Sanitary Ware,Sliding Cabin,Shower Cabin,Ceramica Cleopatra,Sliding Cabin,,Medium,6172,Piece,Per_Master_Bathroom,1.0,Master Bathroom,True
P004975,Sanitary Ware,Sliding Cabin,Shower Cabin,Roca,Sliding Cabin,,Medium,7376,Piece,Per_Master_Bathroom,1.0,Master Bathroom,True
P004976,Sanitary Ware,Sliding Cabin,Shower Cabin,Lecico,Sliding Cabin,,Low,5004,Piece,Per_Master_Bathroom,1.0,Master Bathroom,True
P004977,Sanitary Ware,Pedestal,Wash Basin,Ideal Standard,Pedestal,,Low,3139,Piece,Per_Bathroom,1.0,Bathroom,False
P004978,Sanitary Ware,Floor Mounted,Close Coupled Toilet,Ceramica Cleopatra,Floor Mounted,,Medium,5640,Piece,Per_Bathroom,1.0,Bathroom,False
P004979,Sanitary Ware,Rain Shower,Rain Shower,Ideal Standard,Rain Shower,,High,8215,Set,Per_Master_Bathroom,1.0,Master Bathroom,True
P004980,Sanitary Ware,Floor Mounted,Close Coupled Toilet,Roca,Floor Mounted,,Medium,6116,Piece,Per_Bathroom,1.0,Bathroom,False
P004981,Sanitary Ware,Floor Mounted,Close Coupled Toilet,Lecico,Floor Mounted,,High,7869,Piece,Per_Bathroom,1.0,Bathroom,False
P004982,Sanitary Ware,Sliding Cabin,Shower Cabin,Ideal Standard,Sliding Cabin,,Medium,7372,Piece,Per_Master_Bathroom,1.0,Master Bathroom,True
P004983,Sanitary Ware,Sliding Cabin,Shower Cabin,Ideal Standard,Sliding Cabin,,High,10469,Piece,Per_Master_Bathroom,1.0,Master Bathroom,True
P004984,Sanitary Ware,Sliding Cabin,Shower Cabin,GROHE,Sliding Cabin,,High,10264,Piece,Per_Master_Bathroom,1.0,Master Bathroom,True
P004985,Sanitary Ware,Pedestal,Wash Basin,Ceramica Cleopatra,Pedestal,,Low,2975,Piece,Per_Bathroom,1.0,Bathroom,False
P004986,Sanitary Ware,Floor Mounted,Close Coupled Toilet,Ceramica Cleopatra,Floor Mounted,,Medium,6733,Piece,Per_Bathroom,1.0,Bathroom,False
P004987,Sanitary Ware,Rain Shower,Rain Shower,GROHE,Rain Shower,,High,10717,Set,Per_Master_Bathroom,1.0,Master Bathroom,True
P004988,Sanitary Ware,Rain Shower,Rain Shower,GROHE,Rain Shower,,Medium,6150,Set,Per_Master_Bathroom,1.0,Master Bathroom,True
P004989,Sanitary Ware,Rain Shower,Rain Shower,GROHE,Rain Shower,,High,8250,Set,Per_Master_Bathroom,1.0,Master Bathroom,True
P004990,Sanitary Ware,Rain Shower,Rain Shower,Lecico,Rain Shower,,Medium,6367,Set,Per_Master_Bathroom,1.0,Master Bathroom,True
P004991,Sanitary Ware,Rain Shower,Rain Shower,Ceramica Cleopatra,Rain Shower,,High,9704,Set,Per_Master_Bathroom,1.0,Master Bathroom,True
P004992,Sanitary Ware,Rain Shower,Rain Shower,Ideal Standard,Rain Shower,,High,8113,Set,Per_Master_Bathroom,1.0,Master Bathroom,True
P004993,Sanitary Ware,Floor Mounted,Close Coupled Toilet,Lecico,Floor Mounted,,Medium,6011,Piece,Per_Bathroom,1.0,Bathroom,False
P004994,Sanitary Ware,Rain Shower,Rain Shower,GROHE,Rain Shower,,Medium,6027,Set,Per_Master_Bathroom,1.0,Master Bathroom,True
P004995,Sanitary Ware,Rain Shower,Rain Shower,Lecico,Rain Shower,,High,9020,Set,Per_Master_Bathroom,1.0,Master Bathroom,True
P004996,Sanitary Ware,Floor Mounted,Close Coupled Toilet,Lecico,Floor Mounted,,Low,4509,Piece,Per_Bathroom,1.0,Bathroom,False
P004997,Sanitary Ware,Floor Mounted,Close Coupled Toilet,Ceramica Cleopatra,Floor Mounted,,Medium,7242,Piece,Per_Bathroom,1.0,Bathroom,False
P004998,Sanitary Ware,Rain Shower,Rain Shower,GROHE,Rain Shower,,High,10888,Set,Per_Master_Bathroom,1.0,Master Bathroom,True
P004999,Sanitary Ware,Pedestal,Wash Basin,Lecico,Pedestal,,Low,2624,Piece,Per_Bathroom,1.0,Bathroom,False
P005000,Sanitary Ware,Floor Mounted,Close Coupled Toilet,Ceramica Cleopatra,Floor Mounted,,Medium,7051,Piece,Per_Bathroom,1.0,Bathroom,False
P005001,Sanitary Ware,Pedestal,Wash Basin,Ceramica Cleopatra,Pedestal,,Low,2383,Piece,Per_Bathroom,1.0,Bathroom,False
P005002,Sanitary Ware,Floor Mounted,Close Coupled Toilet,Ideal Standard,Floor Mounted,,Low,4952,Piece,Per_Bathroom,1.0,Bathroom,False
P005003,Sanitary Ware,Sliding Cabin,Shower Cabin,Ideal Standard,Sliding Cabin,,Medium,5230,Piece,Per_Master_Bathroom,1.0,Master Bathroom,True
P005004,Sanitary Ware,Rain Shower,Rain Shower,Ceramica Cleopatra,Rain Shower,,High,8220,Set,Per_Master_Bathroom,1.0,Master Bathroom,True
P005005,Sanitary Ware,Floor Mounted,Close Coupled Toilet,Roca,Floor Mounted,,High,7855,Piece,Per_Bathroom,1.0,Bathroom,False
P005006,Sanitary Ware,Rain Shower,Rain Shower,Ideal Standard,Rain Shower,,Medium,5347,Set,Per_Master_Bathroom,1.0,Master Bathroom,True
P005007,Sanitary Ware,Floor Mounted,Close Coupled Toilet,Lecico,Floor Mounted,,Medium,5139,Piece,Per_Bathroom,1.0,Bathroom,False
P005008,Sanitary Ware,Floor Mounted,Close Coupled Toilet,Lecico,Floor Mounted,,Medium,7500,Piece,Per_Bathroom,1.0,Bathroom,False
P005009,Sanitary Ware,Rain Shower,Rain Shower,GROHE,Rain Shower,,Medium,5677,Set,Per_Master_Bathroom,1.0,Master Bathroom,True
P005010,Sanitary Ware,Sliding Cabin,Shower Cabin,Roca,Sliding Cabin,,Low,4978,Piece,Per_Master_Bathroom,1.0,Master Bathroom,True
P005011,Sanitary Ware,Pedestal,Wash Basin,Ideal Standard,Pedestal,,Low,3346,Piece,Per_Bathroom,1.0,Bathroom,False
P005012,Sanitary Ware,Pedestal,Wash Basin,Lecico,Pedestal,,Low,2671,Piece,Per_Bathroom,1.0,Bathroom,False
P005013,Sanitary Ware,Rain Shower,Rain Shower,GROHE,Rain Shower,,High,10597,Set,Per_Master_Bathroom,1.0,Master Bathroom,True
P005014,Sanitary Ware,Pedestal,Wash Basin,GROHE,Pedestal,,Low,3324,Piece,Per_Bathroom,1.0,Bathroom,False
P005015,Sanitary Ware,Sliding Cabin,Shower Cabin,Ideal Standard,Sliding Cabin,,Medium,5529,Piece,Per_Master_Bathroom,1.0,Master Bathroom,True
P005016,Sanitary Ware,Rain Shower,Rain Shower,Ideal Standard,Rain Shower,,Medium,7148,Set,Per_Master_Bathroom,1.0,Master Bathroom,True
P005017,Sanitary Ware,Floor Mounted,Close Coupled Toilet,GROHE,Floor Mounted,,High,7636,Piece,Per_Bathroom,1.0,Bathroom,False
P005018,Sanitary Ware,Floor Mounted,Close Coupled Toilet,Lecico,Floor Mounted,,Medium,5594,Piece,Per_Bathroom,1.0,Bathroom,False
P005019,Sanitary Ware,Floor Mounted,Close Coupled Toilet,Roca,Floor Mounted,,Low,4482,Piece,Per_Bathroom,1.0,Bathroom,False
P005020,Sanitary Ware,Pedestal,Wash Basin,Roca,Pedestal,,Low,2389,Piece,Per_Bathroom,1.0,Bathroom,False
P005021,Sanitary Ware,Pedestal,Wash Basin,GROHE,Pedestal,,Low,2588,Piece,Per_Bathroom,1.0,Bathroom,False
P005022,Sanitary Ware,Pedestal,Wash Basin,Ceramica Cleopatra,Pedestal,,Low,3529,Piece,Per_Bathroom,1.0,Bathroom,False
P005023,Sanitary Ware,Pedestal,Wash Basin,Ideal Standard,Pedestal,,Low,2808,Piece,Per_Bathroom,1.0,Bathroom,False
P005024,Sanitary Ware,Rain Shower,Rain Shower,Ideal Standard,Rain Shower,,Medium,7113,Set,Per_Master_Bathroom,1.0,Master Bathroom,True
P005025,Sanitary Ware,Sliding Cabin,Shower Cabin,Ideal Standard,Sliding Cabin,,High,8185,Piece,Per_Master_Bathroom,1.0,Master Bathroom,True
P005026,Sanitary Ware,Pedestal,Wash Basin,GROHE,Pedestal,,Low,3438,Piece,Per_Bathroom,1.0,Bathroom,False
P005027,Sanitary Ware,Pedestal,Wash Basin,Ceramica Cleopatra,Pedestal,,Low,2100,Piece,Per_Bathroom,1.0,Bathroom,False
P005028,Sanitary Ware,Pedestal,Wash Basin,GROHE,Pedestal,,Low,1810,Piece,Per_Bathroom,1.0,Bathroom,False
P005029,Sanitary Ware,Floor Mounted,Close Coupled Toilet,Lecico,Floor Mounted,,Medium,5277,Piece,Per_Bathroom,1.0,Bathroom,False
P005030,Sanitary Ware,Pedestal,Wash Basin,GROHE,Pedestal,,Low,1839,Piece,Per_Bathroom,1.0,Bathroom,False
P005031,Sanitary Ware,Pedestal,Wash Basin,Lecico,Pedestal,,Low,1895,Piece,Per_Bathroom,1.0,Bathroom,False
P005032,Sanitary Ware,Sliding Cabin,Shower Cabin,Ceramica Cleopatra,Sliding Cabin,,Medium,7457,Piece,Per_Master_Bathroom,1.0,Master Bathroom,True
P005033,Sanitary Ware,Floor Mounted,Close Coupled Toilet,Lecico,Floor Mounted,,Medium,5479,Piece,Per_Bathroom,1.0,Bathroom,False
P005034,Sanitary Ware,Pedestal,Wash Basin,Roca,Pedestal,,Low,3800,Piece,Per_Bathroom,1.0,Bathroom,False
P005035,Sanitary Ware,Pedestal,Wash Basin,Lecico,Pedestal,,Low,2444,Piece,Per_Bathroom,1.0,Bathroom,False
P005036,Sanitary Ware,Sliding Cabin,Shower Cabin,Ideal Standard,Sliding Cabin,,Medium,5794,Piece,Per_Master_Bathroom,1.0,Master Bathroom,True
P005037,Sanitary Ware,Rain Shower,Rain Shower,Ideal Standard,Rain Shower,,High,8752,Set,Per_Master_Bathroom,1.0,Master Bathroom,True
P005038,Sanitary Ware,Pedestal,Wash Basin,Ceramica Cleopatra,Pedestal,,Low,4101,Piece,Per_Bathroom,1.0,Bathroom,False
P005039,Sanitary Ware,Rain Shower,Rain Shower,Lecico,Rain Shower,,High,10632,Set,Per_Master_Bathroom,1.0,Master Bathroom,True
P005040,Sanitary Ware,Sliding Cabin,Shower Cabin,Roca,Sliding Cabin,,High,9182,Piece,Per_Master_Bathroom,1.0,Master Bathroom,True
P005041,Sanitary Ware,Pedestal,Wash Basin,GROHE,Pedestal,,Low,2896,Piece,Per_Bathroom,1.0,Bathroom,False
P005042,Sanitary Ware,Rain Shower,Rain Shower,Roca,Rain Shower,,High,8173,Set,Per_Master_Bathroom,1.0,Master Bathroom,True
P005043,Sanitary Ware,Floor Mounted,Close Coupled Toilet,GROHE,Floor Mounted,,Low,4838,Piece,Per_Bathroom,1.0,Bathroom,False
P005044,Sanitary Ware,Sliding Cabin,Shower Cabin,Ceramica Cleopatra,Sliding Cabin,,High,8257,Piece,Per_Master_Bathroom,1.0,Master Bathroom,True
P005045,Sanitary Ware,Pedestal,Wash Basin,Roca,Pedestal,,Low,3648,Piece,Per_Bathroom,1.0,Bathroom,False
P005046,Sanitary Ware,Rain Shower,Rain Shower,GROHE,Rain Shower,,Medium,6865,Set,Per_Master_Bathroom,1.0,Master Bathroom,True
P005047,Sanitary Ware,Sliding Cabin,Shower Cabin,Ideal Standard,Sliding Cabin,,Medium,6840,Piece,Per_Master_Bathroom,1.0,Master Bathroom,True
P005048,Sanitary Ware,Sliding Cabin,Shower Cabin,Ideal Standard,Sliding Cabin,,Medium,6543,Piece,Per_Master_Bathroom,1.0,Master Bathroom,True
P005049,Sanitary Ware,Floor Mounted,Close Coupled Toilet,Lecico,Floor Mounted,,Medium,6518,Piece,Per_Bathroom,1.0,Bathroom,False
P005050,Sanitary Ware,Rain Shower,Rain Shower,GROHE,Rain Shower,,High,8080,Set,Per_Master_Bathroom,1.0,Master Bathroom,True
P005051,Sanitary Ware,Sliding Cabin,Shower Cabin,GROHE,Sliding Cabin,,Low,4665,Piece,Per_Master_Bathroom,1.0,Master Bathroom,True
P005052,Sanitary Ware,Floor Mounted,Close Coupled Toilet,Ceramica Cleopatra,Floor Mounted,,Medium,7036,Piece,Per_Bathroom,1.0,Bathroom,False
P005053,Sanitary Ware,Sliding Cabin,Shower Cabin,GROHE,Sliding Cabin,,High,8607,Piece,Per_Master_Bathroom,1.0,Master Bathroom,True
P005054,Sanitary Ware,Floor Mounted,Close Coupled Toilet,Ceramica Cleopatra,Floor Mounted,,Low,4006,Piece,Per_Bathroom,1.0,Bathroom,False
P005055,Sanitary Ware,Floor Mounted,Close Coupled Toilet,Lecico,Floor Mounted,,Low,4872,Piece,Per_Bathroom,1.0,Bathroom,False
P005056,Sanitary Ware,Pedestal,Wash Basin,Lecico,Pedestal,,Low,1951,Piece,Per_Bathroom,1.0,Bathroom,False
P005057,Sanitary Ware,Pedestal,Wash Basin,Ideal Standard,Pedestal,,Low,2624,Piece,Per_Bathroom,1.0,Bathroom,False
P005058,Sanitary Ware,Pedestal,Wash Basin,Lecico,Pedestal,,Low,3914,Piece,Per_Bathroom,1.0,Bathroom,False
P005059,Sanitary Ware,Rain Shower,Rain Shower,Lecico,Rain Shower,,Low,4905,Set,Per_Master_Bathroom,1.0,Master Bathroom,True
P005060,Sanitary Ware,Sliding Cabin,Shower Cabin,GROHE,Sliding Cabin,,High,10236,Piece,Per_Master_Bathroom,1.0,Master Bathroom,True
P005061,Sanitary Ware,Sliding Cabin,Shower Cabin,Ceramica Cleopatra,Sliding Cabin,,Medium,7521,Piece,Per_Master_Bathroom,1.0,Master Bathroom,True
P005062,Sanitary Ware,Sliding Cabin,Shower Cabin,Lecico,Sliding Cabin,,Medium,6887,Piece,Per_Master_Bathroom,1.0,Master Bathroom,True
P005063,Sanitary Ware,Rain Shower,Rain Shower,Lecico,Rain Shower,,Medium,6351,Set,Per_Master_Bathroom,1.0,Master Bathroom,True
P005064,Sanitary Ware,Pedestal,Wash Basin,Ideal Standard,Pedestal,,Low,3513,Piece,Per_Bathroom,1.0,Bathroom,False
P005065,Sanitary Ware,Floor Mounted,Close Coupled Toilet,GROHE,Floor Mounted,,Low,4031,Piece,Per_Bathroom,1.0,Bathroom,False
P005066,Sanitary Ware,Rain Shower,Rain Shower,GROHE,Rain Shower,,Medium,5984,Set,Per_Master_Bathroom,1.0,Master Bathroom,True
P005067,Sanitary Ware,Rain Shower,Rain Shower,Roca,Rain Shower,,Medium,7103,Set,Per_Master_Bathroom,1.0,Master Bathroom,True
P005068,Sanitary Ware,Pedestal,Wash Basin,Ceramica Cleopatra,Pedestal,,Low,3226,Piece,Per_Bathroom,1.0,Bathroom,False
P005069,Sanitary Ware,Rain Shower,Rain Shower,Roca,Rain Shower,,Medium,5221,Set,Per_Master_Bathroom,1.0,Master Bathroom,True
P005070,Sanitary Ware,Pedestal,Wash Basin,GROHE,Pedestal,,Low,3340,Piece,Per_Bathroom,1.0,Bathroom,False
P005071,Sanitary Ware,Rain Shower,Rain Shower,Lecico,Rain Shower,,High,10003,Set,Per_Master_Bathroom,1.0,Master Bathroom,True
P005072,Sanitary Ware,Pedestal,Wash Basin,GROHE,Pedestal,,Low,3069,Piece,Per_Bathroom,1.0,Bathroom,False
P005073,Sanitary Ware,Rain Shower,Rain Shower,Roca,Rain Shower,,High,9553,Set,Per_Master_Bathroom,1.0,Master Bathroom,True
P005074,Sanitary Ware,Floor Mounted,Close Coupled Toilet,Ideal Standard,Floor Mounted,,Medium,5760,Piece,Per_Bathroom,1.0,Bathroom,False
P005075,Sanitary Ware,Pedestal,Wash Basin,Lecico,Pedestal,,Low,2099,Piece,Per_Bathroom,1.0,Bathroom,False
P005076,Sanitary Ware,Rain Shower,Rain Shower,Ceramica Cleopatra,Rain Shower,,Low,4635,Set,Per_Master_Bathroom,1.0,Master Bathroom,True
P005077,Sanitary Ware,Rain Shower,Rain Shower,Lecico,Rain Shower,,High,9898,Set,Per_Master_Bathroom,1.0,Master Bathroom,True
P005078,Sanitary Ware,Rain Shower,Rain Shower,Roca,Rain Shower,,Medium,6334,Set,Per_Master_Bathroom,1.0,Master Bathroom,True
P005079,Sanitary Ware,Pedestal,Wash Basin,Lecico,Pedestal,,Low,3060,Piece,Per_Bathroom,1.0,Bathroom,False
P005080,Sanitary Ware,Floor Mounted,Close Coupled Toilet,Roca,Floor Mounted,,Medium,7506,Piece,Per_Bathroom,1.0,Bathroom,False
P005081,Sanitary Ware,Rain Shower,Rain Shower,GROHE,Rain Shower,,Medium,6637,Set,Per_Master_Bathroom,1.0,Master Bathroom,True
P005082,Sanitary Ware,Rain Shower,Rain Shower,Lecico,Rain Shower,,Medium,7308,Set,Per_Master_Bathroom,1.0,Master Bathroom,True
P005083,Sanitary Ware,Sliding Cabin,Shower Cabin,GROHE,Sliding Cabin,,High,7973,Piece,Per_Master_Bathroom,1.0,Master Bathroom,True
P005084,Sanitary Ware,Pedestal,Wash Basin,Roca,Pedestal,,Low,2902,Piece,Per_Bathroom,1.0,Bathroom,False
P005085,Sanitary Ware,Rain Shower,Rain Shower,Ceramica Cleopatra,Rain Shower,,Medium,5223,Set,Per_Master_Bathroom,1.0,Master Bathroom,True
P005086,Sanitary Ware,Pedestal,Wash Basin,Roca,Pedestal,,Low,2481,Piece,Per_Bathroom,1.0,Bathroom,False
P005087,Sanitary Ware,Sliding Cabin,Shower Cabin,GROHE,Sliding Cabin,,Medium,6239,Piece,Per_Master_Bathroom,1.0,Master Bathroom,True
P005088,Sanitary Ware,Floor Mounted,Close Coupled Toilet,Ceramica Cleopatra,Floor Mounted,,High,8196,Piece,Per_Bathroom,1.0,Bathroom,False
P005089,Sanitary Ware,Pedestal,Wash Basin,Roca,Pedestal,,Low,3816,Piece,Per_Bathroom,1.0,Bathroom,False
P005090,Sanitary Ware,Floor Mounted,Close Coupled Toilet,Ideal Standard,Floor Mounted,,Medium,6917,Piece,Per_Bathroom,1.0,Bathroom,False
P005091,Sanitary Ware,Floor Mounted,Close Coupled Toilet,Lecico,Floor Mounted,,Medium,6126,Piece,Per_Bathroom,1.0,Bathroom,False
P005092,Sanitary Ware,Pedestal,Wash Basin,Ideal Standard,Pedestal,,Low,2806,Piece,Per_Bathroom,1.0,Bathroom,False
P005093,Sanitary Ware,Rain Shower,Rain Shower,Roca,Rain Shower,,High,8274,Set,Per_Master_Bathroom,1.0,Master Bathroom,True
P005094,Sanitary Ware,Rain Shower,Rain Shower,GROHE,Rain Shower,,High,8102,Set,Per_Master_Bathroom,1.0,Master Bathroom,True
P005095,Sanitary Ware,Floor Mounted,Close Coupled Toilet,Ceramica Cleopatra,Floor Mounted,,Medium,5337,Piece,Per_Bathroom,1.0,Bathroom,False
P005096,Sanitary Ware,Floor Mounted,Close Coupled Toilet,Ideal Standard,Floor Mounted,,Low,4257,Piece,Per_Bathroom,1.0,Bathroom,False
P005097,Sanitary Ware,Pedestal,Wash Basin,Roca,Pedestal,,Low,3722,Piece,Per_Bathroom,1.0,Bathroom,False
P005098,Sanitary Ware,Sliding Cabin,Shower Cabin,GROHE,Sliding Cabin,,High,9152,Piece,Per_Master_Bathroom,1.0,Master Bathroom,True
P005099,Sanitary Ware,Sliding Cabin,Shower Cabin,GROHE,Sliding Cabin,,Medium,5299,Piece,Per_Master_Bathroom,1.0,Master Bathroom,True
P005100,Sanitary Ware,Rain Shower,Rain Shower,Lecico,Rain Shower,,Medium,7087,Set,Per_Master_Bathroom,1.0,Master Bathroom,True
P005101,Sanitary Ware,Pedestal,Wash Basin,Roca,Pedestal,,Low,2997,Piece,Per_Bathroom,1.0,Bathroom,False
P005102,Sanitary Ware,Floor Mounted,Close Coupled Toilet,Lecico,Floor Mounted,,Medium,6191,Piece,Per_Bathroom,1.0,Bathroom,False
P005103,Sanitary Ware,Floor Mounted,Close Coupled Toilet,Ideal Standard,Floor Mounted,,Low,4980,Piece,Per_Bathroom,1.0,Bathroom,False
P005104,Sanitary Ware,Sliding Cabin,Shower Cabin,Ideal Standard,Sliding Cabin,,High,10402,Piece,Per_Master_Bathroom,1.0,Master Bathroom,True
P005105,Sanitary Ware,Rain Shower,Rain Shower,GROHE,Rain Shower,,Medium,5280,Set,Per_Master_Bathroom,1.0,Master Bathroom,True
P005106,Sanitary Ware,Sliding Cabin,Shower Cabin,GROHE,Sliding Cabin,,Medium,7449,Piece,Per_Master_Bathroom,1.0,Master Bathroom,True
P005107,Sanitary Ware,Floor Mounted,Close Coupled Toilet,Ceramica Cleopatra,Floor Mounted,,Low,4124,Piece,Per_Bathroom,1.0,Bathroom,False
P005108,Sanitary Ware,Pedestal,Wash Basin,Ideal Standard,Pedestal,,Low,1899,Piece,Per_Bathroom,1.0,Bathroom,False
P005109,Sanitary Ware,Floor Mounted,Close Coupled Toilet,Roca,Floor Mounted,,High,8418,Piece,Per_Bathroom,1.0,Bathroom,False
P005110,Sanitary Ware,Sliding Cabin,Shower Cabin,Roca,Sliding Cabin,,Medium,6585,Piece,Per_Master_Bathroom,1.0,Master Bathroom,True
P005111,Sanitary Ware,Pedestal,Wash Basin,Ideal Standard,Pedestal,,Low,2464,Piece,Per_Bathroom,1.0,Bathroom,False
P005112,Sanitary Ware,Pedestal,Wash Basin,Lecico,Pedestal,,Low,2749,Piece,Per_Bathroom,1.0,Bathroom,False
P005113,Sanitary Ware,Pedestal,Wash Basin,Ceramica Cleopatra,Pedestal,,Low,3095,Piece,Per_Bathroom,1.0,Bathroom,False
P005114,Sanitary Ware,Sliding Cabin,Shower Cabin,Lecico,Sliding Cabin,,High,9049,Piece,Per_Master_Bathroom,1.0,Master Bathroom,True
P005115,Sanitary Ware,Floor Mounted,Close Coupled Toilet,Lecico,Floor Mounted,,High,8125,Piece,Per_Bathroom,1.0,Bathroom,False
P005116,Sanitary Ware,Sliding Cabin,Shower Cabin,Ceramica Cleopatra,Sliding Cabin,,High,8863,Piece,Per_Master_Bathroom,1.0,Master Bathroom,True
P005117,Sanitary Ware,Rain Shower,Rain Shower,Ceramica Cleopatra,Rain Shower,,High,10363,Set,Per_Master_Bathroom,1.0,Master Bathroom,True
P005118,Sanitary Ware,Rain Shower,Rain Shower,Roca,Rain Shower,,Medium,6600,Set,Per_Master_Bathroom,1.0,Master Bathroom,True
P005119,Sanitary Ware,Rain Shower,Rain Shower,Lecico,Rain Shower,,High,10580,Set,Per_Master_Bathroom,1.0,Master Bathroom,True
P005120,Sanitary Ware,Floor Mounted,Close Coupled Toilet,Ceramica Cleopatra,Floor Mounted,,High,7820,Piece,Per_Bathroom,1.0,Bathroom,False
P005121,Sanitary Ware,Floor Mounted,Close Coupled Toilet,Roca,Floor Mounted,,Low,3856,Piece,Per_Bathroom,1.0,Bathroom,False
P005122,Sanitary Ware,Floor Mounted,Close Coupled Toilet,Ideal Standard,Floor Mounted,,High,7625,Piece,Per_Bathroom,1.0,Bathroom,False
P005123,Sanitary Ware,Floor Mounted,Close Coupled Toilet,Ceramica Cleopatra,Floor Mounted,,Low,4027,Piece,Per_Bathroom,1.0,Bathroom,False
P005124,Sanitary Ware,Pedestal,Wash Basin,Ceramica Cleopatra,Pedestal,,Low,3810,Piece,Per_Bathroom,1.0,Bathroom,False
P005125,Sanitary Ware,Rain Shower,Rain Shower,GROHE,Rain Shower,,High,7836,Set,Per_Master_Bathroom,1.0,Master Bathroom,True
P005126,Sanitary Ware,Rain Shower,Rain Shower,GROHE,Rain Shower,,High,7745,Set,Per_Master_Bathroom,1.0,Master Bathroom,True
P005127,Sanitary Ware,Floor Mounted,Close Coupled Toilet,GROHE,Floor Mounted,,High,7721,Piece,Per_Bathroom,1.0,Bathroom,False
P005128,Sanitary Ware,Floor Mounted,Close Coupled Toilet,GROHE,Floor Mounted,,High,7913,Piece,Per_Bathroom,1.0,Bathroom,False
P005129,Sanitary Ware,Rain Shower,Rain Shower,Roca,Rain Shower,,High,8227,Set,Per_Master_Bathroom,1.0,Master Bathroom,True
P005130,Sanitary Ware,Rain Shower,Rain Shower,Ideal Standard,Rain Shower,,High,8464,Set,Per_Master_Bathroom,1.0,Master Bathroom,True
P005131,Sanitary Ware,Sliding Cabin,Shower Cabin,GROHE,Sliding Cabin,,High,9611,Piece,Per_Master_Bathroom,1.0,Master Bathroom,True
P005132,Sanitary Ware,Floor Mounted,Close Coupled Toilet,Ideal Standard,Floor Mounted,,Low,3926,Piece,Per_Bathroom,1.0,Bathroom,False
P005133,Sanitary Ware,Rain Shower,Rain Shower,GROHE,Rain Shower,,Medium,5418,Set,Per_Master_Bathroom,1.0,Master Bathroom,True
P005134,Sanitary Ware,Floor Mounted,Close Coupled Toilet,Lecico,Floor Mounted,,Medium,5199,Piece,Per_Bathroom,1.0,Bathroom,False
P005135,Sanitary Ware,Floor Mounted,Close Coupled Toilet,Roca,Floor Mounted,,Medium,5398,Piece,Per_Bathroom,1.0,Bathroom,False
P005136,Sanitary Ware,Floor Mounted,Close Coupled Toilet,Ideal Standard,Floor Mounted,,High,8079,Piece,Per_Bathroom,1.0,Bathroom,False
P005137,Sanitary Ware,Floor Mounted,Close Coupled Toilet,Ideal Standard,Floor Mounted,,Medium,5640,Piece,Per_Bathroom,1.0,Bathroom,False
P005138,Sanitary Ware,Sliding Cabin,Shower Cabin,Lecico,Sliding Cabin,,High,8778,Piece,Per_Master_Bathroom,1.0,Master Bathroom,True
P005139,Sanitary Ware,Floor Mounted,Close Coupled Toilet,GROHE,Floor Mounted,,High,8460,Piece,Per_Bathroom,1.0,Bathroom,False
P005140,Sanitary Ware,Rain Shower,Rain Shower,GROHE,Rain Shower,,Medium,5931,Set,Per_Master_Bathroom,1.0,Master Bathroom,True
P005141,Sanitary Ware,Pedestal,Wash Basin,GROHE,Pedestal,,Low,2452,Piece,Per_Bathroom,1.0,Bathroom,False
P005142,Sanitary Ware,Rain Shower,Rain Shower,Roca,Rain Shower,,Medium,5646,Set,Per_Master_Bathroom,1.0,Master Bathroom,True
P005143,Sanitary Ware,Rain Shower,Rain Shower,GROHE,Rain Shower,,High,10395,Set,Per_Master_Bathroom,1.0,Master Bathroom,True
P005144,Sanitary Ware,Sliding Cabin,Shower Cabin,Ceramica Cleopatra,Sliding Cabin,,Medium,5370,Piece,Per_Master_Bathroom,1.0,Master Bathroom,True
P005145,Sanitary Ware,Pedestal,Wash Basin,GROHE,Pedestal,,Low,3482,Piece,Per_Bathroom,1.0,Bathroom,False
P005146,Sanitary Ware,Rain Shower,Rain Shower,Lecico,Rain Shower,,High,8320,Set,Per_Master_Bathroom,1.0,Master Bathroom,True
P005147,Sanitary Ware,Floor Mounted,Close Coupled Toilet,GROHE,Floor Mounted,,Medium,5564,Piece,Per_Bathroom,1.0,Bathroom,False
P005148,Sanitary Ware,Sliding Cabin,Shower Cabin,Lecico,Sliding Cabin,,High,10761,Piece,Per_Master_Bathroom,1.0,Master Bathroom,True
P005149,Sanitary Ware,Pedestal,Wash Basin,Roca,Pedestal,,Low,2530,Piece,Per_Bathroom,1.0,Bathroom,False
P005150,Sanitary Ware,Floor Mounted,Close Coupled Toilet,Ideal Standard,Floor Mounted,,High,8010,Piece,Per_Bathroom,1.0,Bathroom,False
P005151,Sanitary Ware,Pedestal,Wash Basin,Ideal Standard,Pedestal,,Low,2896,Piece,Per_Bathroom,1.0,Bathroom,False
P005152,Sanitary Ware,Rain Shower,Rain Shower,GROHE,Rain Shower,,Medium,5713,Set,Per_Master_Bathroom,1.0,Master Bathroom,True
P005153,Sanitary Ware,Pedestal,Wash Basin,Ceramica Cleopatra,Pedestal,,Low,3157,Piece,Per_Bathroom,1.0,Bathroom,False
P005154,Sanitary Ware,Sliding Cabin,Shower Cabin,GROHE,Sliding Cabin,,High,8205,Piece,Per_Master_Bathroom,1.0,Master Bathroom,True
P005155,Sanitary Ware,Sliding Cabin,Shower Cabin,Ceramica Cleopatra,Sliding Cabin,,High,10492,Piece,Per_Master_Bathroom,1.0,Master Bathroom,True
P005156,Sanitary Ware,Sliding Cabin,Shower Cabin,Lecico,Sliding Cabin,,Medium,5938,Piece,Per_Master_Bathroom,1.0,Master Bathroom,True
P005157,Sanitary Ware,Pedestal,Wash Basin,Lecico,Pedestal,,Low,2108,Piece,Per_Bathroom,1.0,Bathroom,False
P005158,Sanitary Ware,Rain Shower,Rain Shower,GROHE,Rain Shower,,High,10117,Set,Per_Master_Bathroom,1.0,Master Bathroom,True
P005159,Sanitary Ware,Floor Mounted,Close Coupled Toilet,GROHE,Floor Mounted,,Low,4190,Piece,Per_Bathroom,1.0,Bathroom,False
P005160,Sanitary Ware,Floor Mounted,Close Coupled Toilet,Ideal Standard,Floor Mounted,,High,7900,Piece,Per_Bathroom,1.0,Bathroom,False
P005161,Sanitary Ware,Pedestal,Wash Basin,Lecico,Pedestal,,Low,2307,Piece,Per_Bathroom,1.0,Bathroom,False
P005162,Sanitary Ware,Floor Mounted,Close Coupled Toilet,Ceramica Cleopatra,Floor Mounted,,High,7924,Piece,Per_Bathroom,1.0,Bathroom,False
P005163,Sanitary Ware,Pedestal,Wash Basin,Roca,Pedestal,,Low,3467,Piece,Per_Bathroom,1.0,Bathroom,False
P005164,Sanitary Ware,Pedestal,Wash Basin,GROHE,Pedestal,,Low,3669,Piece,Per_Bathroom,1.0,Bathroom,False
P005165,Sanitary Ware,Rain Shower,Rain Shower,Ideal Standard,Rain Shower,,High,8645,Set,Per_Master_Bathroom,1.0,Master Bathroom,True
P005166,Sanitary Ware,Floor Mounted,Close Coupled Toilet,Lecico,Floor Mounted,,Medium,7274,Piece,Per_Bathroom,1.0,Bathroom,False
P005167,Sanitary Ware,Sliding Cabin,Shower Cabin,Ceramica Cleopatra,Sliding Cabin,,Medium,6301,Piece,Per_Master_Bathroom,1.0,Master Bathroom,True
P005168,Sanitary Ware,Rain Shower,Rain Shower,Ideal Standard,Rain Shower,,High,7640,Set,Per_Master_Bathroom,1.0,Master Bathroom,True
P005169,Sanitary Ware,Sliding Cabin,Shower Cabin,Lecico,Sliding Cabin,,Medium,5767,Piece,Per_Master_Bathroom,1.0,Master Bathroom,True
P005170,Sanitary Ware,Floor Mounted,Close Coupled Toilet,Lecico,Floor Mounted,,Medium,7406,Piece,Per_Bathroom,1.0,Bathroom,False
P005171,Sanitary Ware,Floor Mounted,Close Coupled Toilet,Ideal Standard,Floor Mounted,,Low,3996,Piece,Per_Bathroom,1.0,Bathroom,False
P005172,Sanitary Ware,Rain Shower,Rain Shower,GROHE,Rain Shower,,High,9593,Set,Per_Master_Bathroom,1.0,Master Bathroom,True
P005173,Sanitary Ware,Rain Shower,Rain Shower,Lecico,Rain Shower,,High,7682,Set,Per_Master_Bathroom,1.0,Master Bathroom,True
P005174,Sanitary Ware,Floor Mounted,Close Coupled Toilet,Lecico,Floor Mounted,,Medium,6545,Piece,Per_Bathroom,1.0,Bathroom,False
P005175,Sanitary Ware,Rain Shower,Rain Shower,GROHE,Rain Shower,,Low,4543,Set,Per_Master_Bathroom,1.0,Master Bathroom,True
P005176,Sanitary Ware,Floor Mounted,Close Coupled Toilet,Roca,Floor Mounted,,Low,4896,Piece,Per_Bathroom,1.0,Bathroom,False
P005177,Sanitary Ware,Sliding Cabin,Shower Cabin,GROHE,Sliding Cabin,,High,8604,Piece,Per_Master_Bathroom,1.0,Master Bathroom,True
P005178,Sanitary Ware,Floor Mounted,Close Coupled Toilet,Ideal Standard,Floor Mounted,,Medium,6733,Piece,Per_Bathroom,1.0,Bathroom,False
P005179,Sanitary Ware,Rain Shower,Rain Shower,Ceramica Cleopatra,Rain Shower,,Medium,6194,Set,Per_Master_Bathroom,1.0,Master Bathroom,True
P005180,Sanitary Ware,Floor Mounted,Close Coupled Toilet,Roca,Floor Mounted,,Medium,6666,Piece,Per_Bathroom,1.0,Bathroom,False
P005181,Sanitary Ware,Floor Mounted,Close Coupled Toilet,Lecico,Floor Mounted,,Low,3813,Piece,Per_Bathroom,1.0,Bathroom,False
P005182,Sanitary Ware,Sliding Cabin,Shower Cabin,Roca,Sliding Cabin,,High,9926,Piece,Per_Master_Bathroom,1.0,Master Bathroom,True
P005183,Sanitary Ware,Sliding Cabin,Shower Cabin,Ideal Standard,Sliding Cabin,,High,9097,Piece,Per_Master_Bathroom,1.0,Master Bathroom,True
P005184,Sanitary Ware,Sliding Cabin,Shower Cabin,Lecico,Sliding Cabin,,High,10157,Piece,Per_Master_Bathroom,1.0,Master Bathroom,True
P005185,Sanitary Ware,Floor Mounted,Close Coupled Toilet,Lecico,Floor Mounted,,High,7683,Piece,Per_Bathroom,1.0,Bathroom,False
P005186,Sanitary Ware,Sliding Cabin,Shower Cabin,GROHE,Sliding Cabin,,High,7814,Piece,Per_Master_Bathroom,1.0,Master Bathroom,True
P005187,Sanitary Ware,Floor Mounted,Close Coupled Toilet,GROHE,Floor Mounted,,Low,4038,Piece,Per_Bathroom,1.0,Bathroom,False
P005188,Sanitary Ware,Rain Shower,Rain Shower,Ceramica Cleopatra,Rain Shower,,High,10181,Set,Per_Master_Bathroom,1.0,Master Bathroom,True
P005189,Sanitary Ware,Pedestal,Wash Basin,Lecico,Pedestal,,Low,2635,Piece,Per_Bathroom,1.0,Bathroom,False
P005190,Sanitary Ware,Rain Shower,Rain Shower,Ideal Standard,Rain Shower,,Medium,5011,Set,Per_Master_Bathroom,1.0,Master Bathroom,True
P005191,Sanitary Ware,Sliding Cabin,Shower Cabin,GROHE,Sliding Cabin,,High,9295,Piece,Per_Master_Bathroom,1.0,Master Bathroom,True
P005192,Sanitary Ware,Sliding Cabin,Shower Cabin,Lecico,Sliding Cabin,,Low,4973,Piece,Per_Master_Bathroom,1.0,Master Bathroom,True
P005193,Sanitary Ware,Pedestal,Wash Basin,Ceramica Cleopatra,Pedestal,,Low,1959,Piece,Per_Bathroom,1.0,Bathroom,False
P005194,Sanitary Ware,Floor Mounted,Close Coupled Toilet,Ceramica Cleopatra,Floor Mounted,,Medium,6887,Piece,Per_Bathroom,1.0,Bathroom,False
P005195,Sanitary Ware,Pedestal,Wash Basin,Ceramica Cleopatra,Pedestal,,Low,2585,Piece,Per_Bathroom,1.0,Bathroom,False
P005196,Sanitary Ware,Rain Shower,Rain Shower,Roca,Rain Shower,,High,7669,Set,Per_Master_Bathroom,1.0,Master Bathroom,True
P005197,Sanitary Ware,Floor Mounted,Close Coupled Toilet,Ideal Standard,Floor Mounted,,High,8068,Piece,Per_Bathroom,1.0,Bathroom,False
P005198,Sanitary Ware,Sliding Cabin,Shower Cabin,Lecico,Sliding Cabin,,Medium,5880,Piece,Per_Master_Bathroom,1.0,Master Bathroom,True
P005199,Sanitary Ware,Sliding Cabin,Shower Cabin,Roca,Sliding Cabin,,High,9131,Piece,Per_Master_Bathroom,1.0,Master Bathroom,True
P005200,Sanitary Ware,Pedestal,Wash Basin,GROHE,Pedestal,,Low,2898,Piece,Per_Bathroom,1.0,Bathroom,False
P005201,Sanitary Ware,Floor Mounted,Close Coupled Toilet,GROHE,Floor Mounted,,Medium,6706,Piece,Per_Bathroom,1.0,Bathroom,False
P005202,Sanitary Ware,Floor Mounted,Close Coupled Toilet,Ceramica Cleopatra,Floor Mounted,,High,7845,Piece,Per_Bathroom,1.0,Bathroom,False
P005203,Sanitary Ware,Rain Shower,Rain Shower,Ceramica Cleopatra,Rain Shower,,High,9359,Set,Per_Master_Bathroom,1.0,Master Bathroom,True
P005204,Sanitary Ware,Floor Mounted,Close Coupled Toilet,GROHE,Floor Mounted,,Medium,6986,Piece,Per_Bathroom,1.0,Bathroom,False
P005205,Sanitary Ware,Pedestal,Wash Basin,Ideal Standard,Pedestal,,Low,3470,Piece,Per_Bathroom,1.0,Bathroom,False
P005206,Sanitary Ware,Pedestal,Wash Basin,Ideal Standard,Pedestal,,Low,2458,Piece,Per_Bathroom,1.0,Bathroom,False
P005207,Sanitary Ware,Pedestal,Wash Basin,Ideal Standard,Pedestal,,Low,1851,Piece,Per_Bathroom,1.0,Bathroom,False
P005208,Sanitary Ware,Rain Shower,Rain Shower,Ideal Standard,Rain Shower,,High,9519,Set,Per_Master_Bathroom,1.0,Master Bathroom,True
P005209,Sanitary Ware,Floor Mounted,Close Coupled Toilet,Roca,Floor Mounted,,Low,4061,Piece,Per_Bathroom,1.0,Bathroom,False
P005210,Sanitary Ware,Floor Mounted,Close Coupled Toilet,Ideal Standard,Floor Mounted,,Medium,6698,Piece,Per_Bathroom,1.0,Bathroom,False
P005211,Sanitary Ware,Floor Mounted,Close Coupled Toilet,Roca,Floor Mounted,,Medium,5655,Piece,Per_Bathroom,1.0,Bathroom,False
P005212,Sanitary Ware,Pedestal,Wash Basin,Roca,Pedestal,,Low,3982,Piece,Per_Bathroom,1.0,Bathroom,False
P005213,Sanitary Ware,Sliding Cabin,Shower Cabin,Lecico,Sliding Cabin,,Medium,6726,Piece,Per_Master_Bathroom,1.0,Master Bathroom,True
P005214,Sanitary Ware,Sliding Cabin,Shower Cabin,GROHE,Sliding Cabin,,Low,4731,Piece,Per_Master_Bathroom,1.0,Master Bathroom,True
P005215,Sanitary Ware,Sliding Cabin,Shower Cabin,Ideal Standard,Sliding Cabin,,High,8579,Piece,Per_Master_Bathroom,1.0,Master Bathroom,True
P005216,Sanitary Ware,Rain Shower,Rain Shower,Ceramica Cleopatra,Rain Shower,,Medium,6055,Set,Per_Master_Bathroom,1.0,Master Bathroom,True
P005217,Sanitary Ware,Rain Shower,Rain Shower,Ceramica Cleopatra,Rain Shower,,Medium,6684,Set,Per_Master_Bathroom,1.0,Master Bathroom,True
P005218,Sanitary Ware,Floor Mounted,Close Coupled Toilet,Roca,Floor Mounted,,Low,4073,Piece,Per_Bathroom,1.0,Bathroom,False
P005219,Sanitary Ware,Pedestal,Wash Basin,GROHE,Pedestal,,Low,2356,Piece,Per_Bathroom,1.0,Bathroom,False
P005220,Sanitary Ware,Rain Shower,Rain Shower,Lecico,Rain Shower,,High,10945,Set,Per_Master_Bathroom,1.0,Master Bathroom,True
P005221,Sanitary Ware,Floor Mounted,Close Coupled Toilet,Lecico,Floor Mounted,,Medium,6314,Piece,Per_Bathroom,1.0,Bathroom,False
P005222,Sanitary Ware,Sliding Cabin,Shower Cabin,Ceramica Cleopatra,Sliding Cabin,,Medium,5730,Piece,Per_Master_Bathroom,1.0,Master Bathroom,True
P005223,Sanitary Ware,Pedestal,Wash Basin,Lecico,Pedestal,,Low,3010,Piece,Per_Bathroom,1.0,Bathroom,False
P005224,Sanitary Ware,Pedestal,Wash Basin,Roca,Pedestal,,Low,2784,Piece,Per_Bathroom,1.0,Bathroom,False
P005225,Sanitary Ware,Rain Shower,Rain Shower,Roca,Rain Shower,,High,10623,Set,Per_Master_Bathroom,1.0,Master Bathroom,True
P005226,Sanitary Ware,Sliding Cabin,Shower Cabin,Lecico,Sliding Cabin,,High,7679,Piece,Per_Master_Bathroom,1.0,Master Bathroom,True
P005227,Sanitary Ware,Sliding Cabin,Shower Cabin,Roca,Sliding Cabin,,Medium,6063,Piece,Per_Master_Bathroom,1.0,Master Bathroom,True
P005228,Sanitary Ware,Rain Shower,Rain Shower,Ceramica Cleopatra,Rain Shower,,Medium,5902,Set,Per_Master_Bathroom,1.0,Master Bathroom,True
P005229,Sanitary Ware,Pedestal,Wash Basin,Ideal Standard,Pedestal,,Low,2797,Piece,Per_Bathroom,1.0,Bathroom,False
P005230,Sanitary Ware,Floor Mounted,Close Coupled Toilet,Ceramica Cleopatra,Floor Mounted,,High,7930,Piece,Per_Bathroom,1.0,Bathroom,False
P005231,Sanitary Ware,Floor Mounted,Close Coupled Toilet,GROHE,Floor Mounted,,Medium,5009,Piece,Per_Bathroom,1.0,Bathroom,False
P005232,Sanitary Ware,Pedestal,Wash Basin,Lecico,Pedestal,,Low,2082,Piece,Per_Bathroom,1.0,Bathroom,False
P005233,Sanitary Ware,Pedestal,Wash Basin,Ceramica Cleopatra,Pedestal,,Low,1861,Piece,Per_Bathroom,1.0,Bathroom,False
P005234,Sanitary Ware,Floor Mounted,Close Coupled Toilet,Lecico,Floor Mounted,,Medium,5131,Piece,Per_Bathroom,1.0,Bathroom,False
P005235,Sanitary Ware,Sliding Cabin,Shower Cabin,Ideal Standard,Sliding Cabin,,Medium,5543,Piece,Per_Master_Bathroom,1.0,Master Bathroom,True
P005236,Sanitary Ware,Pedestal,Wash Basin,GROHE,Pedestal,,Low,3331,Piece,Per_Bathroom,1.0,Bathroom,False
P005237,Sanitary Ware,Sliding Cabin,Shower Cabin,Ideal Standard,Sliding Cabin,,Low,4762,Piece,Per_Master_Bathroom,1.0,Master Bathroom,True
P005238,Sanitary Ware,Floor Mounted,Close Coupled Toilet,Lecico,Floor Mounted,,Medium,6970,Piece,Per_Bathroom,1.0,Bathroom,False
P005239,Sanitary Ware,Floor Mounted,Close Coupled Toilet,Lecico,Floor Mounted,,High,8091,Piece,Per_Bathroom,1.0,Bathroom,False
P005240,Sanitary Ware,Pedestal,Wash Basin,Lecico,Pedestal,,Low,2622,Piece,Per_Bathroom,1.0,Bathroom,False
P005241,Sanitary Ware,Floor Mounted,Close Coupled Toilet,Ceramica Cleopatra,Floor Mounted,,Medium,6791,Piece,Per_Bathroom,1.0,Bathroom,False
P005242,Sanitary Ware,Sliding Cabin,Shower Cabin,Ceramica Cleopatra,Sliding Cabin,,Medium,5053,Piece,Per_Master_Bathroom,1.0,Master Bathroom,True
P005243,Sanitary Ware,Floor Mounted,Close Coupled Toilet,GROHE,Floor Mounted,,Low,4636,Piece,Per_Bathroom,1.0,Bathroom,False
P005244,Sanitary Ware,Floor Mounted,Close Coupled Toilet,GROHE,Floor Mounted,,Medium,6722,Piece,Per_Bathroom,1.0,Bathroom,False
P005245,Sanitary Ware,Floor Mounted,Close Coupled Toilet,Ceramica Cleopatra,Floor Mounted,,Medium,5787,Piece,Per_Bathroom,1.0,Bathroom,False
P005246,Sanitary Ware,Rain Shower,Rain Shower,Ceramica Cleopatra,Rain Shower,,High,10732,Set,Per_Master_Bathroom,1.0,Master Bathroom,True
P005247,Sanitary Ware,Floor Mounted,Close Coupled Toilet,GROHE,Floor Mounted,,Medium,6182,Piece,Per_Bathroom,1.0,Bathroom,False
P005248,Sanitary Ware,Sliding Cabin,Shower Cabin,Roca,Sliding Cabin,,High,9064,Piece,Per_Master_Bathroom,1.0,Master Bathroom,True
P005249,Sanitary Ware,Sliding Cabin,Shower Cabin,Roca,Sliding Cabin,,High,8388,Piece,Per_Master_Bathroom,1.0,Master Bathroom,True
P005250,Sanitary Ware,Sliding Cabin,Shower Cabin,Roca,Sliding Cabin,,Medium,5027,Piece,Per_Master_Bathroom,1.0,Master Bathroom,True
P005251,Sanitary Ware,Floor Mounted,Close Coupled Toilet,Ceramica Cleopatra,Floor Mounted,,Medium,6845,Piece,Per_Bathroom,1.0,Bathroom,False
P005252,Sanitary Ware,Rain Shower,Rain Shower,GROHE,Rain Shower,,High,10817,Set,Per_Master_Bathroom,1.0,Master Bathroom,True
P005253,Sanitary Ware,Floor Mounted,Close Coupled Toilet,GROHE,Floor Mounted,,Medium,5698,Piece,Per_Bathroom,1.0,Bathroom,False
P005254,Sanitary Ware,Floor Mounted,Close Coupled Toilet,Ideal Standard,Floor Mounted,,Low,4293,Piece,Per_Bathroom,1.0,Bathroom,False
P005255,Sanitary Ware,Sliding Cabin,Shower Cabin,Roca,Sliding Cabin,,Medium,6913,Piece,Per_Master_Bathroom,1.0,Master Bathroom,True
P005256,Sanitary Ware,Floor Mounted,Close Coupled Toilet,Ideal Standard,Floor Mounted,,Medium,5468,Piece,Per_Bathroom,1.0,Bathroom,False
P005257,Sanitary Ware,Pedestal,Wash Basin,Ideal Standard,Pedestal,,Low,2343,Piece,Per_Bathroom,1.0,Bathroom,False
P005258,Sanitary Ware,Rain Shower,Rain Shower,Ideal Standard,Rain Shower,,Medium,6493,Set,Per_Master_Bathroom,1.0,Master Bathroom,True
P005259,Sanitary Ware,Floor Mounted,Close Coupled Toilet,Lecico,Floor Mounted,,Medium,6911,Piece,Per_Bathroom,1.0,Bathroom,False
P005260,Sanitary Ware,Floor Mounted,Close Coupled Toilet,Ceramica Cleopatra,Floor Mounted,,Medium,5171,Piece,Per_Bathroom,1.0,Bathroom,False
P005261,Sanitary Ware,Pedestal,Wash Basin,GROHE,Pedestal,,Low,3611,Piece,Per_Bathroom,1.0,Bathroom,False
P005262,Sanitary Ware,Floor Mounted,Close Coupled Toilet,Ceramica Cleopatra,Floor Mounted,,High,8072,Piece,Per_Bathroom,1.0,Bathroom,False
P005263,Sanitary Ware,Rain Shower,Rain Shower,Roca,Rain Shower,,Medium,5282,Set,Per_Master_Bathroom,1.0,Master Bathroom,True
P005264,Sanitary Ware,Rain Shower,Rain Shower,GROHE,Rain Shower,,High,8839,Set,Per_Master_Bathroom,1.0,Master Bathroom,True
P005265,Sanitary Ware,Sliding Cabin,Shower Cabin,GROHE,Sliding Cabin,,Medium,5583,Piece,Per_Master_Bathroom,1.0,Master Bathroom,True
P005266,Sanitary Ware,Pedestal,Wash Basin,GROHE,Pedestal,,Low,2009,Piece,Per_Bathroom,1.0,Bathroom,False
P005267,Sanitary Ware,Rain Shower,Rain Shower,Lecico,Rain Shower,,High,7888,Set,Per_Master_Bathroom,1.0,Master Bathroom,True
P005268,Sanitary Ware,Floor Mounted,Close Coupled Toilet,Roca,Floor Mounted,,Low,4999,Piece,Per_Bathroom,1.0,Bathroom,False
P005269,Sanitary Ware,Pedestal,Wash Basin,Roca,Pedestal,,Low,3296,Piece,Per_Bathroom,1.0,Bathroom,False
P005270,Sanitary Ware,Rain Shower,Rain Shower,GROHE,Rain Shower,,Medium,6206,Set,Per_Master_Bathroom,1.0,Master Bathroom,True
P005271,Sanitary Ware,Sliding Cabin,Shower Cabin,Lecico,Sliding Cabin,,Low,4568,Piece,Per_Master_Bathroom,1.0,Master Bathroom,True
P005272,Sanitary Ware,Rain Shower,Rain Shower,GROHE,Rain Shower,,Medium,6735,Set,Per_Master_Bathroom,1.0,Master Bathroom,True
P005273,Sanitary Ware,Sliding Cabin,Shower Cabin,Ideal Standard,Sliding Cabin,,Medium,5425,Piece,Per_Master_Bathroom,1.0,Master Bathroom,True
P005274,Sanitary Ware,Rain Shower,Rain Shower,Lecico,Rain Shower,,High,9234,Set,Per_Master_Bathroom,1.0,Master Bathroom,True
P005275,Sanitary Ware,Floor Mounted,Close Coupled Toilet,GROHE,Floor Mounted,,Medium,7136,Piece,Per_Bathroom,1.0,Bathroom,False
P005276,Sanitary Ware,Pedestal,Wash Basin,Lecico,Pedestal,,Low,3063,Piece,Per_Bathroom,1.0,Bathroom,False
P005277,Sanitary Ware,Floor Mounted,Close Coupled Toilet,Lecico,Floor Mounted,,Medium,6123,Piece,Per_Bathroom,1.0,Bathroom,False
P005278,Sanitary Ware,Pedestal,Wash Basin,GROHE,Pedestal,,Low,2358,Piece,Per_Bathroom,1.0,Bathroom,False
P005279,Sanitary Ware,Floor Mounted,Close Coupled Toilet,GROHE,Floor Mounted,,Low,4405,Piece,Per_Bathroom,1.0,Bathroom,False
P005280,Sanitary Ware,Rain Shower,Rain Shower,GROHE,Rain Shower,,High,9690,Set,Per_Master_Bathroom,1.0,Master Bathroom,True
P005281,Sanitary Ware,Rain Shower,Rain Shower,Ceramica Cleopatra,Rain Shower,,High,9757,Set,Per_Master_Bathroom,1.0,Master Bathroom,True
P005282,Sanitary Ware,Rain Shower,Rain Shower,Roca,Rain Shower,,Medium,6235,Set,Per_Master_Bathroom,1.0,Master Bathroom,True
P005283,Sanitary Ware,Rain Shower,Rain Shower,Roca,Rain Shower,,Low,4915,Set,Per_Master_Bathroom,1.0,Master Bathroom,True
P005284,Sanitary Ware,Pedestal,Wash Basin,Lecico,Pedestal,,Low,4104,Piece,Per_Bathroom,1.0,Bathroom,False
P005285,Sanitary Ware,Pedestal,Wash Basin,Lecico,Pedestal,,Low,3433,Piece,Per_Bathroom,1.0,Bathroom,False
P005286,Sanitary Ware,Pedestal,Wash Basin,Roca,Pedestal,,Low,2188,Piece,Per_Bathroom,1.0,Bathroom,False
P005287,Sanitary Ware,Sliding Cabin,Shower Cabin,Roca,Sliding Cabin,,High,9910,Piece,Per_Master_Bathroom,1.0,Master Bathroom,True
P005288,Sanitary Ware,Sliding Cabin,Shower Cabin,Ceramica Cleopatra,Sliding Cabin,,High,8290,Piece,Per_Master_Bathroom,1.0,Master Bathroom,True
P005289,Sanitary Ware,Floor Mounted,Close Coupled Toilet,GROHE,Floor Mounted,,Medium,5638,Piece,Per_Bathroom,1.0,Bathroom,False
P005290,Sanitary Ware,Floor Mounted,Close Coupled Toilet,GROHE,Floor Mounted,,Medium,7471,Piece,Per_Bathroom,1.0,Bathroom,False
P005291,Sanitary Ware,Rain Shower,Rain Shower,Ceramica Cleopatra,Rain Shower,,Medium,6208,Set,Per_Master_Bathroom,1.0,Master Bathroom,True
P005292,Sanitary Ware,Pedestal,Wash Basin,Roca,Pedestal,,Low,2910,Piece,Per_Bathroom,1.0,Bathroom,False
P005293,Sanitary Ware,Pedestal,Wash Basin,GROHE,Pedestal,,Low,3334,Piece,Per_Bathroom,1.0,Bathroom,False
P005294,Sanitary Ware,Rain Shower,Rain Shower,Roca,Rain Shower,,High,10692,Set,Per_Master_Bathroom,1.0,Master Bathroom,True
P005295,Sanitary Ware,Floor Mounted,Close Coupled Toilet,Ceramica Cleopatra,Floor Mounted,,Medium,5433,Piece,Per_Bathroom,1.0,Bathroom,False
P005296,Sanitary Ware,Rain Shower,Rain Shower,GROHE,Rain Shower,,High,8188,Set,Per_Master_Bathroom,1.0,Master Bathroom,True
P005297,Sanitary Ware,Sliding Cabin,Shower Cabin,Roca,Sliding Cabin,,High,10083,Piece,Per_Master_Bathroom,1.0,Master Bathroom,True
P005298,Sanitary Ware,Sliding Cabin,Shower Cabin,Lecico,Sliding Cabin,,High,9530,Piece,Per_Master_Bathroom,1.0,Master Bathroom,True
P005299,Sanitary Ware,Sliding Cabin,Shower Cabin,Lecico,Sliding Cabin,,High,9858,Piece,Per_Master_Bathroom,1.0,Master Bathroom,True
P005300,Sanitary Ware,Rain Shower,Rain Shower,Roca,Rain Shower,,High,9974,Set,Per_Master_Bathroom,1.0,Master Bathroom,True
P005301,Sanitary Ware,Floor Mounted,Close Coupled Toilet,Ceramica Cleopatra,Floor Mounted,,High,8214,Piece,Per_Bathroom,1.0,Bathroom,False
P005302,Sanitary Ware,Pedestal,Wash Basin,Roca,Pedestal,,Low,2169,Piece,Per_Bathroom,1.0,Bathroom,False
P005303,Sanitary Ware,Pedestal,Wash Basin,Ideal Standard,Pedestal,,Low,2906,Piece,Per_Bathroom,1.0,Bathroom,False
P005304,Sanitary Ware,Rain Shower,Rain Shower,Roca,Rain Shower,,Medium,5649,Set,Per_Master_Bathroom,1.0,Master Bathroom,True
P005305,Sanitary Ware,Sliding Cabin,Shower Cabin,Roca,Sliding Cabin,,Medium,7095,Piece,Per_Master_Bathroom,1.0,Master Bathroom,True
P005306,Sanitary Ware,Rain Shower,Rain Shower,Roca,Rain Shower,,High,9256,Set,Per_Master_Bathroom,1.0,Master Bathroom,True
P005307,Sanitary Ware,Rain Shower,Rain Shower,Ideal Standard,Rain Shower,,Medium,7011,Set,Per_Master_Bathroom,1.0,Master Bathroom,True
P005308,Sanitary Ware,Pedestal,Wash Basin,GROHE,Pedestal,,Low,3875,Piece,Per_Bathroom,1.0,Bathroom,False
P005309,Sanitary Ware,Rain Shower,Rain Shower,Ideal Standard,Rain Shower,,Medium,7419,Set,Per_Master_Bathroom,1.0,Master Bathroom,True
P005310,Sanitary Ware,Floor Mounted,Close Coupled Toilet,Ceramica Cleopatra,Floor Mounted,,High,7770,Piece,Per_Bathroom,1.0,Bathroom,False
P005311,Sanitary Ware,Sliding Cabin,Shower Cabin,Ideal Standard,Sliding Cabin,,Medium,6133,Piece,Per_Master_Bathroom,1.0,Master Bathroom,True
P005312,Sanitary Ware,Floor Mounted,Close Coupled Toilet,Ceramica Cleopatra,Floor Mounted,,Medium,7129,Piece,Per_Bathroom,1.0,Bathroom,False
P005313,Sanitary Ware,Floor Mounted,Close Coupled Toilet,Lecico,Floor Mounted,,High,7650,Piece,Per_Bathroom,1.0,Bathroom,False
P005314,Sanitary Ware,Floor Mounted,Close Coupled Toilet,GROHE,Floor Mounted,,Low,4492,Piece,Per_Bathroom,1.0,Bathroom,False
P005315,Sanitary Ware,Floor Mounted,Close Coupled Toilet,Roca,Floor Mounted,,Medium,5074,Piece,Per_Bathroom,1.0,Bathroom,False
P005316,Sanitary Ware,Rain Shower,Rain Shower,Ideal Standard,Rain Shower,,High,10081,Set,Per_Master_Bathroom,1.0,Master Bathroom,True
P005317,Sanitary Ware,Sliding Cabin,Shower Cabin,Roca,Sliding Cabin,,High,10861,Piece,Per_Master_Bathroom,1.0,Master Bathroom,True
P005318,Sanitary Ware,Floor Mounted,Close Coupled Toilet,Ceramica Cleopatra,Floor Mounted,,High,8079,Piece,Per_Bathroom,1.0,Bathroom,False
P005319,Sanitary Ware,Floor Mounted,Close Coupled Toilet,Ideal Standard,Floor Mounted,,High,7552,Piece,Per_Bathroom,1.0,Bathroom,False
P005320,Sanitary Ware,Rain Shower,Rain Shower,Ideal Standard,Rain Shower,,High,9150,Set,Per_Master_Bathroom,1.0,Master Bathroom,True
P005321,Sanitary Ware,Sliding Cabin,Shower Cabin,Ideal Standard,Sliding Cabin,,High,9812,Piece,Per_Master_Bathroom,1.0,Master Bathroom,True
P005322,Sanitary Ware,Floor Mounted,Close Coupled Toilet,Ideal Standard,Floor Mounted,,Medium,5354,Piece,Per_Bathroom,1.0,Bathroom,False
P005323,Sanitary Ware,Pedestal,Wash Basin,Ceramica Cleopatra,Pedestal,,Low,2343,Piece,Per_Bathroom,1.0,Bathroom,False
P005324,Sanitary Ware,Pedestal,Wash Basin,Lecico,Pedestal,,Low,2723,Piece,Per_Bathroom,1.0,Bathroom,False
P005325,Sanitary Ware,Floor Mounted,Close Coupled Toilet,Ideal Standard,Floor Mounted,,High,7820,Piece,Per_Bathroom,1.0,Bathroom,False
P005326,Sanitary Ware,Pedestal,Wash Basin,Lecico,Pedestal,,Low,3205,Piece,Per_Bathroom,1.0,Bathroom,False
P005327,Sanitary Ware,Rain Shower,Rain Shower,Ideal Standard,Rain Shower,,High,10910,Set,Per_Master_Bathroom,1.0,Master Bathroom,True
P005328,Sanitary Ware,Floor Mounted,Close Coupled Toilet,GROHE,Floor Mounted,,Medium,6494,Piece,Per_Bathroom,1.0,Bathroom,False
P005329,Sanitary Ware,Sliding Cabin,Shower Cabin,GROHE,Sliding Cabin,,Medium,7373,Piece,Per_Master_Bathroom,1.0,Master Bathroom,True
P005330,Sanitary Ware,Floor Mounted,Close Coupled Toilet,Ideal Standard,Floor Mounted,,Low,4972,Piece,Per_Bathroom,1.0,Bathroom,False
P005331,Sanitary Ware,Pedestal,Wash Basin,Ideal Standard,Pedestal,,Low,3895,Piece,Per_Bathroom,1.0,Bathroom,False
P005332,Sanitary Ware,Pedestal,Wash Basin,Ideal Standard,Pedestal,,Low,2277,Piece,Per_Bathroom,1.0,Bathroom,False
P005333,Sanitary Ware,Floor Mounted,Close Coupled Toilet,GROHE,Floor Mounted,,Medium,5826,Piece,Per_Bathroom,1.0,Bathroom,False
P005334,Sanitary Ware,Pedestal,Wash Basin,Roca,Pedestal,,Low,2691,Piece,Per_Bathroom,1.0,Bathroom,False
P005335,Sanitary Ware,Rain Shower,Rain Shower,Roca,Rain Shower,,High,8040,Set,Per_Master_Bathroom,1.0,Master Bathroom,True
P005336,Sanitary Ware,Floor Mounted,Close Coupled Toilet,Roca,Floor Mounted,,Low,4961,Piece,Per_Bathroom,1.0,Bathroom,False
P005337,Sanitary Ware,Floor Mounted,Close Coupled Toilet,Ideal Standard,Floor Mounted,,Low,4978,Piece,Per_Bathroom,1.0,Bathroom,False
P005338,Sanitary Ware,Rain Shower,Rain Shower,Ceramica Cleopatra,Rain Shower,,Low,4524,Set,Per_Master_Bathroom,1.0,Master Bathroom,True
P005339,Sanitary Ware,Sliding Cabin,Shower Cabin,Roca,Sliding Cabin,,Medium,6837,Piece,Per_Master_Bathroom,1.0,Master Bathroom,True
P005340,Sanitary Ware,Sliding Cabin,Shower Cabin,Ideal Standard,Sliding Cabin,,Medium,5944,Piece,Per_Master_Bathroom,1.0,Master Bathroom,True
P005341,Sanitary Ware,Sliding Cabin,Shower Cabin,Ideal Standard,Sliding Cabin,,High,10585,Piece,Per_Master_Bathroom,1.0,Master Bathroom,True
P005342,Sanitary Ware,Floor Mounted,Close Coupled Toilet,GROHE,Floor Mounted,,Medium,7364,Piece,Per_Bathroom,1.0,Bathroom,False
P005343,Sanitary Ware,Pedestal,Wash Basin,Roca,Pedestal,,Low,2192,Piece,Per_Bathroom,1.0,Bathroom,False
P005344,Sanitary Ware,Sliding Cabin,Shower Cabin,GROHE,Sliding Cabin,,Medium,6250,Piece,Per_Master_Bathroom,1.0,Master Bathroom,True
P005345,Sanitary Ware,Pedestal,Wash Basin,Roca,Pedestal,,Low,1951,Piece,Per_Bathroom,1.0,Bathroom,False
P005346,Sanitary Ware,Pedestal,Wash Basin,Lecico,Pedestal,,Low,3061,Piece,Per_Bathroom,1.0,Bathroom,False
P005347,Sanitary Ware,Rain Shower,Rain Shower,Roca,Rain Shower,,Medium,6131,Set,Per_Master_Bathroom,1.0,Master Bathroom,True
P005348,Sanitary Ware,Floor Mounted,Close Coupled Toilet,GROHE,Floor Mounted,,Medium,5898,Piece,Per_Bathroom,1.0,Bathroom,False
P005349,Sanitary Ware,Rain Shower,Rain Shower,Roca,Rain Shower,,High,9128,Set,Per_Master_Bathroom,1.0,Master Bathroom,True
P005350,Sanitary Ware,Pedestal,Wash Basin,Roca,Pedestal,,Low,3146,Piece,Per_Bathroom,1.0,Bathroom,False
P005351,Sanitary Ware,Floor Mounted,Close Coupled Toilet,GROHE,Floor Mounted,,Low,4756,Piece,Per_Bathroom,1.0,Bathroom,False
P005352,Sanitary Ware,Floor Mounted,Close Coupled Toilet,Lecico,Floor Mounted,,Low,3996,Piece,Per_Bathroom,1.0,Bathroom,False
P005353,Sanitary Ware,Floor Mounted,Close Coupled Toilet,Ceramica Cleopatra,Floor Mounted,,High,7709,Piece,Per_Bathroom,1.0,Bathroom,False
P005354,Sanitary Ware,Floor Mounted,Close Coupled Toilet,Ideal Standard,Floor Mounted,,Medium,6235,Piece,Per_Bathroom,1.0,Bathroom,False
P005355,Sanitary Ware,Pedestal,Wash Basin,GROHE,Pedestal,,Low,2547,Piece,Per_Bathroom,1.0,Bathroom,False
P005356,Sanitary Ware,Pedestal,Wash Basin,GROHE,Pedestal,,Low,2961,Piece,Per_Bathroom,1.0,Bathroom,False
P005357,Sanitary Ware,Rain Shower,Rain Shower,Ideal Standard,Rain Shower,,High,10431,Set,Per_Master_Bathroom,1.0,Master Bathroom,True
P005358,Sanitary Ware,Rain Shower,Rain Shower,Ceramica Cleopatra,Rain Shower,,High,9438,Set,Per_Master_Bathroom,1.0,Master Bathroom,True
P005359,Sanitary Ware,Rain Shower,Rain Shower,Ceramica Cleopatra,Rain Shower,,Low,4647,Set,Per_Master_Bathroom,1.0,Master Bathroom,True
P005360,Sanitary Ware,Pedestal,Wash Basin,Ideal Standard,Pedestal,,Low,2144,Piece,Per_Bathroom,1.0,Bathroom,False
P005361,Sanitary Ware,Pedestal,Wash Basin,Lecico,Pedestal,,Low,3771,Piece,Per_Bathroom,1.0,Bathroom,False
P005362,Sanitary Ware,Sliding Cabin,Shower Cabin,Ceramica Cleopatra,Sliding Cabin,,Medium,6044,Piece,Per_Master_Bathroom,1.0,Master Bathroom,True
P005363,Sanitary Ware,Pedestal,Wash Basin,GROHE,Pedestal,,Low,3796,Piece,Per_Bathroom,1.0,Bathroom,False
P005364,Sanitary Ware,Pedestal,Wash Basin,Ceramica Cleopatra,Pedestal,,Low,2299,Piece,Per_Bathroom,1.0,Bathroom,False
P005365,Sanitary Ware,Sliding Cabin,Shower Cabin,Ceramica Cleopatra,Sliding Cabin,,High,9643,Piece,Per_Master_Bathroom,1.0,Master Bathroom,True
P005366,Sanitary Ware,Floor Mounted,Close Coupled Toilet,Roca,Floor Mounted,,High,8150,Piece,Per_Bathroom,1.0,Bathroom,False
P005367,Sanitary Ware,Rain Shower,Rain Shower,Lecico,Rain Shower,,High,8765,Set,Per_Master_Bathroom,1.0,Master Bathroom,True
P005368,Sanitary Ware,Rain Shower,Rain Shower,Ideal Standard,Rain Shower,,High,9239,Set,Per_Master_Bathroom,1.0,Master Bathroom,True
P005369,Sanitary Ware,Pedestal,Wash Basin,GROHE,Pedestal,,Low,2427,Piece,Per_Bathroom,1.0,Bathroom,False
P005370,Sanitary Ware,Floor Mounted,Close Coupled Toilet,Roca,Floor Mounted,,Low,4826,Piece,Per_Bathroom,1.0,Bathroom,False
P005371,Sanitary Ware,Floor Mounted,Close Coupled Toilet,Lecico,Floor Mounted,,Low,4536,Piece,Per_Bathroom,1.0,Bathroom,False
P005372,Sanitary Ware,Pedestal,Wash Basin,Ceramica Cleopatra,Pedestal,,Low,1957,Piece,Per_Bathroom,1.0,Bathroom,False
P005373,Sanitary Ware,Sliding Cabin,Shower Cabin,Ideal Standard,Sliding Cabin,,Medium,6174,Piece,Per_Master_Bathroom,1.0,Master Bathroom,True
P005374,Sanitary Ware,Floor Mounted,Close Coupled Toilet,Ideal Standard,Floor Mounted,,Medium,5327,Piece,Per_Bathroom,1.0,Bathroom,False
P005375,Sanitary Ware,Sliding Cabin,Shower Cabin,Ideal Standard,Sliding Cabin,,High,10180,Piece,Per_Master_Bathroom,1.0,Master Bathroom,True
P005376,Sanitary Ware,Sliding Cabin,Shower Cabin,Roca,Sliding Cabin,,High,7800,Piece,Per_Master_Bathroom,1.0,Master Bathroom,True
P005377,Sanitary Ware,Pedestal,Wash Basin,GROHE,Pedestal,,Low,3991,Piece,Per_Bathroom,1.0,Bathroom,False
P005378,Sanitary Ware,Sliding Cabin,Shower Cabin,GROHE,Sliding Cabin,,High,9501,Piece,Per_Master_Bathroom,1.0,Master Bathroom,True
P005379,Sanitary Ware,Sliding Cabin,Shower Cabin,Ceramica Cleopatra,Sliding Cabin,,High,8772,Piece,Per_Master_Bathroom,1.0,Master Bathroom,True
P005380,Sanitary Ware,Rain Shower,Rain Shower,Lecico,Rain Shower,,Medium,6977,Set,Per_Master_Bathroom,1.0,Master Bathroom,True
P005381,Sanitary Ware,Sliding Cabin,Shower Cabin,Ceramica Cleopatra,Sliding Cabin,,Medium,5518,Piece,Per_Master_Bathroom,1.0,Master Bathroom,True
P005382,Sanitary Ware,Pedestal,Wash Basin,GROHE,Pedestal,,Low,3583,Piece,Per_Bathroom,1.0,Bathroom,False
P005383,Sanitary Ware,Floor Mounted,Close Coupled Toilet,Lecico,Floor Mounted,,Low,3870,Piece,Per_Bathroom,1.0,Bathroom,False
P005384,Sanitary Ware,Pedestal,Wash Basin,Ceramica Cleopatra,Pedestal,,Low,1960,Piece,Per_Bathroom,1.0,Bathroom,False
P005385,Sanitary Ware,Floor Mounted,Close Coupled Toilet,Roca,Floor Mounted,,Medium,6115,Piece,Per_Bathroom,1.0,Bathroom,False
P005386,Sanitary Ware,Pedestal,Wash Basin,Ideal Standard,Pedestal,,Low,3932,Piece,Per_Bathroom,1.0,Bathroom,False
P005387,Sanitary Ware,Sliding Cabin,Shower Cabin,Roca,Sliding Cabin,,Medium,6499,Piece,Per_Master_Bathroom,1.0,Master Bathroom,True
P005388,Sanitary Ware,Rain Shower,Rain Shower,Lecico,Rain Shower,,Medium,5082,Set,Per_Master_Bathroom,1.0,Master Bathroom,True
P005389,Sanitary Ware,Sliding Cabin,Shower Cabin,Ceramica Cleopatra,Sliding Cabin,,High,9718,Piece,Per_Master_Bathroom,1.0,Master Bathroom,True
P005390,Sanitary Ware,Floor Mounted,Close Coupled Toilet,Ceramica Cleopatra,Floor Mounted,,Low,3946,Piece,Per_Bathroom,1.0,Bathroom,False
P005391,Sanitary Ware,Rain Shower,Rain Shower,Lecico,Rain Shower,,Medium,5253,Set,Per_Master_Bathroom,1.0,Master Bathroom,True
P005392,Sanitary Ware,Floor Mounted,Close Coupled Toilet,Roca,Floor Mounted,,Medium,5356,Piece,Per_Bathroom,1.0,Bathroom,False
P005393,Sanitary Ware,Pedestal,Wash Basin,Roca,Pedestal,,Low,3890,Piece,Per_Bathroom,1.0,Bathroom,False
P005394,Sanitary Ware,Rain Shower,Rain Shower,GROHE,Rain Shower,,High,9184,Set,Per_Master_Bathroom,1.0,Master Bathroom,True
P005395,Sanitary Ware,Sliding Cabin,Shower Cabin,Lecico,Sliding Cabin,,Medium,6998,Piece,Per_Master_Bathroom,1.0,Master Bathroom,True
P005396,Sanitary Ware,Rain Shower,Rain Shower,Roca,Rain Shower,,High,7903,Set,Per_Master_Bathroom,1.0,Master Bathroom,True
P005397,Sanitary Ware,Floor Mounted,Close Coupled Toilet,Ideal Standard,Floor Mounted,,High,7593,Piece,Per_Bathroom,1.0,Bathroom,False
P005398,Sanitary Ware,Sliding Cabin,Shower Cabin,Ideal Standard,Sliding Cabin,,Medium,5693,Piece,Per_Master_Bathroom,1.0,Master Bathroom,True
P005399,Sanitary Ware,Sliding Cabin,Shower Cabin,Roca,Sliding Cabin,,Medium,5577,Piece,Per_Master_Bathroom,1.0,Master Bathroom,True
P005400,Sanitary Ware,Rain Shower,Rain Shower,Ideal Standard,Rain Shower,,High,9267,Set,Per_Master_Bathroom,1.0,Master Bathroom,True
P005401,Sanitary Ware,Pedestal,Wash Basin,Ideal Standard,Pedestal,,Low,2707,Piece,Per_Bathroom,1.0,Bathroom,False
P005402,Sanitary Ware,Sliding Cabin,Shower Cabin,Ceramica Cleopatra,Sliding Cabin,,High,8714,Piece,Per_Master_Bathroom,1.0,Master Bathroom,True
P005403,Sanitary Ware,Pedestal,Wash Basin,Lecico,Pedestal,,Low,2387,Piece,Per_Bathroom,1.0,Bathroom,False
P005404,Sanitary Ware,Rain Shower,Rain Shower,GROHE,Rain Shower,,High,8675,Set,Per_Master_Bathroom,1.0,Master Bathroom,True
P005405,Sanitary Ware,Pedestal,Wash Basin,Ideal Standard,Pedestal,,Low,2000,Piece,Per_Bathroom,1.0,Bathroom,False
P005406,Sanitary Ware,Rain Shower,Rain Shower,Lecico,Rain Shower,,High,10386,Set,Per_Master_Bathroom,1.0,Master Bathroom,True
P005407,Sanitary Ware,Rain Shower,Rain Shower,Lecico,Rain Shower,,High,7849,Set,Per_Master_Bathroom,1.0,Master Bathroom,True
P005408,Sanitary Ware,Floor Mounted,Close Coupled Toilet,Ceramica Cleopatra,Floor Mounted,,Low,4380,Piece,Per_Bathroom,1.0,Bathroom,False
P005409,Sanitary Ware,Floor Mounted,Close Coupled Toilet,Ideal Standard,Floor Mounted,,Medium,6731,Piece,Per_Bathroom,1.0,Bathroom,False
P005410,Sanitary Ware,Floor Mounted,Close Coupled Toilet,Lecico,Floor Mounted,,Medium,5096,Piece,Per_Bathroom,1.0,Bathroom,False
P005411,Sanitary Ware,Rain Shower,Rain Shower,Roca,Rain Shower,,Medium,7376,Set,Per_Master_Bathroom,1.0,Master Bathroom,True
P005412,Sanitary Ware,Floor Mounted,Close Coupled Toilet,Ideal Standard,Floor Mounted,,High,8020,Piece,Per_Bathroom,1.0,Bathroom,False
P005413,Sanitary Ware,Pedestal,Wash Basin,GROHE,Pedestal,,Low,4110,Piece,Per_Bathroom,1.0,Bathroom,False
P005414,Sanitary Ware,Rain Shower,Rain Shower,Ideal Standard,Rain Shower,,Medium,5100,Set,Per_Master_Bathroom,1.0,Master Bathroom,True
P005415,Sanitary Ware,Floor Mounted,Close Coupled Toilet,Ceramica Cleopatra,Floor Mounted,,Medium,6449,Piece,Per_Bathroom,1.0,Bathroom,False
P005416,Sanitary Ware,Pedestal,Wash Basin,Roca,Pedestal,,Low,3849,Piece,Per_Bathroom,1.0,Bathroom,False
P005417,Sanitary Ware,Sliding Cabin,Shower Cabin,GROHE,Sliding Cabin,,Medium,6238,Piece,Per_Master_Bathroom,1.0,Master Bathroom,True
P005418,Sanitary Ware,Sliding Cabin,Shower Cabin,Lecico,Sliding Cabin,,Medium,6032,Piece,Per_Master_Bathroom,1.0,Master Bathroom,True
P005419,Sanitary Ware,Pedestal,Wash Basin,Ceramica Cleopatra,Pedestal,,Low,3656,Piece,Per_Bathroom,1.0,Bathroom,False
P005420,Sanitary Ware,Sliding Cabin,Shower Cabin,GROHE,Sliding Cabin,,Medium,5539,Piece,Per_Master_Bathroom,1.0,Master Bathroom,True
P005421,Sanitary Ware,Rain Shower,Rain Shower,GROHE,Rain Shower,,High,9251,Set,Per_Master_Bathroom,1.0,Master Bathroom,True
P005422,Sanitary Ware,Pedestal,Wash Basin,Ceramica Cleopatra,Pedestal,,Low,3234,Piece,Per_Bathroom,1.0,Bathroom,False
P005423,Sanitary Ware,Sliding Cabin,Shower Cabin,GROHE,Sliding Cabin,,Medium,7297,Piece,Per_Master_Bathroom,1.0,Master Bathroom,True
P005424,Sanitary Ware,Floor Mounted,Close Coupled Toilet,Roca,Floor Mounted,,High,7666,Piece,Per_Bathroom,1.0,Bathroom,False
P005425,Sanitary Ware,Floor Mounted,Close Coupled Toilet,Roca,Floor Mounted,,Medium,7423,Piece,Per_Bathroom,1.0,Bathroom,False
P005426,Sanitary Ware,Sliding Cabin,Shower Cabin,Lecico,Sliding Cabin,,Low,4727,Piece,Per_Master_Bathroom,1.0,Master Bathroom,True
P005427,Sanitary Ware,Floor Mounted,Close Coupled Toilet,Ceramica Cleopatra,Floor Mounted,,High,7646,Piece,Per_Bathroom,1.0,Bathroom,False
P005428,Sanitary Ware,Sliding Cabin,Shower Cabin,Roca,Sliding Cabin,,Medium,6506,Piece,Per_Master_Bathroom,1.0,Master Bathroom,True
P005429,Sanitary Ware,Floor Mounted,Close Coupled Toilet,Lecico,Floor Mounted,,Low,4141,Piece,Per_Bathroom,1.0,Bathroom,False
P005430,Sanitary Ware,Sliding Cabin,Shower Cabin,GROHE,Sliding Cabin,,Medium,5218,Piece,Per_Master_Bathroom,1.0,Master Bathroom,True
P005431,Sanitary Ware,Rain Shower,Rain Shower,Ideal Standard,Rain Shower,,Medium,5051,Set,Per_Master_Bathroom,1.0,Master Bathroom,True
P005432,Sanitary Ware,Rain Shower,Rain Shower,Ceramica Cleopatra,Rain Shower,,Medium,6427,Set,Per_Master_Bathroom,1.0,Master Bathroom,True
P005433,Sanitary Ware,Floor Mounted,Close Coupled Toilet,Lecico,Floor Mounted,,High,8227,Piece,Per_Bathroom,1.0,Bathroom,False
P005434,Sanitary Ware,Sliding Cabin,Shower Cabin,Ideal Standard,Sliding Cabin,,High,8912,Piece,Per_Master_Bathroom,1.0,Master Bathroom,True
P005435,Sanitary Ware,Pedestal,Wash Basin,Ideal Standard,Pedestal,,Low,2934,Piece,Per_Bathroom,1.0,Bathroom,False
P005436,Sanitary Ware,Rain Shower,Rain Shower,Ceramica Cleopatra,Rain Shower,,Medium,5406,Set,Per_Master_Bathroom,1.0,Master Bathroom,True
P005437,Sanitary Ware,Floor Mounted,Close Coupled Toilet,Roca,Floor Mounted,,Low,4241,Piece,Per_Bathroom,1.0,Bathroom,False
P005438,Sanitary Ware,Rain Shower,Rain Shower,GROHE,Rain Shower,,Medium,6009,Set,Per_Master_Bathroom,1.0,Master Bathroom,True
P005439,Sanitary Ware,Floor Mounted,Close Coupled Toilet,Ideal Standard,Floor Mounted,,Medium,7309,Piece,Per_Bathroom,1.0,Bathroom,False
P005440,Sanitary Ware,Floor Mounted,Close Coupled Toilet,Ceramica Cleopatra,Floor Mounted,,High,8188,Piece,Per_Bathroom,1.0,Bathroom,False
P005441,Sanitary Ware,Rain Shower,Rain Shower,Lecico,Rain Shower,,High,7695,Set,Per_Master_Bathroom,1.0,Master Bathroom,True
P005442,Sanitary Ware,Rain Shower,Rain Shower,GROHE,Rain Shower,,High,8617,Set,Per_Master_Bathroom,1.0,Master Bathroom,True
P005443,Sanitary Ware,Sliding Cabin,Shower Cabin,GROHE,Sliding Cabin,,Medium,5596,Piece,Per_Master_Bathroom,1.0,Master Bathroom,True
P005444,Sanitary Ware,Floor Mounted,Close Coupled Toilet,GROHE,Floor Mounted,,Low,4854,Piece,Per_Bathroom,1.0,Bathroom,False
P005445,Sanitary Ware,Pedestal,Wash Basin,Ideal Standard,Pedestal,,Low,2160,Piece,Per_Bathroom,1.0,Bathroom,False
P005446,Sanitary Ware,Pedestal,Wash Basin,Lecico,Pedestal,,Low,3409,Piece,Per_Bathroom,1.0,Bathroom,False
P005447,Sanitary Ware,Sliding Cabin,Shower Cabin,GROHE,Sliding Cabin,,Low,4557,Piece,Per_Master_Bathroom,1.0,Master Bathroom,True
P005448,Sanitary Ware,Pedestal,Wash Basin,Roca,Pedestal,,Low,3545,Piece,Per_Bathroom,1.0,Bathroom,False
P005449,Sanitary Ware,Sliding Cabin,Shower Cabin,GROHE,Sliding Cabin,,High,9529,Piece,Per_Master_Bathroom,1.0,Master Bathroom,True
P005450,Sanitary Ware,Sliding Cabin,Shower Cabin,Roca,Sliding Cabin,,Medium,5061,Piece,Per_Master_Bathroom,1.0,Master Bathroom,True
P005451,Sanitary Ware,Pedestal,Wash Basin,Ceramica Cleopatra,Pedestal,,Low,4002,Piece,Per_Bathroom,1.0,Bathroom,False
P005452,Sanitary Ware,Rain Shower,Rain Shower,Ideal Standard,Rain Shower,,High,9128,Set,Per_Master_Bathroom,1.0,Master Bathroom,True
P005453,Sanitary Ware,Rain Shower,Rain Shower,Ideal Standard,Rain Shower,,High,10356,Set,Per_Master_Bathroom,1.0,Master Bathroom,True
P005454,Sanitary Ware,Sliding Cabin,Shower Cabin,Lecico,Sliding Cabin,,High,10794,Piece,Per_Master_Bathroom,1.0,Master Bathroom,True
P005455,Sanitary Ware,Sliding Cabin,Shower Cabin,Lecico,Sliding Cabin,,High,8893,Piece,Per_Master_Bathroom,1.0,Master Bathroom,True
P005456,Sanitary Ware,Floor Mounted,Close Coupled Toilet,GROHE,Floor Mounted,,High,8310,Piece,Per_Bathroom,1.0,Bathroom,False
P005457,Sanitary Ware,Rain Shower,Rain Shower,Roca,Rain Shower,,High,7986,Set,Per_Master_Bathroom,1.0,Master Bathroom,True
P005458,Sanitary Ware,Pedestal,Wash Basin,GROHE,Pedestal,,Low,3252,Piece,Per_Bathroom,1.0,Bathroom,False
P005459,Sanitary Ware,Rain Shower,Rain Shower,Ceramica Cleopatra,Rain Shower,,High,8223,Set,Per_Master_Bathroom,1.0,Master Bathroom,True
P005460,Sanitary Ware,Pedestal,Wash Basin,Roca,Pedestal,,Low,3085,Piece,Per_Bathroom,1.0,Bathroom,False
P005461,Sanitary Ware,Rain Shower,Rain Shower,Lecico,Rain Shower,,Medium,6424,Set,Per_Master_Bathroom,1.0,Master Bathroom,True
P005462,Sanitary Ware,Rain Shower,Rain Shower,Lecico,Rain Shower,,Medium,7378,Set,Per_Master_Bathroom,1.0,Master Bathroom,True
P005463,Sanitary Ware,Sliding Cabin,Shower Cabin,Ideal Standard,Sliding Cabin,,High,9895,Piece,Per_Master_Bathroom,1.0,Master Bathroom,True
P005464,Sanitary Ware,Sliding Cabin,Shower Cabin,GROHE,Sliding Cabin,,High,8975,Piece,Per_Master_Bathroom,1.0,Master Bathroom,True
P005465,Sanitary Ware,Floor Mounted,Close Coupled Toilet,GROHE,Floor Mounted,,High,8057,Piece,Per_Bathroom,1.0,Bathroom,False
P005466,Sanitary Ware,Sliding Cabin,Shower Cabin,Ideal Standard,Sliding Cabin,,High,8913,Piece,Per_Master_Bathroom,1.0,Master Bathroom,True
P005467,Sanitary Ware,Floor Mounted,Close Coupled Toilet,Ideal Standard,Floor Mounted,,Medium,6244,Piece,Per_Bathroom,1.0,Bathroom,False
P005468,Sanitary Ware,Sliding Cabin,Shower Cabin,Ceramica Cleopatra,Sliding Cabin,,High,7985,Piece,Per_Master_Bathroom,1.0,Master Bathroom,True
P005469,Sanitary Ware,Pedestal,Wash Basin,Roca,Pedestal,,Low,3265,Piece,Per_Bathroom,1.0,Bathroom,False
P005470,Sanitary Ware,Floor Mounted,Close Coupled Toilet,Ceramica Cleopatra,Floor Mounted,,Medium,5835,Piece,Per_Bathroom,1.0,Bathroom,False
P005471,Sanitary Ware,Pedestal,Wash Basin,Ideal Standard,Pedestal,,Low,3592,Piece,Per_Bathroom,1.0,Bathroom,False
P005472,Sanitary Ware,Rain Shower,Rain Shower,GROHE,Rain Shower,,Medium,6784,Set,Per_Master_Bathroom,1.0,Master Bathroom,True
P005473,Sanitary Ware,Pedestal,Wash Basin,Ceramica Cleopatra,Pedestal,,Low,2164,Piece,Per_Bathroom,1.0,Bathroom,False
P005474,Sanitary Ware,Rain Shower,Rain Shower,Lecico,Rain Shower,,Low,4560,Set,Per_Master_Bathroom,1.0,Master Bathroom,True
P005475,Sanitary Ware,Rain Shower,Rain Shower,Roca,Rain Shower,,Medium,5058,Set,Per_Master_Bathroom,1.0,Master Bathroom,True
P005476,Sanitary Ware,Sliding Cabin,Shower Cabin,Lecico,Sliding Cabin,,Low,4643,Piece,Per_Master_Bathroom,1.0,Master Bathroom,True
P005477,Sanitary Ware,Rain Shower,Rain Shower,GROHE,Rain Shower,,High,7975,Set,Per_Master_Bathroom,1.0,Master Bathroom,True
P005478,Sanitary Ware,Floor Mounted,Close Coupled Toilet,Ideal Standard,Floor Mounted,,Low,4292,Piece,Per_Bathroom,1.0,Bathroom,False
P005479,Sanitary Ware,Pedestal,Wash Basin,GROHE,Pedestal,,Low,2399,Piece,Per_Bathroom,1.0,Bathroom,False
P005480,Sanitary Ware,Pedestal,Wash Basin,Ceramica Cleopatra,Pedestal,,Low,3514,Piece,Per_Bathroom,1.0,Bathroom,False
P005481,Sanitary Ware,Floor Mounted,Close Coupled Toilet,Roca,Floor Mounted,,Low,4424,Piece,Per_Bathroom,1.0,Bathroom,False
P005482,Sanitary Ware,Sliding Cabin,Shower Cabin,Roca,Sliding Cabin,,High,8458,Piece,Per_Master_Bathroom,1.0,Master Bathroom,True
P005483,Sanitary Ware,Sliding Cabin,Shower Cabin,Ceramica Cleopatra,Sliding Cabin,,High,7969,Piece,Per_Master_Bathroom,1.0,Master Bathroom,True
P005484,Sanitary Ware,Floor Mounted,Close Coupled Toilet,Roca,Floor Mounted,,Medium,5372,Piece,Per_Bathroom,1.0,Bathroom,False
P005485,Sanitary Ware,Sliding Cabin,Shower Cabin,Ceramica Cleopatra,Sliding Cabin,,Medium,5796,Piece,Per_Master_Bathroom,1.0,Master Bathroom,True
P005486,Sanitary Ware,Rain Shower,Rain Shower,Ideal Standard,Rain Shower,,High,8032,Set,Per_Master_Bathroom,1.0,Master Bathroom,True
P005487,Sanitary Ware,Pedestal,Wash Basin,GROHE,Pedestal,,Low,3214,Piece,Per_Bathroom,1.0,Bathroom,False
P005488,Sanitary Ware,Pedestal,Wash Basin,Roca,Pedestal,,Low,3343,Piece,Per_Bathroom,1.0,Bathroom,False
P005489,Sanitary Ware,Rain Shower,Rain Shower,Ceramica Cleopatra,Rain Shower,,Medium,5541,Set,Per_Master_Bathroom,1.0,Master Bathroom,True
P005490,Sanitary Ware,Rain Shower,Rain Shower,Ideal Standard,Rain Shower,,Medium,6437,Set,Per_Master_Bathroom,1.0,Master Bathroom,True
P005491,Sanitary Ware,Sliding Cabin,Shower Cabin,GROHE,Sliding Cabin,,High,8523,Piece,Per_Master_Bathroom,1.0,Master Bathroom,True
P005492,Sanitary Ware,Floor Mounted,Close Coupled Toilet,Lecico,Floor Mounted,,Medium,5707,Piece,Per_Bathroom,1.0,Bathroom,False
P005493,Sanitary Ware,Rain Shower,Rain Shower,Ceramica Cleopatra,Rain Shower,,Low,4583,Set,Per_Master_Bathroom,1.0,Master Bathroom,True
P005494,Sanitary Ware,Pedestal,Wash Basin,Lecico,Pedestal,,Low,3606,Piece,Per_Bathroom,1.0,Bathroom,False
P005495,Sanitary Ware,Sliding Cabin,Shower Cabin,Ideal Standard,Sliding Cabin,,High,8626,Piece,Per_Master_Bathroom,1.0,Master Bathroom,True
P005496,Sanitary Ware,Floor Mounted,Close Coupled Toilet,Ideal Standard,Floor Mounted,,Medium,7542,Piece,Per_Bathroom,1.0,Bathroom,False
P005497,Sanitary Ware,Rain Shower,Rain Shower,Ideal Standard,Rain Shower,,High,9616,Set,Per_Master_Bathroom,1.0,Master Bathroom,True
P005498,Sanitary Ware,Rain Shower,Rain Shower,Ceramica Cleopatra,Rain Shower,,High,10111,Set,Per_Master_Bathroom,1.0,Master Bathroom,True
P005499,Sanitary Ware,Sliding Cabin,Shower Cabin,GROHE,Sliding Cabin,,Medium,5729,Piece,Per_Master_Bathroom,1.0,Master Bathroom,True
P005500,Sanitary Ware,Pedestal,Wash Basin,Ceramica Cleopatra,Pedestal,,Low,4132,Piece,Per_Bathroom,1.0,Bathroom,False
P005501,Sanitary Ware,Floor Mounted,Close Coupled Toilet,Ideal Standard,Floor Mounted,,Low,4138,Piece,Per_Bathroom,1.0,Bathroom,False
P005502,Sanitary Ware,Floor Mounted,Close Coupled Toilet,Lecico,Floor Mounted,,High,8191,Piece,Per_Bathroom,1.0,Bathroom,False
P005503,Sanitary Ware,Rain Shower,Rain Shower,Ideal Standard,Rain Shower,,High,9068,Set,Per_Master_Bathroom,1.0,Master Bathroom,True
P005504,Sanitary Ware,Floor Mounted,Close Coupled Toilet,Ceramica Cleopatra,Floor Mounted,,Medium,7322,Piece,Per_Bathroom,1.0,Bathroom,False
P005505,Sanitary Ware,Rain Shower,Rain Shower,GROHE,Rain Shower,,Low,4595,Set,Per_Master_Bathroom,1.0,Master Bathroom,True
P005506,Sanitary Ware,Floor Mounted,Close Coupled Toilet,Ideal Standard,Floor Mounted,,Medium,7114,Piece,Per_Bathroom,1.0,Bathroom,False
P005507,Sanitary Ware,Rain Shower,Rain Shower,GROHE,Rain Shower,,Medium,5068,Set,Per_Master_Bathroom,1.0,Master Bathroom,True
P005508,Sanitary Ware,Pedestal,Wash Basin,Ceramica Cleopatra,Pedestal,,Low,3484,Piece,Per_Bathroom,1.0,Bathroom,False
P005509,Sanitary Ware,Pedestal,Wash Basin,Ceramica Cleopatra,Pedestal,,Low,3380,Piece,Per_Bathroom,1.0,Bathroom,False
P005510,Sanitary Ware,Rain Shower,Rain Shower,Lecico,Rain Shower,,Medium,7068,Set,Per_Master_Bathroom,1.0,Master Bathroom,True
P005511,Sanitary Ware,Sliding Cabin,Shower Cabin,Ceramica Cleopatra,Sliding Cabin,,High,7700,Piece,Per_Master_Bathroom,1.0,Master Bathroom,True
P005512,Sanitary Ware,Rain Shower,Rain Shower,GROHE,Rain Shower,,High,10239,Set,Per_Master_Bathroom,1.0,Master Bathroom,True
P005513,Sanitary Ware,Pedestal,Wash Basin,GROHE,Pedestal,,Low,4116,Piece,Per_Bathroom,1.0,Bathroom,False
P005514,Sanitary Ware,Floor Mounted,Close Coupled Toilet,Ceramica Cleopatra,Floor Mounted,,Medium,6612,Piece,Per_Bathroom,1.0,Bathroom,False
P005515,Sanitary Ware,Floor Mounted,Close Coupled Toilet,Lecico,Floor Mounted,,Medium,5541,Piece,Per_Bathroom,1.0,Bathroom,False
P005516,Sanitary Ware,Sliding Cabin,Shower Cabin,Ceramica Cleopatra,Sliding Cabin,,Low,4934,Piece,Per_Master_Bathroom,1.0,Master Bathroom,True
P005517,Sanitary Ware,Pedestal,Wash Basin,Lecico,Pedestal,,Low,2492,Piece,Per_Bathroom,1.0,Bathroom,False
P005518,Sanitary Ware,Sliding Cabin,Shower Cabin,Ideal Standard,Sliding Cabin,,Medium,7176,Piece,Per_Master_Bathroom,1.0,Master Bathroom,True
P005519,Sanitary Ware,Floor Mounted,Close Coupled Toilet,GROHE,Floor Mounted,,Medium,5846,Piece,Per_Bathroom,1.0,Bathroom,False
P005520,Sanitary Ware,Floor Mounted,Close Coupled Toilet,Ceramica Cleopatra,Floor Mounted,,Medium,6030,Piece,Per_Bathroom,1.0,Bathroom,False
P005521,Sanitary Ware,Floor Mounted,Close Coupled Toilet,GROHE,Floor Mounted,,Low,4240,Piece,Per_Bathroom,1.0,Bathroom,False
P005522,Sanitary Ware,Floor Mounted,Close Coupled Toilet,GROHE,Floor Mounted,,High,8167,Piece,Per_Bathroom,1.0,Bathroom,False
P005523,Sanitary Ware,Floor Mounted,Close Coupled Toilet,Lecico,Floor Mounted,,Medium,6803,Piece,Per_Bathroom,1.0,Bathroom,False
P005524,Sanitary Ware,Floor Mounted,Close Coupled Toilet,GROHE,Floor Mounted,,High,7723,Piece,Per_Bathroom,1.0,Bathroom,False
P005525,Sanitary Ware,Rain Shower,Rain Shower,GROHE,Rain Shower,,Medium,5393,Set,Per_Master_Bathroom,1.0,Master Bathroom,True
P005526,Sanitary Ware,Pedestal,Wash Basin,GROHE,Pedestal,,Low,3308,Piece,Per_Bathroom,1.0,Bathroom,False
P005527,Sanitary Ware,Floor Mounted,Close Coupled Toilet,Ceramica Cleopatra,Floor Mounted,,High,7685,Piece,Per_Bathroom,1.0,Bathroom,False
P005528,Sanitary Ware,Floor Mounted,Close Coupled Toilet,Lecico,Floor Mounted,,High,8180,Piece,Per_Bathroom,1.0,Bathroom,False
P005529,Sanitary Ware,Pedestal,Wash Basin,Ideal Standard,Pedestal,,Low,2025,Piece,Per_Bathroom,1.0,Bathroom,False
P005530,Sanitary Ware,Pedestal,Wash Basin,Ideal Standard,Pedestal,,Low,4159,Piece,Per_Bathroom,1.0,Bathroom,False
P005531,Sanitary Ware,Floor Mounted,Close Coupled Toilet,Roca,Floor Mounted,,High,7910,Piece,Per_Bathroom,1.0,Bathroom,False
P005532,Sanitary Ware,Rain Shower,Rain Shower,Roca,Rain Shower,,High,9226,Set,Per_Master_Bathroom,1.0,Master Bathroom,True
P005533,Sanitary Ware,Sliding Cabin,Shower Cabin,Roca,Sliding Cabin,,Low,4702,Piece,Per_Master_Bathroom,1.0,Master Bathroom,True
P005534,Sanitary Ware,Sliding Cabin,Shower Cabin,Ceramica Cleopatra,Sliding Cabin,,High,9104,Piece,Per_Master_Bathroom,1.0,Master Bathroom,True
P005535,Sanitary Ware,Rain Shower,Rain Shower,Lecico,Rain Shower,,High,9941,Set,Per_Master_Bathroom,1.0,Master Bathroom,True
P005536,Sanitary Ware,Sliding Cabin,Shower Cabin,GROHE,Sliding Cabin,,High,10289,Piece,Per_Master_Bathroom,1.0,Master Bathroom,True
P005537,Sanitary Ware,Pedestal,Wash Basin,GROHE,Pedestal,,Low,3632,Piece,Per_Bathroom,1.0,Bathroom,False
P005538,Sanitary Ware,Floor Mounted,Close Coupled Toilet,Lecico,Floor Mounted,,High,8408,Piece,Per_Bathroom,1.0,Bathroom,False
P005539,Sanitary Ware,Rain Shower,Rain Shower,Lecico,Rain Shower,,High,10293,Set,Per_Master_Bathroom,1.0,Master Bathroom,True
P005540,Sanitary Ware,Floor Mounted,Close Coupled Toilet,Roca,Floor Mounted,,Low,4024,Piece,Per_Bathroom,1.0,Bathroom,False
P005541,Sanitary Ware,Floor Mounted,Close Coupled Toilet,Ideal Standard,Floor Mounted,,Low,3998,Piece,Per_Bathroom,1.0,Bathroom,False
P005542,Sanitary Ware,Pedestal,Wash Basin,Roca,Pedestal,,Low,2977,Piece,Per_Bathroom,1.0,Bathroom,False
P005543,Sanitary Ware,Sliding Cabin,Shower Cabin,Ceramica Cleopatra,Sliding Cabin,,Medium,6214,Piece,Per_Master_Bathroom,1.0,Master Bathroom,True
P005544,Sanitary Ware,Rain Shower,Rain Shower,Ideal Standard,Rain Shower,,High,10674,Set,Per_Master_Bathroom,1.0,Master Bathroom,True
P005545,Sanitary Ware,Rain Shower,Rain Shower,Roca,Rain Shower,,Medium,5980,Set,Per_Master_Bathroom,1.0,Master Bathroom,True
P005546,Sanitary Ware,Rain Shower,Rain Shower,Lecico,Rain Shower,,High,10164,Set,Per_Master_Bathroom,1.0,Master Bathroom,True
P005547,Sanitary Ware,Pedestal,Wash Basin,Roca,Pedestal,,Low,4123,Piece,Per_Bathroom,1.0,Bathroom,False
P005548,Sanitary Ware,Floor Mounted,Close Coupled Toilet,Ceramica Cleopatra,Floor Mounted,,Medium,6276,Piece,Per_Bathroom,1.0,Bathroom,False
P005549,Sanitary Ware,Sliding Cabin,Shower Cabin,Roca,Sliding Cabin,,Medium,6884,Piece,Per_Master_Bathroom,1.0,Master Bathroom,True
P005550,Sanitary Ware,Floor Mounted,Close Coupled Toilet,Roca,Floor Mounted,,Medium,7028,Piece,Per_Bathroom,1.0,Bathroom,False
P005551,Sanitary Ware,Floor Mounted,Close Coupled Toilet,Ceramica Cleopatra,Floor Mounted,,High,7873,Piece,Per_Bathroom,1.0,Bathroom,False
P005552,Sanitary Ware,Pedestal,Wash Basin,Ideal Standard,Pedestal,,Low,2728,Piece,Per_Bathroom,1.0,Bathroom,False
P005553,Sanitary Ware,Rain Shower,Rain Shower,Ideal Standard,Rain Shower,,Medium,6376,Set,Per_Master_Bathroom,1.0,Master Bathroom,True
P005554,Sanitary Ware,Pedestal,Wash Basin,GROHE,Pedestal,,Low,2665,Piece,Per_Bathroom,1.0,Bathroom,False
P005555,Sanitary Ware,Pedestal,Wash Basin,Lecico,Pedestal,,Low,2487,Piece,Per_Bathroom,1.0,Bathroom,False
P005556,Sanitary Ware,Sliding Cabin,Shower Cabin,Ceramica Cleopatra,Sliding Cabin,,Medium,6179,Piece,Per_Master_Bathroom,1.0,Master Bathroom,True
P005557,Sanitary Ware,Floor Mounted,Close Coupled Toilet,Ideal Standard,Floor Mounted,,Medium,7400,Piece,Per_Bathroom,1.0,Bathroom,False
P005558,Sanitary Ware,Floor Mounted,Close Coupled Toilet,Lecico,Floor Mounted,,Low,4421,Piece,Per_Bathroom,1.0,Bathroom,False
P005559,Sanitary Ware,Pedestal,Wash Basin,Ideal Standard,Pedestal,,Low,1921,Piece,Per_Bathroom,1.0,Bathroom,False
P005560,Sanitary Ware,Sliding Cabin,Shower Cabin,GROHE,Sliding Cabin,,Low,4515,Piece,Per_Master_Bathroom,1.0,Master Bathroom,True
P005561,Sanitary Ware,Rain Shower,Rain Shower,GROHE,Rain Shower,,Medium,5447,Set,Per_Master_Bathroom,1.0,Master Bathroom,True
P005562,Sanitary Ware,Pedestal,Wash Basin,Ceramica Cleopatra,Pedestal,,Low,2874,Piece,Per_Bathroom,1.0,Bathroom,False
P005563,Sanitary Ware,Rain Shower,Rain Shower,Ideal Standard,Rain Shower,,High,9552,Set,Per_Master_Bathroom,1.0,Master Bathroom,True
P005564,Sanitary Ware,Sliding Cabin,Shower Cabin,Lecico,Sliding Cabin,,High,9364,Piece,Per_Master_Bathroom,1.0,Master Bathroom,True
P005565,Sanitary Ware,Rain Shower,Rain Shower,Ideal Standard,Rain Shower,,Medium,6243,Set,Per_Master_Bathroom,1.0,Master Bathroom,True
P005566,Sanitary Ware,Sliding Cabin,Shower Cabin,Lecico,Sliding Cabin,,High,10392,Piece,Per_Master_Bathroom,1.0,Master Bathroom,True
P005567,Sanitary Ware,Rain Shower,Rain Shower,GROHE,Rain Shower,,Medium,6268,Set,Per_Master_Bathroom,1.0,Master Bathroom,True
P005568,Sanitary Ware,Sliding Cabin,Shower Cabin,Lecico,Sliding Cabin,,High,7606,Piece,Per_Master_Bathroom,1.0,Master Bathroom,True
P005569,Sanitary Ware,Sliding Cabin,Shower Cabin,Lecico,Sliding Cabin,,High,9474,Piece,Per_Master_Bathroom,1.0,Master Bathroom,True
P005570,Sanitary Ware,Floor Mounted,Close Coupled Toilet,Ideal Standard,Floor Mounted,,Medium,5396,Piece,Per_Bathroom,1.0,Bathroom,False
P005571,Sanitary Ware,Rain Shower,Rain Shower,Lecico,Rain Shower,,High,10751,Set,Per_Master_Bathroom,1.0,Master Bathroom,True
P005572,Sanitary Ware,Sliding Cabin,Shower Cabin,Ceramica Cleopatra,Sliding Cabin,,High,8590,Piece,Per_Master_Bathroom,1.0,Master Bathroom,True
P005573,Sanitary Ware,Rain Shower,Rain Shower,Ideal Standard,Rain Shower,,High,10238,Set,Per_Master_Bathroom,1.0,Master Bathroom,True
P005574,Sanitary Ware,Rain Shower,Rain Shower,GROHE,Rain Shower,,High,10599,Set,Per_Master_Bathroom,1.0,Master Bathroom,True
P005575,Sanitary Ware,Floor Mounted,Close Coupled Toilet,Ideal Standard,Floor Mounted,,Low,4796,Piece,Per_Bathroom,1.0,Bathroom,False
P005576,Sanitary Ware,Sliding Cabin,Shower Cabin,Roca,Sliding Cabin,,Medium,5017,Piece,Per_Master_Bathroom,1.0,Master Bathroom,True
P005577,Sanitary Ware,Rain Shower,Rain Shower,Lecico,Rain Shower,,Medium,5951,Set,Per_Master_Bathroom,1.0,Master Bathroom,True
P005578,Sanitary Ware,Rain Shower,Rain Shower,Roca,Rain Shower,,High,9961,Set,Per_Master_Bathroom,1.0,Master Bathroom,True
P005579,Sanitary Ware,Rain Shower,Rain Shower,Ceramica Cleopatra,Rain Shower,,High,8957,Set,Per_Master_Bathroom,1.0,Master Bathroom,True
P005580,Sanitary Ware,Rain Shower,Rain Shower,Roca,Rain Shower,,Medium,5225,Set,Per_Master_Bathroom,1.0,Master Bathroom,True
P005581,Sanitary Ware,Floor Mounted,Close Coupled Toilet,Roca,Floor Mounted,,Low,4832,Piece,Per_Bathroom,1.0,Bathroom,False
P005582,Sanitary Ware,Rain Shower,Rain Shower,Ideal Standard,Rain Shower,,High,8723,Set,Per_Master_Bathroom,1.0,Master Bathroom,True
P005583,Sanitary Ware,Sliding Cabin,Shower Cabin,Roca,Sliding Cabin,,Medium,5452,Piece,Per_Master_Bathroom,1.0,Master Bathroom,True
P005584,Sanitary Ware,Rain Shower,Rain Shower,Roca,Rain Shower,,Medium,6439,Set,Per_Master_Bathroom,1.0,Master Bathroom,True
P005585,Sanitary Ware,Floor Mounted,Close Coupled Toilet,Lecico,Floor Mounted,,Medium,6879,Piece,Per_Bathroom,1.0,Bathroom,False
P005586,Sanitary Ware,Sliding Cabin,Shower Cabin,Roca,Sliding Cabin,,High,8191,Piece,Per_Master_Bathroom,1.0,Master Bathroom,True
P005587,Sanitary Ware,Pedestal,Wash Basin,Ceramica Cleopatra,Pedestal,,Low,3650,Piece,Per_Bathroom,1.0,Bathroom,False
P005588,Sanitary Ware,Sliding Cabin,Shower Cabin,Ceramica Cleopatra,Sliding Cabin,,Medium,5276,Piece,Per_Master_Bathroom,1.0,Master Bathroom,True
P005589,Sanitary Ware,Floor Mounted,Close Coupled Toilet,Ceramica Cleopatra,Floor Mounted,,Medium,6217,Piece,Per_Bathroom,1.0,Bathroom,False
P005590,Sanitary Ware,Sliding Cabin,Shower Cabin,GROHE,Sliding Cabin,,High,8602,Piece,Per_Master_Bathroom,1.0,Master Bathroom,True
P005591,Sanitary Ware,Sliding Cabin,Shower Cabin,GROHE,Sliding Cabin,,Medium,6159,Piece,Per_Master_Bathroom,1.0,Master Bathroom,True
P005592,Sanitary Ware,Floor Mounted,Close Coupled Toilet,Roca,Floor Mounted,,Low,3830,Piece,Per_Bathroom,1.0,Bathroom,False
P005593,Sanitary Ware,Rain Shower,Rain Shower,Roca,Rain Shower,,High,8845,Set,Per_Master_Bathroom,1.0,Master Bathroom,True
P005594,Sanitary Ware,Sliding Cabin,Shower Cabin,Ceramica Cleopatra,Sliding Cabin,,Medium,5955,Piece,Per_Master_Bathroom,1.0,Master Bathroom,True
P005595,Sanitary Ware,Pedestal,Wash Basin,GROHE,Pedestal,,Low,1921,Piece,Per_Bathroom,1.0,Bathroom,False
P005596,Sanitary Ware,Rain Shower,Rain Shower,Lecico,Rain Shower,,Low,4690,Set,Per_Master_Bathroom,1.0,Master Bathroom,True
P005597,Sanitary Ware,Rain Shower,Rain Shower,GROHE,Rain Shower,,High,9888,Set,Per_Master_Bathroom,1.0,Master Bathroom,True
P005598,Sanitary Ware,Sliding Cabin,Shower Cabin,Lecico,Sliding Cabin,,Low,4514,Piece,Per_Master_Bathroom,1.0,Master Bathroom,True
P005599,Sanitary Ware,Pedestal,Wash Basin,Roca,Pedestal,,Low,2326,Piece,Per_Bathroom,1.0,Bathroom,False
P005600,Sanitary Ware,Floor Mounted,Close Coupled Toilet,Roca,Floor Mounted,,Medium,5366,Piece,Per_Bathroom,1.0,Bathroom,False
P005601,Sanitary Ware,Pedestal,Wash Basin,Ceramica Cleopatra,Pedestal,,Low,3217,Piece,Per_Bathroom,1.0,Bathroom,False
P005602,Sanitary Ware,Floor Mounted,Close Coupled Toilet,Ceramica Cleopatra,Floor Mounted,,Low,4667,Piece,Per_Bathroom,1.0,Bathroom,False
P005603,Sanitary Ware,Rain Shower,Rain Shower,Roca,Rain Shower,,High,10791,Set,Per_Master_Bathroom,1.0,Master Bathroom,True
P005604,Sanitary Ware,Pedestal,Wash Basin,GROHE,Pedestal,,Low,1902,Piece,Per_Bathroom,1.0,Bathroom,False
P005605,Sanitary Ware,Floor Mounted,Close Coupled Toilet,GROHE,Floor Mounted,,Medium,5959,Piece,Per_Bathroom,1.0,Bathroom,False
P005606,Sanitary Ware,Rain Shower,Rain Shower,Ceramica Cleopatra,Rain Shower,,Medium,5186,Set,Per_Master_Bathroom,1.0,Master Bathroom,True
P005607,Sanitary Ware,Rain Shower,Rain Shower,Ideal Standard,Rain Shower,,High,10636,Set,Per_Master_Bathroom,1.0,Master Bathroom,True
P005608,Sanitary Ware,Pedestal,Wash Basin,GROHE,Pedestal,,Low,1998,Piece,Per_Bathroom,1.0,Bathroom,False
P005609,Sanitary Ware,Sliding Cabin,Shower Cabin,Ideal Standard,Sliding Cabin,,Medium,6918,Piece,Per_Master_Bathroom,1.0,Master Bathroom,True
P005610,Sanitary Ware,Rain Shower,Rain Shower,Ceramica Cleopatra,Rain Shower,,High,8806,Set,Per_Master_Bathroom,1.0,Master Bathroom,True
P005611,Sanitary Ware,Floor Mounted,Close Coupled Toilet,Ideal Standard,Floor Mounted,,High,8424,Piece,Per_Bathroom,1.0,Bathroom,False
P005612,Sanitary Ware,Rain Shower,Rain Shower,Ceramica Cleopatra,Rain Shower,,High,10444,Set,Per_Master_Bathroom,1.0,Master Bathroom,True
P005613,Sanitary Ware,Rain Shower,Rain Shower,Ideal Standard,Rain Shower,,High,9060,Set,Per_Master_Bathroom,1.0,Master Bathroom,True
P005614,Sanitary Ware,Pedestal,Wash Basin,Lecico,Pedestal,,Low,2095,Piece,Per_Bathroom,1.0,Bathroom,False
P005615,Sanitary Ware,Floor Mounted,Close Coupled Toilet,Ceramica Cleopatra,Floor Mounted,,High,7600,Piece,Per_Bathroom,1.0,Bathroom,False
P005616,Sanitary Ware,Sliding Cabin,Shower Cabin,Ceramica Cleopatra,Sliding Cabin,,High,9426,Piece,Per_Master_Bathroom,1.0,Master Bathroom,True
P005617,Sanitary Ware,Floor Mounted,Close Coupled Toilet,Ideal Standard,Floor Mounted,,Medium,7150,Piece,Per_Bathroom,1.0,Bathroom,False
P005618,Sanitary Ware,Rain Shower,Rain Shower,Ideal Standard,Rain Shower,,High,7586,Set,Per_Master_Bathroom,1.0,Master Bathroom,True
P005619,Sanitary Ware,Sliding Cabin,Shower Cabin,GROHE,Sliding Cabin,,Medium,5145,Piece,Per_Master_Bathroom,1.0,Master Bathroom,True
P005620,Sanitary Ware,Sliding Cabin,Shower Cabin,GROHE,Sliding Cabin,,Low,4677,Piece,Per_Master_Bathroom,1.0,Master Bathroom,True
P005621,Sanitary Ware,Pedestal,Wash Basin,Ceramica Cleopatra,Pedestal,,Low,2361,Piece,Per_Bathroom,1.0,Bathroom,False
P005622,Sanitary Ware,Sliding Cabin,Shower Cabin,Ceramica Cleopatra,Sliding Cabin,,Medium,6409,Piece,Per_Master_Bathroom,1.0,Master Bathroom,True
P005623,Sanitary Ware,Sliding Cabin,Shower Cabin,Ideal Standard,Sliding Cabin,,High,10145,Piece,Per_Master_Bathroom,1.0,Master Bathroom,True
P005624,Sanitary Ware,Sliding Cabin,Shower Cabin,Ideal Standard,Sliding Cabin,,Medium,7402,Piece,Per_Master_Bathroom,1.0,Master Bathroom,True
P005625,Sanitary Ware,Sliding Cabin,Shower Cabin,Roca,Sliding Cabin,,Medium,5551,Piece,Per_Master_Bathroom,1.0,Master Bathroom,True
P005626,Sanitary Ware,Floor Mounted,Close Coupled Toilet,Ideal Standard,Floor Mounted,,Low,3890,Piece,Per_Bathroom,1.0,Bathroom,False
P005627,Sanitary Ware,Pedestal,Wash Basin,Roca,Pedestal,,Low,3526,Piece,Per_Bathroom,1.0,Bathroom,False
P005628,Sanitary Ware,Floor Mounted,Close Coupled Toilet,Ceramica Cleopatra,Floor Mounted,,Medium,6320,Piece,Per_Bathroom,1.0,Bathroom,False
P005629,Sanitary Ware,Rain Shower,Rain Shower,Ideal Standard,Rain Shower,,High,10404,Set,Per_Master_Bathroom,1.0,Master Bathroom,True
P005630,Sanitary Ware,Pedestal,Wash Basin,Ceramica Cleopatra,Pedestal,,Low,3040,Piece,Per_Bathroom,1.0,Bathroom,False
P005631,Sanitary Ware,Pedestal,Wash Basin,Ideal Standard,Pedestal,,Low,2583,Piece,Per_Bathroom,1.0,Bathroom,False
P005632,Sanitary Ware,Rain Shower,Rain Shower,GROHE,Rain Shower,,Medium,6172,Set,Per_Master_Bathroom,1.0,Master Bathroom,True
P005633,Sanitary Ware,Rain Shower,Rain Shower,GROHE,Rain Shower,,High,10345,Set,Per_Master_Bathroom,1.0,Master Bathroom,True
P005634,Sanitary Ware,Rain Shower,Rain Shower,Ceramica Cleopatra,Rain Shower,,High,9478,Set,Per_Master_Bathroom,1.0,Master Bathroom,True
P005635,Sanitary Ware,Sliding Cabin,Shower Cabin,Lecico,Sliding Cabin,,Low,4526,Piece,Per_Master_Bathroom,1.0,Master Bathroom,True
P005636,Sanitary Ware,Pedestal,Wash Basin,Ideal Standard,Pedestal,,Low,2554,Piece,Per_Bathroom,1.0,Bathroom,False
P005637,Sanitary Ware,Pedestal,Wash Basin,GROHE,Pedestal,,Low,2740,Piece,Per_Bathroom,1.0,Bathroom,False
P005638,Sanitary Ware,Pedestal,Wash Basin,Ideal Standard,Pedestal,,Low,2785,Piece,Per_Bathroom,1.0,Bathroom,False
P005639,Sanitary Ware,Sliding Cabin,Shower Cabin,Lecico,Sliding Cabin,,High,10451,Piece,Per_Master_Bathroom,1.0,Master Bathroom,True
P005640,Sanitary Ware,Floor Mounted,Close Coupled Toilet,Ceramica Cleopatra,Floor Mounted,,Medium,5286,Piece,Per_Bathroom,1.0,Bathroom,False
P005641,Sanitary Ware,Sliding Cabin,Shower Cabin,Roca,Sliding Cabin,,Medium,5038,Piece,Per_Master_Bathroom,1.0,Master Bathroom,True
P005642,Sanitary Ware,Sliding Cabin,Shower Cabin,Ceramica Cleopatra,Sliding Cabin,,Medium,5479,Piece,Per_Master_Bathroom,1.0,Master Bathroom,True
P005643,Sanitary Ware,Rain Shower,Rain Shower,Roca,Rain Shower,,Medium,7366,Set,Per_Master_Bathroom,1.0,Master Bathroom,True
P005644,Sanitary Ware,Floor Mounted,Close Coupled Toilet,GROHE,Floor Mounted,,Medium,7069,Piece,Per_Bathroom,1.0,Bathroom,False
P005645,Sanitary Ware,Rain Shower,Rain Shower,Ceramica Cleopatra,Rain Shower,,High,10491,Set,Per_Master_Bathroom,1.0,Master Bathroom,True
P005646,Sanitary Ware,Rain Shower,Rain Shower,Roca,Rain Shower,,High,8382,Set,Per_Master_Bathroom,1.0,Master Bathroom,True
P005647,Sanitary Ware,Rain Shower,Rain Shower,GROHE,Rain Shower,,High,10593,Set,Per_Master_Bathroom,1.0,Master Bathroom,True
P005648,Sanitary Ware,Sliding Cabin,Shower Cabin,Ideal Standard,Sliding Cabin,,High,7634,Piece,Per_Master_Bathroom,1.0,Master Bathroom,True
P005649,Sanitary Ware,Floor Mounted,Close Coupled Toilet,GROHE,Floor Mounted,,High,7922,Piece,Per_Bathroom,1.0,Bathroom,False
P005650,Sanitary Ware,Floor Mounted,Close Coupled Toilet,Ideal Standard,Floor Mounted,,Medium,5949,Piece,Per_Bathroom,1.0,Bathroom,False
P005651,Sanitary Ware,Sliding Cabin,Shower Cabin,Roca,Sliding Cabin,,Medium,5591,Piece,Per_Master_Bathroom,1.0,Master Bathroom,True
P005652,Sanitary Ware,Rain Shower,Rain Shower,Roca,Rain Shower,,Low,4632,Set,Per_Master_Bathroom,1.0,Master Bathroom,True
P005653,Sanitary Ware,Floor Mounted,Close Coupled Toilet,GROHE,Floor Mounted,,Low,4999,Piece,Per_Bathroom,1.0,Bathroom,False
P005654,Sanitary Ware,Floor Mounted,Close Coupled Toilet,Ideal Standard,Floor Mounted,,Medium,5573,Piece,Per_Bathroom,1.0,Bathroom,False
P005655,Sanitary Ware,Sliding Cabin,Shower Cabin,Roca,Sliding Cabin,,Medium,5069,Piece,Per_Master_Bathroom,1.0,Master Bathroom,True
P005656,Sanitary Ware,Rain Shower,Rain Shower,GROHE,Rain Shower,,High,9802,Set,Per_Master_Bathroom,1.0,Master Bathroom,True
P005657,Sanitary Ware,Floor Mounted,Close Coupled Toilet,Ideal Standard,Floor Mounted,,High,7550,Piece,Per_Bathroom,1.0,Bathroom,False
P005658,Sanitary Ware,Pedestal,Wash Basin,Roca,Pedestal,,Low,2549,Piece,Per_Bathroom,1.0,Bathroom,False
P005659,Sanitary Ware,Floor Mounted,Close Coupled Toilet,Roca,Floor Mounted,,Medium,7496,Piece,Per_Bathroom,1.0,Bathroom,False
P005660,Sanitary Ware,Rain Shower,Rain Shower,Lecico,Rain Shower,,High,7740,Set,Per_Master_Bathroom,1.0,Master Bathroom,True
P005661,Sanitary Ware,Floor Mounted,Close Coupled Toilet,Lecico,Floor Mounted,,High,7777,Piece,Per_Bathroom,1.0,Bathroom,False
P005662,Sanitary Ware,Floor Mounted,Close Coupled Toilet,Roca,Floor Mounted,,Medium,5039,Piece,Per_Bathroom,1.0,Bathroom,False
P005663,Sanitary Ware,Floor Mounted,Close Coupled Toilet,Lecico,Floor Mounted,,Medium,7384,Piece,Per_Bathroom,1.0,Bathroom,False
P005664,Sanitary Ware,Rain Shower,Rain Shower,Lecico,Rain Shower,,Low,4736,Set,Per_Master_Bathroom,1.0,Master Bathroom,True
P005665,Sanitary Ware,Floor Mounted,Close Coupled Toilet,Ceramica Cleopatra,Floor Mounted,,Medium,5049,Piece,Per_Bathroom,1.0,Bathroom,False
P005666,Sanitary Ware,Rain Shower,Rain Shower,GROHE,Rain Shower,,High,9633,Set,Per_Master_Bathroom,1.0,Master Bathroom,True
P005667,Sanitary Ware,Rain Shower,Rain Shower,Roca,Rain Shower,,High,7996,Set,Per_Master_Bathroom,1.0,Master Bathroom,True
P005668,Sanitary Ware,Rain Shower,Rain Shower,Ideal Standard,Rain Shower,,High,10693,Set,Per_Master_Bathroom,1.0,Master Bathroom,True
P005669,Sanitary Ware,Pedestal,Wash Basin,Lecico,Pedestal,,Low,1999,Piece,Per_Bathroom,1.0,Bathroom,False
P005670,Sanitary Ware,Sliding Cabin,Shower Cabin,Roca,Sliding Cabin,,High,10418,Piece,Per_Master_Bathroom,1.0,Master Bathroom,True
P005671,Sanitary Ware,Pedestal,Wash Basin,Lecico,Pedestal,,Low,1920,Piece,Per_Bathroom,1.0,Bathroom,False
P005672,Sanitary Ware,Sliding Cabin,Shower Cabin,Ceramica Cleopatra,Sliding Cabin,,Medium,6299,Piece,Per_Master_Bathroom,1.0,Master Bathroom,True
P005673,Sanitary Ware,Rain Shower,Rain Shower,Roca,Rain Shower,,Medium,5820,Set,Per_Master_Bathroom,1.0,Master Bathroom,True
P005674,Sanitary Ware,Sliding Cabin,Shower Cabin,Roca,Sliding Cabin,,Medium,6987,Piece,Per_Master_Bathroom,1.0,Master Bathroom,True
P005675,Sanitary Ware,Floor Mounted,Close Coupled Toilet,GROHE,Floor Mounted,,Medium,7053,Piece,Per_Bathroom,1.0,Bathroom,False
P005676,Sanitary Ware,Sliding Cabin,Shower Cabin,Roca,Sliding Cabin,,High,10267,Piece,Per_Master_Bathroom,1.0,Master Bathroom,True
P005677,Sanitary Ware,Floor Mounted,Close Coupled Toilet,Ceramica Cleopatra,Floor Mounted,,High,8251,Piece,Per_Bathroom,1.0,Bathroom,False
P005678,Sanitary Ware,Floor Mounted,Close Coupled Toilet,Lecico,Floor Mounted,,Medium,5499,Piece,Per_Bathroom,1.0,Bathroom,False
P005679,Sanitary Ware,Pedestal,Wash Basin,Ideal Standard,Pedestal,,Low,3730,Piece,Per_Bathroom,1.0,Bathroom,False
P005680,Sanitary Ware,Rain Shower,Rain Shower,Ideal Standard,Rain Shower,,High,10419,Set,Per_Master_Bathroom,1.0,Master Bathroom,True
P005681,Sanitary Ware,Sliding Cabin,Shower Cabin,Lecico,Sliding Cabin,,Medium,6429,Piece,Per_Master_Bathroom,1.0,Master Bathroom,True
P005682,Sanitary Ware,Sliding Cabin,Shower Cabin,Roca,Sliding Cabin,,Medium,6695,Piece,Per_Master_Bathroom,1.0,Master Bathroom,True
P005683,Sanitary Ware,Rain Shower,Rain Shower,Ceramica Cleopatra,Rain Shower,,Medium,6387,Set,Per_Master_Bathroom,1.0,Master Bathroom,True
P005684,Sanitary Ware,Sliding Cabin,Shower Cabin,Ceramica Cleopatra,Sliding Cabin,,High,9879,Piece,Per_Master_Bathroom,1.0,Master Bathroom,True
P005685,Sanitary Ware,Sliding Cabin,Shower Cabin,Ideal Standard,Sliding Cabin,,High,7824,Piece,Per_Master_Bathroom,1.0,Master Bathroom,True
P005686,Sanitary Ware,Sliding Cabin,Shower Cabin,Roca,Sliding Cabin,,Medium,5197,Piece,Per_Master_Bathroom,1.0,Master Bathroom,True
P005687,Sanitary Ware,Sliding Cabin,Shower Cabin,Ceramica Cleopatra,Sliding Cabin,,Low,4966,Piece,Per_Master_Bathroom,1.0,Master Bathroom,True
P005688,Sanitary Ware,Floor Mounted,Close Coupled Toilet,Ideal Standard,Floor Mounted,,Low,4381,Piece,Per_Bathroom,1.0,Bathroom,False
P005689,Sanitary Ware,Sliding Cabin,Shower Cabin,Roca,Sliding Cabin,,High,9975,Piece,Per_Master_Bathroom,1.0,Master Bathroom,True
P005690,Sanitary Ware,Sliding Cabin,Shower Cabin,GROHE,Sliding Cabin,,High,10339,Piece,Per_Master_Bathroom,1.0,Master Bathroom,True
P005691,Sanitary Ware,Rain Shower,Rain Shower,Ceramica Cleopatra,Rain Shower,,Medium,6146,Set,Per_Master_Bathroom,1.0,Master Bathroom,True
P005692,Sanitary Ware,Rain Shower,Rain Shower,GROHE,Rain Shower,,High,9164,Set,Per_Master_Bathroom,1.0,Master Bathroom,True
P005693,Sanitary Ware,Floor Mounted,Close Coupled Toilet,Roca,Floor Mounted,,Medium,6368,Piece,Per_Bathroom,1.0,Bathroom,False
P005694,Sanitary Ware,Floor Mounted,Close Coupled Toilet,GROHE,Floor Mounted,,High,8146,Piece,Per_Bathroom,1.0,Bathroom,False
P005695,Sanitary Ware,Sliding Cabin,Shower Cabin,Ideal Standard,Sliding Cabin,,High,7606,Piece,Per_Master_Bathroom,1.0,Master Bathroom,True
P005696,Sanitary Ware,Sliding Cabin,Shower Cabin,GROHE,Sliding Cabin,,High,7627,Piece,Per_Master_Bathroom,1.0,Master Bathroom,True
P005697,Sanitary Ware,Sliding Cabin,Shower Cabin,Ceramica Cleopatra,Sliding Cabin,,High,10839,Piece,Per_Master_Bathroom,1.0,Master Bathroom,True
P005698,Sanitary Ware,Floor Mounted,Close Coupled Toilet,Ceramica Cleopatra,Floor Mounted,,High,8125,Piece,Per_Bathroom,1.0,Bathroom,False
P005699,Sanitary Ware,Floor Mounted,Close Coupled Toilet,Ceramica Cleopatra,Floor Mounted,,Medium,5066,Piece,Per_Bathroom,1.0,Bathroom,False
P005700,Sanitary Ware,Rain Shower,Rain Shower,Ceramica Cleopatra,Rain Shower,,Medium,6843,Set,Per_Master_Bathroom,1.0,Master Bathroom,True
P005701,Sanitary Ware,Floor Mounted,Close Coupled Toilet,Ceramica Cleopatra,Floor Mounted,,Medium,5958,Piece,Per_Bathroom,1.0,Bathroom,False
P005702,Sanitary Ware,Rain Shower,Rain Shower,GROHE,Rain Shower,,High,9680,Set,Per_Master_Bathroom,1.0,Master Bathroom,True
P005703,Sanitary Ware,Floor Mounted,Close Coupled Toilet,Lecico,Floor Mounted,,Medium,6986,Piece,Per_Bathroom,1.0,Bathroom,False
P005704,Sanitary Ware,Sliding Cabin,Shower Cabin,Ideal Standard,Sliding Cabin,,Low,4905,Piece,Per_Master_Bathroom,1.0,Master Bathroom,True
P005705,Sanitary Ware,Sliding Cabin,Shower Cabin,Lecico,Sliding Cabin,,Medium,5675,Piece,Per_Master_Bathroom,1.0,Master Bathroom,True
P005706,Sanitary Ware,Rain Shower,Rain Shower,Roca,Rain Shower,,High,9622,Set,Per_Master_Bathroom,1.0,Master Bathroom,True
P005707,Sanitary Ware,Sliding Cabin,Shower Cabin,Ceramica Cleopatra,Sliding Cabin,,Medium,6503,Piece,Per_Master_Bathroom,1.0,Master Bathroom,True
P005708,Sanitary Ware,Rain Shower,Rain Shower,Ceramica Cleopatra,Rain Shower,,High,8323,Set,Per_Master_Bathroom,1.0,Master Bathroom,True
P005709,Sanitary Ware,Sliding Cabin,Shower Cabin,GROHE,Sliding Cabin,,Medium,5689,Piece,Per_Master_Bathroom,1.0,Master Bathroom,True
P005710,Sanitary Ware,Pedestal,Wash Basin,Roca,Pedestal,,Low,1950,Piece,Per_Bathroom,1.0,Bathroom,False
P005711,Sanitary Ware,Floor Mounted,Close Coupled Toilet,GROHE,Floor Mounted,,Medium,6975,Piece,Per_Bathroom,1.0,Bathroom,False
P005712,Sanitary Ware,Rain Shower,Rain Shower,Lecico,Rain Shower,,Medium,7193,Set,Per_Master_Bathroom,1.0,Master Bathroom,True
P005713,Sanitary Ware,Sliding Cabin,Shower Cabin,Ideal Standard,Sliding Cabin,,Medium,6053,Piece,Per_Master_Bathroom,1.0,Master Bathroom,True
P005714,Sanitary Ware,Pedestal,Wash Basin,Lecico,Pedestal,,Low,3990,Piece,Per_Bathroom,1.0,Bathroom,False
P005715,Sanitary Ware,Rain Shower,Rain Shower,Roca,Rain Shower,,Medium,7075,Set,Per_Master_Bathroom,1.0,Master Bathroom,True
P005716,Sanitary Ware,Pedestal,Wash Basin,Ceramica Cleopatra,Pedestal,,Low,2506,Piece,Per_Bathroom,1.0,Bathroom,False
P005717,Sanitary Ware,Rain Shower,Rain Shower,Ideal Standard,Rain Shower,,Medium,7409,Set,Per_Master_Bathroom,1.0,Master Bathroom,True
P005718,Sanitary Ware,Pedestal,Wash Basin,GROHE,Pedestal,,Low,3747,Piece,Per_Bathroom,1.0,Bathroom,False
P005719,Sanitary Ware,Rain Shower,Rain Shower,Lecico,Rain Shower,,High,10397,Set,Per_Master_Bathroom,1.0,Master Bathroom,True
P005720,Sanitary Ware,Rain Shower,Rain Shower,Ceramica Cleopatra,Rain Shower,,High,10374,Set,Per_Master_Bathroom,1.0,Master Bathroom,True
P005721,Sanitary Ware,Rain Shower,Rain Shower,Roca,Rain Shower,,Medium,5650,Set,Per_Master_Bathroom,1.0,Master Bathroom,True
P005722,Sanitary Ware,Floor Mounted,Close Coupled Toilet,Roca,Floor Mounted,,Low,4430,Piece,Per_Bathroom,1.0,Bathroom,False
P005723,Sanitary Ware,Rain Shower,Rain Shower,Ideal Standard,Rain Shower,,Medium,5134,Set,Per_Master_Bathroom,1.0,Master Bathroom,True
P005724,Sanitary Ware,Rain Shower,Rain Shower,Roca,Rain Shower,,Medium,5607,Set,Per_Master_Bathroom,1.0,Master Bathroom,True
P005725,Sanitary Ware,Sliding Cabin,Shower Cabin,Ideal Standard,Sliding Cabin,,Medium,5828,Piece,Per_Master_Bathroom,1.0,Master Bathroom,True
P005726,Sanitary Ware,Rain Shower,Rain Shower,Lecico,Rain Shower,,Medium,5901,Set,Per_Master_Bathroom,1.0,Master Bathroom,True
P005727,Sanitary Ware,Floor Mounted,Close Coupled Toilet,GROHE,Floor Mounted,,Medium,5818,Piece,Per_Bathroom,1.0,Bathroom,False
P005728,Sanitary Ware,Floor Mounted,Close Coupled Toilet,GROHE,Floor Mounted,,Medium,7396,Piece,Per_Bathroom,1.0,Bathroom,False
P005729,Sanitary Ware,Rain Shower,Rain Shower,GROHE,Rain Shower,,Medium,5062,Set,Per_Master_Bathroom,1.0,Master Bathroom,True
P005730,Sanitary Ware,Pedestal,Wash Basin,Roca,Pedestal,,Low,3155,Piece,Per_Bathroom,1.0,Bathroom,False
P005731,Sanitary Ware,Sliding Cabin,Shower Cabin,Ceramica Cleopatra,Sliding Cabin,,Low,4888,Piece,Per_Master_Bathroom,1.0,Master Bathroom,True
P005732,Sanitary Ware,Rain Shower,Rain Shower,Ideal Standard,Rain Shower,,High,10313,Set,Per_Master_Bathroom,1.0,Master Bathroom,True
P005733,Sanitary Ware,Floor Mounted,Close Coupled Toilet,Roca,Floor Mounted,,High,7683,Piece,Per_Bathroom,1.0,Bathroom,False
P005734,Sanitary Ware,Sliding Cabin,Shower Cabin,Ceramica Cleopatra,Sliding Cabin,,Medium,7024,Piece,Per_Master_Bathroom,1.0,Master Bathroom,True
P005735,Sanitary Ware,Pedestal,Wash Basin,GROHE,Pedestal,,Low,2100,Piece,Per_Bathroom,1.0,Bathroom,False
P005736,Sanitary Ware,Pedestal,Wash Basin,GROHE,Pedestal,,Low,2846,Piece,Per_Bathroom,1.0,Bathroom,False
P005737,Sanitary Ware,Sliding Cabin,Shower Cabin,Ceramica Cleopatra,Sliding Cabin,,High,8896,Piece,Per_Master_Bathroom,1.0,Master Bathroom,True
P005738,Sanitary Ware,Floor Mounted,Close Coupled Toilet,Lecico,Floor Mounted,,Medium,7526,Piece,Per_Bathroom,1.0,Bathroom,False
P005739,Sanitary Ware,Floor Mounted,Close Coupled Toilet,Ideal Standard,Floor Mounted,,Low,4127,Piece,Per_Bathroom,1.0,Bathroom,False
P005740,Sanitary Ware,Sliding Cabin,Shower Cabin,Ceramica Cleopatra,Sliding Cabin,,High,9870,Piece,Per_Master_Bathroom,1.0,Master Bathroom,True
P005741,Sanitary Ware,Floor Mounted,Close Coupled Toilet,Ceramica Cleopatra,Floor Mounted,,Medium,5913,Piece,Per_Bathroom,1.0,Bathroom,False
P005742,Sanitary Ware,Floor Mounted,Close Coupled Toilet,Roca,Floor Mounted,,Medium,6372,Piece,Per_Bathroom,1.0,Bathroom,False
P005743,Sanitary Ware,Pedestal,Wash Basin,GROHE,Pedestal,,Low,2618,Piece,Per_Bathroom,1.0,Bathroom,False
P005744,Sanitary Ware,Floor Mounted,Close Coupled Toilet,GROHE,Floor Mounted,,Low,4743,Piece,Per_Bathroom,1.0,Bathroom,False
P005745,Sanitary Ware,Sliding Cabin,Shower Cabin,Ideal Standard,Sliding Cabin,,High,8147,Piece,Per_Master_Bathroom,1.0,Master Bathroom,True
P005746,Sanitary Ware,Sliding Cabin,Shower Cabin,Ideal Standard,Sliding Cabin,,High,10601,Piece,Per_Master_Bathroom,1.0,Master Bathroom,True
P005747,Sanitary Ware,Floor Mounted,Close Coupled Toilet,Ideal Standard,Floor Mounted,,Medium,5039,Piece,Per_Bathroom,1.0,Bathroom,False
P005748,Sanitary Ware,Sliding Cabin,Shower Cabin,Roca,Sliding Cabin,,Medium,5369,Piece,Per_Master_Bathroom,1.0,Master Bathroom,True
P005749,Sanitary Ware,Floor Mounted,Close Coupled Toilet,Lecico,Floor Mounted,,High,7624,Piece,Per_Bathroom,1.0,Bathroom,False
P005750,Sanitary Ware,Rain Shower,Rain Shower,Ideal Standard,Rain Shower,,Low,4986,Set,Per_Master_Bathroom,1.0,Master Bathroom,True
P005751,Sanitary Ware,Pedestal,Wash Basin,Roca,Pedestal,,Low,2672,Piece,Per_Bathroom,1.0,Bathroom,False
P005752,Sanitary Ware,Sliding Cabin,Shower Cabin,Roca,Sliding Cabin,,Medium,6738,Piece,Per_Master_Bathroom,1.0,Master Bathroom,True
P005753,Sanitary Ware,Sliding Cabin,Shower Cabin,GROHE,Sliding Cabin,,Medium,5555,Piece,Per_Master_Bathroom,1.0,Master Bathroom,True
P005754,Sanitary Ware,Rain Shower,Rain Shower,Ceramica Cleopatra,Rain Shower,,High,7890,Set,Per_Master_Bathroom,1.0,Master Bathroom,True
P005755,Sanitary Ware,Pedestal,Wash Basin,Ideal Standard,Pedestal,,Low,1832,Piece,Per_Bathroom,1.0,Bathroom,False
P005756,Sanitary Ware,Sliding Cabin,Shower Cabin,GROHE,Sliding Cabin,,High,8911,Piece,Per_Master_Bathroom,1.0,Master Bathroom,True
P005757,Sanitary Ware,Rain Shower,Rain Shower,Roca,Rain Shower,,Low,4518,Set,Per_Master_Bathroom,1.0,Master Bathroom,True
P005758,Sanitary Ware,Pedestal,Wash Basin,GROHE,Pedestal,,Low,3886,Piece,Per_Bathroom,1.0,Bathroom,False
P005759,Sanitary Ware,Sliding Cabin,Shower Cabin,Roca,Sliding Cabin,,High,9580,Piece,Per_Master_Bathroom,1.0,Master Bathroom,True
P005760,Sanitary Ware,Rain Shower,Rain Shower,Ideal Standard,Rain Shower,,Low,4645,Set,Per_Master_Bathroom,1.0,Master Bathroom,True
P005761,Sanitary Ware,Sliding Cabin,Shower Cabin,Lecico,Sliding Cabin,,Medium,6145,Piece,Per_Master_Bathroom,1.0,Master Bathroom,True
P005762,Sanitary Ware,Pedestal,Wash Basin,GROHE,Pedestal,,Low,1973,Piece,Per_Bathroom,1.0,Bathroom,False
P005763,Sanitary Ware,Sliding Cabin,Shower Cabin,Ideal Standard,Sliding Cabin,,High,9916,Piece,Per_Master_Bathroom,1.0,Master Bathroom,True
P005764,Sanitary Ware,Floor Mounted,Close Coupled Toilet,Ceramica Cleopatra,Floor Mounted,,Medium,7088,Piece,Per_Bathroom,1.0,Bathroom,False
P005765,Sanitary Ware,Sliding Cabin,Shower Cabin,GROHE,Sliding Cabin,,High,7943,Piece,Per_Master_Bathroom,1.0,Master Bathroom,True
P005766,Sanitary Ware,Sliding Cabin,Shower Cabin,Ideal Standard,Sliding Cabin,,Low,4529,Piece,Per_Master_Bathroom,1.0,Master Bathroom,True
P005767,Sanitary Ware,Rain Shower,Rain Shower,GROHE,Rain Shower,,High,10685,Set,Per_Master_Bathroom,1.0,Master Bathroom,True
P005768,Sanitary Ware,Rain Shower,Rain Shower,Roca,Rain Shower,,High,9411,Set,Per_Master_Bathroom,1.0,Master Bathroom,True
P005769,Sanitary Ware,Floor Mounted,Close Coupled Toilet,GROHE,Floor Mounted,,Medium,6408,Piece,Per_Bathroom,1.0,Bathroom,False
P005770,Sanitary Ware,Sliding Cabin,Shower Cabin,GROHE,Sliding Cabin,,Medium,5042,Piece,Per_Master_Bathroom,1.0,Master Bathroom,True
P005771,Sanitary Ware,Pedestal,Wash Basin,Lecico,Pedestal,,Low,3950,Piece,Per_Bathroom,1.0,Bathroom,False
P005772,Sanitary Ware,Floor Mounted,Close Coupled Toilet,Ceramica Cleopatra,Floor Mounted,,Medium,6538,Piece,Per_Bathroom,1.0,Bathroom,False
P005773,Sanitary Ware,Rain Shower,Rain Shower,Ideal Standard,Rain Shower,,High,8835,Set,Per_Master_Bathroom,1.0,Master Bathroom,True
P005774,Sanitary Ware,Rain Shower,Rain Shower,Ideal Standard,Rain Shower,,High,9335,Set,Per_Master_Bathroom,1.0,Master Bathroom,True
P005775,Sanitary Ware,Pedestal,Wash Basin,Roca,Pedestal,,Low,3801,Piece,Per_Bathroom,1.0,Bathroom,False
P005776,Sanitary Ware,Sliding Cabin,Shower Cabin,Ideal Standard,Sliding Cabin,,Low,4707,Piece,Per_Master_Bathroom,1.0,Master Bathroom,True
P005777,Sanitary Ware,Pedestal,Wash Basin,Ideal Standard,Pedestal,,Low,3924,Piece,Per_Bathroom,1.0,Bathroom,False
P005778,Sanitary Ware,Rain Shower,Rain Shower,Roca,Rain Shower,,Medium,6966,Set,Per_Master_Bathroom,1.0,Master Bathroom,True
P005779,Sanitary Ware,Rain Shower,Rain Shower,Lecico,Rain Shower,,Medium,7238,Set,Per_Master_Bathroom,1.0,Master Bathroom,True
P005780,Sanitary Ware,Floor Mounted,Close Coupled Toilet,Lecico,Floor Mounted,,Low,4912,Piece,Per_Bathroom,1.0,Bathroom,False
P005781,Sanitary Ware,Sliding Cabin,Shower Cabin,Ideal Standard,Sliding Cabin,,High,9256,Piece,Per_Master_Bathroom,1.0,Master Bathroom,True
P005782,Sanitary Ware,Floor Mounted,Close Coupled Toilet,GROHE,Floor Mounted,,Medium,6214,Piece,Per_Bathroom,1.0,Bathroom,False
P005783,Sanitary Ware,Pedestal,Wash Basin,GROHE,Pedestal,,Low,2897,Piece,Per_Bathroom,1.0,Bathroom,False
P005784,Sanitary Ware,Rain Shower,Rain Shower,GROHE,Rain Shower,,Medium,5057,Set,Per_Master_Bathroom,1.0,Master Bathroom,True
P005785,Sanitary Ware,Floor Mounted,Close Coupled Toilet,Ideal Standard,Floor Mounted,,Low,3990,Piece,Per_Bathroom,1.0,Bathroom,False
P005786,Sanitary Ware,Rain Shower,Rain Shower,Lecico,Rain Shower,,High,9993,Set,Per_Master_Bathroom,1.0,Master Bathroom,True
P005787,Sanitary Ware,Pedestal,Wash Basin,Roca,Pedestal,,Low,3260,Piece,Per_Bathroom,1.0,Bathroom,False
P005788,Sanitary Ware,Pedestal,Wash Basin,Roca,Pedestal,,Low,3919,Piece,Per_Bathroom,1.0,Bathroom,False
P005789,Sanitary Ware,Floor Mounted,Close Coupled Toilet,Roca,Floor Mounted,,High,7574,Piece,Per_Bathroom,1.0,Bathroom,False
P005790,Sanitary Ware,Floor Mounted,Close Coupled Toilet,Ceramica Cleopatra,Floor Mounted,,Low,5006,Piece,Per_Bathroom,1.0,Bathroom,False
P005791,Sanitary Ware,Floor Mounted,Close Coupled Toilet,GROHE,Floor Mounted,,High,8332,Piece,Per_Bathroom,1.0,Bathroom,False
P005792,Sanitary Ware,Pedestal,Wash Basin,Ideal Standard,Pedestal,,Low,3653,Piece,Per_Bathroom,1.0,Bathroom,False
P005793,Sanitary Ware,Pedestal,Wash Basin,Ceramica Cleopatra,Pedestal,,Low,2083,Piece,Per_Bathroom,1.0,Bathroom,False
P005794,Sanitary Ware,Floor Mounted,Close Coupled Toilet,Roca,Floor Mounted,,Low,3916,Piece,Per_Bathroom,1.0,Bathroom,False
P005795,Sanitary Ware,Sliding Cabin,Shower Cabin,Roca,Sliding Cabin,,Medium,5696,Piece,Per_Master_Bathroom,1.0,Master Bathroom,True
P005796,Sanitary Ware,Pedestal,Wash Basin,Ideal Standard,Pedestal,,Low,2478,Piece,Per_Bathroom,1.0,Bathroom,False
P005797,Sanitary Ware,Rain Shower,Rain Shower,Roca,Rain Shower,,High,9623,Set,Per_Master_Bathroom,1.0,Master Bathroom,True
P005798,Sanitary Ware,Pedestal,Wash Basin,Ceramica Cleopatra,Pedestal,,Low,2094,Piece,Per_Bathroom,1.0,Bathroom,False
P005799,Sanitary Ware,Floor Mounted,Close Coupled Toilet,Roca,Floor Mounted,,Medium,6903,Piece,Per_Bathroom,1.0,Bathroom,False
P005800,Sanitary Ware,Sliding Cabin,Shower Cabin,Ceramica Cleopatra,Sliding Cabin,,Medium,5482,Piece,Per_Master_Bathroom,1.0,Master Bathroom,True
P005801,Sanitary Ware,Sliding Cabin,Shower Cabin,Roca,Sliding Cabin,,High,9042,Piece,Per_Master_Bathroom,1.0,Master Bathroom,True
P005802,Sanitary Ware,Rain Shower,Rain Shower,GROHE,Rain Shower,,Medium,6295,Set,Per_Master_Bathroom,1.0,Master Bathroom,True
P005803,Sanitary Ware,Pedestal,Wash Basin,Ideal Standard,Pedestal,,Low,3847,Piece,Per_Bathroom,1.0,Bathroom,False
P005804,Sanitary Ware,Pedestal,Wash Basin,Ceramica Cleopatra,Pedestal,,Low,2547,Piece,Per_Bathroom,1.0,Bathroom,False
P005805,Sanitary Ware,Pedestal,Wash Basin,Lecico,Pedestal,,Low,3364,Piece,Per_Bathroom,1.0,Bathroom,False
P005806,Sanitary Ware,Floor Mounted,Close Coupled Toilet,Ideal Standard,Floor Mounted,,High,7834,Piece,Per_Bathroom,1.0,Bathroom,False
P005807,Sanitary Ware,Pedestal,Wash Basin,GROHE,Pedestal,,Low,4032,Piece,Per_Bathroom,1.0,Bathroom,False
P005808,Sanitary Ware,Pedestal,Wash Basin,Ideal Standard,Pedestal,,Low,2171,Piece,Per_Bathroom,1.0,Bathroom,False
P005809,Sanitary Ware,Rain Shower,Rain Shower,Lecico,Rain Shower,,High,10394,Set,Per_Master_Bathroom,1.0,Master Bathroom,True
P005810,Sanitary Ware,Pedestal,Wash Basin,Ideal Standard,Pedestal,,Low,3580,Piece,Per_Bathroom,1.0,Bathroom,False
P005811,Sanitary Ware,Sliding Cabin,Shower Cabin,Ideal Standard,Sliding Cabin,,Low,4824,Piece,Per_Master_Bathroom,1.0,Master Bathroom,True
P005812,Sanitary Ware,Floor Mounted,Close Coupled Toilet,GROHE,Floor Mounted,,Low,4474,Piece,Per_Bathroom,1.0,Bathroom,False
P005813,Sanitary Ware,Floor Mounted,Close Coupled Toilet,Roca,Floor Mounted,,Low,3871,Piece,Per_Bathroom,1.0,Bathroom,False
P005814,Sanitary Ware,Pedestal,Wash Basin,Roca,Pedestal,,Low,2060,Piece,Per_Bathroom,1.0,Bathroom,False
P005815,Sanitary Ware,Rain Shower,Rain Shower,Lecico,Rain Shower,,Medium,5283,Set,Per_Master_Bathroom,1.0,Master Bathroom,True
P005816,Sanitary Ware,Rain Shower,Rain Shower,Ideal Standard,Rain Shower,,High,7862,Set,Per_Master_Bathroom,1.0,Master Bathroom,True
P005817,Sanitary Ware,Rain Shower,Rain Shower,GROHE,Rain Shower,,High,10989,Set,Per_Master_Bathroom,1.0,Master Bathroom,True
P005818,Sanitary Ware,Sliding Cabin,Shower Cabin,Lecico,Sliding Cabin,,Medium,6229,Piece,Per_Master_Bathroom,1.0,Master Bathroom,True
P005819,Sanitary Ware,Floor Mounted,Close Coupled Toilet,Ceramica Cleopatra,Floor Mounted,,Low,4232,Piece,Per_Bathroom,1.0,Bathroom,False
P005820,Sanitary Ware,Floor Mounted,Close Coupled Toilet,Ceramica Cleopatra,Floor Mounted,,Medium,5689,Piece,Per_Bathroom,1.0,Bathroom,False
P005821,Sanitary Ware,Floor Mounted,Close Coupled Toilet,Ideal Standard,Floor Mounted,,Medium,5112,Piece,Per_Bathroom,1.0,Bathroom,False
P005822,Sanitary Ware,Sliding Cabin,Shower Cabin,Lecico,Sliding Cabin,,High,10380,Piece,Per_Master_Bathroom,1.0,Master Bathroom,True
P005823,Sanitary Ware,Sliding Cabin,Shower Cabin,GROHE,Sliding Cabin,,High,9632,Piece,Per_Master_Bathroom,1.0,Master Bathroom,True
P005824,Sanitary Ware,Sliding Cabin,Shower Cabin,GROHE,Sliding Cabin,,Medium,5854,Piece,Per_Master_Bathroom,1.0,Master Bathroom,True
P005825,Sanitary Ware,Sliding Cabin,Shower Cabin,Roca,Sliding Cabin,,Medium,6683,Piece,Per_Master_Bathroom,1.0,Master Bathroom,True
P005826,Sanitary Ware,Sliding Cabin,Shower Cabin,Ideal Standard,Sliding Cabin,,Medium,6187,Piece,Per_Master_Bathroom,1.0,Master Bathroom,True
P005827,Sanitary Ware,Floor Mounted,Close Coupled Toilet,Ceramica Cleopatra,Floor Mounted,,Medium,6651,Piece,Per_Bathroom,1.0,Bathroom,False
P005828,Sanitary Ware,Pedestal,Wash Basin,Ideal Standard,Pedestal,,Low,1971,Piece,Per_Bathroom,1.0,Bathroom,False
P005829,Sanitary Ware,Rain Shower,Rain Shower,Ceramica Cleopatra,Rain Shower,,High,9798,Set,Per_Master_Bathroom,1.0,Master Bathroom,True
P005830,Sanitary Ware,Sliding Cabin,Shower Cabin,Ceramica Cleopatra,Sliding Cabin,,High,10401,Piece,Per_Master_Bathroom,1.0,Master Bathroom,True
P005831,Sanitary Ware,Sliding Cabin,Shower Cabin,GROHE,Sliding Cabin,,Medium,6273,Piece,Per_Master_Bathroom,1.0,Master Bathroom,True
P005832,Sanitary Ware,Floor Mounted,Close Coupled Toilet,Lecico,Floor Mounted,,High,7830,Piece,Per_Bathroom,1.0,Bathroom,False
P005833,Sanitary Ware,Rain Shower,Rain Shower,Ideal Standard,Rain Shower,,High,9944,Set,Per_Master_Bathroom,1.0,Master Bathroom,True
P005834,Sanitary Ware,Rain Shower,Rain Shower,Lecico,Rain Shower,,High,8753,Set,Per_Master_Bathroom,1.0,Master Bathroom,True
P005835,Sanitary Ware,Rain Shower,Rain Shower,GROHE,Rain Shower,,High,7908,Set,Per_Master_Bathroom,1.0,Master Bathroom,True
P005836,Sanitary Ware,Rain Shower,Rain Shower,Ceramica Cleopatra,Rain Shower,,High,8778,Set,Per_Master_Bathroom,1.0,Master Bathroom,True
P005837,Sanitary Ware,Floor Mounted,Close Coupled Toilet,Lecico,Floor Mounted,,Medium,5258,Piece,Per_Bathroom,1.0,Bathroom,False
P005838,Sanitary Ware,Floor Mounted,Close Coupled Toilet,Lecico,Floor Mounted,,Medium,6114,Piece,Per_Bathroom,1.0,Bathroom,False
P005839,Sanitary Ware,Rain Shower,Rain Shower,Roca,Rain Shower,,Low,4826,Set,Per_Master_Bathroom,1.0,Master Bathroom,True
P005840,Sanitary Ware,Pedestal,Wash Basin,Lecico,Pedestal,,Low,1845,Piece,Per_Bathroom,1.0,Bathroom,False
P005841,Sanitary Ware,Pedestal,Wash Basin,Lecico,Pedestal,,Low,2925,Piece,Per_Bathroom,1.0,Bathroom,False
P005842,Sanitary Ware,Sliding Cabin,Shower Cabin,Ceramica Cleopatra,Sliding Cabin,,Medium,5736,Piece,Per_Master_Bathroom,1.0,Master Bathroom,True
P005843,Sanitary Ware,Sliding Cabin,Shower Cabin,Lecico,Sliding Cabin,,Medium,7326,Piece,Per_Master_Bathroom,1.0,Master Bathroom,True
P005844,Sanitary Ware,Rain Shower,Rain Shower,Ideal Standard,Rain Shower,,High,9982,Set,Per_Master_Bathroom,1.0,Master Bathroom,True
P005845,Sanitary Ware,Floor Mounted,Close Coupled Toilet,Ideal Standard,Floor Mounted,,High,7624,Piece,Per_Bathroom,1.0,Bathroom,False
P005846,Sanitary Ware,Floor Mounted,Close Coupled Toilet,Lecico,Floor Mounted,,Medium,6433,Piece,Per_Bathroom,1.0,Bathroom,False
P005847,Sanitary Ware,Sliding Cabin,Shower Cabin,Lecico,Sliding Cabin,,High,8779,Piece,Per_Master_Bathroom,1.0,Master Bathroom,True
P005848,Sanitary Ware,Sliding Cabin,Shower Cabin,Roca,Sliding Cabin,,High,10831,Piece,Per_Master_Bathroom,1.0,Master Bathroom,True
P005849,Sanitary Ware,Sliding Cabin,Shower Cabin,Lecico,Sliding Cabin,,Medium,7086,Piece,Per_Master_Bathroom,1.0,Master Bathroom,True
P005850,Sanitary Ware,Floor Mounted,Close Coupled Toilet,Ceramica Cleopatra,Floor Mounted,,Low,4982,Piece,Per_Bathroom,1.0,Bathroom,False
P005851,Sanitary Ware,Floor Mounted,Close Coupled Toilet,Ideal Standard,Floor Mounted,,Low,4143,Piece,Per_Bathroom,1.0,Bathroom,False
P005852,Sanitary Ware,Pedestal,Wash Basin,Roca,Pedestal,,Low,2007,Piece,Per_Bathroom,1.0,Bathroom,False
P005853,Sanitary Ware,Rain Shower,Rain Shower,Lecico,Rain Shower,,Medium,5404,Set,Per_Master_Bathroom,1.0,Master Bathroom,True
P005854,Sanitary Ware,Rain Shower,Rain Shower,Ideal Standard,Rain Shower,,High,10250,Set,Per_Master_Bathroom,1.0,Master Bathroom,True
P005855,Sanitary Ware,Rain Shower,Rain Shower,Lecico,Rain Shower,,High,8669,Set,Per_Master_Bathroom,1.0,Master Bathroom,True
P005856,Sanitary Ware,Pedestal,Wash Basin,Lecico,Pedestal,,Low,3557,Piece,Per_Bathroom,1.0,Bathroom,False
P005857,Sanitary Ware,Rain Shower,Rain Shower,Ceramica Cleopatra,Rain Shower,,High,9667,Set,Per_Master_Bathroom,1.0,Master Bathroom,True
P005858,Sanitary Ware,Floor Mounted,Close Coupled Toilet,Lecico,Floor Mounted,,Low,4276,Piece,Per_Bathroom,1.0,Bathroom,False
P005859,Sanitary Ware,Rain Shower,Rain Shower,Ideal Standard,Rain Shower,,Medium,5750,Set,Per_Master_Bathroom,1.0,Master Bathroom,True
P005860,Sanitary Ware,Sliding Cabin,Shower Cabin,Ceramica Cleopatra,Sliding Cabin,,High,9673,Piece,Per_Master_Bathroom,1.0,Master Bathroom,True
P005861,Sanitary Ware,Sliding Cabin,Shower Cabin,Lecico,Sliding Cabin,,High,9450,Piece,Per_Master_Bathroom,1.0,Master Bathroom,True
P005862,Sanitary Ware,Rain Shower,Rain Shower,Lecico,Rain Shower,,Medium,6291,Set,Per_Master_Bathroom,1.0,Master Bathroom,True
P005863,Sanitary Ware,Rain Shower,Rain Shower,Ceramica Cleopatra,Rain Shower,,Medium,6526,Set,Per_Master_Bathroom,1.0,Master Bathroom,True
P005864,Sanitary Ware,Floor Mounted,Close Coupled Toilet,Roca,Floor Mounted,,Low,4004,Piece,Per_Bathroom,1.0,Bathroom,False
P005865,Sanitary Ware,Floor Mounted,Close Coupled Toilet,Ideal Standard,Floor Mounted,,Low,4771,Piece,Per_Bathroom,1.0,Bathroom,False
P005866,Sanitary Ware,Floor Mounted,Close Coupled Toilet,Ceramica Cleopatra,Floor Mounted,,Medium,6041,Piece,Per_Bathroom,1.0,Bathroom,False
P005867,Sanitary Ware,Rain Shower,Rain Shower,GROHE,Rain Shower,,Medium,6318,Set,Per_Master_Bathroom,1.0,Master Bathroom,True
P005868,Sanitary Ware,Sliding Cabin,Shower Cabin,GROHE,Sliding Cabin,,Medium,7279,Piece,Per_Master_Bathroom,1.0,Master Bathroom,True
P005869,Sanitary Ware,Sliding Cabin,Shower Cabin,GROHE,Sliding Cabin,,High,8047,Piece,Per_Master_Bathroom,1.0,Master Bathroom,True
P005870,Sanitary Ware,Sliding Cabin,Shower Cabin,Roca,Sliding Cabin,,High,9692,Piece,Per_Master_Bathroom,1.0,Master Bathroom,True
P005871,Sanitary Ware,Rain Shower,Rain Shower,GROHE,Rain Shower,,High,9908,Set,Per_Master_Bathroom,1.0,Master Bathroom,True
P005872,Sanitary Ware,Pedestal,Wash Basin,Lecico,Pedestal,,Low,2902,Piece,Per_Bathroom,1.0,Bathroom,False
P005873,Sanitary Ware,Sliding Cabin,Shower Cabin,Ideal Standard,Sliding Cabin,,Medium,6257,Piece,Per_Master_Bathroom,1.0,Master Bathroom,True
P005874,Sanitary Ware,Sliding Cabin,Shower Cabin,Lecico,Sliding Cabin,,Medium,7464,Piece,Per_Master_Bathroom,1.0,Master Bathroom,True
P005875,Sanitary Ware,Sliding Cabin,Shower Cabin,Ceramica Cleopatra,Sliding Cabin,,High,9395,Piece,Per_Master_Bathroom,1.0,Master Bathroom,True
P005876,Sanitary Ware,Floor Mounted,Close Coupled Toilet,Roca,Floor Mounted,,Low,4566,Piece,Per_Bathroom,1.0,Bathroom,False
P005877,Sanitary Ware,Pedestal,Wash Basin,Roca,Pedestal,,Low,4120,Piece,Per_Bathroom,1.0,Bathroom,False
P005878,Sanitary Ware,Floor Mounted,Close Coupled Toilet,GROHE,Floor Mounted,,Medium,5131,Piece,Per_Bathroom,1.0,Bathroom,False
P005879,Sanitary Ware,Rain Shower,Rain Shower,GROHE,Rain Shower,,High,8425,Set,Per_Master_Bathroom,1.0,Master Bathroom,True
P005880,Sanitary Ware,Pedestal,Wash Basin,Ideal Standard,Pedestal,,Low,4180,Piece,Per_Bathroom,1.0,Bathroom,False
P005881,Sanitary Ware,Rain Shower,Rain Shower,Lecico,Rain Shower,,Medium,5528,Set,Per_Master_Bathroom,1.0,Master Bathroom,True
P005882,Sanitary Ware,Rain Shower,Rain Shower,Ceramica Cleopatra,Rain Shower,,High,10360,Set,Per_Master_Bathroom,1.0,Master Bathroom,True
P005883,Sanitary Ware,Rain Shower,Rain Shower,GROHE,Rain Shower,,High,8451,Set,Per_Master_Bathroom,1.0,Master Bathroom,True
P005884,Sanitary Ware,Floor Mounted,Close Coupled Toilet,Lecico,Floor Mounted,,Low,4474,Piece,Per_Bathroom,1.0,Bathroom,False
P005885,Sanitary Ware,Pedestal,Wash Basin,Lecico,Pedestal,,Low,1957,Piece,Per_Bathroom,1.0,Bathroom,False
P005886,Sanitary Ware,Sliding Cabin,Shower Cabin,Roca,Sliding Cabin,,Medium,5376,Piece,Per_Master_Bathroom,1.0,Master Bathroom,True
P005887,Sanitary Ware,Floor Mounted,Close Coupled Toilet,Lecico,Floor Mounted,,Medium,6279,Piece,Per_Bathroom,1.0,Bathroom,False
P005888,Sanitary Ware,Rain Shower,Rain Shower,Ceramica Cleopatra,Rain Shower,,High,10068,Set,Per_Master_Bathroom,1.0,Master Bathroom,True
P005889,Sanitary Ware,Sliding Cabin,Shower Cabin,Ceramica Cleopatra,Sliding Cabin,,Low,4699,Piece,Per_Master_Bathroom,1.0,Master Bathroom,True
P005890,Sanitary Ware,Floor Mounted,Close Coupled Toilet,Roca,Floor Mounted,,Medium,6401,Piece,Per_Bathroom,1.0,Bathroom,False
P005891,Sanitary Ware,Pedestal,Wash Basin,Ceramica Cleopatra,Pedestal,,Low,2436,Piece,Per_Bathroom,1.0,Bathroom,False
P005892,Sanitary Ware,Sliding Cabin,Shower Cabin,Ceramica Cleopatra,Sliding Cabin,,Medium,7375,Piece,Per_Master_Bathroom,1.0,Master Bathroom,True
P005893,Sanitary Ware,Rain Shower,Rain Shower,Lecico,Rain Shower,,High,10876,Set,Per_Master_Bathroom,1.0,Master Bathroom,True
P005894,Sanitary Ware,Floor Mounted,Close Coupled Toilet,Ideal Standard,Floor Mounted,,Medium,6831,Piece,Per_Bathroom,1.0,Bathroom,False
P005895,Sanitary Ware,Floor Mounted,Close Coupled Toilet,GROHE,Floor Mounted,,Low,3983,Piece,Per_Bathroom,1.0,Bathroom,False
P005896,Sanitary Ware,Floor Mounted,Close Coupled Toilet,Ceramica Cleopatra,Floor Mounted,,Medium,5261,Piece,Per_Bathroom,1.0,Bathroom,False
P005897,Sanitary Ware,Rain Shower,Rain Shower,Lecico,Rain Shower,,Medium,6546,Set,Per_Master_Bathroom,1.0,Master Bathroom,True
P005898,Sanitary Ware,Floor Mounted,Close Coupled Toilet,Ideal Standard,Floor Mounted,,Medium,6299,Piece,Per_Bathroom,1.0,Bathroom,False
P005899,Sanitary Ware,Sliding Cabin,Shower Cabin,Ideal Standard,Sliding Cabin,,High,9576,Piece,Per_Master_Bathroom,1.0,Master Bathroom,True
P005900,Sanitary Ware,Rain Shower,Rain Shower,Roca,Rain Shower,,High,7778,Set,Per_Master_Bathroom,1.0,Master Bathroom,True
P005901,Sanitary Ware,Rain Shower,Rain Shower,GROHE,Rain Shower,,High,9176,Set,Per_Master_Bathroom,1.0,Master Bathroom,True
P005902,Sanitary Ware,Rain Shower,Rain Shower,Ceramica Cleopatra,Rain Shower,,High,10321,Set,Per_Master_Bathroom,1.0,Master Bathroom,True
P005903,Sanitary Ware,Sliding Cabin,Shower Cabin,GROHE,Sliding Cabin,,Medium,6427,Piece,Per_Master_Bathroom,1.0,Master Bathroom,True
P005904,Sanitary Ware,Rain Shower,Rain Shower,GROHE,Rain Shower,,Low,4700,Set,Per_Master_Bathroom,1.0,Master Bathroom,True
P005905,Sanitary Ware,Pedestal,Wash Basin,Ideal Standard,Pedestal,,Low,3617,Piece,Per_Bathroom,1.0,Bathroom,False
P005906,Sanitary Ware,Pedestal,Wash Basin,Ideal Standard,Pedestal,,Low,1812,Piece,Per_Bathroom,1.0,Bathroom,False
P005907,Sanitary Ware,Sliding Cabin,Shower Cabin,Lecico,Sliding Cabin,,Medium,6093,Piece,Per_Master_Bathroom,1.0,Master Bathroom,True
P005908,Sanitary Ware,Floor Mounted,Close Coupled Toilet,GROHE,Floor Mounted,,High,8294,Piece,Per_Bathroom,1.0,Bathroom,False
P005909,Sanitary Ware,Rain Shower,Rain Shower,Roca,Rain Shower,,High,9460,Set,Per_Master_Bathroom,1.0,Master Bathroom,True
P005910,Sanitary Ware,Pedestal,Wash Basin,Roca,Pedestal,,Low,2486,Piece,Per_Bathroom,1.0,Bathroom,False
P005911,Sanitary Ware,Floor Mounted,Close Coupled Toilet,GROHE,Floor Mounted,,Medium,7429,Piece,Per_Bathroom,1.0,Bathroom,False
P005912,Sanitary Ware,Rain Shower,Rain Shower,Ideal Standard,Rain Shower,,High,8238,Set,Per_Master_Bathroom,1.0,Master Bathroom,True
P005913,Sanitary Ware,Pedestal,Wash Basin,Roca,Pedestal,,Low,3720,Piece,Per_Bathroom,1.0,Bathroom,False
P005914,Sanitary Ware,Pedestal,Wash Basin,Ceramica Cleopatra,Pedestal,,Low,2703,Piece,Per_Bathroom,1.0,Bathroom,False
P005915,Sanitary Ware,Pedestal,Wash Basin,Ceramica Cleopatra,Pedestal,,Low,2130,Piece,Per_Bathroom,1.0,Bathroom,False
P005916,Sanitary Ware,Rain Shower,Rain Shower,GROHE,Rain Shower,,Medium,7345,Set,Per_Master_Bathroom,1.0,Master Bathroom,True
P005917,Sanitary Ware,Pedestal,Wash Basin,Lecico,Pedestal,,Low,2003,Piece,Per_Bathroom,1.0,Bathroom,False
P005918,Sanitary Ware,Pedestal,Wash Basin,Lecico,Pedestal,,Low,2295,Piece,Per_Bathroom,1.0,Bathroom,False
P005919,Sanitary Ware,Floor Mounted,Close Coupled Toilet,Ceramica Cleopatra,Floor Mounted,,Medium,5625,Piece,Per_Bathroom,1.0,Bathroom,False
P005920,Sanitary Ware,Pedestal,Wash Basin,Ceramica Cleopatra,Pedestal,,Low,2942,Piece,Per_Bathroom,1.0,Bathroom,False
P005921,Sanitary Ware,Sliding Cabin,Shower Cabin,Ideal Standard,Sliding Cabin,,High,10807,Piece,Per_Master_Bathroom,1.0,Master Bathroom,True
P005922,Sanitary Ware,Pedestal,Wash Basin,Ideal Standard,Pedestal,,Low,2522,Piece,Per_Bathroom,1.0,Bathroom,False
P005923,Sanitary Ware,Sliding Cabin,Shower Cabin,Lecico,Sliding Cabin,,Low,4913,Piece,Per_Master_Bathroom,1.0,Master Bathroom,True
P005924,Sanitary Ware,Rain Shower,Rain Shower,Ceramica Cleopatra,Rain Shower,,Medium,6828,Set,Per_Master_Bathroom,1.0,Master Bathroom,True
P005925,Sanitary Ware,Sliding Cabin,Shower Cabin,Lecico,Sliding Cabin,,High,10434,Piece,Per_Master_Bathroom,1.0,Master Bathroom,True
P005926,Sanitary Ware,Rain Shower,Rain Shower,Ceramica Cleopatra,Rain Shower,,High,9589,Set,Per_Master_Bathroom,1.0,Master Bathroom,True
P005927,Sanitary Ware,Rain Shower,Rain Shower,GROHE,Rain Shower,,Medium,5174,Set,Per_Master_Bathroom,1.0,Master Bathroom,True
P005928,Sanitary Ware,Sliding Cabin,Shower Cabin,Ideal Standard,Sliding Cabin,,Medium,5717,Piece,Per_Master_Bathroom,1.0,Master Bathroom,True
P005929,Sanitary Ware,Rain Shower,Rain Shower,Lecico,Rain Shower,,Low,4649,Set,Per_Master_Bathroom,1.0,Master Bathroom,True
P005930,Sanitary Ware,Sliding Cabin,Shower Cabin,Lecico,Sliding Cabin,,Medium,6102,Piece,Per_Master_Bathroom,1.0,Master Bathroom,True
P005931,Sanitary Ware,Floor Mounted,Close Coupled Toilet,Ceramica Cleopatra,Floor Mounted,,Low,4567,Piece,Per_Bathroom,1.0,Bathroom,False
P005932,Sanitary Ware,Sliding Cabin,Shower Cabin,GROHE,Sliding Cabin,,Medium,5280,Piece,Per_Master_Bathroom,1.0,Master Bathroom,True
P005933,Sanitary Ware,Rain Shower,Rain Shower,Ceramica Cleopatra,Rain Shower,,High,10817,Set,Per_Master_Bathroom,1.0,Master Bathroom,True
P005934,Sanitary Ware,Floor Mounted,Close Coupled Toilet,Lecico,Floor Mounted,,Medium,6492,Piece,Per_Bathroom,1.0,Bathroom,False
P005935,Sanitary Ware,Pedestal,Wash Basin,Ideal Standard,Pedestal,,Low,3151,Piece,Per_Bathroom,1.0,Bathroom,False
P005936,Sanitary Ware,Pedestal,Wash Basin,Ideal Standard,Pedestal,,Low,2161,Piece,Per_Bathroom,1.0,Bathroom,False
P005937,Sanitary Ware,Pedestal,Wash Basin,GROHE,Pedestal,,Low,3508,Piece,Per_Bathroom,1.0,Bathroom,False
P005938,Sanitary Ware,Floor Mounted,Close Coupled Toilet,GROHE,Floor Mounted,,Medium,5565,Piece,Per_Bathroom,1.0,Bathroom,False
P005939,Sanitary Ware,Rain Shower,Rain Shower,Ceramica Cleopatra,Rain Shower,,Medium,6307,Set,Per_Master_Bathroom,1.0,Master Bathroom,True
P005940,Sanitary Ware,Floor Mounted,Close Coupled Toilet,Lecico,Floor Mounted,,High,7983,Piece,Per_Bathroom,1.0,Bathroom,False
P005941,Sanitary Ware,Floor Mounted,Close Coupled Toilet,Roca,Floor Mounted,,Low,3869,Piece,Per_Bathroom,1.0,Bathroom,False
P005942,Sanitary Ware,Pedestal,Wash Basin,GROHE,Pedestal,,Low,3612,Piece,Per_Bathroom,1.0,Bathroom,False
P005943,Sanitary Ware,Floor Mounted,Close Coupled Toilet,GROHE,Floor Mounted,,High,7840,Piece,Per_Bathroom,1.0,Bathroom,False
P005944,Sanitary Ware,Sliding Cabin,Shower Cabin,Ceramica Cleopatra,Sliding Cabin,,Medium,6325,Piece,Per_Master_Bathroom,1.0,Master Bathroom,True
P005945,Sanitary Ware,Floor Mounted,Close Coupled Toilet,Ideal Standard,Floor Mounted,,Medium,7304,Piece,Per_Bathroom,1.0,Bathroom,False
P005946,Sanitary Ware,Rain Shower,Rain Shower,Lecico,Rain Shower,,High,9166,Set,Per_Master_Bathroom,1.0,Master Bathroom,True
P005947,Sanitary Ware,Pedestal,Wash Basin,Roca,Pedestal,,Low,2630,Piece,Per_Bathroom,1.0,Bathroom,False
P005948,Sanitary Ware,Rain Shower,Rain Shower,Roca,Rain Shower,,High,9858,Set,Per_Master_Bathroom,1.0,Master Bathroom,True
P005949,Sanitary Ware,Pedestal,Wash Basin,Roca,Pedestal,,Low,3276,Piece,Per_Bathroom,1.0,Bathroom,False
P005950,Sanitary Ware,Floor Mounted,Close Coupled Toilet,Roca,Floor Mounted,,Low,4979,Piece,Per_Bathroom,1.0,Bathroom,False
P005951,Sanitary Ware,Pedestal,Wash Basin,Ideal Standard,Pedestal,,Low,2846,Piece,Per_Bathroom,1.0,Bathroom,False
P005952,Sanitary Ware,Pedestal,Wash Basin,Roca,Pedestal,,Low,3764,Piece,Per_Bathroom,1.0,Bathroom,False
P005953,Sanitary Ware,Floor Mounted,Close Coupled Toilet,Lecico,Floor Mounted,,Low,3953,Piece,Per_Bathroom,1.0,Bathroom,False
P005954,Sanitary Ware,Rain Shower,Rain Shower,GROHE,Rain Shower,,High,9476,Set,Per_Master_Bathroom,1.0,Master Bathroom,True
P005955,Sanitary Ware,Floor Mounted,Close Coupled Toilet,Roca,Floor Mounted,,Medium,5011,Piece,Per_Bathroom,1.0,Bathroom,False
P005956,Sanitary Ware,Floor Mounted,Close Coupled Toilet,Lecico,Floor Mounted,,Low,4049,Piece,Per_Bathroom,1.0,Bathroom,False
P005957,Sanitary Ware,Rain Shower,Rain Shower,Ceramica Cleopatra,Rain Shower,,High,8155,Set,Per_Master_Bathroom,1.0,Master Bathroom,True
P005958,Sanitary Ware,Pedestal,Wash Basin,Roca,Pedestal,,Low,2171,Piece,Per_Bathroom,1.0,Bathroom,False
P005959,Sanitary Ware,Sliding Cabin,Shower Cabin,Roca,Sliding Cabin,,High,9017,Piece,Per_Master_Bathroom,1.0,Master Bathroom,True
P005960,Sanitary Ware,Floor Mounted,Close Coupled Toilet,Ideal Standard,Floor Mounted,,High,7749,Piece,Per_Bathroom,1.0,Bathroom,False
P005961,Sanitary Ware,Pedestal,Wash Basin,Lecico,Pedestal,,Low,2728,Piece,Per_Bathroom,1.0,Bathroom,False
P005962,Sanitary Ware,Sliding Cabin,Shower Cabin,Ceramica Cleopatra,Sliding Cabin,,Medium,5977,Piece,Per_Master_Bathroom,1.0,Master Bathroom,True
P005963,Sanitary Ware,Rain Shower,Rain Shower,GROHE,Rain Shower,,Medium,6527,Set,Per_Master_Bathroom,1.0,Master Bathroom,True
P005964,Sanitary Ware,Sliding Cabin,Shower Cabin,Ceramica Cleopatra,Sliding Cabin,,High,8059,Piece,Per_Master_Bathroom,1.0,Master Bathroom,True
P005965,Sanitary Ware,Pedestal,Wash Basin,GROHE,Pedestal,,Low,3660,Piece,Per_Bathroom,1.0,Bathroom,False
P005966,Sanitary Ware,Pedestal,Wash Basin,Ceramica Cleopatra,Pedestal,,Low,2242,Piece,Per_Bathroom,1.0,Bathroom,False
P005967,Sanitary Ware,Rain Shower,Rain Shower,GROHE,Rain Shower,,High,8746,Set,Per_Master_Bathroom,1.0,Master Bathroom,True
P005968,Sanitary Ware,Sliding Cabin,Shower Cabin,Lecico,Sliding Cabin,,High,9636,Piece,Per_Master_Bathroom,1.0,Master Bathroom,True
P005969,Sanitary Ware,Sliding Cabin,Shower Cabin,GROHE,Sliding Cabin,,High,8266,Piece,Per_Master_Bathroom,1.0,Master Bathroom,True
P005970,Sanitary Ware,Rain Shower,Rain Shower,Ideal Standard,Rain Shower,,Medium,7272,Set,Per_Master_Bathroom,1.0,Master Bathroom,True
P005971,Sanitary Ware,Sliding Cabin,Shower Cabin,GROHE,Sliding Cabin,,High,8189,Piece,Per_Master_Bathroom,1.0,Master Bathroom,True
P005972,Sanitary Ware,Floor Mounted,Close Coupled Toilet,Ideal Standard,Floor Mounted,,Low,4486,Piece,Per_Bathroom,1.0,Bathroom,False
P005973,Sanitary Ware,Sliding Cabin,Shower Cabin,GROHE,Sliding Cabin,,High,8625,Piece,Per_Master_Bathroom,1.0,Master Bathroom,True
P005974,Sanitary Ware,Pedestal,Wash Basin,GROHE,Pedestal,,Low,4191,Piece,Per_Bathroom,1.0,Bathroom,False
P005975,Sanitary Ware,Floor Mounted,Close Coupled Toilet,Lecico,Floor Mounted,,Low,4069,Piece,Per_Bathroom,1.0,Bathroom,False
P005976,Sanitary Ware,Floor Mounted,Close Coupled Toilet,Ceramica Cleopatra,Floor Mounted,,High,8208,Piece,Per_Bathroom,1.0,Bathroom,False
P005977,Sanitary Ware,Sliding Cabin,Shower Cabin,GROHE,Sliding Cabin,,High,7807,Piece,Per_Master_Bathroom,1.0,Master Bathroom,True
P005978,Sanitary Ware,Sliding Cabin,Shower Cabin,Ceramica Cleopatra,Sliding Cabin,,Medium,5205,Piece,Per_Master_Bathroom,1.0,Master Bathroom,True
P005979,Sanitary Ware,Rain Shower,Rain Shower,Ceramica Cleopatra,Rain Shower,,Medium,6792,Set,Per_Master_Bathroom,1.0,Master Bathroom,True
P005980,Sanitary Ware,Rain Shower,Rain Shower,Roca,Rain Shower,,Medium,5994,Set,Per_Master_Bathroom,1.0,Master Bathroom,True
P005981,Sanitary Ware,Rain Shower,Rain Shower,Ideal Standard,Rain Shower,,Medium,5396,Set,Per_Master_Bathroom,1.0,Master Bathroom,True
P005982,Sanitary Ware,Sliding Cabin,Shower Cabin,GROHE,Sliding Cabin,,High,7864,Piece,Per_Master_Bathroom,1.0,Master Bathroom,True
P005983,Sanitary Ware,Sliding Cabin,Shower Cabin,Roca,Sliding Cabin,,Medium,5169,Piece,Per_Master_Bathroom,1.0,Master Bathroom,True
P005984,Sanitary Ware,Sliding Cabin,Shower Cabin,Ideal Standard,Sliding Cabin,,Medium,6323,Piece,Per_Master_Bathroom,1.0,Master Bathroom,True
P005985,Sanitary Ware,Sliding Cabin,Shower Cabin,Lecico,Sliding Cabin,,High,10880,Piece,Per_Master_Bathroom,1.0,Master Bathroom,True
P005986,Sanitary Ware,Sliding Cabin,Shower Cabin,Ideal Standard,Sliding Cabin,,Medium,5517,Piece,Per_Master_Bathroom,1.0,Master Bathroom,True
P005987,Sanitary Ware,Rain Shower,Rain Shower,Lecico,Rain Shower,,Medium,5740,Set,Per_Master_Bathroom,1.0,Master Bathroom,True
P005988,Sanitary Ware,Floor Mounted,Close Coupled Toilet,Roca,Floor Mounted,,Low,4248,Piece,Per_Bathroom,1.0,Bathroom,False
P005989,Sanitary Ware,Floor Mounted,Close Coupled Toilet,Ceramica Cleopatra,Floor Mounted,,Medium,5120,Piece,Per_Bathroom,1.0,Bathroom,False
P005990,Sanitary Ware,Sliding Cabin,Shower Cabin,Roca,Sliding Cabin,,High,9646,Piece,Per_Master_Bathroom,1.0,Master Bathroom,True
P005991,Sanitary Ware,Rain Shower,Rain Shower,GROHE,Rain Shower,,Medium,5473,Set,Per_Master_Bathroom,1.0,Master Bathroom,True
P005992,Sanitary Ware,Rain Shower,Rain Shower,Roca,Rain Shower,,Medium,5529,Set,Per_Master_Bathroom,1.0,Master Bathroom,True
P005993,Sanitary Ware,Sliding Cabin,Shower Cabin,Ceramica Cleopatra,Sliding Cabin,,High,7587,Piece,Per_Master_Bathroom,1.0,Master Bathroom,True
P005994,Sanitary Ware,Rain Shower,Rain Shower,Ideal Standard,Rain Shower,,Low,4673,Set,Per_Master_Bathroom,1.0,Master Bathroom,True
P005995,Sanitary Ware,Sliding Cabin,Shower Cabin,Lecico,Sliding Cabin,,Medium,6990,Piece,Per_Master_Bathroom,1.0,Master Bathroom,True
P005996,Sanitary Ware,Floor Mounted,Close Coupled Toilet,GROHE,Floor Mounted,,High,7627,Piece,Per_Bathroom,1.0,Bathroom,False
P005997,Sanitary Ware,Pedestal,Wash Basin,Roca,Pedestal,,Low,2464,Piece,Per_Bathroom,1.0,Bathroom,False
P005998,Sanitary Ware,Rain Shower,Rain Shower,Ceramica Cleopatra,Rain Shower,,High,10006,Set,Per_Master_Bathroom,1.0,Master Bathroom,True
P005999,Sanitary Ware,Sliding Cabin,Shower Cabin,Roca,Sliding Cabin,,Medium,6059,Piece,Per_Master_Bathroom,1.0,Master Bathroom,True
P006000,Sanitary Ware,Sliding Cabin,Shower Cabin,Ceramica Cleopatra,Sliding Cabin,,Low,5001,Piece,Per_Master_Bathroom,1.0,Master Bathroom,True
P006001,Sanitary Ware,Sliding Cabin,Shower Cabin,Ideal Standard,Sliding Cabin,,High,10583,Piece,Per_Master_Bathroom,1.0,Master Bathroom,True
P006002,Sanitary Ware,Pedestal,Wash Basin,Ideal Standard,Pedestal,,Low,3735,Piece,Per_Bathroom,1.0,Bathroom,False
P006003,Sanitary Ware,Rain Shower,Rain Shower,Roca,Rain Shower,,High,10235,Set,Per_Master_Bathroom,1.0,Master Bathroom,True
P006004,Sanitary Ware,Rain Shower,Rain Shower,Ideal Standard,Rain Shower,,Medium,6848,Set,Per_Master_Bathroom,1.0,Master Bathroom,True
P006005,Sanitary Ware,Floor Mounted,Close Coupled Toilet,Ceramica Cleopatra,Floor Mounted,,Medium,6773,Piece,Per_Bathroom,1.0,Bathroom,False
P006006,Sanitary Ware,Floor Mounted,Close Coupled Toilet,Roca,Floor Mounted,,Medium,7252,Piece,Per_Bathroom,1.0,Bathroom,False
P006007,Sanitary Ware,Floor Mounted,Close Coupled Toilet,Lecico,Floor Mounted,,Medium,6896,Piece,Per_Bathroom,1.0,Bathroom,False
P006008,Sanitary Ware,Sliding Cabin,Shower Cabin,Roca,Sliding Cabin,,High,10421,Piece,Per_Master_Bathroom,1.0,Master Bathroom,True
P006009,Sanitary Ware,Sliding Cabin,Shower Cabin,Ideal Standard,Sliding Cabin,,High,10337,Piece,Per_Master_Bathroom,1.0,Master Bathroom,True
P006010,Sanitary Ware,Rain Shower,Rain Shower,Ceramica Cleopatra,Rain Shower,,High,10145,Set,Per_Master_Bathroom,1.0,Master Bathroom,True
P006011,Sanitary Ware,Floor Mounted,Close Coupled Toilet,GROHE,Floor Mounted,,Low,3884,Piece,Per_Bathroom,1.0,Bathroom,False
P006012,Sanitary Ware,Pedestal,Wash Basin,Roca,Pedestal,,Low,2133,Piece,Per_Bathroom,1.0,Bathroom,False
P006013,Sanitary Ware,Floor Mounted,Close Coupled Toilet,Lecico,Floor Mounted,,Low,4960,Piece,Per_Bathroom,1.0,Bathroom,False
P006014,Sanitary Ware,Floor Mounted,Close Coupled Toilet,Roca,Floor Mounted,,High,8403,Piece,Per_Bathroom,1.0,Bathroom,False
P006015,Sanitary Ware,Rain Shower,Rain Shower,Roca,Rain Shower,,High,9618,Set,Per_Master_Bathroom,1.0,Master Bathroom,True
P006016,Sanitary Ware,Rain Shower,Rain Shower,Roca,Rain Shower,,Medium,5524,Set,Per_Master_Bathroom,1.0,Master Bathroom,True
P006017,Sanitary Ware,Pedestal,Wash Basin,Lecico,Pedestal,,Low,3094,Piece,Per_Bathroom,1.0,Bathroom,False
P006018,Sanitary Ware,Floor Mounted,Close Coupled Toilet,Roca,Floor Mounted,,Medium,6087,Piece,Per_Bathroom,1.0,Bathroom,False
P006019,Sanitary Ware,Sliding Cabin,Shower Cabin,Roca,Sliding Cabin,,Medium,6523,Piece,Per_Master_Bathroom,1.0,Master Bathroom,True
P006020,Sanitary Ware,Rain Shower,Rain Shower,GROHE,Rain Shower,,High,9428,Set,Per_Master_Bathroom,1.0,Master Bathroom,True
P006021,Sanitary Ware,Sliding Cabin,Shower Cabin,Lecico,Sliding Cabin,,High,10602,Piece,Per_Master_Bathroom,1.0,Master Bathroom,True
P006022,Sanitary Ware,Floor Mounted,Close Coupled Toilet,Ideal Standard,Floor Mounted,,Medium,5746,Piece,Per_Bathroom,1.0,Bathroom,False
P006023,Sanitary Ware,Floor Mounted,Close Coupled Toilet,Lecico,Floor Mounted,,High,8277,Piece,Per_Bathroom,1.0,Bathroom,False
P006024,Sanitary Ware,Rain Shower,Rain Shower,Lecico,Rain Shower,,High,10789,Set,Per_Master_Bathroom,1.0,Master Bathroom,True
P006025,Sanitary Ware,Rain Shower,Rain Shower,Lecico,Rain Shower,,High,7562,Set,Per_Master_Bathroom,1.0,Master Bathroom,True
P006026,Sanitary Ware,Sliding Cabin,Shower Cabin,Ideal Standard,Sliding Cabin,,High,9073,Piece,Per_Master_Bathroom,1.0,Master Bathroom,True
P006027,Sanitary Ware,Floor Mounted,Close Coupled Toilet,Roca,Floor Mounted,,Medium,6629,Piece,Per_Bathroom,1.0,Bathroom,False
P006028,Sanitary Ware,Pedestal,Wash Basin,Lecico,Pedestal,,Low,2869,Piece,Per_Bathroom,1.0,Bathroom,False
P006029,Sanitary Ware,Sliding Cabin,Shower Cabin,Ideal Standard,Sliding Cabin,,Medium,5119,Piece,Per_Master_Bathroom,1.0,Master Bathroom,True
P006030,Sanitary Ware,Rain Shower,Rain Shower,Ceramica Cleopatra,Rain Shower,,High,9614,Set,Per_Master_Bathroom,1.0,Master Bathroom,True
P006031,Sanitary Ware,Rain Shower,Rain Shower,Ceramica Cleopatra,Rain Shower,,High,8844,Set,Per_Master_Bathroom,1.0,Master Bathroom,True
P006032,Sanitary Ware,Sliding Cabin,Shower Cabin,Lecico,Sliding Cabin,,Medium,7487,Piece,Per_Master_Bathroom,1.0,Master Bathroom,True
P006033,Sanitary Ware,Rain Shower,Rain Shower,Ideal Standard,Rain Shower,,Medium,7531,Set,Per_Master_Bathroom,1.0,Master Bathroom,True
P006034,Sanitary Ware,Rain Shower,Rain Shower,Ideal Standard,Rain Shower,,Medium,5889,Set,Per_Master_Bathroom,1.0,Master Bathroom,True
P006035,Sanitary Ware,Pedestal,Wash Basin,GROHE,Pedestal,,Low,3219,Piece,Per_Bathroom,1.0,Bathroom,False
P006036,Sanitary Ware,Sliding Cabin,Shower Cabin,Roca,Sliding Cabin,,High,7706,Piece,Per_Master_Bathroom,1.0,Master Bathroom,True
P006037,Sanitary Ware,Sliding Cabin,Shower Cabin,Roca,Sliding Cabin,,Low,4644,Piece,Per_Master_Bathroom,1.0,Master Bathroom,True
P006038,Sanitary Ware,Pedestal,Wash Basin,Ceramica Cleopatra,Pedestal,,Low,2555,Piece,Per_Bathroom,1.0,Bathroom,False
P006039,Sanitary Ware,Floor Mounted,Close Coupled Toilet,Ceramica Cleopatra,Floor Mounted,,Medium,5932,Piece,Per_Bathroom,1.0,Bathroom,False
P006040,Sanitary Ware,Pedestal,Wash Basin,GROHE,Pedestal,,Low,3649,Piece,Per_Bathroom,1.0,Bathroom,False
P006041,Sanitary Ware,Pedestal,Wash Basin,GROHE,Pedestal,,Low,1859,Piece,Per_Bathroom,1.0,Bathroom,False
P006042,Sanitary Ware,Floor Mounted,Close Coupled Toilet,Lecico,Floor Mounted,,Medium,5985,Piece,Per_Bathroom,1.0,Bathroom,False
P006043,Sanitary Ware,Pedestal,Wash Basin,Roca,Pedestal,,Low,2030,Piece,Per_Bathroom,1.0,Bathroom,False
P006044,Sanitary Ware,Floor Mounted,Close Coupled Toilet,GROHE,Floor Mounted,,Medium,5327,Piece,Per_Bathroom,1.0,Bathroom,False
P006045,Sanitary Ware,Pedestal,Wash Basin,Ceramica Cleopatra,Pedestal,,Low,1951,Piece,Per_Bathroom,1.0,Bathroom,False
P006046,Sanitary Ware,Pedestal,Wash Basin,GROHE,Pedestal,,Low,3236,Piece,Per_Bathroom,1.0,Bathroom,False
P006047,Sanitary Ware,Pedestal,Wash Basin,Lecico,Pedestal,,Low,3848,Piece,Per_Bathroom,1.0,Bathroom,False
P006048,Sanitary Ware,Pedestal,Wash Basin,Lecico,Pedestal,,Low,2036,Piece,Per_Bathroom,1.0,Bathroom,False
P006049,Sanitary Ware,Pedestal,Wash Basin,GROHE,Pedestal,,Low,2390,Piece,Per_Bathroom,1.0,Bathroom,False
P006050,Sanitary Ware,Sliding Cabin,Shower Cabin,Lecico,Sliding Cabin,,High,8933,Piece,Per_Master_Bathroom,1.0,Master Bathroom,True
P006051,Sanitary Ware,Floor Mounted,Close Coupled Toilet,Ideal Standard,Floor Mounted,,Medium,5592,Piece,Per_Bathroom,1.0,Bathroom,False
P006052,Sanitary Ware,Rain Shower,Rain Shower,Ceramica Cleopatra,Rain Shower,,Medium,6231,Set,Per_Master_Bathroom,1.0,Master Bathroom,True
P006053,Sanitary Ware,Floor Mounted,Close Coupled Toilet,Ceramica Cleopatra,Floor Mounted,,Medium,5620,Piece,Per_Bathroom,1.0,Bathroom,False
P006054,Sanitary Ware,Pedestal,Wash Basin,Roca,Pedestal,,Low,3908,Piece,Per_Bathroom,1.0,Bathroom,False
P006055,Sanitary Ware,Pedestal,Wash Basin,Ideal Standard,Pedestal,,Low,2191,Piece,Per_Bathroom,1.0,Bathroom,False
P006056,Sanitary Ware,Rain Shower,Rain Shower,Lecico,Rain Shower,,High,10056,Set,Per_Master_Bathroom,1.0,Master Bathroom,True
P006057,Sanitary Ware,Rain Shower,Rain Shower,Roca,Rain Shower,,Low,4898,Set,Per_Master_Bathroom,1.0,Master Bathroom,True
P006058,Sanitary Ware,Floor Mounted,Close Coupled Toilet,Ceramica Cleopatra,Floor Mounted,,Medium,6508,Piece,Per_Bathroom,1.0,Bathroom,False
P006059,Sanitary Ware,Sliding Cabin,Shower Cabin,GROHE,Sliding Cabin,,Medium,5216,Piece,Per_Master_Bathroom,1.0,Master Bathroom,True
P006060,Sanitary Ware,Rain Shower,Rain Shower,Lecico,Rain Shower,,High,10402,Set,Per_Master_Bathroom,1.0,Master Bathroom,True
P006061,Sanitary Ware,Pedestal,Wash Basin,GROHE,Pedestal,,Low,3730,Piece,Per_Bathroom,1.0,Bathroom,False
P006062,Sanitary Ware,Pedestal,Wash Basin,Roca,Pedestal,,Low,2170,Piece,Per_Bathroom,1.0,Bathroom,False
P006063,Sanitary Ware,Sliding Cabin,Shower Cabin,Ceramica Cleopatra,Sliding Cabin,,High,8322,Piece,Per_Master_Bathroom,1.0,Master Bathroom,True
P006064,Sanitary Ware,Rain Shower,Rain Shower,Ceramica Cleopatra,Rain Shower,,High,10455,Set,Per_Master_Bathroom,1.0,Master Bathroom,True
P006065,Sanitary Ware,Sliding Cabin,Shower Cabin,Roca,Sliding Cabin,,Medium,7100,Piece,Per_Master_Bathroom,1.0,Master Bathroom,True
P006066,Sanitary Ware,Pedestal,Wash Basin,Roca,Pedestal,,Low,3885,Piece,Per_Bathroom,1.0,Bathroom,False
P006067,Sanitary Ware,Rain Shower,Rain Shower,GROHE,Rain Shower,,High,10730,Set,Per_Master_Bathroom,1.0,Master Bathroom,True
P006068,Sanitary Ware,Rain Shower,Rain Shower,GROHE,Rain Shower,,Medium,5560,Set,Per_Master_Bathroom,1.0,Master Bathroom,True
P006069,Sanitary Ware,Rain Shower,Rain Shower,Roca,Rain Shower,,High,9037,Set,Per_Master_Bathroom,1.0,Master Bathroom,True
P006070,Sanitary Ware,Rain Shower,Rain Shower,GROHE,Rain Shower,,High,7596,Set,Per_Master_Bathroom,1.0,Master Bathroom,True
P006071,Sanitary Ware,Pedestal,Wash Basin,Roca,Pedestal,,Low,1846,Piece,Per_Bathroom,1.0,Bathroom,False
P006072,Sanitary Ware,Sliding Cabin,Shower Cabin,GROHE,Sliding Cabin,,High,9388,Piece,Per_Master_Bathroom,1.0,Master Bathroom,True
P006073,Sanitary Ware,Floor Mounted,Close Coupled Toilet,Ceramica Cleopatra,Floor Mounted,,High,7905,Piece,Per_Bathroom,1.0,Bathroom,False
P006074,Sanitary Ware,Rain Shower,Rain Shower,Ceramica Cleopatra,Rain Shower,,Medium,6685,Set,Per_Master_Bathroom,1.0,Master Bathroom,True
P006075,Sanitary Ware,Rain Shower,Rain Shower,Roca,Rain Shower,,Medium,6153,Set,Per_Master_Bathroom,1.0,Master Bathroom,True
P006076,Sanitary Ware,Floor Mounted,Close Coupled Toilet,Lecico,Floor Mounted,,High,7682,Piece,Per_Bathroom,1.0,Bathroom,False
P006077,Sanitary Ware,Rain Shower,Rain Shower,GROHE,Rain Shower,,High,8170,Set,Per_Master_Bathroom,1.0,Master Bathroom,True
P006078,Sanitary Ware,Rain Shower,Rain Shower,Ceramica Cleopatra,Rain Shower,,High,9268,Set,Per_Master_Bathroom,1.0,Master Bathroom,True
P006079,Sanitary Ware,Rain Shower,Rain Shower,Lecico,Rain Shower,,High,10874,Set,Per_Master_Bathroom,1.0,Master Bathroom,True
P006080,Sanitary Ware,Sliding Cabin,Shower Cabin,Ideal Standard,Sliding Cabin,,High,9986,Piece,Per_Master_Bathroom,1.0,Master Bathroom,True
P006081,Sanitary Ware,Pedestal,Wash Basin,Lecico,Pedestal,,Low,2641,Piece,Per_Bathroom,1.0,Bathroom,False
P006082,Sanitary Ware,Rain Shower,Rain Shower,Ideal Standard,Rain Shower,,High,9919,Set,Per_Master_Bathroom,1.0,Master Bathroom,True
P006083,Sanitary Ware,Floor Mounted,Close Coupled Toilet,Roca,Floor Mounted,,Medium,6410,Piece,Per_Bathroom,1.0,Bathroom,False
P006084,Sanitary Ware,Floor Mounted,Close Coupled Toilet,Roca,Floor Mounted,,Low,4084,Piece,Per_Bathroom,1.0,Bathroom,False
P006085,Sanitary Ware,Rain Shower,Rain Shower,Ideal Standard,Rain Shower,,Medium,6439,Set,Per_Master_Bathroom,1.0,Master Bathroom,True
P006086,Sanitary Ware,Rain Shower,Rain Shower,Roca,Rain Shower,,Medium,7384,Set,Per_Master_Bathroom,1.0,Master Bathroom,True
P006087,Sanitary Ware,Pedestal,Wash Basin,Lecico,Pedestal,,Low,3942,Piece,Per_Bathroom,1.0,Bathroom,False
P006088,Sanitary Ware,Floor Mounted,Close Coupled Toilet,Lecico,Floor Mounted,,High,7668,Piece,Per_Bathroom,1.0,Bathroom,False
P006089,Sanitary Ware,Floor Mounted,Close Coupled Toilet,Lecico,Floor Mounted,,Medium,6732,Piece,Per_Bathroom,1.0,Bathroom,False
P006090,Sanitary Ware,Rain Shower,Rain Shower,Lecico,Rain Shower,,High,9885,Set,Per_Master_Bathroom,1.0,Master Bathroom,True
P006091,Sanitary Ware,Sliding Cabin,Shower Cabin,Roca,Sliding Cabin,,Medium,6313,Piece,Per_Master_Bathroom,1.0,Master Bathroom,True
P006092,Sanitary Ware,Sliding Cabin,Shower Cabin,Ideal Standard,Sliding Cabin,,Medium,6405,Piece,Per_Master_Bathroom,1.0,Master Bathroom,True
P006093,Sanitary Ware,Floor Mounted,Close Coupled Toilet,Lecico,Floor Mounted,,Medium,5111,Piece,Per_Bathroom,1.0,Bathroom,False
P006094,Sanitary Ware,Floor Mounted,Close Coupled Toilet,GROHE,Floor Mounted,,Medium,6255,Piece,Per_Bathroom,1.0,Bathroom,False
P006095,Sanitary Ware,Sliding Cabin,Shower Cabin,GROHE,Sliding Cabin,,High,8926,Piece,Per_Master_Bathroom,1.0,Master Bathroom,True
P006096,Sanitary Ware,Pedestal,Wash Basin,Roca,Pedestal,,Low,3785,Piece,Per_Bathroom,1.0,Bathroom,False
P006097,Sanitary Ware,Sliding Cabin,Shower Cabin,Ceramica Cleopatra,Sliding Cabin,,Medium,6639,Piece,Per_Master_Bathroom,1.0,Master Bathroom,True
P006098,Sanitary Ware,Floor Mounted,Close Coupled Toilet,Ceramica Cleopatra,Floor Mounted,,Low,4409,Piece,Per_Bathroom,1.0,Bathroom,False
P006099,Sanitary Ware,Pedestal,Wash Basin,Ideal Standard,Pedestal,,Low,3546,Piece,Per_Bathroom,1.0,Bathroom,False
P006100,Sanitary Ware,Sliding Cabin,Shower Cabin,Ceramica Cleopatra,Sliding Cabin,,Medium,6104,Piece,Per_Master_Bathroom,1.0,Master Bathroom,True
P006101,Sanitary Ware,Sliding Cabin,Shower Cabin,Ceramica Cleopatra,Sliding Cabin,,High,8594,Piece,Per_Master_Bathroom,1.0,Master Bathroom,True
P006102,Sanitary Ware,Rain Shower,Rain Shower,Roca,Rain Shower,,High,9184,Set,Per_Master_Bathroom,1.0,Master Bathroom,True
P006103,Sanitary Ware,Pedestal,Wash Basin,Roca,Pedestal,,Low,3532,Piece,Per_Bathroom,1.0,Bathroom,False
P006104,Sanitary Ware,Sliding Cabin,Shower Cabin,GROHE,Sliding Cabin,,Medium,6525,Piece,Per_Master_Bathroom,1.0,Master Bathroom,True
P006105,Sanitary Ware,Sliding Cabin,Shower Cabin,Ideal Standard,Sliding Cabin,,High,10384,Piece,Per_Master_Bathroom,1.0,Master Bathroom,True
P006106,Sanitary Ware,Pedestal,Wash Basin,GROHE,Pedestal,,Low,3883,Piece,Per_Bathroom,1.0,Bathroom,False
P006107,Sanitary Ware,Sliding Cabin,Shower Cabin,Roca,Sliding Cabin,,Medium,5772,Piece,Per_Master_Bathroom,1.0,Master Bathroom,True
P006108,Sanitary Ware,Sliding Cabin,Shower Cabin,Ceramica Cleopatra,Sliding Cabin,,Medium,6454,Piece,Per_Master_Bathroom,1.0,Master Bathroom,True
P006109,Sanitary Ware,Floor Mounted,Close Coupled Toilet,Ideal Standard,Floor Mounted,,Low,4803,Piece,Per_Bathroom,1.0,Bathroom,False
P006110,Sanitary Ware,Pedestal,Wash Basin,Ceramica Cleopatra,Pedestal,,Low,3293,Piece,Per_Bathroom,1.0,Bathroom,False
P006111,Sanitary Ware,Floor Mounted,Close Coupled Toilet,Ceramica Cleopatra,Floor Mounted,,Low,4400,Piece,Per_Bathroom,1.0,Bathroom,False
P006112,Sanitary Ware,Pedestal,Wash Basin,Lecico,Pedestal,,Low,4152,Piece,Per_Bathroom,1.0,Bathroom,False
P006113,Sanitary Ware,Floor Mounted,Close Coupled Toilet,GROHE,Floor Mounted,,Low,3981,Piece,Per_Bathroom,1.0,Bathroom,False
P006114,Sanitary Ware,Rain Shower,Rain Shower,Ideal Standard,Rain Shower,,Medium,7262,Set,Per_Master_Bathroom,1.0,Master Bathroom,True
P006115,Sanitary Ware,Floor Mounted,Close Coupled Toilet,Lecico,Floor Mounted,,Medium,7025,Piece,Per_Bathroom,1.0,Bathroom,False
P006116,Sanitary Ware,Rain Shower,Rain Shower,Roca,Rain Shower,,High,9418,Set,Per_Master_Bathroom,1.0,Master Bathroom,True
P006117,Sanitary Ware,Floor Mounted,Close Coupled Toilet,Ceramica Cleopatra,Floor Mounted,,High,8120,Piece,Per_Bathroom,1.0,Bathroom,False
P006118,Sanitary Ware,Floor Mounted,Close Coupled Toilet,Lecico,Floor Mounted,,Medium,7008,Piece,Per_Bathroom,1.0,Bathroom,False
P006119,Sanitary Ware,Pedestal,Wash Basin,Roca,Pedestal,,Low,4099,Piece,Per_Bathroom,1.0,Bathroom,False
P006120,Sanitary Ware,Sliding Cabin,Shower Cabin,Lecico,Sliding Cabin,,High,7615,Piece,Per_Master_Bathroom,1.0,Master Bathroom,True
P006121,Sanitary Ware,Pedestal,Wash Basin,Ceramica Cleopatra,Pedestal,,Low,2721,Piece,Per_Bathroom,1.0,Bathroom,False
P006122,Sanitary Ware,Rain Shower,Rain Shower,Ideal Standard,Rain Shower,,Medium,6882,Set,Per_Master_Bathroom,1.0,Master Bathroom,True
P006123,Sanitary Ware,Pedestal,Wash Basin,GROHE,Pedestal,,Low,2858,Piece,Per_Bathroom,1.0,Bathroom,False
P006124,Sanitary Ware,Pedestal,Wash Basin,Ceramica Cleopatra,Pedestal,,Low,2636,Piece,Per_Bathroom,1.0,Bathroom,False
P006125,Sanitary Ware,Rain Shower,Rain Shower,Roca,Rain Shower,,High,8587,Set,Per_Master_Bathroom,1.0,Master Bathroom,True
P006126,Sanitary Ware,Sliding Cabin,Shower Cabin,Ceramica Cleopatra,Sliding Cabin,,High,9406,Piece,Per_Master_Bathroom,1.0,Master Bathroom,True
P006127,Sanitary Ware,Floor Mounted,Close Coupled Toilet,Ceramica Cleopatra,Floor Mounted,,Medium,5362,Piece,Per_Bathroom,1.0,Bathroom,False
P006128,Sanitary Ware,Sliding Cabin,Shower Cabin,Roca,Sliding Cabin,,Medium,5326,Piece,Per_Master_Bathroom,1.0,Master Bathroom,True
P006129,Sanitary Ware,Rain Shower,Rain Shower,Ceramica Cleopatra,Rain Shower,,High,9664,Set,Per_Master_Bathroom,1.0,Master Bathroom,True
P006130,Sanitary Ware,Rain Shower,Rain Shower,Ceramica Cleopatra,Rain Shower,,High,9260,Set,Per_Master_Bathroom,1.0,Master Bathroom,True
P006131,Sanitary Ware,Rain Shower,Rain Shower,Lecico,Rain Shower,,High,8855,Set,Per_Master_Bathroom,1.0,Master Bathroom,True
P006132,Sanitary Ware,Floor Mounted,Close Coupled Toilet,Lecico,Floor Mounted,,Medium,5534,Piece,Per_Bathroom,1.0,Bathroom,False
P006133,Sanitary Ware,Floor Mounted,Close Coupled Toilet,Lecico,Floor Mounted,,High,7673,Piece,Per_Bathroom,1.0,Bathroom,False
P006134,Sanitary Ware,Rain Shower,Rain Shower,Roca,Rain Shower,,High,10470,Set,Per_Master_Bathroom,1.0,Master Bathroom,True
P006135,Sanitary Ware,Sliding Cabin,Shower Cabin,Lecico,Sliding Cabin,,Medium,6723,Piece,Per_Master_Bathroom,1.0,Master Bathroom,True
P006136,Sanitary Ware,Rain Shower,Rain Shower,Lecico,Rain Shower,,High,10451,Set,Per_Master_Bathroom,1.0,Master Bathroom,True
P006137,Sanitary Ware,Floor Mounted,Close Coupled Toilet,Ideal Standard,Floor Mounted,,Medium,6682,Piece,Per_Bathroom,1.0,Bathroom,False
P006138,Sanitary Ware,Sliding Cabin,Shower Cabin,Roca,Sliding Cabin,,High,10227,Piece,Per_Master_Bathroom,1.0,Master Bathroom,True
P006139,Sanitary Ware,Rain Shower,Rain Shower,Roca,Rain Shower,,High,10001,Set,Per_Master_Bathroom,1.0,Master Bathroom,True
P006140,Sanitary Ware,Floor Mounted,Close Coupled Toilet,Ideal Standard,Floor Mounted,,High,8339,Piece,Per_Bathroom,1.0,Bathroom,False
P006141,Sanitary Ware,Rain Shower,Rain Shower,Ideal Standard,Rain Shower,,High,9874,Set,Per_Master_Bathroom,1.0,Master Bathroom,True
P006142,Sanitary Ware,Sliding Cabin,Shower Cabin,Lecico,Sliding Cabin,,Medium,5142,Piece,Per_Master_Bathroom,1.0,Master Bathroom,True
P006143,Sanitary Ware,Pedestal,Wash Basin,Lecico,Pedestal,,Low,3807,Piece,Per_Bathroom,1.0,Bathroom,False
P006144,Sanitary Ware,Sliding Cabin,Shower Cabin,Roca,Sliding Cabin,,High,8391,Piece,Per_Master_Bathroom,1.0,Master Bathroom,True
P006145,Sanitary Ware,Sliding Cabin,Shower Cabin,Lecico,Sliding Cabin,,High,10091,Piece,Per_Master_Bathroom,1.0,Master Bathroom,True
P006146,Sanitary Ware,Sliding Cabin,Shower Cabin,Ideal Standard,Sliding Cabin,,High,9318,Piece,Per_Master_Bathroom,1.0,Master Bathroom,True
P006147,Sanitary Ware,Sliding Cabin,Shower Cabin,Ideal Standard,Sliding Cabin,,High,9568,Piece,Per_Master_Bathroom,1.0,Master Bathroom,True
P006148,Sanitary Ware,Sliding Cabin,Shower Cabin,Ceramica Cleopatra,Sliding Cabin,,Medium,6314,Piece,Per_Master_Bathroom,1.0,Master Bathroom,True
P006149,Sanitary Ware,Floor Mounted,Close Coupled Toilet,Lecico,Floor Mounted,,Medium,6834,Piece,Per_Bathroom,1.0,Bathroom,False
P006150,Sanitary Ware,Rain Shower,Rain Shower,GROHE,Rain Shower,,High,8047,Set,Per_Master_Bathroom,1.0,Master Bathroom,True
P006151,Sanitary Ware,Sliding Cabin,Shower Cabin,Ideal Standard,Sliding Cabin,,High,7781,Piece,Per_Master_Bathroom,1.0,Master Bathroom,True
P006152,Sanitary Ware,Floor Mounted,Close Coupled Toilet,Roca,Floor Mounted,,Medium,6915,Piece,Per_Bathroom,1.0,Bathroom,False
P006153,Sanitary Ware,Floor Mounted,Close Coupled Toilet,Ideal Standard,Floor Mounted,,Low,4753,Piece,Per_Bathroom,1.0,Bathroom,False
P006154,Sanitary Ware,Sliding Cabin,Shower Cabin,Ceramica Cleopatra,Sliding Cabin,,Low,4905,Piece,Per_Master_Bathroom,1.0,Master Bathroom,True
P006155,Sanitary Ware,Pedestal,Wash Basin,Ideal Standard,Pedestal,,Low,4080,Piece,Per_Bathroom,1.0,Bathroom,False
P006156,Sanitary Ware,Floor Mounted,Close Coupled Toilet,Ceramica Cleopatra,Floor Mounted,,Medium,5838,Piece,Per_Bathroom,1.0,Bathroom,False
P006157,Sanitary Ware,Pedestal,Wash Basin,GROHE,Pedestal,,Low,2341,Piece,Per_Bathroom,1.0,Bathroom,False
P006158,Sanitary Ware,Sliding Cabin,Shower Cabin,Ideal Standard,Sliding Cabin,,High,8894,Piece,Per_Master_Bathroom,1.0,Master Bathroom,True
P006159,Sanitary Ware,Rain Shower,Rain Shower,GROHE,Rain Shower,,Medium,6376,Set,Per_Master_Bathroom,1.0,Master Bathroom,True
P006160,Sanitary Ware,Floor Mounted,Close Coupled Toilet,GROHE,Floor Mounted,,Medium,6867,Piece,Per_Bathroom,1.0,Bathroom,False
P006161,Sanitary Ware,Sliding Cabin,Shower Cabin,Ideal Standard,Sliding Cabin,,High,8169,Piece,Per_Master_Bathroom,1.0,Master Bathroom,True
P006162,Sanitary Ware,Floor Mounted,Close Coupled Toilet,Ceramica Cleopatra,Floor Mounted,,Low,4717,Piece,Per_Bathroom,1.0,Bathroom,False
P006163,Sanitary Ware,Pedestal,Wash Basin,Ceramica Cleopatra,Pedestal,,Low,3781,Piece,Per_Bathroom,1.0,Bathroom,False
P006164,Sanitary Ware,Sliding Cabin,Shower Cabin,Roca,Sliding Cabin,,Medium,6173,Piece,Per_Master_Bathroom,1.0,Master Bathroom,True
P006165,Sanitary Ware,Rain Shower,Rain Shower,Ceramica Cleopatra,Rain Shower,,High,9501,Set,Per_Master_Bathroom,1.0,Master Bathroom,True
P006166,Sanitary Ware,Pedestal,Wash Basin,Lecico,Pedestal,,Low,1914,Piece,Per_Bathroom,1.0,Bathroom,False
P006167,Sanitary Ware,Sliding Cabin,Shower Cabin,Ceramica Cleopatra,Sliding Cabin,,High,8516,Piece,Per_Master_Bathroom,1.0,Master Bathroom,True
P006168,Sanitary Ware,Floor Mounted,Close Coupled Toilet,GROHE,Floor Mounted,,Medium,6565,Piece,Per_Bathroom,1.0,Bathroom,False
P006169,Sanitary Ware,Sliding Cabin,Shower Cabin,Ideal Standard,Sliding Cabin,,Medium,7225,Piece,Per_Master_Bathroom,1.0,Master Bathroom,True
P006170,Sanitary Ware,Pedestal,Wash Basin,Ideal Standard,Pedestal,,Low,3555,Piece,Per_Bathroom,1.0,Bathroom,False
P006171,Sanitary Ware,Pedestal,Wash Basin,Lecico,Pedestal,,Low,4055,Piece,Per_Bathroom,1.0,Bathroom,False
P006172,Sanitary Ware,Rain Shower,Rain Shower,Roca,Rain Shower,,High,9652,Set,Per_Master_Bathroom,1.0,Master Bathroom,True
P006173,Sanitary Ware,Rain Shower,Rain Shower,Roca,Rain Shower,,High,10783,Set,Per_Master_Bathroom,1.0,Master Bathroom,True
P006174,Sanitary Ware,Rain Shower,Rain Shower,GROHE,Rain Shower,,High,10521,Set,Per_Master_Bathroom,1.0,Master Bathroom,True
P006175,Sanitary Ware,Sliding Cabin,Shower Cabin,Lecico,Sliding Cabin,,High,10067,Piece,Per_Master_Bathroom,1.0,Master Bathroom,True
P006176,Sanitary Ware,Sliding Cabin,Shower Cabin,Lecico,Sliding Cabin,,High,9790,Piece,Per_Master_Bathroom,1.0,Master Bathroom,True
P006177,Sanitary Ware,Sliding Cabin,Shower Cabin,GROHE,Sliding Cabin,,High,8875,Piece,Per_Master_Bathroom,1.0,Master Bathroom,True
P006178,Sanitary Ware,Sliding Cabin,Shower Cabin,GROHE,Sliding Cabin,,Medium,7448,Piece,Per_Master_Bathroom,1.0,Master Bathroom,True
P006179,Sanitary Ware,Floor Mounted,Close Coupled Toilet,Ideal Standard,Floor Mounted,,High,7611,Piece,Per_Bathroom,1.0,Bathroom,False
P006180,Sanitary Ware,Floor Mounted,Close Coupled Toilet,Roca,Floor Mounted,,Medium,7054,Piece,Per_Bathroom,1.0,Bathroom,False
P006181,Sanitary Ware,Pedestal,Wash Basin,Lecico,Pedestal,,Low,2788,Piece,Per_Bathroom,1.0,Bathroom,False
P006182,Sanitary Ware,Rain Shower,Rain Shower,Ceramica Cleopatra,Rain Shower,,High,8554,Set,Per_Master_Bathroom,1.0,Master Bathroom,True
P006183,Sanitary Ware,Sliding Cabin,Shower Cabin,Roca,Sliding Cabin,,Medium,6163,Piece,Per_Master_Bathroom,1.0,Master Bathroom,True
P006184,Sanitary Ware,Pedestal,Wash Basin,Ideal Standard,Pedestal,,Low,3728,Piece,Per_Bathroom,1.0,Bathroom,False
P006185,Sanitary Ware,Floor Mounted,Close Coupled Toilet,Roca,Floor Mounted,,Medium,7512,Piece,Per_Bathroom,1.0,Bathroom,False
P006186,Sanitary Ware,Rain Shower,Rain Shower,Roca,Rain Shower,,Low,4661,Set,Per_Master_Bathroom,1.0,Master Bathroom,True
P006187,Sanitary Ware,Sliding Cabin,Shower Cabin,Ceramica Cleopatra,Sliding Cabin,,High,9571,Piece,Per_Master_Bathroom,1.0,Master Bathroom,True
P006188,Sanitary Ware,Sliding Cabin,Shower Cabin,Roca,Sliding Cabin,,High,8548,Piece,Per_Master_Bathroom,1.0,Master Bathroom,True
P006189,Sanitary Ware,Pedestal,Wash Basin,Ideal Standard,Pedestal,,Low,4057,Piece,Per_Bathroom,1.0,Bathroom,False
P006190,Sanitary Ware,Sliding Cabin,Shower Cabin,Lecico,Sliding Cabin,,High,8909,Piece,Per_Master_Bathroom,1.0,Master Bathroom,True
P006191,Sanitary Ware,Pedestal,Wash Basin,Lecico,Pedestal,,Low,3633,Piece,Per_Bathroom,1.0,Bathroom,False
P006192,Sanitary Ware,Rain Shower,Rain Shower,Lecico,Rain Shower,,High,9121,Set,Per_Master_Bathroom,1.0,Master Bathroom,True
P006193,Sanitary Ware,Sliding Cabin,Shower Cabin,GROHE,Sliding Cabin,,Medium,5392,Piece,Per_Master_Bathroom,1.0,Master Bathroom,True
P006194,Sanitary Ware,Pedestal,Wash Basin,Lecico,Pedestal,,Low,2135,Piece,Per_Bathroom,1.0,Bathroom,False
P006195,Sanitary Ware,Pedestal,Wash Basin,Roca,Pedestal,,Low,3524,Piece,Per_Bathroom,1.0,Bathroom,False
P006196,Sanitary Ware,Floor Mounted,Close Coupled Toilet,Ideal Standard,Floor Mounted,,High,8165,Piece,Per_Bathroom,1.0,Bathroom,False
P006197,Sanitary Ware,Pedestal,Wash Basin,Roca,Pedestal,,Low,2368,Piece,Per_Bathroom,1.0,Bathroom,False
P006198,Sanitary Ware,Floor Mounted,Close Coupled Toilet,GROHE,Floor Mounted,,Medium,6711,Piece,Per_Bathroom,1.0,Bathroom,False
P006199,Sanitary Ware,Rain Shower,Rain Shower,Ideal Standard,Rain Shower,,High,10736,Set,Per_Master_Bathroom,1.0,Master Bathroom,True
P006200,Sanitary Ware,Pedestal,Wash Basin,Ceramica Cleopatra,Pedestal,,Low,2639,Piece,Per_Bathroom,1.0,Bathroom,False
P006201,Sanitary Ware,Sliding Cabin,Shower Cabin,Lecico,Sliding Cabin,,Medium,6290,Piece,Per_Master_Bathroom,1.0,Master Bathroom,True
P006202,Sanitary Ware,Sliding Cabin,Shower Cabin,GROHE,Sliding Cabin,,Medium,5478,Piece,Per_Master_Bathroom,1.0,Master Bathroom,True
P006203,Sanitary Ware,Pedestal,Wash Basin,Ceramica Cleopatra,Pedestal,,Low,2375,Piece,Per_Bathroom,1.0,Bathroom,False
P006204,Sanitary Ware,Sliding Cabin,Shower Cabin,Ideal Standard,Sliding Cabin,,High,7746,Piece,Per_Master_Bathroom,1.0,Master Bathroom,True
P006205,Sanitary Ware,Sliding Cabin,Shower Cabin,Ceramica Cleopatra,Sliding Cabin,,High,10345,Piece,Per_Master_Bathroom,1.0,Master Bathroom,True
P006206,Sanitary Ware,Floor Mounted,Close Coupled Toilet,Lecico,Floor Mounted,,Medium,6480,Piece,Per_Bathroom,1.0,Bathroom,False
P006207,Sanitary Ware,Floor Mounted,Close Coupled Toilet,GROHE,Floor Mounted,,Low,4830,Piece,Per_Bathroom,1.0,Bathroom,False
P006208,Sanitary Ware,Pedestal,Wash Basin,Roca,Pedestal,,Low,4007,Piece,Per_Bathroom,1.0,Bathroom,False
P006209,Sanitary Ware,Rain Shower,Rain Shower,Lecico,Rain Shower,,High,9379,Set,Per_Master_Bathroom,1.0,Master Bathroom,True
P006210,Sanitary Ware,Rain Shower,Rain Shower,Lecico,Rain Shower,,High,9351,Set,Per_Master_Bathroom,1.0,Master Bathroom,True
P006211,Sanitary Ware,Sliding Cabin,Shower Cabin,Lecico,Sliding Cabin,,Medium,5442,Piece,Per_Master_Bathroom,1.0,Master Bathroom,True
P006212,Sanitary Ware,Pedestal,Wash Basin,Ideal Standard,Pedestal,,Low,3092,Piece,Per_Bathroom,1.0,Bathroom,False
P006213,Sanitary Ware,Floor Mounted,Close Coupled Toilet,Ideal Standard,Floor Mounted,,Low,4404,Piece,Per_Bathroom,1.0,Bathroom,False
P006214,Sanitary Ware,Pedestal,Wash Basin,Ceramica Cleopatra,Pedestal,,Low,3587,Piece,Per_Bathroom,1.0,Bathroom,False
P006215,Sanitary Ware,Floor Mounted,Close Coupled Toilet,Ceramica Cleopatra,Floor Mounted,,High,7952,Piece,Per_Bathroom,1.0,Bathroom,False
P006216,Sanitary Ware,Sliding Cabin,Shower Cabin,Ideal Standard,Sliding Cabin,,High,8588,Piece,Per_Master_Bathroom,1.0,Master Bathroom,True
P006217,Sanitary Ware,Rain Shower,Rain Shower,GROHE,Rain Shower,,High,10330,Set,Per_Master_Bathroom,1.0,Master Bathroom,True
P006218,Sanitary Ware,Sliding Cabin,Shower Cabin,Ceramica Cleopatra,Sliding Cabin,,Medium,6943,Piece,Per_Master_Bathroom,1.0,Master Bathroom,True
P006219,Sanitary Ware,Rain Shower,Rain Shower,Ceramica Cleopatra,Rain Shower,,High,10295,Set,Per_Master_Bathroom,1.0,Master Bathroom,True
P006220,Sanitary Ware,Floor Mounted,Close Coupled Toilet,GROHE,Floor Mounted,,Low,4914,Piece,Per_Bathroom,1.0,Bathroom,False
P006221,Sanitary Ware,Floor Mounted,Close Coupled Toilet,Roca,Floor Mounted,,Medium,5846,Piece,Per_Bathroom,1.0,Bathroom,False
P006222,Sanitary Ware,Floor Mounted,Close Coupled Toilet,Lecico,Floor Mounted,,High,7966,Piece,Per_Bathroom,1.0,Bathroom,False
P006223,Sanitary Ware,Pedestal,Wash Basin,Lecico,Pedestal,,Low,2016,Piece,Per_Bathroom,1.0,Bathroom,False
P006224,Sanitary Ware,Rain Shower,Rain Shower,Roca,Rain Shower,,Medium,7092,Set,Per_Master_Bathroom,1.0,Master Bathroom,True
P006225,Sanitary Ware,Sliding Cabin,Shower Cabin,Lecico,Sliding Cabin,,High,10323,Piece,Per_Master_Bathroom,1.0,Master Bathroom,True
P006226,Sanitary Ware,Pedestal,Wash Basin,Ceramica Cleopatra,Pedestal,,Low,2024,Piece,Per_Bathroom,1.0,Bathroom,False
P006227,Sanitary Ware,Pedestal,Wash Basin,Ideal Standard,Pedestal,,Low,2203,Piece,Per_Bathroom,1.0,Bathroom,False
P006228,Sanitary Ware,Pedestal,Wash Basin,Ideal Standard,Pedestal,,Low,3855,Piece,Per_Bathroom,1.0,Bathroom,False
P006229,Sanitary Ware,Rain Shower,Rain Shower,GROHE,Rain Shower,,High,10169,Set,Per_Master_Bathroom,1.0,Master Bathroom,True
P006230,Sanitary Ware,Sliding Cabin,Shower Cabin,Ceramica Cleopatra,Sliding Cabin,,Low,4911,Piece,Per_Master_Bathroom,1.0,Master Bathroom,True
P006231,Sanitary Ware,Floor Mounted,Close Coupled Toilet,GROHE,Floor Mounted,,Medium,5013,Piece,Per_Bathroom,1.0,Bathroom,False
P006232,Sanitary Ware,Floor Mounted,Close Coupled Toilet,Roca,Floor Mounted,,High,8491,Piece,Per_Bathroom,1.0,Bathroom,False
P006233,Sanitary Ware,Rain Shower,Rain Shower,Roca,Rain Shower,,High,8829,Set,Per_Master_Bathroom,1.0,Master Bathroom,True
P006234,Sanitary Ware,Sliding Cabin,Shower Cabin,GROHE,Sliding Cabin,,High,10231,Piece,Per_Master_Bathroom,1.0,Master Bathroom,True
P006235,Sanitary Ware,Rain Shower,Rain Shower,GROHE,Rain Shower,,Low,4756,Set,Per_Master_Bathroom,1.0,Master Bathroom,True
P006236,Sanitary Ware,Sliding Cabin,Shower Cabin,Roca,Sliding Cabin,,High,9818,Piece,Per_Master_Bathroom,1.0,Master Bathroom,True
P006237,Sanitary Ware,Pedestal,Wash Basin,Ceramica Cleopatra,Pedestal,,Low,2279,Piece,Per_Bathroom,1.0,Bathroom,False
P006238,Sanitary Ware,Floor Mounted,Close Coupled Toilet,Ideal Standard,Floor Mounted,,Low,4313,Piece,Per_Bathroom,1.0,Bathroom,False
P006239,Sanitary Ware,Floor Mounted,Close Coupled Toilet,Ideal Standard,Floor Mounted,,High,8435,Piece,Per_Bathroom,1.0,Bathroom,False
P006240,Sanitary Ware,Pedestal,Wash Basin,Ceramica Cleopatra,Pedestal,,Low,2321,Piece,Per_Bathroom,1.0,Bathroom,False
P006241,Sanitary Ware,Sliding Cabin,Shower Cabin,Lecico,Sliding Cabin,,High,10971,Piece,Per_Master_Bathroom,1.0,Master Bathroom,True
P006242,Sanitary Ware,Sliding Cabin,Shower Cabin,GROHE,Sliding Cabin,,Medium,5354,Piece,Per_Master_Bathroom,1.0,Master Bathroom,True
P006243,Sanitary Ware,Rain Shower,Rain Shower,Ideal Standard,Rain Shower,,Medium,5157,Set,Per_Master_Bathroom,1.0,Master Bathroom,True
P006244,Sanitary Ware,Sliding Cabin,Shower Cabin,Lecico,Sliding Cabin,,High,8117,Piece,Per_Master_Bathroom,1.0,Master Bathroom,True
P006245,Sanitary Ware,Floor Mounted,Close Coupled Toilet,Ceramica Cleopatra,Floor Mounted,,Low,4227,Piece,Per_Bathroom,1.0,Bathroom,False
P006246,Sanitary Ware,Floor Mounted,Close Coupled Toilet,Ceramica Cleopatra,Floor Mounted,,Medium,7120,Piece,Per_Bathroom,1.0,Bathroom,False
P006247,Sanitary Ware,Rain Shower,Rain Shower,Roca,Rain Shower,,Medium,7319,Set,Per_Master_Bathroom,1.0,Master Bathroom,True
P006248,Sanitary Ware,Pedestal,Wash Basin,GROHE,Pedestal,,Low,1995,Piece,Per_Bathroom,1.0,Bathroom,False
P006249,Sanitary Ware,Sliding Cabin,Shower Cabin,Roca,Sliding Cabin,,Medium,7354,Piece,Per_Master_Bathroom,1.0,Master Bathroom,True
P006250,Sanitary Ware,Sliding Cabin,Shower Cabin,GROHE,Sliding Cabin,,High,8169,Piece,Per_Master_Bathroom,1.0,Master Bathroom,True
P006251,Sanitary Ware,Sliding Cabin,Shower Cabin,Ideal Standard,Sliding Cabin,,Medium,6301,Piece,Per_Master_Bathroom,1.0,Master Bathroom,True
P006252,Sanitary Ware,Sliding Cabin,Shower Cabin,Ideal Standard,Sliding Cabin,,High,8576,Piece,Per_Master_Bathroom,1.0,Master Bathroom,True
P006253,Sanitary Ware,Rain Shower,Rain Shower,Ceramica Cleopatra,Rain Shower,,Medium,6255,Set,Per_Master_Bathroom,1.0,Master Bathroom,True
P006254,Sanitary Ware,Rain Shower,Rain Shower,Lecico,Rain Shower,,Low,4815,Set,Per_Master_Bathroom,1.0,Master Bathroom,True
P006255,Sanitary Ware,Sliding Cabin,Shower Cabin,Ideal Standard,Sliding Cabin,,Medium,7257,Piece,Per_Master_Bathroom,1.0,Master Bathroom,True
P006256,Sanitary Ware,Sliding Cabin,Shower Cabin,Ideal Standard,Sliding Cabin,,Medium,5290,Piece,Per_Master_Bathroom,1.0,Master Bathroom,True
P006257,Sanitary Ware,Pedestal,Wash Basin,Ideal Standard,Pedestal,,Low,1825,Piece,Per_Bathroom,1.0,Bathroom,False
P006258,Sanitary Ware,Pedestal,Wash Basin,Roca,Pedestal,,Low,3917,Piece,Per_Bathroom,1.0,Bathroom,False
P006259,Sanitary Ware,Rain Shower,Rain Shower,Ceramica Cleopatra,Rain Shower,,High,9957,Set,Per_Master_Bathroom,1.0,Master Bathroom,True
P006260,Sanitary Ware,Sliding Cabin,Shower Cabin,Roca,Sliding Cabin,,High,9269,Piece,Per_Master_Bathroom,1.0,Master Bathroom,True
P006261,Sanitary Ware,Floor Mounted,Close Coupled Toilet,Roca,Floor Mounted,,Medium,6302,Piece,Per_Bathroom,1.0,Bathroom,False
P006262,Sanitary Ware,Rain Shower,Rain Shower,Ideal Standard,Rain Shower,,Medium,5430,Set,Per_Master_Bathroom,1.0,Master Bathroom,True
P006263,Sanitary Ware,Floor Mounted,Close Coupled Toilet,GROHE,Floor Mounted,,Medium,6443,Piece,Per_Bathroom,1.0,Bathroom,False
P006264,Sanitary Ware,Rain Shower,Rain Shower,Roca,Rain Shower,,High,10311,Set,Per_Master_Bathroom,1.0,Master Bathroom,True
P006265,Sanitary Ware,Rain Shower,Rain Shower,Ceramica Cleopatra,Rain Shower,,Medium,7539,Set,Per_Master_Bathroom,1.0,Master Bathroom,True
P006266,Sanitary Ware,Floor Mounted,Close Coupled Toilet,Ceramica Cleopatra,Floor Mounted,,Medium,7542,Piece,Per_Bathroom,1.0,Bathroom,False
P006267,Sanitary Ware,Sliding Cabin,Shower Cabin,Ceramica Cleopatra,Sliding Cabin,,Medium,7034,Piece,Per_Master_Bathroom,1.0,Master Bathroom,True
P006268,Sanitary Ware,Sliding Cabin,Shower Cabin,Ideal Standard,Sliding Cabin,,Medium,5405,Piece,Per_Master_Bathroom,1.0,Master Bathroom,True
P006269,Sanitary Ware,Floor Mounted,Close Coupled Toilet,GROHE,Floor Mounted,,High,8203,Piece,Per_Bathroom,1.0,Bathroom,False
P006270,Sanitary Ware,Floor Mounted,Close Coupled Toilet,Lecico,Floor Mounted,,High,8430,Piece,Per_Bathroom,1.0,Bathroom,False
P006271,Sanitary Ware,Floor Mounted,Close Coupled Toilet,Lecico,Floor Mounted,,Low,4513,Piece,Per_Bathroom,1.0,Bathroom,False
P006272,Sanitary Ware,Floor Mounted,Close Coupled Toilet,GROHE,Floor Mounted,,Medium,6609,Piece,Per_Bathroom,1.0,Bathroom,False
P006273,Sanitary Ware,Sliding Cabin,Shower Cabin,Lecico,Sliding Cabin,,Medium,6342,Piece,Per_Master_Bathroom,1.0,Master Bathroom,True
P006274,Sanitary Ware,Floor Mounted,Close Coupled Toilet,Ceramica Cleopatra,Floor Mounted,,Medium,6600,Piece,Per_Bathroom,1.0,Bathroom,False
P006275,Sanitary Ware,Pedestal,Wash Basin,Lecico,Pedestal,,Low,2742,Piece,Per_Bathroom,1.0,Bathroom,False
P006276,Sanitary Ware,Pedestal,Wash Basin,Lecico,Pedestal,,Low,2801,Piece,Per_Bathroom,1.0,Bathroom,False
P006277,Sanitary Ware,Rain Shower,Rain Shower,Lecico,Rain Shower,,High,9259,Set,Per_Master_Bathroom,1.0,Master Bathroom,True
P006278,Sanitary Ware,Pedestal,Wash Basin,Ceramica Cleopatra,Pedestal,,Low,2054,Piece,Per_Bathroom,1.0,Bathroom,False
P006279,Sanitary Ware,Rain Shower,Rain Shower,Ideal Standard,Rain Shower,,High,7710,Set,Per_Master_Bathroom,1.0,Master Bathroom,True
P006280,Sanitary Ware,Pedestal,Wash Basin,Ceramica Cleopatra,Pedestal,,Low,3176,Piece,Per_Bathroom,1.0,Bathroom,False
P006281,Sanitary Ware,Floor Mounted,Close Coupled Toilet,Lecico,Floor Mounted,,Medium,6733,Piece,Per_Bathroom,1.0,Bathroom,False
P006282,Sanitary Ware,Floor Mounted,Close Coupled Toilet,Ceramica Cleopatra,Floor Mounted,,Low,4963,Piece,Per_Bathroom,1.0,Bathroom,False
P006283,Sanitary Ware,Rain Shower,Rain Shower,GROHE,Rain Shower,,High,10745,Set,Per_Master_Bathroom,1.0,Master Bathroom,True
P006284,Sanitary Ware,Floor Mounted,Close Coupled Toilet,Ideal Standard,Floor Mounted,,High,8000,Piece,Per_Bathroom,1.0,Bathroom,False
P006285,Sanitary Ware,Pedestal,Wash Basin,Ideal Standard,Pedestal,,Low,2640,Piece,Per_Bathroom,1.0,Bathroom,False
P006286,Sanitary Ware,Sliding Cabin,Shower Cabin,Lecico,Sliding Cabin,,Medium,6822,Piece,Per_Master_Bathroom,1.0,Master Bathroom,True
P006287,Sanitary Ware,Rain Shower,Rain Shower,Ceramica Cleopatra,Rain Shower,,High,9959,Set,Per_Master_Bathroom,1.0,Master Bathroom,True
P006288,Sanitary Ware,Pedestal,Wash Basin,GROHE,Pedestal,,Low,3291,Piece,Per_Bathroom,1.0,Bathroom,False
P006289,Sanitary Ware,Floor Mounted,Close Coupled Toilet,Roca,Floor Mounted,,Medium,7507,Piece,Per_Bathroom,1.0,Bathroom,False
P006290,Sanitary Ware,Floor Mounted,Close Coupled Toilet,Roca,Floor Mounted,,Low,3961,Piece,Per_Bathroom,1.0,Bathroom,False
P006291,Sanitary Ware,Floor Mounted,Close Coupled Toilet,Lecico,Floor Mounted,,Medium,6669,Piece,Per_Bathroom,1.0,Bathroom,False
P006292,Sanitary Ware,Floor Mounted,Close Coupled Toilet,Roca,Floor Mounted,,High,8003,Piece,Per_Bathroom,1.0,Bathroom,False
P006293,Sanitary Ware,Pedestal,Wash Basin,Ceramica Cleopatra,Pedestal,,Low,3830,Piece,Per_Bathroom,1.0,Bathroom,False
P006294,Sanitary Ware,Sliding Cabin,Shower Cabin,Ideal Standard,Sliding Cabin,,Low,4927,Piece,Per_Master_Bathroom,1.0,Master Bathroom,True
P006295,Sanitary Ware,Sliding Cabin,Shower Cabin,Lecico,Sliding Cabin,,High,9501,Piece,Per_Master_Bathroom,1.0,Master Bathroom,True
P006296,Sanitary Ware,Rain Shower,Rain Shower,Ideal Standard,Rain Shower,,Low,4833,Set,Per_Master_Bathroom,1.0,Master Bathroom,True
P006297,Sanitary Ware,Rain Shower,Rain Shower,Ceramica Cleopatra,Rain Shower,,Medium,6314,Set,Per_Master_Bathroom,1.0,Master Bathroom,True
P006298,Sanitary Ware,Rain Shower,Rain Shower,GROHE,Rain Shower,,Medium,7297,Set,Per_Master_Bathroom,1.0,Master Bathroom,True
P006299,Sanitary Ware,Floor Mounted,Close Coupled Toilet,Roca,Floor Mounted,,Medium,6046,Piece,Per_Bathroom,1.0,Bathroom,False
P006300,Sanitary Ware,Rain Shower,Rain Shower,Lecico,Rain Shower,,High,10078,Set,Per_Master_Bathroom,1.0,Master Bathroom,True
P006301,Sanitary Ware,Pedestal,Wash Basin,Roca,Pedestal,,Low,3530,Piece,Per_Bathroom,1.0,Bathroom,False
P006302,Sanitary Ware,Rain Shower,Rain Shower,Lecico,Rain Shower,,Medium,6503,Set,Per_Master_Bathroom,1.0,Master Bathroom,True
P006303,Sanitary Ware,Rain Shower,Rain Shower,Ceramica Cleopatra,Rain Shower,,Medium,7438,Set,Per_Master_Bathroom,1.0,Master Bathroom,True
P006304,Sanitary Ware,Sliding Cabin,Shower Cabin,Ceramica Cleopatra,Sliding Cabin,,High,10311,Piece,Per_Master_Bathroom,1.0,Master Bathroom,True
P006305,Sanitary Ware,Floor Mounted,Close Coupled Toilet,Ceramica Cleopatra,Floor Mounted,,Medium,5442,Piece,Per_Bathroom,1.0,Bathroom,False
P006306,Sanitary Ware,Sliding Cabin,Shower Cabin,Ceramica Cleopatra,Sliding Cabin,,High,8833,Piece,Per_Master_Bathroom,1.0,Master Bathroom,True
P006307,Sanitary Ware,Floor Mounted,Close Coupled Toilet,Lecico,Floor Mounted,,Medium,5680,Piece,Per_Bathroom,1.0,Bathroom,False
P006308,Sanitary Ware,Sliding Cabin,Shower Cabin,Ceramica Cleopatra,Sliding Cabin,,High,8569,Piece,Per_Master_Bathroom,1.0,Master Bathroom,True
P006309,Sanitary Ware,Pedestal,Wash Basin,Ideal Standard,Pedestal,,Low,2261,Piece,Per_Bathroom,1.0,Bathroom,False
P006310,Sanitary Ware,Sliding Cabin,Shower Cabin,Ceramica Cleopatra,Sliding Cabin,,Medium,6064,Piece,Per_Master_Bathroom,1.0,Master Bathroom,True
P006311,Sanitary Ware,Floor Mounted,Close Coupled Toilet,Roca,Floor Mounted,,High,8104,Piece,Per_Bathroom,1.0,Bathroom,False
P006312,Sanitary Ware,Floor Mounted,Close Coupled Toilet,GROHE,Floor Mounted,,Low,4815,Piece,Per_Bathroom,1.0,Bathroom,False
P006313,Sanitary Ware,Sliding Cabin,Shower Cabin,Lecico,Sliding Cabin,,High,9840,Piece,Per_Master_Bathroom,1.0,Master Bathroom,True
P006314,Sanitary Ware,Floor Mounted,Close Coupled Toilet,Ceramica Cleopatra,Floor Mounted,,Medium,5423,Piece,Per_Bathroom,1.0,Bathroom,False
P006315,Sanitary Ware,Floor Mounted,Close Coupled Toilet,Roca,Floor Mounted,,High,7827,Piece,Per_Bathroom,1.0,Bathroom,False
P006316,Sanitary Ware,Pedestal,Wash Basin,Roca,Pedestal,,Low,2384,Piece,Per_Bathroom,1.0,Bathroom,False
P006317,Sanitary Ware,Floor Mounted,Close Coupled Toilet,GROHE,Floor Mounted,,High,8028,Piece,Per_Bathroom,1.0,Bathroom,False
P006318,Sanitary Ware,Floor Mounted,Close Coupled Toilet,GROHE,Floor Mounted,,High,8200,Piece,Per_Bathroom,1.0,Bathroom,False
P006319,Sanitary Ware,Pedestal,Wash Basin,Ceramica Cleopatra,Pedestal,,Low,3852,Piece,Per_Bathroom,1.0,Bathroom,False
P006320,Sanitary Ware,Rain Shower,Rain Shower,Roca,Rain Shower,,High,8135,Set,Per_Master_Bathroom,1.0,Master Bathroom,True
P006321,Sanitary Ware,Pedestal,Wash Basin,Ceramica Cleopatra,Pedestal,,Low,3522,Piece,Per_Bathroom,1.0,Bathroom,False
P006322,Sanitary Ware,Pedestal,Wash Basin,GROHE,Pedestal,,Low,1842,Piece,Per_Bathroom,1.0,Bathroom,False
P006323,Sanitary Ware,Rain Shower,Rain Shower,GROHE,Rain Shower,,Medium,5201,Set,Per_Master_Bathroom,1.0,Master Bathroom,True
P006324,Sanitary Ware,Floor Mounted,Close Coupled Toilet,Lecico,Floor Mounted,,Medium,5632,Piece,Per_Bathroom,1.0,Bathroom,False
P006325,Sanitary Ware,Floor Mounted,Close Coupled Toilet,Lecico,Floor Mounted,,Medium,6637,Piece,Per_Bathroom,1.0,Bathroom,False
P006326,Sanitary Ware,Floor Mounted,Close Coupled Toilet,GROHE,Floor Mounted,,Medium,7403,Piece,Per_Bathroom,1.0,Bathroom,False
P006327,Sanitary Ware,Rain Shower,Rain Shower,Ideal Standard,Rain Shower,,Low,4978,Set,Per_Master_Bathroom,1.0,Master Bathroom,True
P006328,Sanitary Ware,Rain Shower,Rain Shower,Roca,Rain Shower,,High,10474,Set,Per_Master_Bathroom,1.0,Master Bathroom,True
P006329,Sanitary Ware,Pedestal,Wash Basin,Ideal Standard,Pedestal,,Low,3335,Piece,Per_Bathroom,1.0,Bathroom,False
P006330,Sanitary Ware,Floor Mounted,Close Coupled Toilet,Ideal Standard,Floor Mounted,,Low,4200,Piece,Per_Bathroom,1.0,Bathroom,False
P006331,Sanitary Ware,Pedestal,Wash Basin,Ideal Standard,Pedestal,,Low,3297,Piece,Per_Bathroom,1.0,Bathroom,False
P006332,Sanitary Ware,Rain Shower,Rain Shower,GROHE,Rain Shower,,Medium,7538,Set,Per_Master_Bathroom,1.0,Master Bathroom,True
P006333,Sanitary Ware,Floor Mounted,Close Coupled Toilet,Ceramica Cleopatra,Floor Mounted,,Medium,5556,Piece,Per_Bathroom,1.0,Bathroom,False
P006334,Sanitary Ware,Floor Mounted,Close Coupled Toilet,GROHE,Floor Mounted,,High,7685,Piece,Per_Bathroom,1.0,Bathroom,False
P006335,Sanitary Ware,Rain Shower,Rain Shower,GROHE,Rain Shower,,High,9689,Set,Per_Master_Bathroom,1.0,Master Bathroom,True
P006336,Sanitary Ware,Sliding Cabin,Shower Cabin,GROHE,Sliding Cabin,,High,8994,Piece,Per_Master_Bathroom,1.0,Master Bathroom,True
P006337,Sanitary Ware,Sliding Cabin,Shower Cabin,GROHE,Sliding Cabin,,Medium,5667,Piece,Per_Master_Bathroom,1.0,Master Bathroom,True
P006338,Sanitary Ware,Rain Shower,Rain Shower,GROHE,Rain Shower,,Medium,6423,Set,Per_Master_Bathroom,1.0,Master Bathroom,True
P006339,Sanitary Ware,Floor Mounted,Close Coupled Toilet,Roca,Floor Mounted,,Low,4417,Piece,Per_Bathroom,1.0,Bathroom,False
P006340,Sanitary Ware,Sliding Cabin,Shower Cabin,Lecico,Sliding Cabin,,Medium,5130,Piece,Per_Master_Bathroom,1.0,Master Bathroom,True
P006341,Sanitary Ware,Sliding Cabin,Shower Cabin,Ceramica Cleopatra,Sliding Cabin,,High,9596,Piece,Per_Master_Bathroom,1.0,Master Bathroom,True
P006342,Sanitary Ware,Rain Shower,Rain Shower,Roca,Rain Shower,,Medium,5681,Set,Per_Master_Bathroom,1.0,Master Bathroom,True
P006343,Sanitary Ware,Pedestal,Wash Basin,Ceramica Cleopatra,Pedestal,,Low,2736,Piece,Per_Bathroom,1.0,Bathroom,False
P006344,Sanitary Ware,Rain Shower,Rain Shower,Roca,Rain Shower,,Low,4875,Set,Per_Master_Bathroom,1.0,Master Bathroom,True
P006345,Sanitary Ware,Pedestal,Wash Basin,Ideal Standard,Pedestal,,Low,2222,Piece,Per_Bathroom,1.0,Bathroom,False
P006346,Sanitary Ware,Rain Shower,Rain Shower,Ideal Standard,Rain Shower,,High,9498,Set,Per_Master_Bathroom,1.0,Master Bathroom,True
P006347,Sanitary Ware,Rain Shower,Rain Shower,Ideal Standard,Rain Shower,,High,8211,Set,Per_Master_Bathroom,1.0,Master Bathroom,True
P006348,Sanitary Ware,Floor Mounted,Close Coupled Toilet,Roca,Floor Mounted,,Low,4254,Piece,Per_Bathroom,1.0,Bathroom,False
P006349,Sanitary Ware,Rain Shower,Rain Shower,Ideal Standard,Rain Shower,,High,9617,Set,Per_Master_Bathroom,1.0,Master Bathroom,True
P006350,Sanitary Ware,Floor Mounted,Close Coupled Toilet,Lecico,Floor Mounted,,Low,4432,Piece,Per_Bathroom,1.0,Bathroom,False
P006351,Sanitary Ware,Pedestal,Wash Basin,GROHE,Pedestal,,Low,2790,Piece,Per_Bathroom,1.0,Bathroom,False
P006352,Sanitary Ware,Pedestal,Wash Basin,Roca,Pedestal,,Low,3778,Piece,Per_Bathroom,1.0,Bathroom,False
P006353,Sanitary Ware,Sliding Cabin,Shower Cabin,Ideal Standard,Sliding Cabin,,Medium,5139,Piece,Per_Master_Bathroom,1.0,Master Bathroom,True
P006354,Sanitary Ware,Pedestal,Wash Basin,GROHE,Pedestal,,Low,2184,Piece,Per_Bathroom,1.0,Bathroom,False
P006355,Sanitary Ware,Pedestal,Wash Basin,Ceramica Cleopatra,Pedestal,,Low,2087,Piece,Per_Bathroom,1.0,Bathroom,False
P006356,Sanitary Ware,Floor Mounted,Close Coupled Toilet,Lecico,Floor Mounted,,High,8116,Piece,Per_Bathroom,1.0,Bathroom,False
P006357,Sanitary Ware,Rain Shower,Rain Shower,Roca,Rain Shower,,High,8657,Set,Per_Master_Bathroom,1.0,Master Bathroom,True
P006358,Sanitary Ware,Pedestal,Wash Basin,Roca,Pedestal,,Low,3826,Piece,Per_Bathroom,1.0,Bathroom,False
P006359,Sanitary Ware,Floor Mounted,Close Coupled Toilet,Ideal Standard,Floor Mounted,,Medium,6806,Piece,Per_Bathroom,1.0,Bathroom,False
P006360,Sanitary Ware,Rain Shower,Rain Shower,Ceramica Cleopatra,Rain Shower,,High,7575,Set,Per_Master_Bathroom,1.0,Master Bathroom,True
P006361,Sanitary Ware,Rain Shower,Rain Shower,Ceramica Cleopatra,Rain Shower,,High,9291,Set,Per_Master_Bathroom,1.0,Master Bathroom,True
P006362,Sanitary Ware,Rain Shower,Rain Shower,Lecico,Rain Shower,,High,8512,Set,Per_Master_Bathroom,1.0,Master Bathroom,True
P006363,Sanitary Ware,Rain Shower,Rain Shower,Ideal Standard,Rain Shower,,High,9831,Set,Per_Master_Bathroom,1.0,Master Bathroom,True
P006364,Sanitary Ware,Floor Mounted,Close Coupled Toilet,GROHE,Floor Mounted,,Low,4711,Piece,Per_Bathroom,1.0,Bathroom,False
P006365,Sanitary Ware,Rain Shower,Rain Shower,Lecico,Rain Shower,,High,10192,Set,Per_Master_Bathroom,1.0,Master Bathroom,True
P006366,Sanitary Ware,Floor Mounted,Close Coupled Toilet,Roca,Floor Mounted,,Low,4922,Piece,Per_Bathroom,1.0,Bathroom,False
P006367,Sanitary Ware,Sliding Cabin,Shower Cabin,Lecico,Sliding Cabin,,Medium,7385,Piece,Per_Master_Bathroom,1.0,Master Bathroom,True
P006368,Sanitary Ware,Floor Mounted,Close Coupled Toilet,Lecico,Floor Mounted,,Low,4670,Piece,Per_Bathroom,1.0,Bathroom,False
P006369,Sanitary Ware,Pedestal,Wash Basin,Ceramica Cleopatra,Pedestal,,Low,2861,Piece,Per_Bathroom,1.0,Bathroom,False
P006370,Sanitary Ware,Pedestal,Wash Basin,Ceramica Cleopatra,Pedestal,,Low,2211,Piece,Per_Bathroom,1.0,Bathroom,False
P006371,Sanitary Ware,Floor Mounted,Close Coupled Toilet,GROHE,Floor Mounted,,Medium,5814,Piece,Per_Bathroom,1.0,Bathroom,False
P006372,Sanitary Ware,Pedestal,Wash Basin,Lecico,Pedestal,,Low,3596,Piece,Per_Bathroom,1.0,Bathroom,False
P006373,Sanitary Ware,Floor Mounted,Close Coupled Toilet,Ceramica Cleopatra,Floor Mounted,,Medium,5653,Piece,Per_Bathroom,1.0,Bathroom,False
P006374,Sanitary Ware,Floor Mounted,Close Coupled Toilet,Ceramica Cleopatra,Floor Mounted,,Medium,6534,Piece,Per_Bathroom,1.0,Bathroom,False
P006375,Sanitary Ware,Rain Shower,Rain Shower,Roca,Rain Shower,,Low,4612,Set,Per_Master_Bathroom,1.0,Master Bathroom,True
P006376,Sanitary Ware,Pedestal,Wash Basin,GROHE,Pedestal,,Low,2561,Piece,Per_Bathroom,1.0,Bathroom,False
P006377,Sanitary Ware,Rain Shower,Rain Shower,GROHE,Rain Shower,,Medium,6907,Set,Per_Master_Bathroom,1.0,Master Bathroom,True
P006378,Sanitary Ware,Pedestal,Wash Basin,GROHE,Pedestal,,Low,4005,Piece,Per_Bathroom,1.0,Bathroom,False
P006379,Sanitary Ware,Rain Shower,Rain Shower,Roca,Rain Shower,,High,9439,Set,Per_Master_Bathroom,1.0,Master Bathroom,True
P006380,Sanitary Ware,Rain Shower,Rain Shower,Roca,Rain Shower,,High,10500,Set,Per_Master_Bathroom,1.0,Master Bathroom,True
P006381,Sanitary Ware,Rain Shower,Rain Shower,Ideal Standard,Rain Shower,,Low,4757,Set,Per_Master_Bathroom,1.0,Master Bathroom,True
P006382,Sanitary Ware,Rain Shower,Rain Shower,Ideal Standard,Rain Shower,,High,10309,Set,Per_Master_Bathroom,1.0,Master Bathroom,True
P006383,Sanitary Ware,Pedestal,Wash Basin,Roca,Pedestal,,Low,3994,Piece,Per_Bathroom,1.0,Bathroom,False
P006384,Sanitary Ware,Rain Shower,Rain Shower,Ideal Standard,Rain Shower,,Low,4949,Set,Per_Master_Bathroom,1.0,Master Bathroom,True
P006385,Sanitary Ware,Floor Mounted,Close Coupled Toilet,Ideal Standard,Floor Mounted,,Low,4195,Piece,Per_Bathroom,1.0,Bathroom,False
P006386,Sanitary Ware,Floor Mounted,Close Coupled Toilet,Ideal Standard,Floor Mounted,,Medium,6064,Piece,Per_Bathroom,1.0,Bathroom,False
P006387,Sanitary Ware,Rain Shower,Rain Shower,Lecico,Rain Shower,,High,9041,Set,Per_Master_Bathroom,1.0,Master Bathroom,True
P006388,Sanitary Ware,Pedestal,Wash Basin,Ceramica Cleopatra,Pedestal,,Low,3884,Piece,Per_Bathroom,1.0,Bathroom,False
P006389,Sanitary Ware,Pedestal,Wash Basin,Ceramica Cleopatra,Pedestal,,Low,2563,Piece,Per_Bathroom,1.0,Bathroom,False
P006390,Sanitary Ware,Rain Shower,Rain Shower,Ideal Standard,Rain Shower,,Low,4680,Set,Per_Master_Bathroom,1.0,Master Bathroom,True
P006391,Sanitary Ware,Pedestal,Wash Basin,Ceramica Cleopatra,Pedestal,,Low,3397,Piece,Per_Bathroom,1.0,Bathroom,False
P006392,Sanitary Ware,Floor Mounted,Close Coupled Toilet,Ceramica Cleopatra,Floor Mounted,,Medium,6497,Piece,Per_Bathroom,1.0,Bathroom,False
P006393,Sanitary Ware,Rain Shower,Rain Shower,Roca,Rain Shower,,High,7749,Set,Per_Master_Bathroom,1.0,Master Bathroom,True
P006394,Sanitary Ware,Floor Mounted,Close Coupled Toilet,Lecico,Floor Mounted,,Medium,5236,Piece,Per_Bathroom,1.0,Bathroom,False
P006395,Sanitary Ware,Pedestal,Wash Basin,Lecico,Pedestal,,Low,3735,Piece,Per_Bathroom,1.0,Bathroom,False
P006396,Sanitary Ware,Floor Mounted,Close Coupled Toilet,GROHE,Floor Mounted,,Medium,7326,Piece,Per_Bathroom,1.0,Bathroom,False
P006397,Sanitary Ware,Floor Mounted,Close Coupled Toilet,Lecico,Floor Mounted,,Medium,6206,Piece,Per_Bathroom,1.0,Bathroom,False
P006398,Sanitary Ware,Rain Shower,Rain Shower,Lecico,Rain Shower,,Low,4757,Set,Per_Master_Bathroom,1.0,Master Bathroom,True
P006399,Sanitary Ware,Floor Mounted,Close Coupled Toilet,Ceramica Cleopatra,Floor Mounted,,Medium,6723,Piece,Per_Bathroom,1.0,Bathroom,False
P006400,Sanitary Ware,Rain Shower,Rain Shower,Roca,Rain Shower,,Medium,6962,Set,Per_Master_Bathroom,1.0,Master Bathroom,True
P006401,Sanitary Ware,Floor Mounted,Close Coupled Toilet,GROHE,Floor Mounted,,High,7706,Piece,Per_Bathroom,1.0,Bathroom,False
P006402,Sanitary Ware,Sliding Cabin,Shower Cabin,Ideal Standard,Sliding Cabin,,High,9607,Piece,Per_Master_Bathroom,1.0,Master Bathroom,True
P006403,Sanitary Ware,Rain Shower,Rain Shower,Lecico,Rain Shower,,High,9917,Set,Per_Master_Bathroom,1.0,Master Bathroom,True
P006404,Sanitary Ware,Sliding Cabin,Shower Cabin,Lecico,Sliding Cabin,,Medium,5350,Piece,Per_Master_Bathroom,1.0,Master Bathroom,True
P006405,Sanitary Ware,Sliding Cabin,Shower Cabin,Roca,Sliding Cabin,,High,8251,Piece,Per_Master_Bathroom,1.0,Master Bathroom,True
P006406,Sanitary Ware,Sliding Cabin,Shower Cabin,Roca,Sliding Cabin,,Medium,6613,Piece,Per_Master_Bathroom,1.0,Master Bathroom,True
P006407,Sanitary Ware,Rain Shower,Rain Shower,GROHE,Rain Shower,,Low,4751,Set,Per_Master_Bathroom,1.0,Master Bathroom,True
P006408,Sanitary Ware,Rain Shower,Rain Shower,Ideal Standard,Rain Shower,,High,9080,Set,Per_Master_Bathroom,1.0,Master Bathroom,True
P006409,Sanitary Ware,Sliding Cabin,Shower Cabin,Roca,Sliding Cabin,,High,9840,Piece,Per_Master_Bathroom,1.0,Master Bathroom,True
P006410,Sanitary Ware,Pedestal,Wash Basin,Ceramica Cleopatra,Pedestal,,Low,2838,Piece,Per_Bathroom,1.0,Bathroom,False
P006411,Sanitary Ware,Rain Shower,Rain Shower,Lecico,Rain Shower,,Medium,6566,Set,Per_Master_Bathroom,1.0,Master Bathroom,True
P006412,Sanitary Ware,Rain Shower,Rain Shower,Lecico,Rain Shower,,Low,4953,Set,Per_Master_Bathroom,1.0,Master Bathroom,True
P006413,Sanitary Ware,Pedestal,Wash Basin,Ideal Standard,Pedestal,,Low,2047,Piece,Per_Bathroom,1.0,Bathroom,False
P006414,Sanitary Ware,Floor Mounted,Close Coupled Toilet,Roca,Floor Mounted,,Low,4308,Piece,Per_Bathroom,1.0,Bathroom,False
P006415,Sanitary Ware,Sliding Cabin,Shower Cabin,GROHE,Sliding Cabin,,Medium,7508,Piece,Per_Master_Bathroom,1.0,Master Bathroom,True
P006416,Sanitary Ware,Floor Mounted,Close Coupled Toilet,GROHE,Floor Mounted,,High,8276,Piece,Per_Bathroom,1.0,Bathroom,False
P006417,Sanitary Ware,Sliding Cabin,Shower Cabin,Lecico,Sliding Cabin,,High,8256,Piece,Per_Master_Bathroom,1.0,Master Bathroom,True
P006418,Sanitary Ware,Floor Mounted,Close Coupled Toilet,Roca,Floor Mounted,,High,7856,Piece,Per_Bathroom,1.0,Bathroom,False
P006419,Sanitary Ware,Pedestal,Wash Basin,Lecico,Pedestal,,Low,3764,Piece,Per_Bathroom,1.0,Bathroom,False
P006420,Sanitary Ware,Sliding Cabin,Shower Cabin,Ceramica Cleopatra,Sliding Cabin,,High,10502,Piece,Per_Master_Bathroom,1.0,Master Bathroom,True
P006421,Sanitary Ware,Sliding Cabin,Shower Cabin,Ceramica Cleopatra,Sliding Cabin,,High,9944,Piece,Per_Master_Bathroom,1.0,Master Bathroom,True
P006422,Sanitary Ware,Floor Mounted,Close Coupled Toilet,Ideal Standard,Floor Mounted,,High,7874,Piece,Per_Bathroom,1.0,Bathroom,False
P006423,Sanitary Ware,Floor Mounted,Close Coupled Toilet,Lecico,Floor Mounted,,Low,4219,Piece,Per_Bathroom,1.0,Bathroom,False
P006424,Sanitary Ware,Pedestal,Wash Basin,Lecico,Pedestal,,Low,3022,Piece,Per_Bathroom,1.0,Bathroom,False
P006425,Sanitary Ware,Sliding Cabin,Shower Cabin,Roca,Sliding Cabin,,High,9302,Piece,Per_Master_Bathroom,1.0,Master Bathroom,True
P006426,Sanitary Ware,Sliding Cabin,Shower Cabin,Lecico,Sliding Cabin,,High,8357,Piece,Per_Master_Bathroom,1.0,Master Bathroom,True
P006427,Sanitary Ware,Rain Shower,Rain Shower,Ideal Standard,Rain Shower,,High,9865,Set,Per_Master_Bathroom,1.0,Master Bathroom,True
P006428,Sanitary Ware,Pedestal,Wash Basin,Roca,Pedestal,,Low,2740,Piece,Per_Bathroom,1.0,Bathroom,False
P006429,Sanitary Ware,Floor Mounted,Close Coupled Toilet,Lecico,Floor Mounted,,Low,4305,Piece,Per_Bathroom,1.0,Bathroom,False
P006430,Sanitary Ware,Rain Shower,Rain Shower,Roca,Rain Shower,,Medium,7220,Set,Per_Master_Bathroom,1.0,Master Bathroom,True
P006431,Sanitary Ware,Floor Mounted,Close Coupled Toilet,Roca,Floor Mounted,,Low,4020,Piece,Per_Bathroom,1.0,Bathroom,False
P006432,Sanitary Ware,Floor Mounted,Close Coupled Toilet,Roca,Floor Mounted,,Medium,6940,Piece,Per_Bathroom,1.0,Bathroom,False
P006433,Sanitary Ware,Rain Shower,Rain Shower,Ideal Standard,Rain Shower,,High,8853,Set,Per_Master_Bathroom,1.0,Master Bathroom,True
P006434,Sanitary Ware,Rain Shower,Rain Shower,Ideal Standard,Rain Shower,,High,10562,Set,Per_Master_Bathroom,1.0,Master Bathroom,True
P006435,Sanitary Ware,Sliding Cabin,Shower Cabin,GROHE,Sliding Cabin,,High,10906,Piece,Per_Master_Bathroom,1.0,Master Bathroom,True
P006436,Sanitary Ware,Floor Mounted,Close Coupled Toilet,Lecico,Floor Mounted,,Medium,5738,Piece,Per_Bathroom,1.0,Bathroom,False
P006437,Sanitary Ware,Rain Shower,Rain Shower,Roca,Rain Shower,,Medium,6240,Set,Per_Master_Bathroom,1.0,Master Bathroom,True
P006438,Sanitary Ware,Floor Mounted,Close Coupled Toilet,GROHE,Floor Mounted,,Low,3943,Piece,Per_Bathroom,1.0,Bathroom,False
P006439,Sanitary Ware,Rain Shower,Rain Shower,Ideal Standard,Rain Shower,,Medium,5372,Set,Per_Master_Bathroom,1.0,Master Bathroom,True
P006440,Sanitary Ware,Rain Shower,Rain Shower,GROHE,Rain Shower,,High,10720,Set,Per_Master_Bathroom,1.0,Master Bathroom,True
P006441,Sanitary Ware,Rain Shower,Rain Shower,Lecico,Rain Shower,,High,10292,Set,Per_Master_Bathroom,1.0,Master Bathroom,True
P006442,Sanitary Ware,Floor Mounted,Close Coupled Toilet,Ideal Standard,Floor Mounted,,Medium,5868,Piece,Per_Bathroom,1.0,Bathroom,False
P006443,Sanitary Ware,Sliding Cabin,Shower Cabin,Ideal Standard,Sliding Cabin,,High,7875,Piece,Per_Master_Bathroom,1.0,Master Bathroom,True
P006444,Sanitary Ware,Pedestal,Wash Basin,Ceramica Cleopatra,Pedestal,,Low,3281,Piece,Per_Bathroom,1.0,Bathroom,False
P006445,Sanitary Ware,Sliding Cabin,Shower Cabin,Ideal Standard,Sliding Cabin,,Medium,6597,Piece,Per_Master_Bathroom,1.0,Master Bathroom,True
P006446,Sanitary Ware,Floor Mounted,Close Coupled Toilet,Ceramica Cleopatra,Floor Mounted,,Low,4726,Piece,Per_Bathroom,1.0,Bathroom,False
P006447,Sanitary Ware,Pedestal,Wash Basin,Ceramica Cleopatra,Pedestal,,Low,3850,Piece,Per_Bathroom,1.0,Bathroom,False
P006448,Sanitary Ware,Floor Mounted,Close Coupled Toilet,Roca,Floor Mounted,,Medium,5440,Piece,Per_Bathroom,1.0,Bathroom,False
P006449,Sanitary Ware,Rain Shower,Rain Shower,Roca,Rain Shower,,High,7984,Set,Per_Master_Bathroom,1.0,Master Bathroom,True
P006450,Sanitary Ware,Rain Shower,Rain Shower,GROHE,Rain Shower,,Medium,5345,Set,Per_Master_Bathroom,1.0,Master Bathroom,True
P006451,Sanitary Ware,Sliding Cabin,Shower Cabin,GROHE,Sliding Cabin,,High,10745,Piece,Per_Master_Bathroom,1.0,Master Bathroom,True
P006452,Sanitary Ware,Sliding Cabin,Shower Cabin,Roca,Sliding Cabin,,Medium,7387,Piece,Per_Master_Bathroom,1.0,Master Bathroom,True
P006453,Sanitary Ware,Sliding Cabin,Shower Cabin,Ideal Standard,Sliding Cabin,,Medium,6580,Piece,Per_Master_Bathroom,1.0,Master Bathroom,True
P006454,Sanitary Ware,Floor Mounted,Close Coupled Toilet,Lecico,Floor Mounted,,Low,4116,Piece,Per_Bathroom,1.0,Bathroom,False
P006455,Sanitary Ware,Floor Mounted,Close Coupled Toilet,Ceramica Cleopatra,Floor Mounted,,Medium,6586,Piece,Per_Bathroom,1.0,Bathroom,False
P006456,Sanitary Ware,Pedestal,Wash Basin,Roca,Pedestal,,Low,3161,Piece,Per_Bathroom,1.0,Bathroom,False
P006457,Sanitary Ware,Pedestal,Wash Basin,Ceramica Cleopatra,Pedestal,,Low,2429,Piece,Per_Bathroom,1.0,Bathroom,False
P006458,Sanitary Ware,Pedestal,Wash Basin,Ceramica Cleopatra,Pedestal,,Low,3479,Piece,Per_Bathroom,1.0,Bathroom,False
P006459,Sanitary Ware,Pedestal,Wash Basin,Roca,Pedestal,,Low,3251,Piece,Per_Bathroom,1.0,Bathroom,False
P006460,Sanitary Ware,Sliding Cabin,Shower Cabin,Roca,Sliding Cabin,,High,9223,Piece,Per_Master_Bathroom,1.0,Master Bathroom,True
P006461,Sanitary Ware,Sliding Cabin,Shower Cabin,Ceramica Cleopatra,Sliding Cabin,,Medium,5007,Piece,Per_Master_Bathroom,1.0,Master Bathroom,True
P006462,Sanitary Ware,Pedestal,Wash Basin,GROHE,Pedestal,,Low,2039,Piece,Per_Bathroom,1.0,Bathroom,False
P006463,Sanitary Ware,Sliding Cabin,Shower Cabin,Lecico,Sliding Cabin,,High,9632,Piece,Per_Master_Bathroom,1.0,Master Bathroom,True
P006464,Sanitary Ware,Floor Mounted,Close Coupled Toilet,Roca,Floor Mounted,,Medium,5013,Piece,Per_Bathroom,1.0,Bathroom,False
P006465,Sanitary Ware,Sliding Cabin,Shower Cabin,Ceramica Cleopatra,Sliding Cabin,,Medium,6688,Piece,Per_Master_Bathroom,1.0,Master Bathroom,True
P006466,Sanitary Ware,Floor Mounted,Close Coupled Toilet,Roca,Floor Mounted,,Medium,5632,Piece,Per_Bathroom,1.0,Bathroom,False
P006467,Sanitary Ware,Sliding Cabin,Shower Cabin,GROHE,Sliding Cabin,,Medium,5463,Piece,Per_Master_Bathroom,1.0,Master Bathroom,True
P006468,Sanitary Ware,Pedestal,Wash Basin,Ideal Standard,Pedestal,,Low,3062,Piece,Per_Bathroom,1.0,Bathroom,False
P006469,Sanitary Ware,Floor Mounted,Close Coupled Toilet,Ceramica Cleopatra,Floor Mounted,,Medium,5347,Piece,Per_Bathroom,1.0,Bathroom,False
P006470,Sanitary Ware,Rain Shower,Rain Shower,GROHE,Rain Shower,,High,7681,Set,Per_Master_Bathroom,1.0,Master Bathroom,True
P006471,Sanitary Ware,Sliding Cabin,Shower Cabin,Lecico,Sliding Cabin,,High,8989,Piece,Per_Master_Bathroom,1.0,Master Bathroom,True
P006472,Sanitary Ware,Sliding Cabin,Shower Cabin,GROHE,Sliding Cabin,,Medium,5338,Piece,Per_Master_Bathroom,1.0,Master Bathroom,True
P006473,Sanitary Ware,Rain Shower,Rain Shower,Roca,Rain Shower,,Low,4512,Set,Per_Master_Bathroom,1.0,Master Bathroom,True
P006474,Sanitary Ware,Floor Mounted,Close Coupled Toilet,Roca,Floor Mounted,,High,7824,Piece,Per_Bathroom,1.0,Bathroom,False
P006475,Sanitary Ware,Sliding Cabin,Shower Cabin,Ideal Standard,Sliding Cabin,,Medium,5295,Piece,Per_Master_Bathroom,1.0,Master Bathroom,True
P006476,Sanitary Ware,Sliding Cabin,Shower Cabin,Ceramica Cleopatra,Sliding Cabin,,High,8336,Piece,Per_Master_Bathroom,1.0,Master Bathroom,True
P006477,Sanitary Ware,Pedestal,Wash Basin,Ceramica Cleopatra,Pedestal,,Low,2470,Piece,Per_Bathroom,1.0,Bathroom,False
P006478,Sanitary Ware,Pedestal,Wash Basin,Lecico,Pedestal,,Low,3131,Piece,Per_Bathroom,1.0,Bathroom,False
P006479,Sanitary Ware,Pedestal,Wash Basin,Ceramica Cleopatra,Pedestal,,Low,3195,Piece,Per_Bathroom,1.0,Bathroom,False
P006480,Sanitary Ware,Sliding Cabin,Shower Cabin,Ideal Standard,Sliding Cabin,,High,7799,Piece,Per_Master_Bathroom,1.0,Master Bathroom,True
P006481,Sanitary Ware,Rain Shower,Rain Shower,Roca,Rain Shower,,Medium,6024,Set,Per_Master_Bathroom,1.0,Master Bathroom,True
P006482,Sanitary Ware,Rain Shower,Rain Shower,Ceramica Cleopatra,Rain Shower,,High,8876,Set,Per_Master_Bathroom,1.0,Master Bathroom,True
P006483,Sanitary Ware,Rain Shower,Rain Shower,Ideal Standard,Rain Shower,,Medium,6343,Set,Per_Master_Bathroom,1.0,Master Bathroom,True
P006484,Sanitary Ware,Sliding Cabin,Shower Cabin,Roca,Sliding Cabin,,Medium,5821,Piece,Per_Master_Bathroom,1.0,Master Bathroom,True
P006485,Sanitary Ware,Pedestal,Wash Basin,Ceramica Cleopatra,Pedestal,,Low,4125,Piece,Per_Bathroom,1.0,Bathroom,False
P006486,Sanitary Ware,Pedestal,Wash Basin,Ideal Standard,Pedestal,,Low,2023,Piece,Per_Bathroom,1.0,Bathroom,False
P006487,Sanitary Ware,Sliding Cabin,Shower Cabin,Roca,Sliding Cabin,,Medium,6845,Piece,Per_Master_Bathroom,1.0,Master Bathroom,True
