Brand,Product_Name,Door_Category,Material,Door_Type,Application,Size,Quality_Level,Quality_Score,Unit,Quantity_Rule,Rule_Value,Required_For,Optional,Price_EGP,Category,Subcategory,Grade,Quality_Price_Band,Estimated_Quantity,Estimated_Total_Cost,Finishing_Category
Security Doors,Aluminum Balcony Door,Balcony,Aluminum,Sliding,Balcony,180x220 cm,Low,7.4,Piece,Per_Balcony,1,Balcony,False,5176,Doors,Balcony,Not Applicable,Low: <= 5307,1,5176,Doors
WPC Brand,Aluminum Balcony Door,Balcony,Aluminum,Sliding,Balcony,180x220 cm,Medium,7.4,Piece,Per_Balcony,1,Balcony,False,6332,Doors,Balcony,Not Applicable,Medium: 5307 - 9745,1,6332,Doors
WPC Brand,Interior MDF Door,Interior,MDF,Solid,Bedroom,90x210 cm,Low,7.2,Piece,Per_Room,1,Bedroom,False,4337,Doors,Interior,Not Applicable,Low: <= 5307,1,4337,Doors
AluDoor,Armored Security Door,Entrance,Steel,Armored,Main Entrance,100x220 cm,High,8.9,Piece,Fixed,1,Apartment,False,13462,Doors,Entrance,Not Applicable,High: > 9745,1,13462,Doors
DoorTech,Aluminum Balcony Door,Balcony,Aluminum,Sliding,Balcony,180x220 cm,Low,7.4,Piece,Per_Balcony,1,Balcony,False,5077,Doors,Balcony,Not Applicable,Low: <= 5307,1,5077,Doors
AluDoor,Interior MDF Door,Interior,MDF,Solid,Bedroom,90x210 cm,Low,7.2,Piece,Per_Room,1,Bedroom,False,4421,Doors,Interior,Not Applicable,Low: <= 5307,1,4421,Doors
Security Doors,Interior MDF Door,Interior,MDF,Solid,Bedroom,90x210 cm,Low,7.2,Piece,Per_Room,1,Bedroom,False,4649,Doors,Interior,Not Applicable,Low: <= 5307,1,4649,Doors
WoodCraft,Aluminum Balcony Door,Balcony,Aluminum,Sliding,Balcony,180x220 cm,Medium,7.4,Piece,Per_Balcony,1,Balcony,False,5441,Doors,Balcony,Not Applicable,Medium: 5307 - 9745,1,5441,Doors
WPC Brand,Interior MDF Door,Interior,MDF,Solid,Bedroom,90x210 cm,Low,7.2,Piece,Per_Room,1,Bedroom,False,5100,Doors,Interior,Not Applicable,Low: <= 5307,1,5100,Doors
AluDoor,Aluminum Balcony Door,Balcony,Aluminum,Sliding,Balcony,180x220 cm,Medium,7.4,Piece,Per_Balcony,1,Balcony,False,5666,Doors,Balcony,Not Applicable,Medium: 5307 - 9745,1,5666,Doors
WPC Brand,Aluminum Balcony Door,Balcony,Aluminum,Sliding,Balcony,180x220 cm,Low,7.4,Piece,Per_Balcony,1,Balcony,False,5085,Doors,Balcony,Not Applicable,Low: <= 5307,1,5085,Doors
AluDoor,Aluminum Balcony Door,Balcony,Aluminum,Sliding,Balcony,180x220 cm,Medium,7.4,Piece,Per_Balcony,1,Balcony,False,6771,Doors,Balcony,Not Applicable,Medium: 5307 - 9745,1,6771,Doors
AluDoor,Interior MDF Door,Interior,MDF,Solid,Bedroom,90x210 cm,Low,7.2,Piece,Per_Room,1,Bedroom,False,3940,Doors,Interior,Not Applicable,Low: <= 5307,1,3940,Doors
AluDoor,Armored Security Door,Entrance,Steel,Armored,Main Entrance,100x220 cm,High,8.9,Piece,Fixed,1,Apartment,False,13241,Doors,Entrance,Not Applicable,High: > 9745,1,13241,Doors
Security Doors,Armored Security Door,Entrance,Steel,Armored,Main Entrance,100x220 cm,High,8.9,Piece,Fixed,1,Apartment,False,9924,Doors,Entrance,Not Applicable,High: > 9745,1,9924,Doors
Security Doors,Armored Security Door,Entrance,Steel,Armored,Main Entrance,100x220 cm,High,8.9,Piece,Fixed,1,Apartment,False,11979,Doors,Entrance,Not Applicable,High: > 9745,1,11979,Doors
WPC Brand,Aluminum Balcony Door,Balcony,Aluminum,Sliding,Balcony,180x220 cm,Medium,7.4,Piece,Per_Balcony,1,Balcony,False,6294,Doors,Balcony,Not Applicable,Medium: 5307 - 9745,1,6294,Doors
AluDoor,Armored Security Door,Entrance,Steel,Armored,Main Entrance,100x220 cm,High,8.9,Piece,Fixed,1,Apartment,False,13388,Doors,Entrance,Not Applicable,High: > 9745,1,13388,Doors
WoodCraft,Aluminum Balcony Door,Balcony,Aluminum,Sliding,Balcony,180x220 cm,Low,7.4,Piece,Per_Balcony,1,Balcony,False,4877,Doors,Balcony,Not Applicable,Low: <= 5307,1,4877,Doors
AluDoor,Interior MDF Door,Interior,MDF,Solid,Bedroom,90x210 cm,Medium,7.2,Piece,Per_Room,1,Bedroom,False,5569,Doors,Interior,Not Applicable,Medium: 5307 - 9745,1,5569,Doors
Security Doors,Aluminum Balcony Door,Balcony,Aluminum,Sliding,Balcony,180x220 cm,Medium,7.4,Piece,Per_Balcony,1,Balcony,False,5830,Doors,Balcony,Not Applicable,Medium: 5307 - 9745,1,5830,Doors
Security Doors,Armored Security Door,Entrance,Steel,Armored,Main Entrance,100x220 cm,High,8.9,Piece,Fixed,1,Apartment,False,10298,Doors,Entrance,Not Applicable,High: > 9745,1,10298,Doors
WPC Brand,Aluminum Balcony Door,Balcony,Aluminum,Sliding,Balcony,180x220 cm,Low,7.4,Piece,Per_Balcony,1,Balcony,False,4689,Doors,Balcony,Not Applicable,Low: <= 5307,1,4689,Doors
WPC Brand,Interior MDF Door,Interior,MDF,Solid,Bedroom,90x210 cm,Low,7.2,Piece,Per_Room,1,Bedroom,False,4683,Doors,Interior,Not Applicable,Low: <= 5307,1,4683,Doors
Security Doors,Interior MDF Door,Interior,MDF,Solid,Bedroom,90x210 cm,Medium,7.2,Piece,Per_Room,1,Bedroom,False,5462,Doors,Interior,Not Applicable,Medium: 5307 - 9745,1,5462,Doors
WPC Brand,Armored Security Door,Entrance,Steel,Armored,Main Entrance,100x220 cm,High,8.9,Piece,Fixed,1,Apartment,False,11166,Doors,Entrance,Not Applicable,High: > 9745,1,11166,Doors
AluDoor,Armored Security Door,Entrance,Steel,Armored,Main Entrance,100x220 cm,High,8.9,Piece,Fixed,1,Apartment,False,13850,Doors,Entrance,Not Applicable,High: > 9745,1,13850,Doors
Security Doors,Interior MDF Door,Interior,MDF,Solid,Bedroom,90x210 cm,Low,7.2,Piece,Per_Room,1,Bedroom,False,3979,Doors,Interior,Not Applicable,Low: <= 5307,1,3979,Doors
DoorTech,Aluminum Balcony Door,Balcony,Aluminum,Sliding,Balcony,180x220 cm,Medium,7.4,Piece,Per_Balcony,1,Balcony,False,6121,Doors,Balcony,Not Applicable,Medium: 5307 - 9745,1,6121,Doors
Security Doors,Interior MDF Door,Interior,MDF,Solid,Bedroom,90x210 cm,Low,7.2,Piece,Per_Room,1,Bedroom,False,5035,Doors,Interior,Not Applicable,Low: <= 5307,1,5035,Doors
Security Doors,Armored Security Door,Entrance,Steel,Armored,Main Entrance,100x220 cm,High,8.9,Piece,Fixed,1,Apartment,False,14040,Doors,Entrance,Not Applicable,High: > 9745,1,14040,Doors
WoodCraft,Aluminum Balcony Door,Balcony,Aluminum,Sliding,Balcony,180x220 cm,Medium,7.4,Piece,Per_Balcony,1,Balcony,False,7429,Doors,Balcony,Not Applicable,Medium: 5307 - 9745,1,7429,Doors
WoodCraft,Aluminum Balcony Door,Balcony,Aluminum,Sliding,Balcony,180x220 cm,Medium,7.4,Piece,Per_Balcony,1,Balcony,False,5716,Doors,Balcony,Not Applicable,Medium: 5307 - 9745,1,5716,Doors
AluDoor,Aluminum Balcony Door,Balcony,Aluminum,Sliding,Balcony,180x220 cm,Medium,7.4,Piece,Per_Balcony,1,Balcony,False,5439,Doors,Balcony,Not Applicable,Medium: 5307 - 9745,1,5439,Doors
Security Doors,Aluminum Balcony Door,Balcony,Aluminum,Sliding,Balcony,180x220 cm,Medium,7.4,Piece,Per_Balcony,1,Balcony,False,5526,Doors,Balcony,Not Applicable,Medium: 5307 - 9745,1,5526,Doors
Security Doors,Armored Security Door,Entrance,Steel,Armored,Main Entrance,100x220 cm,High,8.9,Piece,Fixed,1,Apartment,False,11323,Doors,Entrance,Not Applicable,High: > 9745,1,11323,Doors
AluDoor,Armored Security Door,Entrance,Steel,Armored,Main Entrance,100x220 cm,High,8.9,Piece,Fixed,1,Apartment,False,11823,Doors,Entrance,Not Applicable,High: > 9745,1,11823,Doors
Security Doors,Interior MDF Door,Interior,MDF,Solid,Bedroom,90x210 cm,Low,7.2,Piece,Per_Room,1,Bedroom,False,3861,Doors,Interior,Not Applicable,Low: <= 5307,1,3861,Doors
AluDoor,Armored Security Door,Entrance,Steel,Armored,Main Entrance,100x220 cm,High,8.9,Piece,Fixed,1,Apartment,False,10876,Doors,Entrance,Not Applicable,High: > 9745,1,10876,Doors
AluDoor,Armored Security Door,Entrance,Steel,Armored,Main Entrance,100x220 cm,High,8.9,Piece,Fixed,1,Apartment,False,13900,Doors,Entrance,Not Applicable,High: > 9745,1,13900,Doors
WPC Brand,Interior MDF Door,Interior,MDF,Solid,Bedroom,90x210 cm,Medium,7.2,Piece,Per_Room,1,Bedroom,False,5654,Doors,Interior,Not Applicable,Medium: 5307 - 9745,1,5654,Doors
Security Doors,Aluminum Balcony Door,Balcony,Aluminum,Sliding,Balcony,180x220 cm,Medium,7.4,Piece,Per_Balcony,1,Balcony,False,5924,Doors,Balcony,Not Applicable,Medium: 5307 - 9745,1,5924,Doors
WoodCraft,Aluminum Balcony Door,Balcony,Aluminum,Sliding,Balcony,180x220 cm,Medium,7.4,Piece,Per_Balcony,1,Balcony,False,5732,Doors,Balcony,Not Applicable,Medium: 5307 - 9745,1,5732,Doors
AluDoor,Armored Security Door,Entrance,Steel,Armored,Main Entrance,100x220 cm,High,8.9,Piece,Fixed,1,Apartment,False,12219,Doors,Entrance,Not Applicable,High: > 9745,1,12219,Doors
WPC Brand,Aluminum Balcony Door,Balcony,Aluminum,Sliding,Balcony,180x220 cm,Low,7.4,Piece,Per_Balcony,1,Balcony,False,5307,Doors,Balcony,Not Applicable,Low: <= 5307,1,5307,Doors
AluDoor,Interior MDF Door,Interior,MDF,Solid,Bedroom,90x210 cm,Low,7.2,Piece,Per_Room,1,Bedroom,False,3253,Doors,Interior,Not Applicable,Low: <= 5307,1,3253,Doors
DoorTech,Armored Security Door,Entrance,Steel,Armored,Main Entrance,100x220 cm,High,8.9,Piece,Fixed,1,Apartment,False,10559,Doors,Entrance,Not Applicable,High: > 9745,1,10559,Doors
DoorTech,Aluminum Balcony Door,Balcony,Aluminum,Sliding,Balcony,180x220 cm,Medium,7.4,Piece,Per_Balcony,1,Balcony,False,7026,Doors,Balcony,Not Applicable,Medium: 5307 - 9745,1,7026,Doors
DoorTech,Interior MDF Door,Interior,MDF,Solid,Bedroom,90x210 cm,Low,7.2,Piece,Per_Room,1,Bedroom,False,3844,Doors,Interior,Not Applicable,Low: <= 5307,1,3844,Doors
WPC Brand,Armored Security Door,Entrance,Steel,Armored,Main Entrance,100x220 cm,High,8.9,Piece,Fixed,1,Apartment,False,11872,Doors,Entrance,Not Applicable,High: > 9745,1,11872,Doors
WoodCraft,Interior MDF Door,Interior,MDF,Solid,Bedroom,90x210 cm,Low,7.2,Piece,Per_Room,1,Bedroom,False,5189,Doors,Interior,Not Applicable,Low: <= 5307,1,5189,Doors
WPC Brand,Aluminum Balcony Door,Balcony,Aluminum,Sliding,Balcony,180x220 cm,Medium,7.4,Piece,Per_Balcony,1,Balcony,False,5767,Doors,Balcony,Not Applicable,Medium: 5307 - 9745,1,5767,Doors
WPC Brand,Armored Security Door,Entrance,Steel,Armored,Main Entrance,100x220 cm,High,8.9,Piece,Fixed,1,Apartment,False,13337,Doors,Entrance,Not Applicable,High: > 9745,1,13337,Doors
AluDoor,Armored Security Door,Entrance,Steel,Armored,Main Entrance,100x220 cm,High,8.9,Piece,Fixed,1,Apartment,False,10656,Doors,Entrance,Not Applicable,High: > 9745,1,10656,Doors
WPC Brand,Interior MDF Door,Interior,MDF,Solid,Bedroom,90x210 cm,Low,7.2,Piece,Per_Room,1,Bedroom,False,3754,Doors,Interior,Not Applicable,Low: <= 5307,1,3754,Doors
WoodCraft,Aluminum Balcony Door,Balcony,Aluminum,Sliding,Balcony,180x220 cm,Low,7.4,Piece,Per_Balcony,1,Balcony,False,4855,Doors,Balcony,Not Applicable,Low: <= 5307,1,4855,Doors
Security Doors,Aluminum Balcony Door,Balcony,Aluminum,Sliding,Balcony,180x220 cm,Low,7.4,Piece,Per_Balcony,1,Balcony,False,4655,Doors,Balcony,Not Applicable,Low: <= 5307,1,4655,Doors
WPC Brand,Interior MDF Door,Interior,MDF,Solid,Bedroom,90x210 cm,Low,7.2,Piece,Per_Room,1,Bedroom,False,3734,Doors,Interior,Not Applicable,Low: <= 5307,1,3734,Doors
WPC Brand,Armored Security Door,Entrance,Steel,Armored,Main Entrance,100x220 cm,High,8.9,Piece,Fixed,1,Apartment,False,12089,Doors,Entrance,Not Applicable,High: > 9745,1,12089,Doors
AluDoor,Interior MDF Door,Interior,MDF,Solid,Bedroom,90x210 cm,Low,7.2,Piece,Per_Room,1,Bedroom,False,3759,Doors,Interior,Not Applicable,Low: <= 5307,1,3759,Doors
Security Doors,Aluminum Balcony Door,Balcony,Aluminum,Sliding,Balcony,180x220 cm,Medium,7.4,Piece,Per_Balcony,1,Balcony,False,6389,Doors,Balcony,Not Applicable,Medium: 5307 - 9745,1,6389,Doors
DoorTech,Aluminum Balcony Door,Balcony,Aluminum,Sliding,Balcony,180x220 cm,Medium,7.4,Piece,Per_Balcony,1,Balcony,False,7291,Doors,Balcony,Not Applicable,Medium: 5307 - 9745,1,7291,Doors
Security Doors,Armored Security Door,Entrance,Steel,Armored,Main Entrance,100x220 cm,High,8.9,Piece,Fixed,1,Apartment,False,14484,Doors,Entrance,Not Applicable,High: > 9745,1,14484,Doors
DoorTech,Aluminum Balcony Door,Balcony,Aluminum,Sliding,Balcony,180x220 cm,Medium,7.4,Piece,Per_Balcony,1,Balcony,False,6401,Doors,Balcony,Not Applicable,Medium: 5307 - 9745,1,6401,Doors
WPC Brand,Armored Security Door,Entrance,Steel,Armored,Main Entrance,100x220 cm,High,8.9,Piece,Fixed,1,Apartment,False,13482,Doors,Entrance,Not Applicable,High: > 9745,1,13482,Doors
WPC Brand,Aluminum Balcony Door,Balcony,Aluminum,Sliding,Balcony,180x220 cm,Medium,7.4,Piece,Per_Balcony,1,Balcony,False,7312,Doors,Balcony,Not Applicable,Medium: 5307 - 9745,1,7312,Doors
DoorTech,Armored Security Door,Entrance,Steel,Armored,Main Entrance,100x220 cm,High,8.9,Piece,Fixed,1,Apartment,False,13451,Doors,Entrance,Not Applicable,High: > 9745,1,13451,Doors
DoorTech,Armored Security Door,Entrance,Steel,Armored,Main Entrance,100x220 cm,High,8.9,Piece,Fixed,1,Apartment,False,12436,Doors,Entrance,Not Applicable,High: > 9745,1,12436,Doors
DoorTech,Aluminum Balcony Door,Balcony,Aluminum,Sliding,Balcony,180x220 cm,Medium,7.4,Piece,Per_Balcony,1,Balcony,False,7402,Doors,Balcony,Not Applicable,Medium: 5307 - 9745,1,7402,Doors
AluDoor,Interior MDF Door,Interior,MDF,Solid,Bedroom,90x210 cm,Low,7.2,Piece,Per_Room,1,Bedroom,False,5287,Doors,Interior,Not Applicable,Low: <= 5307,1,5287,Doors
Security Doors,Armored Security Door,Entrance,Steel,Armored,Main Entrance,100x220 cm,High,8.9,Piece,Fixed,1,Apartment,False,10337,Doors,Entrance,Not Applicable,High: > 9745,1,10337,Doors
WPC Brand,Armored Security Door,Entrance,Steel,Armored,Main Entrance,100x220 cm,High,8.9,Piece,Fixed,1,Apartment,False,11623,Doors,Entrance,Not Applicable,High: > 9745,1,11623,Doors
DoorTech,Armored Security Door,Entrance,Steel,Armored,Main Entrance,100x220 cm,High,8.9,Piece,Fixed,1,Apartment,False,12950,Doors,Entrance,Not Applicable,High: > 9745,1,12950,Doors
AluDoor,Aluminum Balcony Door,Balcony,Aluminum,Sliding,Balcony,180x220 cm,Medium,7.4,Piece,Per_Balcony,1,Balcony,False,6263,Doors,Balcony,Not Applicable,Medium: 5307 - 9745,1,6263,Doors
DoorTech,Aluminum Balcony Door,Balcony,Aluminum,Sliding,Balcony,180x220 cm,Medium,7.4,Piece,Per_Balcony,1,Balcony,False,6938,Doors,Balcony,Not Applicable,Medium: 5307 - 9745,1,6938,Doors
WoodCraft,Armored Security Door,Entrance,Steel,Armored,Main Entrance,100x220 cm,High,8.9,Piece,Fixed,1,Apartment,False,10292,Doors,Entrance,Not Applicable,High: > 9745,1,10292,Doors
Security Doors,Aluminum Balcony Door,Balcony,Aluminum,Sliding,Balcony,180x220 cm,Medium,7.4,Piece,Per_Balcony,1,Balcony,False,7110,Doors,Balcony,Not Applicable,Medium: 5307 - 9745,1,7110,Doors
AluDoor,Armored Security Door,Entrance,Steel,Armored,Main Entrance,100x220 cm,High,8.9,Piece,Fixed,1,Apartment,False,9953,Doors,Entrance,Not Applicable,High: > 9745,1,9953,Doors
DoorTech,Armored Security Door,Entrance,Steel,Armored,Main Entrance,100x220 cm,High,8.9,Piece,Fixed,1,Apartment,False,11269,Doors,Entrance,Not Applicable,High: > 9745,1,11269,Doors
WoodCraft,Armored Security Door,Entrance,Steel,Armored,Main Entrance,100x220 cm,High,8.9,Piece,Fixed,1,Apartment,False,13564,Doors,Entrance,Not Applicable,High: > 9745,1,13564,Doors
Security Doors,Interior MDF Door,Interior,MDF,Solid,Bedroom,90x210 cm,Low,7.2,Piece,Per_Room,1,Bedroom,False,4756,Doors,Interior,Not Applicable,Low: <= 5307,1,4756,Doors
WoodCraft,Aluminum Balcony Door,Balcony,Aluminum,Sliding,Balcony,180x220 cm,Medium,7.4,Piece,Per_Balcony,1,Balcony,False,5436,Doors,Balcony,Not Applicable,Medium: 5307 - 9745,1,5436,Doors
WPC Brand,Interior MDF Door,Interior,MDF,Solid,Bedroom,90x210 cm,Low,7.2,Piece,Per_Room,1,Bedroom,False,4723,Doors,Interior,Not Applicable,Low: <= 5307,1,4723,Doors
WoodCraft,Aluminum Balcony Door,Balcony,Aluminum,Sliding,Balcony,180x220 cm,Medium,7.4,Piece,Per_Balcony,1,Balcony,False,6168,Doors,Balcony,Not Applicable,Medium: 5307 - 9745,1,6168,Doors
Security Doors,Interior MDF Door,Interior,MDF,Solid,Bedroom,90x210 cm,Low,7.2,Piece,Per_Room,1,Bedroom,False,4300,Doors,Interior,Not Applicable,Low: <= 5307,1,4300,Doors
WoodCraft,Aluminum Balcony Door,Balcony,Aluminum,Sliding,Balcony,180x220 cm,Medium,7.4,Piece,Per_Balcony,1,Balcony,False,5458,Doors,Balcony,Not Applicable,Medium: 5307 - 9745,1,5458,Doors
WoodCraft,Armored Security Door,Entrance,Steel,Armored,Main Entrance,100x220 cm,High,8.9,Piece,Fixed,1,Apartment,False,12146,Doors,Entrance,Not Applicable,High: > 9745,1,12146,Doors
AluDoor,Armored Security Door,Entrance,Steel,Armored,Main Entrance,100x220 cm,High,8.9,Piece,Fixed,1,Apartment,False,12137,Doors,Entrance,Not Applicable,High: > 9745,1,12137,Doors
Security Doors,Aluminum Balcony Door,Balcony,Aluminum,Sliding,Balcony,180x220 cm,Medium,7.4,Piece,Per_Balcony,1,Balcony,False,5943,Doors,Balcony,Not Applicable,Medium: 5307 - 9745,1,5943,Doors
AluDoor,Armored Security Door,Entrance,Steel,Armored,Main Entrance,100x220 cm,High,8.9,Piece,Fixed,1,Apartment,False,14185,Doors,Entrance,Not Applicable,High: > 9745,1,14185,Doors
DoorTech,Armored Security Door,Entrance,Steel,Armored,Main Entrance,100x220 cm,High,8.9,Piece,Fixed,1,Apartment,False,10480,Doors,Entrance,Not Applicable,High: > 9745,1,10480,Doors
AluDoor,Interior MDF Door,Interior,MDF,Solid,Bedroom,90x210 cm,Low,7.2,Piece,Per_Room,1,Bedroom,False,5272,Doors,Interior,Not Applicable,Low: <= 5307,1,5272,Doors
DoorTech,Armored Security Door,Entrance,Steel,Armored,Main Entrance,100x220 cm,High,8.9,Piece,Fixed,1,Apartment,False,10513,Doors,Entrance,Not Applicable,High: > 9745,1,10513,Doors
DoorTech,Armored Security Door,Entrance,Steel,Armored,Main Entrance,100x220 cm,High,8.9,Piece,Fixed,1,Apartment,False,12182,Doors,Entrance,Not Applicable,High: > 9745,1,12182,Doors
WoodCraft,Aluminum Balcony Door,Balcony,Aluminum,Sliding,Balcony,180x220 cm,Medium,7.4,Piece,Per_Balcony,1,Balcony,False,6311,Doors,Balcony,Not Applicable,Medium: 5307 - 9745,1,6311,Doors
Security Doors,Armored Security Door,Entrance,Steel,Armored,Main Entrance,100x220 cm,High,8.9,Piece,Fixed,1,Apartment,False,10090,Doors,Entrance,Not Applicable,High: > 9745,1,10090,Doors
AluDoor,Armored Security Door,Entrance,Steel,Armored,Main Entrance,100x220 cm,High,8.9,Piece,Fixed,1,Apartment,False,13843,Doors,Entrance,Not Applicable,High: > 9745,1,13843,Doors
WPC Brand,Armored Security Door,Entrance,Steel,Armored,Main Entrance,100x220 cm,High,8.9,Piece,Fixed,1,Apartment,False,10709,Doors,Entrance,Not Applicable,High: > 9745,1,10709,Doors
DoorTech,Armored Security Door,Entrance,Steel,Armored,Main Entrance,100x220 cm,High,8.9,Piece,Fixed,1,Apartment,False,11363,Doors,Entrance,Not Applicable,High: > 9745,1,11363,Doors
WoodCraft,Aluminum Balcony Door,Balcony,Aluminum,Sliding,Balcony,180x220 cm,Medium,7.4,Piece,Per_Balcony,1,Balcony,False,5919,Doors,Balcony,Not Applicable,Medium: 5307 - 9745,1,5919,Doors
WPC Brand,Interior MDF Door,Interior,MDF,Solid,Bedroom,90x210 cm,Low,7.2,Piece,Per_Room,1,Bedroom,False,4345,Doors,Interior,Not Applicable,Low: <= 5307,1,4345,Doors
WPC Brand,Interior MDF Door,Interior,MDF,Solid,Bedroom,90x210 cm,Low,7.2,Piece,Per_Room,1,Bedroom,False,4531,Doors,Interior,Not Applicable,Low: <= 5307,1,4531,Doors
Security Doors,Interior MDF Door,Interior,MDF,Solid,Bedroom,90x210 cm,Medium,7.2,Piece,Per_Room,1,Bedroom,False,5357,Doors,Interior,Not Applicable,Medium: 5307 - 9745,1,5357,Doors
WoodCraft,Interior MDF Door,Interior,MDF,Solid,Bedroom,90x210 cm,Medium,7.2,Piece,Per_Room,1,Bedroom,False,5703,Doors,Interior,Not Applicable,Medium: 5307 - 9745,1,5703,Doors
Security Doors,Aluminum Balcony Door,Balcony,Aluminum,Sliding,Balcony,180x220 cm,Medium,7.4,Piece,Per_Balcony,1,Balcony,False,6347,Doors,Balcony,Not Applicable,Medium: 5307 - 9745,1,6347,Doors
Security Doors,Armored Security Door,Entrance,Steel,Armored,Main Entrance,100x220 cm,High,8.9,Piece,Fixed,1,Apartment,False,12373,Doors,Entrance,Not Applicable,High: > 9745,1,12373,Doors
DoorTech,Aluminum Balcony Door,Balcony,Aluminum,Sliding,Balcony,180x220 cm,Medium,7.4,Piece,Per_Balcony,1,Balcony,False,6447,Doors,Balcony,Not Applicable,Medium: 5307 - 9745,1,6447,Doors
WPC Brand,Interior MDF Door,Interior,MDF,Solid,Bedroom,90x210 cm,Low,7.2,Piece,Per_Room,1,Bedroom,False,4488,Doors,Interior,Not Applicable,Low: <= 5307,1,4488,Doors
WPC Brand,Interior MDF Door,Interior,MDF,Solid,Bedroom,90x210 cm,Low,7.2,Piece,Per_Room,1,Bedroom,False,4259,Doors,Interior,Not Applicable,Low: <= 5307,1,4259,Doors
Security Doors,Interior MDF Door,Interior,MDF,Solid,Bedroom,90x210 cm,Low,7.2,Piece,Per_Room,1,Bedroom,False,4587,Doors,Interior,Not Applicable,Low: <= 5307,1,4587,Doors
AluDoor,Armored Security Door,Entrance,Steel,Armored,Main Entrance,100x220 cm,High,8.9,Piece,Fixed,1,Apartment,False,12844,Doors,Entrance,Not Applicable,High: > 9745,1,12844,Doors
Security Doors,Interior MDF Door,Interior,MDF,Solid,Bedroom,90x210 cm,Low,7.2,Piece,Per_Room,1,Bedroom,False,3376,Doors,Interior,Not Applicable,Low: <= 5307,1,3376,Doors
WoodCraft,Aluminum Balcony Door,Balcony,Aluminum,Sliding,Balcony,180x220 cm,Medium,7.4,Piece,Per_Balcony,1,Balcony,False,6373,Doors,Balcony,Not Applicable,Medium: 5307 - 9745,1,6373,Doors
WoodCraft,Interior MDF Door,Interior,MDF,Solid,Bedroom,90x210 cm,Low,7.2,Piece,Per_Room,1,Bedroom,False,3516,Doors,Interior,Not Applicable,Low: <= 5307,1,3516,Doors
Security Doors,Armored Security Door,Entrance,Steel,Armored,Main Entrance,100x220 cm,High,8.9,Piece,Fixed,1,Apartment,False,14438,Doors,Entrance,Not Applicable,High: > 9745,1,14438,Doors
WoodCraft,Armored Security Door,Entrance,Steel,Armored,Main Entrance,100x220 cm,High,8.9,Piece,Fixed,1,Apartment,False,11278,Doors,Entrance,Not Applicable,High: > 9745,1,11278,Doors
WPC Brand,Armored Security Door,Entrance,Steel,Armored,Main Entrance,100x220 cm,High,8.9,Piece,Fixed,1,Apartment,False,10047,Doors,Entrance,Not Applicable,High: > 9745,1,10047,Doors
WPC Brand,Armored Security Door,Entrance,Steel,Armored,Main Entrance,100x220 cm,High,8.9,Piece,Fixed,1,Apartment,False,12557,Doors,Entrance,Not Applicable,High: > 9745,1,12557,Doors
DoorTech,Armored Security Door,Entrance,Steel,Armored,Main Entrance,100x220 cm,High,8.9,Piece,Fixed,1,Apartment,False,12130,Doors,Entrance,Not Applicable,High: > 9745,1,12130,Doors
AluDoor,Aluminum Balcony Door,Balcony,Aluminum,Sliding,Balcony,180x220 cm,Medium,7.4,Piece,Per_Balcony,1,Balcony,False,7208,Doors,Balcony,Not Applicable,Medium: 5307 - 9745,1,7208,Doors
AluDoor,Armored Security Door,Entrance,Steel,Armored,Main Entrance,100x220 cm,High,8.9,Piece,Fixed,1,Apartment,False,10017,Doors,Entrance,Not Applicable,High: > 9745,1,10017,Doors
Security Doors,Armored Security Door,Entrance,Steel,Armored,Main Entrance,100x220 cm,High,8.9,Piece,Fixed,1,Apartment,False,13132,Doors,Entrance,Not Applicable,High: > 9745,1,13132,Doors
WPC Brand,Interior MDF Door,Interior,MDF,Solid,Bedroom,90x210 cm,Medium,7.2,Piece,Per_Room,1,Bedroom,False,5393,Doors,Interior,Not Applicable,Medium: 5307 - 9745,1,5393,Doors
Security Doors,Aluminum Balcony Door,Balcony,Aluminum,Sliding,Balcony,180x220 cm,Medium,7.4,Piece,Per_Balcony,1,Balcony,False,6874,Doors,Balcony,Not Applicable,Medium: 5307 - 9745,1,6874,Doors
AluDoor,Interior MDF Door,Interior,MDF,Solid,Bedroom,90x210 cm,Low,7.2,Piece,Per_Room,1,Bedroom,False,4849,Doors,Interior,Not Applicable,Low: <= 5307,1,4849,Doors
DoorTech,Aluminum Balcony Door,Balcony,Aluminum,Sliding,Balcony,180x220 cm,Medium,7.4,Piece,Per_Balcony,1,Balcony,False,7059,Doors,Balcony,Not Applicable,Medium: 5307 - 9745,1,7059,Doors
WPC Brand,Aluminum Balcony Door,Balcony,Aluminum,Sliding,Balcony,180x220 cm,Medium,7.4,Piece,Per_Balcony,1,Balcony,False,6207,Doors,Balcony,Not Applicable,Medium: 5307 - 9745,1,6207,Doors
Security Doors,Interior MDF Door,Interior,MDF,Solid,Bedroom,90x210 cm,Low,7.2,Piece,Per_Room,1,Bedroom,False,3486,Doors,Interior,Not Applicable,Low: <= 5307,1,3486,Doors
DoorTech,Armored Security Door,Entrance,Steel,Armored,Main Entrance,100x220 cm,High,8.9,Piece,Fixed,1,Apartment,False,11333,Doors,Entrance,Not Applicable,High: > 9745,1,11333,Doors
WoodCraft,Interior MDF Door,Interior,MDF,Solid,Bedroom,90x210 cm,Medium,7.2,Piece,Per_Room,1,Bedroom,False,5483,Doors,Interior,Not Applicable,Medium: 5307 - 9745,1,5483,Doors
WPC Brand,Aluminum Balcony Door,Balcony,Aluminum,Sliding,Balcony,180x220 cm,Medium,7.4,Piece,Per_Balcony,1,Balcony,False,5704,Doors,Balcony,Not Applicable,Medium: 5307 - 9745,1,5704,Doors
WPC Brand,Armored Security Door,Entrance,Steel,Armored,Main Entrance,100x220 cm,High,8.9,Piece,Fixed,1,Apartment,False,10275,Doors,Entrance,Not Applicable,High: > 9745,1,10275,Doors
DoorTech,Armored Security Door,Entrance,Steel,Armored,Main Entrance,100x220 cm,High,8.9,Piece,Fixed,1,Apartment,False,10163,Doors,Entrance,Not Applicable,High: > 9745,1,10163,Doors
WoodCraft,Armored Security Door,Entrance,Steel,Armored,Main Entrance,100x220 cm,High,8.9,Piece,Fixed,1,Apartment,False,10439,Doors,Entrance,Not Applicable,High: > 9745,1,10439,Doors
DoorTech,Interior MDF Door,Interior,MDF,Solid,Bedroom,90x210 cm,Medium,7.2,Piece,Per_Room,1,Bedroom,False,5604,Doors,Interior,Not Applicable,Medium: 5307 - 9745,1,5604,Doors
AluDoor,Armored Security Door,Entrance,Steel,Armored,Main Entrance,100x220 cm,High,8.9,Piece,Fixed,1,Apartment,False,13358,Doors,Entrance,Not Applicable,High: > 9745,1,13358,Doors
AluDoor,Aluminum Balcony Door,Balcony,Aluminum,Sliding,Balcony,180x220 cm,Low,7.4,Piece,Per_Balcony,1,Balcony,False,5033,Doors,Balcony,Not Applicable,Low: <= 5307,1,5033,Doors
AluDoor,Aluminum Balcony Door,Balcony,Aluminum,Sliding,Balcony,180x220 cm,Medium,7.4,Piece,Per_Balcony,1,Balcony,False,7295,Doors,Balcony,Not Applicable,Medium: 5307 - 9745,1,7295,Doors
WPC Brand,Interior MDF Door,Interior,MDF,Solid,Bedroom,90x210 cm,Low,7.2,Piece,Per_Room,1,Bedroom,False,5046,Doors,Interior,Not Applicable,Low: <= 5307,1,5046,Doors
DoorTech,Aluminum Balcony Door,Balcony,Aluminum,Sliding,Balcony,180x220 cm,Medium,7.4,Piece,Per_Balcony,1,Balcony,False,7121,Doors,Balcony,Not Applicable,Medium: 5307 - 9745,1,7121,Doors
DoorTech,Interior MDF Door,Interior,MDF,Solid,Bedroom,90x210 cm,Low,7.2,Piece,Per_Room,1,Bedroom,False,4375,Doors,Interior,Not Applicable,Low: <= 5307,1,4375,Doors
Security Doors,Armored Security Door,Entrance,Steel,Armored,Main Entrance,100x220 cm,High,8.9,Piece,Fixed,1,Apartment,False,11749,Doors,Entrance,Not Applicable,High: > 9745,1,11749,Doors
WoodCraft,Interior MDF Door,Interior,MDF,Solid,Bedroom,90x210 cm,Low,7.2,Piece,Per_Room,1,Bedroom,False,4855,Doors,Interior,Not Applicable,Low: <= 5307,1,4855,Doors
WPC Brand,Aluminum Balcony Door,Balcony,Aluminum,Sliding,Balcony,180x220 cm,Medium,7.4,Piece,Per_Balcony,1,Balcony,False,6820,Doors,Balcony,Not Applicable,Medium: 5307 - 9745,1,6820,Doors
WPC Brand,Aluminum Balcony Door,Balcony,Aluminum,Sliding,Balcony,180x220 cm,Low,7.4,Piece,Per_Balcony,1,Balcony,False,4632,Doors,Balcony,Not Applicable,Low: <= 5307,1,4632,Doors
AluDoor,Armored Security Door,Entrance,Steel,Armored,Main Entrance,100x220 cm,High,8.9,Piece,Fixed,1,Apartment,False,10413,Doors,Entrance,Not Applicable,High: > 9745,1,10413,Doors
DoorTech,Aluminum Balcony Door,Balcony,Aluminum,Sliding,Balcony,180x220 cm,Low,7.4,Piece,Per_Balcony,1,Balcony,False,5112,Doors,Balcony,Not Applicable,Low: <= 5307,1,5112,Doors
WPC Brand,Interior MDF Door,Interior,MDF,Solid,Bedroom,90x210 cm,Low,7.2,Piece,Per_Room,1,Bedroom,False,5034,Doors,Interior,Not Applicable,Low: <= 5307,1,5034,Doors
AluDoor,Interior MDF Door,Interior,MDF,Solid,Bedroom,90x210 cm,Medium,7.2,Piece,Per_Room,1,Bedroom,False,5604,Doors,Interior,Not Applicable,Medium: 5307 - 9745,1,5604,Doors
Security Doors,Aluminum Balcony Door,Balcony,Aluminum,Sliding,Balcony,180x220 cm,Medium,7.4,Piece,Per_Balcony,1,Balcony,False,6679,Doors,Balcony,Not Applicable,Medium: 5307 - 9745,1,6679,Doors
WPC Brand,Interior MDF Door,Interior,MDF,Solid,Bedroom,90x210 cm,Medium,7.2,Piece,Per_Room,1,Bedroom,False,5627,Doors,Interior,Not Applicable,Medium: 5307 - 9745,1,5627,Doors
Security Doors,Armored Security Door,Entrance,Steel,Armored,Main Entrance,100x220 cm,High,8.9,Piece,Fixed,1,Apartment,False,12790,Doors,Entrance,Not Applicable,High: > 9745,1,12790,Doors
AluDoor,Aluminum Balcony Door,Balcony,Aluminum,Sliding,Balcony,180x220 cm,Medium,7.4,Piece,Per_Balcony,1,Balcony,False,7171,Doors,Balcony,Not Applicable,Medium: 5307 - 9745,1,7171,Doors
Security Doors,Armored Security Door,Entrance,Steel,Armored,Main Entrance,100x220 cm,High,8.9,Piece,Fixed,1,Apartment,False,13897,Doors,Entrance,Not Applicable,High: > 9745,1,13897,Doors
Security Doors,Armored Security Door,Entrance,Steel,Armored,Main Entrance,100x220 cm,High,8.9,Piece,Fixed,1,Apartment,False,10633,Doors,Entrance,Not Applicable,High: > 9745,1,10633,Doors
Security Doors,Aluminum Balcony Door,Balcony,Aluminum,Sliding,Balcony,180x220 cm,Medium,7.4,Piece,Per_Balcony,1,Balcony,False,5833,Doors,Balcony,Not Applicable,Medium: 5307 - 9745,1,5833,Doors
WPC Brand,Aluminum Balcony Door,Balcony,Aluminum,Sliding,Balcony,180x220 cm,Low,7.4,Piece,Per_Balcony,1,Balcony,False,5060,Doors,Balcony,Not Applicable,Low: <= 5307,1,5060,Doors
AluDoor,Interior MDF Door,Interior,MDF,Solid,Bedroom,90x210 cm,Low,7.2,Piece,Per_Room,1,Bedroom,False,3320,Doors,Interior,Not Applicable,Low: <= 5307,1,3320,Doors
WPC Brand,Interior MDF Door,Interior,MDF,Solid,Bedroom,90x210 cm,Medium,7.2,Piece,Per_Room,1,Bedroom,False,5744,Doors,Interior,Not Applicable,Medium: 5307 - 9745,1,5744,Doors
Security Doors,Aluminum Balcony Door,Balcony,Aluminum,Sliding,Balcony,180x220 cm,Medium,7.4,Piece,Per_Balcony,1,Balcony,False,5721,Doors,Balcony,Not Applicable,Medium: 5307 - 9745,1,5721,Doors
DoorTech,Interior MDF Door,Interior,MDF,Solid,Bedroom,90x210 cm,Low,7.2,Piece,Per_Room,1,Bedroom,False,3201,Doors,Interior,Not Applicable,Low: <= 5307,1,3201,Doors
AluDoor,Interior MDF Door,Interior,MDF,Solid,Bedroom,90x210 cm,Low,7.2,Piece,Per_Room,1,Bedroom,False,3309,Doors,Interior,Not Applicable,Low: <= 5307,1,3309,Doors
DoorTech,Aluminum Balcony Door,Balcony,Aluminum,Sliding,Balcony,180x220 cm,Low,7.4,Piece,Per_Balcony,1,Balcony,False,4869,Doors,Balcony,Not Applicable,Low: <= 5307,1,4869,Doors
DoorTech,Armored Security Door,Entrance,Steel,Armored,Main Entrance,100x220 cm,High,8.9,Piece,Fixed,1,Apartment,False,12546,Doors,Entrance,Not Applicable,High: > 9745,1,12546,Doors
WoodCraft,Armored Security Door,Entrance,Steel,Armored,Main Entrance,100x220 cm,High,8.9,Piece,Fixed,1,Apartment,False,10262,Doors,Entrance,Not Applicable,High: > 9745,1,10262,Doors
WPC Brand,Armored Security Door,Entrance,Steel,Armored,Main Entrance,100x220 cm,High,8.9,Piece,Fixed,1,Apartment,False,13440,Doors,Entrance,Not Applicable,High: > 9745,1,13440,Doors
Security Doors,Interior MDF Door,Interior,MDF,Solid,Bedroom,90x210 cm,Low,7.2,Piece,Per_Room,1,Bedroom,False,5051,Doors,Interior,Not Applicable,Low: <= 5307,1,5051,Doors
Security Doors,Armored Security Door,Entrance,Steel,Armored,Main Entrance,100x220 cm,High,8.9,Piece,Fixed,1,Apartment,False,11118,Doors,Entrance,Not Applicable,High: > 9745,1,11118,Doors
Security Doors,Aluminum Balcony Door,Balcony,Aluminum,Sliding,Balcony,180x220 cm,Medium,7.4,Piece,Per_Balcony,1,Balcony,False,6719,Doors,Balcony,Not Applicable,Medium: 5307 - 9745,1,6719,Doors
DoorTech,Interior MDF Door,Interior,MDF,Solid,Bedroom,90x210 cm,Low,7.2,Piece,Per_Room,1,Bedroom,False,5086,Doors,Interior,Not Applicable,Low: <= 5307,1,5086,Doors
WPC Brand,Interior MDF Door,Interior,MDF,Solid,Bedroom,90x210 cm,Low,7.2,Piece,Per_Room,1,Bedroom,False,4480,Doors,Interior,Not Applicable,Low: <= 5307,1,4480,Doors
WoodCraft,Armored Security Door,Entrance,Steel,Armored,Main Entrance,100x220 cm,High,8.9,Piece,Fixed,1,Apartment,False,11125,Doors,Entrance,Not Applicable,High: > 9745,1,11125,Doors
Security Doors,Interior MDF Door,Interior,MDF,Solid,Bedroom,90x210 cm,Medium,7.2,Piece,Per_Room,1,Bedroom,False,5593,Doors,Interior,Not Applicable,Medium: 5307 - 9745,1,5593,Doors
AluDoor,Interior MDF Door,Interior,MDF,Solid,Bedroom,90x210 cm,Low,7.2,Piece,Per_Room,1,Bedroom,False,3827,Doors,Interior,Not Applicable,Low: <= 5307,1,3827,Doors
AluDoor,Aluminum Balcony Door,Balcony,Aluminum,Sliding,Balcony,180x220 cm,Medium,7.4,Piece,Per_Balcony,1,Balcony,False,5864,Doors,Balcony,Not Applicable,Medium: 5307 - 9745,1,5864,Doors
WoodCraft,Armored Security Door,Entrance,Steel,Armored,Main Entrance,100x220 cm,High,8.9,Piece,Fixed,1,Apartment,False,12246,Doors,Entrance,Not Applicable,High: > 9745,1,12246,Doors
WPC Brand,Aluminum Balcony Door,Balcony,Aluminum,Sliding,Balcony,180x220 cm,Medium,7.4,Piece,Per_Balcony,1,Balcony,False,5381,Doors,Balcony,Not Applicable,Medium: 5307 - 9745,1,5381,Doors
AluDoor,Aluminum Balcony Door,Balcony,Aluminum,Sliding,Balcony,180x220 cm,Low,7.4,Piece,Per_Balcony,1,Balcony,False,4527,Doors,Balcony,Not Applicable,Low: <= 5307,1,4527,Doors
DoorTech,Interior MDF Door,Interior,MDF,Solid,Bedroom,90x210 cm,Low,7.2,Piece,Per_Room,1,Bedroom,False,5177,Doors,Interior,Not Applicable,Low: <= 5307,1,5177,Doors
WoodCraft,Aluminum Balcony Door,Balcony,Aluminum,Sliding,Balcony,180x220 cm,Medium,7.4,Piece,Per_Balcony,1,Balcony,False,6493,Doors,Balcony,Not Applicable,Medium: 5307 - 9745,1,6493,Doors
Security Doors,Aluminum Balcony Door,Balcony,Aluminum,Sliding,Balcony,180x220 cm,Medium,7.4,Piece,Per_Balcony,1,Balcony,False,5553,Doors,Balcony,Not Applicable,Medium: 5307 - 9745,1,5553,Doors
WoodCraft,Aluminum Balcony Door,Balcony,Aluminum,Sliding,Balcony,180x220 cm,Medium,7.4,Piece,Per_Balcony,1,Balcony,False,6564,Doors,Balcony,Not Applicable,Medium: 5307 - 9745,1,6564,Doors
Security Doors,Armored Security Door,Entrance,Steel,Armored,Main Entrance,100x220 cm,Medium,8.9,Piece,Fixed,1,Apartment,False,9639,Doors,Entrance,Not Applicable,Medium: 5307 - 9745,1,9639,Doors
WoodCraft,Interior MDF Door,Interior,MDF,Solid,Bedroom,90x210 cm,Low,7.2,Piece,Per_Room,1,Bedroom,False,3290,Doors,Interior,Not Applicable,Low: <= 5307,1,3290,Doors
DoorTech,Armored Security Door,Entrance,Steel,Armored,Main Entrance,100x220 cm,High,8.9,Piece,Fixed,1,Apartment,False,11736,Doors,Entrance,Not Applicable,High: > 9745,1,11736,Doors
WoodCraft,Aluminum Balcony Door,Balcony,Aluminum,Sliding,Balcony,180x220 cm,Medium,7.4,Piece,Per_Balcony,1,Balcony,False,6541,Doors,Balcony,Not Applicable,Medium: 5307 - 9745,1,6541,Doors
Security Doors,Aluminum Balcony Door,Balcony,Aluminum,Sliding,Balcony,180x220 cm,Low,7.4,Piece,Per_Balcony,1,Balcony,False,5022,Doors,Balcony,Not Applicable,Low: <= 5307,1,5022,Doors
WPC Brand,Interior MDF Door,Interior,MDF,Solid,Bedroom,90x210 cm,Low,7.2,Piece,Per_Room,1,Bedroom,False,3305,Doors,Interior,Not Applicable,Low: <= 5307,1,3305,Doors
Security Doors,Interior MDF Door,Interior,MDF,Solid,Bedroom,90x210 cm,Low,7.2,Piece,Per_Room,1,Bedroom,False,3450,Doors,Interior,Not Applicable,Low: <= 5307,1,3450,Doors
DoorTech,Armored Security Door,Entrance,Steel,Armored,Main Entrance,100x220 cm,High,8.9,Piece,Fixed,1,Apartment,False,12844,Doors,Entrance,Not Applicable,High: > 9745,1,12844,Doors
DoorTech,Aluminum Balcony Door,Balcony,Aluminum,Sliding,Balcony,180x220 cm,Medium,7.4,Piece,Per_Balcony,1,Balcony,False,7219,Doors,Balcony,Not Applicable,Medium: 5307 - 9745,1,7219,Doors
WPC Brand,Armored Security Door,Entrance,Steel,Armored,Main Entrance,100x220 cm,High,8.9,Piece,Fixed,1,Apartment,False,14376,Doors,Entrance,Not Applicable,High: > 9745,1,14376,Doors
AluDoor,Aluminum Balcony Door,Balcony,Aluminum,Sliding,Balcony,180x220 cm,Medium,7.4,Piece,Per_Balcony,1,Balcony,False,6062,Doors,Balcony,Not Applicable,Medium: 5307 - 9745,1,6062,Doors
AluDoor,Aluminum Balcony Door,Balcony,Aluminum,Sliding,Balcony,180x220 cm,Medium,7.4,Piece,Per_Balcony,1,Balcony,False,6523,Doors,Balcony,Not Applicable,Medium: 5307 - 9745,1,6523,Doors
Security Doors,Aluminum Balcony Door,Balcony,Aluminum,Sliding,Balcony,180x220 cm,Low,7.4,Piece,Per_Balcony,1,Balcony,False,4672,Doors,Balcony,Not Applicable,Low: <= 5307,1,4672,Doors
DoorTech,Armored Security Door,Entrance,Steel,Armored,Main Entrance,100x220 cm,High,8.9,Piece,Fixed,1,Apartment,False,13061,Doors,Entrance,Not Applicable,High: > 9745,1,13061,Doors
Security Doors,Armored Security Door,Entrance,Steel,Armored,Main Entrance,100x220 cm,High,8.9,Piece,Fixed,1,Apartment,False,13400,Doors,Entrance,Not Applicable,High: > 9745,1,13400,Doors
Security Doors,Aluminum Balcony Door,Balcony,Aluminum,Sliding,Balcony,180x220 cm,Medium,7.4,Piece,Per_Balcony,1,Balcony,False,5357,Doors,Balcony,Not Applicable,Medium: 5307 - 9745,1,5357,Doors
DoorTech,Interior MDF Door,Interior,MDF,Solid,Bedroom,90x210 cm,Low,7.2,Piece,Per_Room,1,Bedroom,False,4656,Doors,Interior,Not Applicable,Low: <= 5307,1,4656,Doors
Security Doors,Interior MDF Door,Interior,MDF,Solid,Bedroom,90x210 cm,Low,7.2,Piece,Per_Room,1,Bedroom,False,3337,Doors,Interior,Not Applicable,Low: <= 5307,1,3337,Doors
WPC Brand,Armored Security Door,Entrance,Steel,Armored,Main Entrance,100x220 cm,High,8.9,Piece,Fixed,1,Apartment,False,13590,Doors,Entrance,Not Applicable,High: > 9745,1,13590,Doors
WoodCraft,Armored Security Door,Entrance,Steel,Armored,Main Entrance,100x220 cm,High,8.9,Piece,Fixed,1,Apartment,False,11552,Doors,Entrance,Not Applicable,High: > 9745,1,11552,Doors
DoorTech,Armored Security Door,Entrance,Steel,Armored,Main Entrance,100x220 cm,High,8.9,Piece,Fixed,1,Apartment,False,13095,Doors,Entrance,Not Applicable,High: > 9745,1,13095,Doors
Security Doors,Aluminum Balcony Door,Balcony,Aluminum,Sliding,Balcony,180x220 cm,Low,7.4,Piece,Per_Balcony,1,Balcony,False,4687,Doors,Balcony,Not Applicable,Low: <= 5307,1,4687,Doors
DoorTech,Aluminum Balcony Door,Balcony,Aluminum,Sliding,Balcony,180x220 cm,Medium,7.4,Piece,Per_Balcony,1,Balcony,False,5410,Doors,Balcony,Not Applicable,Medium: 5307 - 9745,1,5410,Doors
Security Doors,Aluminum Balcony Door,Balcony,Aluminum,Sliding,Balcony,180x220 cm,Medium,7.4,Piece,Per_Balcony,1,Balcony,False,6403,Doors,Balcony,Not Applicable,Medium: 5307 - 9745,1,6403,Doors
Security Doors,Armored Security Door,Entrance,Steel,Armored,Main Entrance,100x220 cm,High,8.9,Piece,Fixed,1,Apartment,False,13812,Doors,Entrance,Not Applicable,High: > 9745,1,13812,Doors
DoorTech,Aluminum Balcony Door,Balcony,Aluminum,Sliding,Balcony,180x220 cm,Low,7.4,Piece,Per_Balcony,1,Balcony,False,5157,Doors,Balcony,Not Applicable,Low: <= 5307,1,5157,Doors
AluDoor,Aluminum Balcony Door,Balcony,Aluminum,Sliding,Balcony,180x220 cm,Medium,7.4,Piece,Per_Balcony,1,Balcony,False,7043,Doors,Balcony,Not Applicable,Medium: 5307 - 9745,1,7043,Doors
AluDoor,Interior MDF Door,Interior,MDF,Solid,Bedroom,90x210 cm,Low,7.2,Piece,Per_Room,1,Bedroom,False,4550,Doors,Interior,Not Applicable,Low: <= 5307,1,4550,Doors
Security Doors,Aluminum Balcony Door,Balcony,Aluminum,Sliding,Balcony,180x220 cm,Medium,7.4,Piece,Per_Balcony,1,Balcony,False,6049,Doors,Balcony,Not Applicable,Medium: 5307 - 9745,1,6049,Doors
WoodCraft,Aluminum Balcony Door,Balcony,Aluminum,Sliding,Balcony,180x220 cm,Medium,7.4,Piece,Per_Balcony,1,Balcony,False,6228,Doors,Balcony,Not Applicable,Medium: 5307 - 9745,1,6228,Doors
DoorTech,Interior MDF Door,Interior,MDF,Solid,Bedroom,90x210 cm,Low,7.2,Piece,Per_Room,1,Bedroom,False,3238,Doors,Interior,Not Applicable,Low: <= 5307,1,3238,Doors
WPC Brand,Armored Security Door,Entrance,Steel,Armored,Main Entrance,100x220 cm,High,8.9,Piece,Fixed,1,Apartment,False,14296,Doors,Entrance,Not Applicable,High: > 9745,1,14296,Doors
WPC Brand,Interior MDF Door,Interior,MDF,Solid,Bedroom,90x210 cm,Low,7.2,Piece,Per_Room,1,Bedroom,False,4358,Doors,Interior,Not Applicable,Low: <= 5307,1,4358,Doors
AluDoor,Interior MDF Door,Interior,MDF,Solid,Bedroom,90x210 cm,Low,7.2,Piece,Per_Room,1,Bedroom,False,5302,Doors,Interior,Not Applicable,Low: <= 5307,1,5302,Doors
WPC Brand,Aluminum Balcony Door,Balcony,Aluminum,Sliding,Balcony,180x220 cm,Medium,7.4,Piece,Per_Balcony,1,Balcony,False,7141,Doors,Balcony,Not Applicable,Medium: 5307 - 9745,1,7141,Doors
AluDoor,Armored Security Door,Entrance,Steel,Armored,Main Entrance,100x220 cm,High,8.9,Piece,Fixed,1,Apartment,False,14407,Doors,Entrance,Not Applicable,High: > 9745,1,14407,Doors
DoorTech,Aluminum Balcony Door,Balcony,Aluminum,Sliding,Balcony,180x220 cm,Medium,7.4,Piece,Per_Balcony,1,Balcony,False,5586,Doors,Balcony,Not Applicable,Medium: 5307 - 9745,1,5586,Doors
AluDoor,Armored Security Door,Entrance,Steel,Armored,Main Entrance,100x220 cm,High,8.9,Piece,Fixed,1,Apartment,False,13640,Doors,Entrance,Not Applicable,High: > 9745,1,13640,Doors
Security Doors,Aluminum Balcony Door,Balcony,Aluminum,Sliding,Balcony,180x220 cm,Medium,7.4,Piece,Per_Balcony,1,Balcony,False,7078,Doors,Balcony,Not Applicable,Medium: 5307 - 9745,1,7078,Doors
WPC Brand,Armored Security Door,Entrance,Steel,Armored,Main Entrance,100x220 cm,High,8.9,Piece,Fixed,1,Apartment,False,13471,Doors,Entrance,Not Applicable,High: > 9745,1,13471,Doors
WoodCraft,Aluminum Balcony Door,Balcony,Aluminum,Sliding,Balcony,180x220 cm,Medium,7.4,Piece,Per_Balcony,1,Balcony,False,5711,Doors,Balcony,Not Applicable,Medium: 5307 - 9745,1,5711,Doors
AluDoor,Armored Security Door,Entrance,Steel,Armored,Main Entrance,100x220 cm,High,8.9,Piece,Fixed,1,Apartment,False,13262,Doors,Entrance,Not Applicable,High: > 9745,1,13262,Doors
DoorTech,Aluminum Balcony Door,Balcony,Aluminum,Sliding,Balcony,180x220 cm,Low,7.4,Piece,Per_Balcony,1,Balcony,False,4666,Doors,Balcony,Not Applicable,Low: <= 5307,1,4666,Doors
AluDoor,Armored Security Door,Entrance,Steel,Armored,Main Entrance,100x220 cm,High,8.9,Piece,Fixed,1,Apartment,False,11831,Doors,Entrance,Not Applicable,High: > 9745,1,11831,Doors
WPC Brand,Armored Security Door,Entrance,Steel,Armored,Main Entrance,100x220 cm,High,8.9,Piece,Fixed,1,Apartment,False,12139,Doors,Entrance,Not Applicable,High: > 9745,1,12139,Doors
Security Doors,Interior MDF Door,Interior,MDF,Solid,Bedroom,90x210 cm,Medium,7.2,Piece,Per_Room,1,Bedroom,False,5312,Doors,Interior,Not Applicable,Medium: 5307 - 9745,1,5312,Doors
WoodCraft,Armored Security Door,Entrance,Steel,Armored,Main Entrance,100x220 cm,High,8.9,Piece,Fixed,1,Apartment,False,9816,Doors,Entrance,Not Applicable,High: > 9745,1,9816,Doors
WPC Brand,Interior MDF Door,Interior,MDF,Solid,Bedroom,90x210 cm,Low,7.2,Piece,Per_Room,1,Bedroom,False,3389,Doors,Interior,Not Applicable,Low: <= 5307,1,3389,Doors
DoorTech,Armored Security Door,Entrance,Steel,Armored,Main Entrance,100x220 cm,High,8.9,Piece,Fixed,1,Apartment,False,10536,Doors,Entrance,Not Applicable,High: > 9745,1,10536,Doors
Security Doors,Interior MDF Door,Interior,MDF,Solid,Bedroom,90x210 cm,Low,7.2,Piece,Per_Room,1,Bedroom,False,4324,Doors,Interior,Not Applicable,Low: <= 5307,1,4324,Doors
AluDoor,Aluminum Balcony Door,Balcony,Aluminum,Sliding,Balcony,180x220 cm,Medium,7.4,Piece,Per_Balcony,1,Balcony,False,6531,Doors,Balcony,Not Applicable,Medium: 5307 - 9745,1,6531,Doors
WoodCraft,Armored Security Door,Entrance,Steel,Armored,Main Entrance,100x220 cm,High,8.9,Piece,Fixed,1,Apartment,False,10061,Doors,Entrance,Not Applicable,High: > 9745,1,10061,Doors
DoorTech,Armored Security Door,Entrance,Steel,Armored,Main Entrance,100x220 cm,High,8.9,Piece,Fixed,1,Apartment,False,10024,Doors,Entrance,Not Applicable,High: > 9745,1,10024,Doors
DoorTech,Armored Security Door,Entrance,Steel,Armored,Main Entrance,100x220 cm,High,8.9,Piece,Fixed,1,Apartment,False,11258,Doors,Entrance,Not Applicable,High: > 9745,1,11258,Doors
WoodCraft,Aluminum Balcony Door,Balcony,Aluminum,Sliding,Balcony,180x220 cm,Medium,7.4,Piece,Per_Balcony,1,Balcony,False,6083,Doors,Balcony,Not Applicable,Medium: 5307 - 9745,1,6083,Doors
Security Doors,Interior MDF Door,Interior,MDF,Solid,Bedroom,90x210 cm,Low,7.2,Piece,Per_Room,1,Bedroom,False,3817,Doors,Interior,Not Applicable,Low: <= 5307,1,3817,Doors
DoorTech,Aluminum Balcony Door,Balcony,Aluminum,Sliding,Balcony,180x220 cm,Medium,7.4,Piece,Per_Balcony,1,Balcony,False,5573,Doors,Balcony,Not Applicable,Medium: 5307 - 9745,1,5573,Doors
WoodCraft,Interior MDF Door,Interior,MDF,Solid,Bedroom,90x210 cm,Low,7.2,Piece,Per_Room,1,Bedroom,False,3824,Doors,Interior,Not Applicable,Low: <= 5307,1,3824,Doors
WoodCraft,Armored Security Door,Entrance,Steel,Armored,Main Entrance,100x220 cm,High,8.9,Piece,Fixed,1,Apartment,False,12347,Doors,Entrance,Not Applicable,High: > 9745,1,12347,Doors
AluDoor,Armored Security Door,Entrance,Steel,Armored,Main Entrance,100x220 cm,High,8.9,Piece,Fixed,1,Apartment,False,13556,Doors,Entrance,Not Applicable,High: > 9745,1,13556,Doors
DoorTech,Interior MDF Door,Interior,MDF,Solid,Bedroom,90x210 cm,Low,7.2,Piece,Per_Room,1,Bedroom,False,4389,Doors,Interior,Not Applicable,Low: <= 5307,1,4389,Doors
AluDoor,Interior MDF Door,Interior,MDF,Solid,Bedroom,90x210 cm,Low,7.2,Piece,Per_Room,1,Bedroom,False,5009,Doors,Interior,Not Applicable,Low: <= 5307,1,5009,Doors
WoodCraft,Aluminum Balcony Door,Balcony,Aluminum,Sliding,Balcony,180x220 cm,Medium,7.4,Piece,Per_Balcony,1,Balcony,False,5537,Doors,Balcony,Not Applicable,Medium: 5307 - 9745,1,5537,Doors
DoorTech,Armored Security Door,Entrance,Steel,Armored,Main Entrance,100x220 cm,High,8.9,Piece,Fixed,1,Apartment,False,10687,Doors,Entrance,Not Applicable,High: > 9745,1,10687,Doors
WPC Brand,Armored Security Door,Entrance,Steel,Armored,Main Entrance,100x220 cm,High,8.9,Piece,Fixed,1,Apartment,False,11918,Doors,Entrance,Not Applicable,High: > 9745,1,11918,Doors
WPC Brand,Aluminum Balcony Door,Balcony,Aluminum,Sliding,Balcony,180x220 cm,Medium,7.4,Piece,Per_Balcony,1,Balcony,False,6602,Doors,Balcony,Not Applicable,Medium: 5307 - 9745,1,6602,Doors
AluDoor,Aluminum Balcony Door,Balcony,Aluminum,Sliding,Balcony,180x220 cm,Medium,7.4,Piece,Per_Balcony,1,Balcony,False,6939,Doors,Balcony,Not Applicable,Medium: 5307 - 9745,1,6939,Doors
WoodCraft,Armored Security Door,Entrance,Steel,Armored,Main Entrance,100x220 cm,High,8.9,Piece,Fixed,1,Apartment,False,12636,Doors,Entrance,Not Applicable,High: > 9745,1,12636,Doors
WPC Brand,Armored Security Door,Entrance,Steel,Armored,Main Entrance,100x220 cm,High,8.9,Piece,Fixed,1,Apartment,False,13655,Doors,Entrance,Not Applicable,High: > 9745,1,13655,Doors
AluDoor,Interior MDF Door,Interior,MDF,Solid,Bedroom,90x210 cm,Low,7.2,Piece,Per_Room,1,Bedroom,False,4913,Doors,Interior,Not Applicable,Low: <= 5307,1,4913,Doors
Security Doors,Armored Security Door,Entrance,Steel,Armored,Main Entrance,100x220 cm,High,8.9,Piece,Fixed,1,Apartment,False,10963,Doors,Entrance,Not Applicable,High: > 9745,1,10963,Doors
AluDoor,Interior MDF Door,Interior,MDF,Solid,Bedroom,90x210 cm,Low,7.2,Piece,Per_Room,1,Bedroom,False,4328,Doors,Interior,Not Applicable,Low: <= 5307,1,4328,Doors
WPC Brand,Armored Security Door,Entrance,Steel,Armored,Main Entrance,100x220 cm,High,8.9,Piece,Fixed,1,Apartment,False,13141,Doors,Entrance,Not Applicable,High: > 9745,1,13141,Doors
WoodCraft,Aluminum Balcony Door,Balcony,Aluminum,Sliding,Balcony,180x220 cm,Low,7.4,Piece,Per_Balcony,1,Balcony,False,5283,Doors,Balcony,Not Applicable,Low: <= 5307,1,5283,Doors
Security Doors,Armored Security Door,Entrance,Steel,Armored,Main Entrance,100x220 cm,High,8.9,Piece,Fixed,1,Apartment,False,11935,Doors,Entrance,Not Applicable,High: > 9745,1,11935,Doors
WPC Brand,Interior MDF Door,Interior,MDF,Solid,Bedroom,90x210 cm,Medium,7.2,Piece,Per_Room,1,Bedroom,False,5487,Doors,Interior,Not Applicable,Medium: 5307 - 9745,1,5487,Doors
WPC Brand,Armored Security Door,Entrance,Steel,Armored,Main Entrance,100x220 cm,High,8.9,Piece,Fixed,1,Apartment,False,13267,Doors,Entrance,Not Applicable,High: > 9745,1,13267,Doors
Security Doors,Armored Security Door,Entrance,Steel,Armored,Main Entrance,100x220 cm,High,8.9,Piece,Fixed,1,Apartment,False,11378,Doors,Entrance,Not Applicable,High: > 9745,1,11378,Doors
WoodCraft,Interior MDF Door,Interior,MDF,Solid,Bedroom,90x210 cm,Low,7.2,Piece,Per_Room,1,Bedroom,False,4400,Doors,Interior,Not Applicable,Low: <= 5307,1,4400,Doors
AluDoor,Armored Security Door,Entrance,Steel,Armored,Main Entrance,100x220 cm,High,8.9,Piece,Fixed,1,Apartment,False,9897,Doors,Entrance,Not Applicable,High: > 9745,1,9897,Doors
Security Doors,Interior MDF Door,Interior,MDF,Solid,Bedroom,90x210 cm,Low,7.2,Piece,Per_Room,1,Bedroom,False,3535,Doors,Interior,Not Applicable,Low: <= 5307,1,3535,Doors
DoorTech,Interior MDF Door,Interior,MDF,Solid,Bedroom,90x210 cm,Low,7.2,Piece,Per_Room,1,Bedroom,False,4424,Doors,Interior,Not Applicable,Low: <= 5307,1,4424,Doors
AluDoor,Armored Security Door,Entrance,Steel,Armored,Main Entrance,100x220 cm,High,8.9,Piece,Fixed,1,Apartment,False,13245,Doors,Entrance,Not Applicable,High: > 9745,1,13245,Doors
AluDoor,Interior MDF Door,Interior,MDF,Solid,Bedroom,90x210 cm,Low,7.2,Piece,Per_Room,1,Bedroom,False,4999,Doors,Interior,Not Applicable,Low: <= 5307,1,4999,Doors
WPC Brand,Interior MDF Door,Interior,MDF,Solid,Bedroom,90x210 cm,Low,7.2,Piece,Per_Room,1,Bedroom,False,4545,Doors,Interior,Not Applicable,Low: <= 5307,1,4545,Doors
WPC Brand,Aluminum Balcony Door,Balcony,Aluminum,Sliding,Balcony,180x220 cm,Low,7.4,Piece,Per_Balcony,1,Balcony,False,4995,Doors,Balcony,Not Applicable,Low: <= 5307,1,4995,Doors
DoorTech,Armored Security Door,Entrance,Steel,Armored,Main Entrance,100x220 cm,High,8.9,Piece,Fixed,1,Apartment,False,14273,Doors,Entrance,Not Applicable,High: > 9745,1,14273,Doors
AluDoor,Aluminum Balcony Door,Balcony,Aluminum,Sliding,Balcony,180x220 cm,Low,7.4,Piece,Per_Balcony,1,Balcony,False,4893,Doors,Balcony,Not Applicable,Low: <= 5307,1,4893,Doors
WPC Brand,Armored Security Door,Entrance,Steel,Armored,Main Entrance,100x220 cm,High,8.9,Piece,Fixed,1,Apartment,False,13355,Doors,Entrance,Not Applicable,High: > 9745,1,13355,Doors
WPC Brand,Armored Security Door,Entrance,Steel,Armored,Main Entrance,100x220 cm,High,8.9,Piece,Fixed,1,Apartment,False,10472,Doors,Entrance,Not Applicable,High: > 9745,1,10472,Doors
AluDoor,Aluminum Balcony Door,Balcony,Aluminum,Sliding,Balcony,180x220 cm,Medium,7.4,Piece,Per_Balcony,1,Balcony,False,6986,Doors,Balcony,Not Applicable,Medium: 5307 - 9745,1,6986,Doors
Security Doors,Aluminum Balcony Door,Balcony,Aluminum,Sliding,Balcony,180x220 cm,Medium,7.4,Piece,Per_Balcony,1,Balcony,False,5649,Doors,Balcony,Not Applicable,Medium: 5307 - 9745,1,5649,Doors
Security Doors,Interior MDF Door,Interior,MDF,Solid,Bedroom,90x210 cm,Low,7.2,Piece,Per_Room,1,Bedroom,False,4304,Doors,Interior,Not Applicable,Low: <= 5307,1,4304,Doors
WPC Brand,Armored Security Door,Entrance,Steel,Armored,Main Entrance,100x220 cm,High,8.9,Piece,Fixed,1,Apartment,False,9918,Doors,Entrance,Not Applicable,High: > 9745,1,9918,Doors
Security Doors,Aluminum Balcony Door,Balcony,Aluminum,Sliding,Balcony,180x220 cm,Low,7.4,Piece,Per_Balcony,1,Balcony,False,4965,Doors,Balcony,Not Applicable,Low: <= 5307,1,4965,Doors
AluDoor,Interior MDF Door,Interior,MDF,Solid,Bedroom,90x210 cm,Low,7.2,Piece,Per_Room,1,Bedroom,False,4238,Doors,Interior,Not Applicable,Low: <= 5307,1,4238,Doors
WoodCraft,Armored Security Door,Entrance,Steel,Armored,Main Entrance,100x220 cm,High,8.9,Piece,Fixed,1,Apartment,False,10336,Doors,Entrance,Not Applicable,High: > 9745,1,10336,Doors
WPC Brand,Interior MDF Door,Interior,MDF,Solid,Bedroom,90x210 cm,Low,7.2,Piece,Per_Room,1,Bedroom,False,5020,Doors,Interior,Not Applicable,Low: <= 5307,1,5020,Doors
AluDoor,Interior MDF Door,Interior,MDF,Solid,Bedroom,90x210 cm,Low,7.2,Piece,Per_Room,1,Bedroom,False,4864,Doors,Interior,Not Applicable,Low: <= 5307,1,4864,Doors
WoodCraft,Interior MDF Door,Interior,MDF,Solid,Bedroom,90x210 cm,Low,7.2,Piece,Per_Room,1,Bedroom,False,4589,Doors,Interior,Not Applicable,Low: <= 5307,1,4589,Doors
WoodCraft,Interior MDF Door,Interior,MDF,Solid,Bedroom,90x210 cm,Low,7.2,Piece,Per_Room,1,Bedroom,False,4745,Doors,Interior,Not Applicable,Low: <= 5307,1,4745,Doors
WoodCraft,Armored Security Door,Entrance,Steel,Armored,Main Entrance,100x220 cm,High,8.9,Piece,Fixed,1,Apartment,False,11857,Doors,Entrance,Not Applicable,High: > 9745,1,11857,Doors
Security Doors,Armored Security Door,Entrance,Steel,Armored,Main Entrance,100x220 cm,High,8.9,Piece,Fixed,1,Apartment,False,12586,Doors,Entrance,Not Applicable,High: > 9745,1,12586,Doors
WoodCraft,Armored Security Door,Entrance,Steel,Armored,Main Entrance,100x220 cm,High,8.9,Piece,Fixed,1,Apartment,False,10323,Doors,Entrance,Not Applicable,High: > 9745,1,10323,Doors
AluDoor,Armored Security Door,Entrance,Steel,Armored,Main Entrance,100x220 cm,High,8.9,Piece,Fixed,1,Apartment,False,12030,Doors,Entrance,Not Applicable,High: > 9745,1,12030,Doors
WPC Brand,Armored Security Door,Entrance,Steel,Armored,Main Entrance,100x220 cm,High,8.9,Piece,Fixed,1,Apartment,False,10893,Doors,Entrance,Not Applicable,High: > 9745,1,10893,Doors
WoodCraft,Armored Security Door,Entrance,Steel,Armored,Main Entrance,100x220 cm,High,8.9,Piece,Fixed,1,Apartment,False,10955,Doors,Entrance,Not Applicable,High: > 9745,1,10955,Doors
WoodCraft,Armored Security Door,Entrance,Steel,Armored,Main Entrance,100x220 cm,High,8.9,Piece,Fixed,1,Apartment,False,10821,Doors,Entrance,Not Applicable,High: > 9745,1,10821,Doors
WPC Brand,Armored Security Door,Entrance,Steel,Armored,Main Entrance,100x220 cm,High,8.9,Piece,Fixed,1,Apartment,False,13689,Doors,Entrance,Not Applicable,High: > 9745,1,13689,Doors
DoorTech,Interior MDF Door,Interior,MDF,Solid,Bedroom,90x210 cm,Low,7.2,Piece,Per_Room,1,Bedroom,False,3967,Doors,Interior,Not Applicable,Low: <= 5307,1,3967,Doors
WoodCraft,Interior MDF Door,Interior,MDF,Solid,Bedroom,90x210 cm,Low,7.2,Piece,Per_Room,1,Bedroom,False,4454,Doors,Interior,Not Applicable,Low: <= 5307,1,4454,Doors
WoodCraft,Armored Security Door,Entrance,Steel,Armored,Main Entrance,100x220 cm,High,8.9,Piece,Fixed,1,Apartment,False,12742,Doors,Entrance,Not Applicable,High: > 9745,1,12742,Doors
WoodCraft,Armored Security Door,Entrance,Steel,Armored,Main Entrance,100x220 cm,High,8.9,Piece,Fixed,1,Apartment,False,10987,Doors,Entrance,Not Applicable,High: > 9745,1,10987,Doors
DoorTech,Armored Security Door,Entrance,Steel,Armored,Main Entrance,100x220 cm,High,8.9,Piece,Fixed,1,Apartment,False,10082,Doors,Entrance,Not Applicable,High: > 9745,1,10082,Doors
DoorTech,Interior MDF Door,Interior,MDF,Solid,Bedroom,90x210 cm,Low,7.2,Piece,Per_Room,1,Bedroom,False,3989,Doors,Interior,Not Applicable,Low: <= 5307,1,3989,Doors
Security Doors,Interior MDF Door,Interior,MDF,Solid,Bedroom,90x210 cm,Low,7.2,Piece,Per_Room,1,Bedroom,False,3650,Doors,Interior,Not Applicable,Low: <= 5307,1,3650,Doors
AluDoor,Interior MDF Door,Interior,MDF,Solid,Bedroom,90x210 cm,Low,7.2,Piece,Per_Room,1,Bedroom,False,4889,Doors,Interior,Not Applicable,Low: <= 5307,1,4889,Doors
DoorTech,Interior MDF Door,Interior,MDF,Solid,Bedroom,90x210 cm,Low,7.2,Piece,Per_Room,1,Bedroom,False,4591,Doors,Interior,Not Applicable,Low: <= 5307,1,4591,Doors
DoorTech,Aluminum Balcony Door,Balcony,Aluminum,Sliding,Balcony,180x220 cm,Medium,7.4,Piece,Per_Balcony,1,Balcony,False,6928,Doors,Balcony,Not Applicable,Medium: 5307 - 9745,1,6928,Doors
DoorTech,Aluminum Balcony Door,Balcony,Aluminum,Sliding,Balcony,180x220 cm,Medium,7.4,Piece,Per_Balcony,1,Balcony,False,6629,Doors,Balcony,Not Applicable,Medium: 5307 - 9745,1,6629,Doors
DoorTech,Aluminum Balcony Door,Balcony,Aluminum,Sliding,Balcony,180x220 cm,Medium,7.4,Piece,Per_Balcony,1,Balcony,False,6735,Doors,Balcony,Not Applicable,Medium: 5307 - 9745,1,6735,Doors
WPC Brand,Aluminum Balcony Door,Balcony,Aluminum,Sliding,Balcony,180x220 cm,Medium,7.4,Piece,Per_Balcony,1,Balcony,False,7220,Doors,Balcony,Not Applicable,Medium: 5307 - 9745,1,7220,Doors
DoorTech,Interior MDF Door,Interior,MDF,Solid,Bedroom,90x210 cm,Low,7.2,Piece,Per_Room,1,Bedroom,False,4699,Doors,Interior,Not Applicable,Low: <= 5307,1,4699,Doors
Security Doors,Interior MDF Door,Interior,MDF,Solid,Bedroom,90x210 cm,Low,7.2,Piece,Per_Room,1,Bedroom,False,3555,Doors,Interior,Not Applicable,Low: <= 5307,1,3555,Doors
WoodCraft,Interior MDF Door,Interior,MDF,Solid,Bedroom,90x210 cm,Medium,7.2,Piece,Per_Room,1,Bedroom,False,5629,Doors,Interior,Not Applicable,Medium: 5307 - 9745,1,5629,Doors
WPC Brand,Interior MDF Door,Interior,MDF,Solid,Bedroom,90x210 cm,Low,7.2,Piece,Per_Room,1,Bedroom,False,4399,Doors,Interior,Not Applicable,Low: <= 5307,1,4399,Doors
WoodCraft,Interior MDF Door,Interior,MDF,Solid,Bedroom,90x210 cm,Medium,7.2,Piece,Per_Room,1,Bedroom,False,5668,Doors,Interior,Not Applicable,Medium: 5307 - 9745,1,5668,Doors
WoodCraft,Aluminum Balcony Door,Balcony,Aluminum,Sliding,Balcony,180x220 cm,Low,7.4,Piece,Per_Balcony,1,Balcony,False,4703,Doors,Balcony,Not Applicable,Low: <= 5307,1,4703,Doors
Security Doors,Aluminum Balcony Door,Balcony,Aluminum,Sliding,Balcony,180x220 cm,Medium,7.4,Piece,Per_Balcony,1,Balcony,False,6641,Doors,Balcony,Not Applicable,Medium: 5307 - 9745,1,6641,Doors
DoorTech,Armored Security Door,Entrance,Steel,Armored,Main Entrance,100x220 cm,High,8.9,Piece,Fixed,1,Apartment,False,9895,Doors,Entrance,Not Applicable,High: > 9745,1,9895,Doors
Security Doors,Interior MDF Door,Interior,MDF,Solid,Bedroom,90x210 cm,Low,7.2,Piece,Per_Room,1,Bedroom,False,3619,Doors,Interior,Not Applicable,Low: <= 5307,1,3619,Doors
Security Doors,Interior MDF Door,Interior,MDF,Solid,Bedroom,90x210 cm,Low,7.2,Piece,Per_Room,1,Bedroom,False,3641,Doors,Interior,Not Applicable,Low: <= 5307,1,3641,Doors
DoorTech,Armored Security Door,Entrance,Steel,Armored,Main Entrance,100x220 cm,High,8.9,Piece,Fixed,1,Apartment,False,10038,Doors,Entrance,Not Applicable,High: > 9745,1,10038,Doors
AluDoor,Armored Security Door,Entrance,Steel,Armored,Main Entrance,100x220 cm,High,8.9,Piece,Fixed,1,Apartment,False,13934,Doors,Entrance,Not Applicable,High: > 9745,1,13934,Doors
WoodCraft,Armored Security Door,Entrance,Steel,Armored,Main Entrance,100x220 cm,High,8.9,Piece,Fixed,1,Apartment,False,12175,Doors,Entrance,Not Applicable,High: > 9745,1,12175,Doors
WoodCraft,Armored Security Door,Entrance,Steel,Armored,Main Entrance,100x220 cm,High,8.9,Piece,Fixed,1,Apartment,False,12945,Doors,Entrance,Not Applicable,High: > 9745,1,12945,Doors
WPC Brand,Armored Security Door,Entrance,Steel,Armored,Main Entrance,100x220 cm,High,8.9,Piece,Fixed,1,Apartment,False,10121,Doors,Entrance,Not Applicable,High: > 9745,1,10121,Doors
DoorTech,Interior MDF Door,Interior,MDF,Solid,Bedroom,90x210 cm,Low,7.2,Piece,Per_Room,1,Bedroom,False,4583,Doors,Interior,Not Applicable,Low: <= 5307,1,4583,Doors
WoodCraft,Interior MDF Door,Interior,MDF,Solid,Bedroom,90x210 cm,Medium,7.2,Piece,Per_Room,1,Bedroom,False,5514,Doors,Interior,Not Applicable,Medium: 5307 - 9745,1,5514,Doors
WPC Brand,Interior MDF Door,Interior,MDF,Solid,Bedroom,90x210 cm,Medium,7.2,Piece,Per_Room,1,Bedroom,False,5620,Doors,Interior,Not Applicable,Medium: 5307 - 9745,1,5620,Doors
AluDoor,Interior MDF Door,Interior,MDF,Solid,Bedroom,90x210 cm,Low,7.2,Piece,Per_Room,1,Bedroom,False,3919,Doors,Interior,Not Applicable,Low: <= 5307,1,3919,Doors
AluDoor,Interior MDF Door,Interior,MDF,Solid,Bedroom,90x210 cm,Low,7.2,Piece,Per_Room,1,Bedroom,False,4960,Doors,Interior,Not Applicable,Low: <= 5307,1,4960,Doors
AluDoor,Interior MDF Door,Interior,MDF,Solid,Bedroom,90x210 cm,Low,7.2,Piece,Per_Room,1,Bedroom,False,4719,Doors,Interior,Not Applicable,Low: <= 5307,1,4719,Doors
AluDoor,Armored Security Door,Entrance,Steel,Armored,Main Entrance,100x220 cm,High,8.9,Piece,Fixed,1,Apartment,False,11672,Doors,Entrance,Not Applicable,High: > 9745,1,11672,Doors
DoorTech,Armored Security Door,Entrance,Steel,Armored,Main Entrance,100x220 cm,High,8.9,Piece,Fixed,1,Apartment,False,14118,Doors,Entrance,Not Applicable,High: > 9745,1,14118,Doors
DoorTech,Aluminum Balcony Door,Balcony,Aluminum,Sliding,Balcony,180x220 cm,Medium,7.4,Piece,Per_Balcony,1,Balcony,False,6593,Doors,Balcony,Not Applicable,Medium: 5307 - 9745,1,6593,Doors
Security Doors,Interior MDF Door,Interior,MDF,Solid,Bedroom,90x210 cm,Low,7.2,Piece,Per_Room,1,Bedroom,False,4081,Doors,Interior,Not Applicable,Low: <= 5307,1,4081,Doors
AluDoor,Armored Security Door,Entrance,Steel,Armored,Main Entrance,100x220 cm,High,8.9,Piece,Fixed,1,Apartment,False,12396,Doors,Entrance,Not Applicable,High: > 9745,1,12396,Doors
AluDoor,Aluminum Balcony Door,Balcony,Aluminum,Sliding,Balcony,180x220 cm,Medium,7.4,Piece,Per_Balcony,1,Balcony,False,5495,Doors,Balcony,Not Applicable,Medium: 5307 - 9745,1,5495,Doors
WoodCraft,Aluminum Balcony Door,Balcony,Aluminum,Sliding,Balcony,180x220 cm,Medium,7.4,Piece,Per_Balcony,1,Balcony,False,5773,Doors,Balcony,Not Applicable,Medium: 5307 - 9745,1,5773,Doors
WoodCraft,Armored Security Door,Entrance,Steel,Armored,Main Entrance,100x220 cm,High,8.9,Piece,Fixed,1,Apartment,False,13787,Doors,Entrance,Not Applicable,High: > 9745,1,13787,Doors
WoodCraft,Interior MDF Door,Interior,MDF,Solid,Bedroom,90x210 cm,Low,7.2,Piece,Per_Room,1,Bedroom,False,4662,Doors,Interior,Not Applicable,Low: <= 5307,1,4662,Doors
WPC Brand,Aluminum Balcony Door,Balcony,Aluminum,Sliding,Balcony,180x220 cm,Low,7.4,Piece,Per_Balcony,1,Balcony,False,4514,Doors,Balcony,Not Applicable,Low: <= 5307,1,4514,Doors
WPC Brand,Interior MDF Door,Interior,MDF,Solid,Bedroom,90x210 cm,Low,7.2,Piece,Per_Room,1,Bedroom,False,4698,Doors,Interior,Not Applicable,Low: <= 5307,1,4698,Doors
Security Doors,Aluminum Balcony Door,Balcony,Aluminum,Sliding,Balcony,180x220 cm,Low,7.4,Piece,Per_Balcony,1,Balcony,False,4569,Doors,Balcony,Not Applicable,Low: <= 5307,1,4569,Doors
DoorTech,Armored Security Door,Entrance,Steel,Armored,Main Entrance,100x220 cm,High,8.9,Piece,Fixed,1,Apartment,False,11053,Doors,Entrance,Not Applicable,High: > 9745,1,11053,Doors
AluDoor,Interior MDF Door,Interior,MDF,Solid,Bedroom,90x210 cm,Low,7.2,Piece,Per_Room,1,Bedroom,False,3353,Doors,Interior,Not Applicable,Low: <= 5307,1,3353,Doors
DoorTech,Armored Security Door,Entrance,Steel,Armored,Main Entrance,100x220 cm,High,8.9,Piece,Fixed,1,Apartment,False,12445,Doors,Entrance,Not Applicable,High: > 9745,1,12445,Doors
WPC Brand,Armored Security Door,Entrance,Steel,Armored,Main Entrance,100x220 cm,High,8.9,Piece,Fixed,1,Apartment,False,9857,Doors,Entrance,Not Applicable,High: > 9745,1,9857,Doors
DoorTech,Aluminum Balcony Door,Balcony,Aluminum,Sliding,Balcony,180x220 cm,Medium,7.4,Piece,Per_Balcony,1,Balcony,False,6737,Doors,Balcony,Not Applicable,Medium: 5307 - 9745,1,6737,Doors
DoorTech,Aluminum Balcony Door,Balcony,Aluminum,Sliding,Balcony,180x220 cm,Medium,7.4,Piece,Per_Balcony,1,Balcony,False,6919,Doors,Balcony,Not Applicable,Medium: 5307 - 9745,1,6919,Doors
Security Doors,Aluminum Balcony Door,Balcony,Aluminum,Sliding,Balcony,180x220 cm,Medium,7.4,Piece,Per_Balcony,1,Balcony,False,6002,Doors,Balcony,Not Applicable,Medium: 5307 - 9745,1,6002,Doors
Security Doors,Aluminum Balcony Door,Balcony,Aluminum,Sliding,Balcony,180x220 cm,Low,7.4,Piece,Per_Balcony,1,Balcony,False,4599,Doors,Balcony,Not Applicable,Low: <= 5307,1,4599,Doors
WPC Brand,Armored Security Door,Entrance,Steel,Armored,Main Entrance,100x220 cm,High,8.9,Piece,Fixed,1,Apartment,False,13169,Doors,Entrance,Not Applicable,High: > 9745,1,13169,Doors
DoorTech,Aluminum Balcony Door,Balcony,Aluminum,Sliding,Balcony,180x220 cm,Medium,7.4,Piece,Per_Balcony,1,Balcony,False,6886,Doors,Balcony,Not Applicable,Medium: 5307 - 9745,1,6886,Doors
WPC Brand,Armored Security Door,Entrance,Steel,Armored,Main Entrance,100x220 cm,High,8.9,Piece,Fixed,1,Apartment,False,14481,Doors,Entrance,Not Applicable,High: > 9745,1,14481,Doors
Security Doors,Aluminum Balcony Door,Balcony,Aluminum,Sliding,Balcony,180x220 cm,Medium,7.4,Piece,Per_Balcony,1,Balcony,False,7243,Doors,Balcony,Not Applicable,Medium: 5307 - 9745,1,7243,Doors
DoorTech,Aluminum Balcony Door,Balcony,Aluminum,Sliding,Balcony,180x220 cm,Medium,7.4,Piece,Per_Balcony,1,Balcony,False,6584,Doors,Balcony,Not Applicable,Medium: 5307 - 9745,1,6584,Doors
AluDoor,Interior MDF Door,Interior,MDF,Solid,Bedroom,90x210 cm,Low,7.2,Piece,Per_Room,1,Bedroom,False,4170,Doors,Interior,Not Applicable,Low: <= 5307,1,4170,Doors
AluDoor,Armored Security Door,Entrance,Steel,Armored,Main Entrance,100x220 cm,High,8.9,Piece,Fixed,1,Apartment,False,11639,Doors,Entrance,Not Applicable,High: > 9745,1,11639,Doors
DoorTech,Interior MDF Door,Interior,MDF,Solid,Bedroom,90x210 cm,Low,7.2,Piece,Per_Room,1,Bedroom,False,3514,Doors,Interior,Not Applicable,Low: <= 5307,1,3514,Doors
DoorTech,Armored Security Door,Entrance,Steel,Armored,Main Entrance,100x220 cm,High,8.9,Piece,Fixed,1,Apartment,False,13008,Doors,Entrance,Not Applicable,High: > 9745,1,13008,Doors
WoodCraft,Interior MDF Door,Interior,MDF,Solid,Bedroom,90x210 cm,Low,7.2,Piece,Per_Room,1,Bedroom,False,3493,Doors,Interior,Not Applicable,Low: <= 5307,1,3493,Doors
WPC Brand,Armored Security Door,Entrance,Steel,Armored,Main Entrance,100x220 cm,High,8.9,Piece,Fixed,1,Apartment,False,14257,Doors,Entrance,Not Applicable,High: > 9745,1,14257,Doors
Security Doors,Aluminum Balcony Door,Balcony,Aluminum,Sliding,Balcony,180x220 cm,Low,7.4,Piece,Per_Balcony,1,Balcony,False,4641,Doors,Balcony,Not Applicable,Low: <= 5307,1,4641,Doors
WPC Brand,Aluminum Balcony Door,Balcony,Aluminum,Sliding,Balcony,180x220 cm,Medium,7.4,Piece,Per_Balcony,1,Balcony,False,7081,Doors,Balcony,Not Applicable,Medium: 5307 - 9745,1,7081,Doors
WPC Brand,Aluminum Balcony Door,Balcony,Aluminum,Sliding,Balcony,180x220 cm,Medium,7.4,Piece,Per_Balcony,1,Balcony,False,5938,Doors,Balcony,Not Applicable,Medium: 5307 - 9745,1,5938,Doors
WoodCraft,Interior MDF Door,Interior,MDF,Solid,Bedroom,90x210 cm,Medium,7.2,Piece,Per_Room,1,Bedroom,False,5406,Doors,Interior,Not Applicable,Medium: 5307 - 9745,1,5406,Doors
AluDoor,Armored Security Door,Entrance,Steel,Armored,Main Entrance,100x220 cm,High,8.9,Piece,Fixed,1,Apartment,False,11307,Doors,Entrance,Not Applicable,High: > 9745,1,11307,Doors
WoodCraft,Armored Security Door,Entrance,Steel,Armored,Main Entrance,100x220 cm,High,8.9,Piece,Fixed,1,Apartment,False,10204,Doors,Entrance,Not Applicable,High: > 9745,1,10204,Doors
WoodCraft,Interior MDF Door,Interior,MDF,Solid,Bedroom,90x210 cm,Low,7.2,Piece,Per_Room,1,Bedroom,False,5005,Doors,Interior,Not Applicable,Low: <= 5307,1,5005,Doors
WoodCraft,Interior MDF Door,Interior,MDF,Solid,Bedroom,90x210 cm,Medium,7.2,Piece,Per_Room,1,Bedroom,False,5637,Doors,Interior,Not Applicable,Medium: 5307 - 9745,1,5637,Doors
DoorTech,Armored Security Door,Entrance,Steel,Armored,Main Entrance,100x220 cm,High,8.9,Piece,Fixed,1,Apartment,False,11906,Doors,Entrance,Not Applicable,High: > 9745,1,11906,Doors
DoorTech,Interior MDF Door,Interior,MDF,Solid,Bedroom,90x210 cm,Low,7.2,Piece,Per_Room,1,Bedroom,False,4013,Doors,Interior,Not Applicable,Low: <= 5307,1,4013,Doors
WoodCraft,Interior MDF Door,Interior,MDF,Solid,Bedroom,90x210 cm,Medium,7.2,Piece,Per_Room,1,Bedroom,False,5309,Doors,Interior,Not Applicable,Medium: 5307 - 9745,1,5309,Doors
WoodCraft,Aluminum Balcony Door,Balcony,Aluminum,Sliding,Balcony,180x220 cm,Medium,7.4,Piece,Per_Balcony,1,Balcony,False,6828,Doors,Balcony,Not Applicable,Medium: 5307 - 9745,1,6828,Doors
WPC Brand,Aluminum Balcony Door,Balcony,Aluminum,Sliding,Balcony,180x220 cm,Low,7.4,Piece,Per_Balcony,1,Balcony,False,4734,Doors,Balcony,Not Applicable,Low: <= 5307,1,4734,Doors
WPC Brand,Armored Security Door,Entrance,Steel,Armored,Main Entrance,100x220 cm,High,8.9,Piece,Fixed,1,Apartment,False,11470,Doors,Entrance,Not Applicable,High: > 9745,1,11470,Doors
AluDoor,Aluminum Balcony Door,Balcony,Aluminum,Sliding,Balcony,180x220 cm,Medium,7.4,Piece,Per_Balcony,1,Balcony,False,6054,Doors,Balcony,Not Applicable,Medium: 5307 - 9745,1,6054,Doors
DoorTech,Armored Security Door,Entrance,Steel,Armored,Main Entrance,100x220 cm,High,8.9,Piece,Fixed,1,Apartment,False,11987,Doors,Entrance,Not Applicable,High: > 9745,1,11987,Doors
DoorTech,Armored Security Door,Entrance,Steel,Armored,Main Entrance,100x220 cm,High,8.9,Piece,Fixed,1,Apartment,False,11701,Doors,Entrance,Not Applicable,High: > 9745,1,11701,Doors
Security Doors,Armored Security Door,Entrance,Steel,Armored,Main Entrance,100x220 cm,Medium,8.9,Piece,Fixed,1,Apartment,False,9502,Doors,Entrance,Not Applicable,Medium: 5307 - 9745,1,9502,Doors
WPC Brand,Aluminum Balcony Door,Balcony,Aluminum,Sliding,Balcony,180x220 cm,Low,7.4,Piece,Per_Balcony,1,Balcony,False,4804,Doors,Balcony,Not Applicable,Low: <= 5307,1,4804,Doors
WPC Brand,Aluminum Balcony Door,Balcony,Aluminum,Sliding,Balcony,180x220 cm,Medium,7.4,Piece,Per_Balcony,1,Balcony,False,6622,Doors,Balcony,Not Applicable,Medium: 5307 - 9745,1,6622,Doors
DoorTech,Armored Security Door,Entrance,Steel,Armored,Main Entrance,100x220 cm,High,8.9,Piece,Fixed,1,Apartment,False,13431,Doors,Entrance,Not Applicable,High: > 9745,1,13431,Doors
DoorTech,Armored Security Door,Entrance,Steel,Armored,Main Entrance,100x220 cm,Medium,8.9,Piece,Fixed,1,Apartment,False,9565,Doors,Entrance,Not Applicable,Medium: 5307 - 9745,1,9565,Doors
Security Doors,Armored Security Door,Entrance,Steel,Armored,Main Entrance,100x220 cm,High,8.9,Piece,Fixed,1,Apartment,False,13581,Doors,Entrance,Not Applicable,High: > 9745,1,13581,Doors
Security Doors,Interior MDF Door,Interior,MDF,Solid,Bedroom,90x210 cm,Low,7.2,Piece,Per_Room,1,Bedroom,False,4232,Doors,Interior,Not Applicable,Low: <= 5307,1,4232,Doors
DoorTech,Armored Security Door,Entrance,Steel,Armored,Main Entrance,100x220 cm,High,8.9,Piece,Fixed,1,Apartment,False,12225,Doors,Entrance,Not Applicable,High: > 9745,1,12225,Doors
WoodCraft,Aluminum Balcony Door,Balcony,Aluminum,Sliding,Balcony,180x220 cm,Medium,7.4,Piece,Per_Balcony,1,Balcony,False,5971,Doors,Balcony,Not Applicable,Medium: 5307 - 9745,1,5971,Doors
WoodCraft,Interior MDF Door,Interior,MDF,Solid,Bedroom,90x210 cm,Low,7.2,Piece,Per_Room,1,Bedroom,False,4952,Doors,Interior,Not Applicable,Low: <= 5307,1,4952,Doors
Security Doors,Aluminum Balcony Door,Balcony,Aluminum,Sliding,Balcony,180x220 cm,Medium,7.4,Piece,Per_Balcony,1,Balcony,False,7389,Doors,Balcony,Not Applicable,Medium: 5307 - 9745,1,7389,Doors
AluDoor,Interior MDF Door,Interior,MDF,Solid,Bedroom,90x210 cm,Low,7.2,Piece,Per_Room,1,Bedroom,False,4132,Doors,Interior,Not Applicable,Low: <= 5307,1,4132,Doors
WoodCraft,Armored Security Door,Entrance,Steel,Armored,Main Entrance,100x220 cm,High,8.9,Piece,Fixed,1,Apartment,False,11583,Doors,Entrance,Not Applicable,High: > 9745,1,11583,Doors
Security Doors,Aluminum Balcony Door,Balcony,Aluminum,Sliding,Balcony,180x220 cm,Medium,7.4,Piece,Per_Balcony,1,Balcony,False,7304,Doors,Balcony,Not Applicable,Medium: 5307 - 9745,1,7304,Doors
AluDoor,Armored Security Door,Entrance,Steel,Armored,Main Entrance,100x220 cm,High,8.9,Piece,Fixed,1,Apartment,False,11560,Doors,Entrance,Not Applicable,High: > 9745,1,11560,Doors
DoorTech,Armored Security Door,Entrance,Steel,Armored,Main Entrance,100x220 cm,High,8.9,Piece,Fixed,1,Apartment,False,11550,Doors,Entrance,Not Applicable,High: > 9745,1,11550,Doors
WPC Brand,Aluminum Balcony Door,Balcony,Aluminum,Sliding,Balcony,180x220 cm,Medium,7.4,Piece,Per_Balcony,1,Balcony,False,6065,Doors,Balcony,Not Applicable,Medium: 5307 - 9745,1,6065,Doors
AluDoor,Interior MDF Door,Interior,MDF,Solid,Bedroom,90x210 cm,Low,7.2,Piece,Per_Room,1,Bedroom,False,5050,Doors,Interior,Not Applicable,Low: <= 5307,1,5050,Doors
WPC Brand,Interior MDF Door,Interior,MDF,Solid,Bedroom,90x210 cm,Low,7.2,Piece,Per_Room,1,Bedroom,False,3609,Doors,Interior,Not Applicable,Low: <= 5307,1,3609,Doors
Security Doors,Interior MDF Door,Interior,MDF,Solid,Bedroom,90x210 cm,Medium,7.2,Piece,Per_Room,1,Bedroom,False,5543,Doors,Interior,Not Applicable,Medium: 5307 - 9745,1,5543,Doors
WoodCraft,Interior MDF Door,Interior,MDF,Solid,Bedroom,90x210 cm,Low,7.2,Piece,Per_Room,1,Bedroom,False,3774,Doors,Interior,Not Applicable,Low: <= 5307,1,3774,Doors
DoorTech,Interior MDF Door,Interior,MDF,Solid,Bedroom,90x210 cm,Low,7.2,Piece,Per_Room,1,Bedroom,False,5013,Doors,Interior,Not Applicable,Low: <= 5307,1,5013,Doors
AluDoor,Interior MDF Door,Interior,MDF,Solid,Bedroom,90x210 cm,Low,7.2,Piece,Per_Room,1,Bedroom,False,3349,Doors,Interior,Not Applicable,Low: <= 5307,1,3349,Doors
Security Doors,Armored Security Door,Entrance,Steel,Armored,Main Entrance,100x220 cm,High,8.9,Piece,Fixed,1,Apartment,False,13838,Doors,Entrance,Not Applicable,High: > 9745,1,13838,Doors
WPC Brand,Interior MDF Door,Interior,MDF,Solid,Bedroom,90x210 cm,Low,7.2,Piece,Per_Room,1,Bedroom,False,3942,Doors,Interior,Not Applicable,Low: <= 5307,1,3942,Doors
DoorTech,Armored Security Door,Entrance,Steel,Armored,Main Entrance,100x220 cm,High,8.9,Piece,Fixed,1,Apartment,False,9829,Doors,Entrance,Not Applicable,High: > 9745,1,9829,Doors
Security Doors,Aluminum Balcony Door,Balcony,Aluminum,Sliding,Balcony,180x220 cm,Medium,7.4,Piece,Per_Balcony,1,Balcony,False,6973,Doors,Balcony,Not Applicable,Medium: 5307 - 9745,1,6973,Doors
WPC Brand,Armored Security Door,Entrance,Steel,Armored,Main Entrance,100x220 cm,High,8.9,Piece,Fixed,1,Apartment,False,11267,Doors,Entrance,Not Applicable,High: > 9745,1,11267,Doors
WPC Brand,Aluminum Balcony Door,Balcony,Aluminum,Sliding,Balcony,180x220 cm,Medium,7.4,Piece,Per_Balcony,1,Balcony,False,7002,Doors,Balcony,Not Applicable,Medium: 5307 - 9745,1,7002,Doors
WPC Brand,Interior MDF Door,Interior,MDF,Solid,Bedroom,90x210 cm,Low,7.2,Piece,Per_Room,1,Bedroom,False,3644,Doors,Interior,Not Applicable,Low: <= 5307,1,3644,Doors
AluDoor,Aluminum Balcony Door,Balcony,Aluminum,Sliding,Balcony,180x220 cm,Low,7.4,Piece,Per_Balcony,1,Balcony,False,4985,Doors,Balcony,Not Applicable,Low: <= 5307,1,4985,Doors
Security Doors,Armored Security Door,Entrance,Steel,Armored,Main Entrance,100x220 cm,High,8.9,Piece,Fixed,1,Apartment,False,10906,Doors,Entrance,Not Applicable,High: > 9745,1,10906,Doors
DoorTech,Interior MDF Door,Interior,MDF,Solid,Bedroom,90x210 cm,Low,7.2,Piece,Per_Room,1,Bedroom,False,3993,Doors,Interior,Not Applicable,Low: <= 5307,1,3993,Doors
Security Doors,Aluminum Balcony Door,Balcony,Aluminum,Sliding,Balcony,180x220 cm,Medium,7.4,Piece,Per_Balcony,1,Balcony,False,5365,Doors,Balcony,Not Applicable,Medium: 5307 - 9745,1,5365,Doors
DoorTech,Aluminum Balcony Door,Balcony,Aluminum,Sliding,Balcony,180x220 cm,Low,7.4,Piece,Per_Balcony,1,Balcony,False,5103,Doors,Balcony,Not Applicable,Low: <= 5307,1,5103,Doors
WPC Brand,Interior MDF Door,Interior,MDF,Solid,Bedroom,90x210 cm,Low,7.2,Piece,Per_Room,1,Bedroom,False,4929,Doors,Interior,Not Applicable,Low: <= 5307,1,4929,Doors
AluDoor,Interior MDF Door,Interior,MDF,Solid,Bedroom,90x210 cm,Medium,7.2,Piece,Per_Room,1,Bedroom,False,5481,Doors,Interior,Not Applicable,Medium: 5307 - 9745,1,5481,Doors
WoodCraft,Aluminum Balcony Door,Balcony,Aluminum,Sliding,Balcony,180x220 cm,Medium,7.4,Piece,Per_Balcony,1,Balcony,False,6660,Doors,Balcony,Not Applicable,Medium: 5307 - 9745,1,6660,Doors
DoorTech,Armored Security Door,Entrance,Steel,Armored,Main Entrance,100x220 cm,High,8.9,Piece,Fixed,1,Apartment,False,10738,Doors,Entrance,Not Applicable,High: > 9745,1,10738,Doors
DoorTech,Aluminum Balcony Door,Balcony,Aluminum,Sliding,Balcony,180x220 cm,Medium,7.4,Piece,Per_Balcony,1,Balcony,False,7110,Doors,Balcony,Not Applicable,Medium: 5307 - 9745,1,7110,Doors
WPC Brand,Interior MDF Door,Interior,MDF,Solid,Bedroom,90x210 cm,Low,7.2,Piece,Per_Room,1,Bedroom,False,3606,Doors,Interior,Not Applicable,Low: <= 5307,1,3606,Doors
DoorTech,Aluminum Balcony Door,Balcony,Aluminum,Sliding,Balcony,180x220 cm,Medium,7.4,Piece,Per_Balcony,1,Balcony,False,7349,Doors,Balcony,Not Applicable,Medium: 5307 - 9745,1,7349,Doors
WoodCraft,Armored Security Door,Entrance,Steel,Armored,Main Entrance,100x220 cm,High,8.9,Piece,Fixed,1,Apartment,False,9960,Doors,Entrance,Not Applicable,High: > 9745,1,9960,Doors
WPC Brand,Interior MDF Door,Interior,MDF,Solid,Bedroom,90x210 cm,Low,7.2,Piece,Per_Room,1,Bedroom,False,3294,Doors,Interior,Not Applicable,Low: <= 5307,1,3294,Doors
AluDoor,Armored Security Door,Entrance,Steel,Armored,Main Entrance,100x220 cm,High,8.9,Piece,Fixed,1,Apartment,False,14181,Doors,Entrance,Not Applicable,High: > 9745,1,14181,Doors
WoodCraft,Aluminum Balcony Door,Balcony,Aluminum,Sliding,Balcony,180x220 cm,Medium,7.4,Piece,Per_Balcony,1,Balcony,False,6861,Doors,Balcony,Not Applicable,Medium: 5307 - 9745,1,6861,Doors
WPC Brand,Aluminum Balcony Door,Balcony,Aluminum,Sliding,Balcony,180x220 cm,Medium,7.4,Piece,Per_Balcony,1,Balcony,False,6276,Doors,Balcony,Not Applicable,Medium: 5307 - 9745,1,6276,Doors
WPC Brand,Interior MDF Door,Interior,MDF,Solid,Bedroom,90x210 cm,Low,7.2,Piece,Per_Room,1,Bedroom,False,4602,Doors,Interior,Not Applicable,Low: <= 5307,1,4602,Doors
AluDoor,Aluminum Balcony Door,Balcony,Aluminum,Sliding,Balcony,180x220 cm,Low,7.4,Piece,Per_Balcony,1,Balcony,False,4668,Doors,Balcony,Not Applicable,Low: <= 5307,1,4668,Doors
AluDoor,Interior MDF Door,Interior,MDF,Solid,Bedroom,90x210 cm,Medium,7.2,Piece,Per_Room,1,Bedroom,False,5492,Doors,Interior,Not Applicable,Medium: 5307 - 9745,1,5492,Doors
Security Doors,Interior MDF Door,Interior,MDF,Solid,Bedroom,90x210 cm,Low,7.2,Piece,Per_Room,1,Bedroom,False,3914,Doors,Interior,Not Applicable,Low: <= 5307,1,3914,Doors
Security Doors,Armored Security Door,Entrance,Steel,Armored,Main Entrance,100x220 cm,High,8.9,Piece,Fixed,1,Apartment,False,10576,Doors,Entrance,Not Applicable,High: > 9745,1,10576,Doors
Security Doors,Interior MDF Door,Interior,MDF,Solid,Bedroom,90x210 cm,Low,7.2,Piece,Per_Room,1,Bedroom,False,5217,Doors,Interior,Not Applicable,Low: <= 5307,1,5217,Doors
WPC Brand,Armored Security Door,Entrance,Steel,Armored,Main Entrance,100x220 cm,Medium,8.9,Piece,Fixed,1,Apartment,False,9558,Doors,Entrance,Not Applicable,Medium: 5307 - 9745,1,9558,Doors
AluDoor,Aluminum Balcony Door,Balcony,Aluminum,Sliding,Balcony,180x220 cm,Medium,7.4,Piece,Per_Balcony,1,Balcony,False,6901,Doors,Balcony,Not Applicable,Medium: 5307 - 9745,1,6901,Doors
DoorTech,Armored Security Door,Entrance,Steel,Armored,Main Entrance,100x220 cm,High,8.9,Piece,Fixed,1,Apartment,False,12449,Doors,Entrance,Not Applicable,High: > 9745,1,12449,Doors
WPC Brand,Interior MDF Door,Interior,MDF,Solid,Bedroom,90x210 cm,Low,7.2,Piece,Per_Room,1,Bedroom,False,4591,Doors,Interior,Not Applicable,Low: <= 5307,1,4591,Doors
DoorTech,Aluminum Balcony Door,Balcony,Aluminum,Sliding,Balcony,180x220 cm,Medium,7.4,Piece,Per_Balcony,1,Balcony,False,7096,Doors,Balcony,Not Applicable,Medium: 5307 - 9745,1,7096,Doors
DoorTech,Aluminum Balcony Door,Balcony,Aluminum,Sliding,Balcony,180x220 cm,Low,7.4,Piece,Per_Balcony,1,Balcony,False,4508,Doors,Balcony,Not Applicable,Low: <= 5307,1,4508,Doors
Security Doors,Interior MDF Door,Interior,MDF,Solid,Bedroom,90x210 cm,Low,7.2,Piece,Per_Room,1,Bedroom,False,4455,Doors,Interior,Not Applicable,Low: <= 5307,1,4455,Doors
WoodCraft,Aluminum Balcony Door,Balcony,Aluminum,Sliding,Balcony,180x220 cm,Medium,7.4,Piece,Per_Balcony,1,Balcony,False,5555,Doors,Balcony,Not Applicable,Medium: 5307 - 9745,1,5555,Doors
AluDoor,Armored Security Door,Entrance,Steel,Armored,Main Entrance,100x220 cm,High,8.9,Piece,Fixed,1,Apartment,False,10157,Doors,Entrance,Not Applicable,High: > 9745,1,10157,Doors
AluDoor,Interior MDF Door,Interior,MDF,Solid,Bedroom,90x210 cm,Low,7.2,Piece,Per_Room,1,Bedroom,False,4201,Doors,Interior,Not Applicable,Low: <= 5307,1,4201,Doors
DoorTech,Aluminum Balcony Door,Balcony,Aluminum,Sliding,Balcony,180x220 cm,Low,7.4,Piece,Per_Balcony,1,Balcony,False,4705,Doors,Balcony,Not Applicable,Low: <= 5307,1,4705,Doors
WPC Brand,Armored Security Door,Entrance,Steel,Armored,Main Entrance,100x220 cm,High,8.9,Piece,Fixed,1,Apartment,False,13427,Doors,Entrance,Not Applicable,High: > 9745,1,13427,Doors
Security Doors,Interior MDF Door,Interior,MDF,Solid,Bedroom,90x210 cm,Low,7.2,Piece,Per_Room,1,Bedroom,False,3445,Doors,Interior,Not Applicable,Low: <= 5307,1,3445,Doors
DoorTech,Armored Security Door,Entrance,Steel,Armored,Main Entrance,100x220 cm,High,8.9,Piece,Fixed,1,Apartment,False,11189,Doors,Entrance,Not Applicable,High: > 9745,1,11189,Doors
DoorTech,Aluminum Balcony Door,Balcony,Aluminum,Sliding,Balcony,180x220 cm,Medium,7.4,Piece,Per_Balcony,1,Balcony,False,5765,Doors,Balcony,Not Applicable,Medium: 5307 - 9745,1,5765,Doors
AluDoor,Armored Security Door,Entrance,Steel,Armored,Main Entrance,100x220 cm,High,8.9,Piece,Fixed,1,Apartment,False,10686,Doors,Entrance,Not Applicable,High: > 9745,1,10686,Doors
WPC Brand,Interior MDF Door,Interior,MDF,Solid,Bedroom,90x210 cm,Low,7.2,Piece,Per_Room,1,Bedroom,False,4281,Doors,Interior,Not Applicable,Low: <= 5307,1,4281,Doors
WPC Brand,Interior MDF Door,Interior,MDF,Solid,Bedroom,90x210 cm,Low,7.2,Piece,Per_Room,1,Bedroom,False,4839,Doors,Interior,Not Applicable,Low: <= 5307,1,4839,Doors
DoorTech,Aluminum Balcony Door,Balcony,Aluminum,Sliding,Balcony,180x220 cm,Medium,7.4,Piece,Per_Balcony,1,Balcony,False,5517,Doors,Balcony,Not Applicable,Medium: 5307 - 9745,1,5517,Doors
DoorTech,Aluminum Balcony Door,Balcony,Aluminum,Sliding,Balcony,180x220 cm,Medium,7.4,Piece,Per_Balcony,1,Balcony,False,5356,Doors,Balcony,Not Applicable,Medium: 5307 - 9745,1,5356,Doors
Security Doors,Armored Security Door,Entrance,Steel,Armored,Main Entrance,100x220 cm,High,8.9,Piece,Fixed,1,Apartment,False,10848,Doors,Entrance,Not Applicable,High: > 9745,1,10848,Doors
AluDoor,Interior MDF Door,Interior,MDF,Solid,Bedroom,90x210 cm,Low,7.2,Piece,Per_Room,1,Bedroom,False,4400,Doors,Interior,Not Applicable,Low: <= 5307,1,4400,Doors
AluDoor,Aluminum Balcony Door,Balcony,Aluminum,Sliding,Balcony,180x220 cm,Low,7.4,Piece,Per_Balcony,1,Balcony,False,4506,Doors,Balcony,Not Applicable,Low: <= 5307,1,4506,Doors
Security Doors,Armored Security Door,Entrance,Steel,Armored,Main Entrance,100x220 cm,High,8.9,Piece,Fixed,1,Apartment,False,13935,Doors,Entrance,Not Applicable,High: > 9745,1,13935,Doors
WoodCraft,Aluminum Balcony Door,Balcony,Aluminum,Sliding,Balcony,180x220 cm,Medium,7.4,Piece,Per_Balcony,1,Balcony,False,5603,Doors,Balcony,Not Applicable,Medium: 5307 - 9745,1,5603,Doors
WPC Brand,Interior MDF Door,Interior,MDF,Solid,Bedroom,90x210 cm,Low,7.2,Piece,Per_Room,1,Bedroom,False,4038,Doors,Interior,Not Applicable,Low: <= 5307,1,4038,Doors
Security Doors,Armored Security Door,Entrance,Steel,Armored,Main Entrance,100x220 cm,High,8.9,Piece,Fixed,1,Apartment,False,11889,Doors,Entrance,Not Applicable,High: > 9745,1,11889,Doors
DoorTech,Aluminum Balcony Door,Balcony,Aluminum,Sliding,Balcony,180x220 cm,Medium,7.4,Piece,Per_Balcony,1,Balcony,False,5632,Doors,Balcony,Not Applicable,Medium: 5307 - 9745,1,5632,Doors
AluDoor,Armored Security Door,Entrance,Steel,Armored,Main Entrance,100x220 cm,High,8.9,Piece,Fixed,1,Apartment,False,10411,Doors,Entrance,Not Applicable,High: > 9745,1,10411,Doors
Security Doors,Interior MDF Door,Interior,MDF,Solid,Bedroom,90x210 cm,Low,7.2,Piece,Per_Room,1,Bedroom,False,5265,Doors,Interior,Not Applicable,Low: <= 5307,1,5265,Doors
WPC Brand,Aluminum Balcony Door,Balcony,Aluminum,Sliding,Balcony,180x220 cm,Medium,7.4,Piece,Per_Balcony,1,Balcony,False,5929,Doors,Balcony,Not Applicable,Medium: 5307 - 9745,1,5929,Doors
WPC Brand,Interior MDF Door,Interior,MDF,Solid,Bedroom,90x210 cm,Medium,7.2,Piece,Per_Room,1,Bedroom,False,5407,Doors,Interior,Not Applicable,Medium: 5307 - 9745,1,5407,Doors
WoodCraft,Interior MDF Door,Interior,MDF,Solid,Bedroom,90x210 cm,Low,7.2,Piece,Per_Room,1,Bedroom,False,4961,Doors,Interior,Not Applicable,Low: <= 5307,1,4961,Doors
WoodCraft,Interior MDF Door,Interior,MDF,Solid,Bedroom,90x210 cm,Low,7.2,Piece,Per_Room,1,Bedroom,False,3328,Doors,Interior,Not Applicable,Low: <= 5307,1,3328,Doors
WPC Brand,Aluminum Balcony Door,Balcony,Aluminum,Sliding,Balcony,180x220 cm,Medium,7.4,Piece,Per_Balcony,1,Balcony,False,6859,Doors,Balcony,Not Applicable,Medium: 5307 - 9745,1,6859,Doors
AluDoor,Aluminum Balcony Door,Balcony,Aluminum,Sliding,Balcony,180x220 cm,Low,7.4,Piece,Per_Balcony,1,Balcony,False,4504,Doors,Balcony,Not Applicable,Low: <= 5307,1,4504,Doors
DoorTech,Interior MDF Door,Interior,MDF,Solid,Bedroom,90x210 cm,Low,7.2,Piece,Per_Room,1,Bedroom,False,4075,Doors,Interior,Not Applicable,Low: <= 5307,1,4075,Doors
AluDoor,Armored Security Door,Entrance,Steel,Armored,Main Entrance,100x220 cm,High,8.9,Piece,Fixed,1,Apartment,False,9939,Doors,Entrance,Not Applicable,High: > 9745,1,9939,Doors
AluDoor,Interior MDF Door,Interior,MDF,Solid,Bedroom,90x210 cm,Medium,7.2,Piece,Per_Room,1,Bedroom,False,5507,Doors,Interior,Not Applicable,Medium: 5307 - 9745,1,5507,Doors
WoodCraft,Interior MDF Door,Interior,MDF,Solid,Bedroom,90x210 cm,Low,7.2,Piece,Per_Room,1,Bedroom,False,5004,Doors,Interior,Not Applicable,Low: <= 5307,1,5004,Doors
WoodCraft,Interior MDF Door,Interior,MDF,Solid,Bedroom,90x210 cm,Low,7.2,Piece,Per_Room,1,Bedroom,False,3712,Doors,Interior,Not Applicable,Low: <= 5307,1,3712,Doors
WPC Brand,Armored Security Door,Entrance,Steel,Armored,Main Entrance,100x220 cm,High,8.9,Piece,Fixed,1,Apartment,False,14464,Doors,Entrance,Not Applicable,High: > 9745,1,14464,Doors
DoorTech,Armored Security Door,Entrance,Steel,Armored,Main Entrance,100x220 cm,Medium,8.9,Piece,Fixed,1,Apartment,False,9681,Doors,Entrance,Not Applicable,Medium: 5307 - 9745,1,9681,Doors
WPC Brand,Aluminum Balcony Door,Balcony,Aluminum,Sliding,Balcony,180x220 cm,Low,7.4,Piece,Per_Balcony,1,Balcony,False,4959,Doors,Balcony,Not Applicable,Low: <= 5307,1,4959,Doors
WoodCraft,Armored Security Door,Entrance,Steel,Armored,Main Entrance,100x220 cm,High,8.9,Piece,Fixed,1,Apartment,False,11115,Doors,Entrance,Not Applicable,High: > 9745,1,11115,Doors
WPC Brand,Interior MDF Door,Interior,MDF,Solid,Bedroom,90x210 cm,Low,7.2,Piece,Per_Room,1,Bedroom,False,4682,Doors,Interior,Not Applicable,Low: <= 5307,1,4682,Doors
WoodCraft,Aluminum Balcony Door,Balcony,Aluminum,Sliding,Balcony,180x220 cm,Low,7.4,Piece,Per_Balcony,1,Balcony,False,4714,Doors,Balcony,Not Applicable,Low: <= 5307,1,4714,Doors
WoodCraft,Armored Security Door,Entrance,Steel,Armored,Main Entrance,100x220 cm,High,8.9,Piece,Fixed,1,Apartment,False,10878,Doors,Entrance,Not Applicable,High: > 9745,1,10878,Doors
AluDoor,Aluminum Balcony Door,Balcony,Aluminum,Sliding,Balcony,180x220 cm,Medium,7.4,Piece,Per_Balcony,1,Balcony,False,6782,Doors,Balcony,Not Applicable,Medium: 5307 - 9745,1,6782,Doors
Security Doors,Aluminum Balcony Door,Balcony,Aluminum,Sliding,Balcony,180x220 cm,Medium,7.4,Piece,Per_Balcony,1,Balcony,False,5371,Doors,Balcony,Not Applicable,Medium: 5307 - 9745,1,5371,Doors
WoodCraft,Armored Security Door,Entrance,Steel,Armored,Main Entrance,100x220 cm,High,8.9,Piece,Fixed,1,Apartment,False,12900,Doors,Entrance,Not Applicable,High: > 9745,1,12900,Doors
AluDoor,Interior MDF Door,Interior,MDF,Solid,Bedroom,90x210 cm,Low,7.2,Piece,Per_Room,1,Bedroom,False,4115,Doors,Interior,Not Applicable,Low: <= 5307,1,4115,Doors
Security Doors,Interior MDF Door,Interior,MDF,Solid,Bedroom,90x210 cm,Low,7.2,Piece,Per_Room,1,Bedroom,False,5019,Doors,Interior,Not Applicable,Low: <= 5307,1,5019,Doors
WPC Brand,Aluminum Balcony Door,Balcony,Aluminum,Sliding,Balcony,180x220 cm,Medium,7.4,Piece,Per_Balcony,1,Balcony,False,6925,Doors,Balcony,Not Applicable,Medium: 5307 - 9745,1,6925,Doors
WPC Brand,Aluminum Balcony Door,Balcony,Aluminum,Sliding,Balcony,180x220 cm,Medium,7.4,Piece,Per_Balcony,1,Balcony,False,6543,Doors,Balcony,Not Applicable,Medium: 5307 - 9745,1,6543,Doors
DoorTech,Aluminum Balcony Door,Balcony,Aluminum,Sliding,Balcony,180x220 cm,Medium,7.4,Piece,Per_Balcony,1,Balcony,False,6676,Doors,Balcony,Not Applicable,Medium: 5307 - 9745,1,6676,Doors
Security Doors,Armored Security Door,Entrance,Steel,Armored,Main Entrance,100x220 cm,High,8.9,Piece,Fixed,1,Apartment,False,13086,Doors,Entrance,Not Applicable,High: > 9745,1,13086,Doors
Security Doors,Armored Security Door,Entrance,Steel,Armored,Main Entrance,100x220 cm,High,8.9,Piece,Fixed,1,Apartment,False,12564,Doors,Entrance,Not Applicable,High: > 9745,1,12564,Doors
Security Doors,Interior MDF Door,Interior,MDF,Solid,Bedroom,90x210 cm,Low,7.2,Piece,Per_Room,1,Bedroom,False,3749,Doors,Interior,Not Applicable,Low: <= 5307,1,3749,Doors
WoodCraft,Interior MDF Door,Interior,MDF,Solid,Bedroom,90x210 cm,Low,7.2,Piece,Per_Room,1,Bedroom,False,4261,Doors,Interior,Not Applicable,Low: <= 5307,1,4261,Doors
AluDoor,Armored Security Door,Entrance,Steel,Armored,Main Entrance,100x220 cm,High,8.9,Piece,Fixed,1,Apartment,False,10899,Doors,Entrance,Not Applicable,High: > 9745,1,10899,Doors
WPC Brand,Interior MDF Door,Interior,MDF,Solid,Bedroom,90x210 cm,Low,7.2,Piece,Per_Room,1,Bedroom,False,3990,Doors,Interior,Not Applicable,Low: <= 5307,1,3990,Doors
WoodCraft,Aluminum Balcony Door,Balcony,Aluminum,Sliding,Balcony,180x220 cm,Medium,7.4,Piece,Per_Balcony,1,Balcony,False,5431,Doors,Balcony,Not Applicable,Medium: 5307 - 9745,1,5431,Doors
WPC Brand,Interior MDF Door,Interior,MDF,Solid,Bedroom,90x210 cm,Medium,7.2,Piece,Per_Room,1,Bedroom,False,5481,Doors,Interior,Not Applicable,Medium: 5307 - 9745,1,5481,Doors
DoorTech,Armored Security Door,Entrance,Steel,Armored,Main Entrance,100x220 cm,High,8.9,Piece,Fixed,1,Apartment,False,10876,Doors,Entrance,Not Applicable,High: > 9745,1,10876,Doors
DoorTech,Aluminum Balcony Door,Balcony,Aluminum,Sliding,Balcony,180x220 cm,Low,7.4,Piece,Per_Balcony,1,Balcony,False,5120,Doors,Balcony,Not Applicable,Low: <= 5307,1,5120,Doors
AluDoor,Interior MDF Door,Interior,MDF,Solid,Bedroom,90x210 cm,Low,7.2,Piece,Per_Room,1,Bedroom,False,5183,Doors,Interior,Not Applicable,Low: <= 5307,1,5183,Doors
Security Doors,Aluminum Balcony Door,Balcony,Aluminum,Sliding,Balcony,180x220 cm,Low,7.4,Piece,Per_Balcony,1,Balcony,False,4806,Doors,Balcony,Not Applicable,Low: <= 5307,1,4806,Doors
WoodCraft,Aluminum Balcony Door,Balcony,Aluminum,Sliding,Balcony,180x220 cm,Medium,7.4,Piece,Per_Balcony,1,Balcony,False,6583,Doors,Balcony,Not Applicable,Medium: 5307 - 9745,1,6583,Doors
WoodCraft,Interior MDF Door,Interior,MDF,Solid,Bedroom,90x210 cm,Low,7.2,Piece,Per_Room,1,Bedroom,False,3905,Doors,Interior,Not Applicable,Low: <= 5307,1,3905,Doors
Security Doors,Armored Security Door,Entrance,Steel,Armored,Main Entrance,100x220 cm,High,8.9,Piece,Fixed,1,Apartment,False,12205,Doors,Entrance,Not Applicable,High: > 9745,1,12205,Doors
WoodCraft,Interior MDF Door,Interior,MDF,Solid,Bedroom,90x210 cm,Low,7.2,Piece,Per_Room,1,Bedroom,False,3848,Doors,Interior,Not Applicable,Low: <= 5307,1,3848,Doors
WPC Brand,Interior MDF Door,Interior,MDF,Solid,Bedroom,90x210 cm,Low,7.2,Piece,Per_Room,1,Bedroom,False,4329,Doors,Interior,Not Applicable,Low: <= 5307,1,4329,Doors
WPC Brand,Aluminum Balcony Door,Balcony,Aluminum,Sliding,Balcony,180x220 cm,Medium,7.4,Piece,Per_Balcony,1,Balcony,False,7417,Doors,Balcony,Not Applicable,Medium: 5307 - 9745,1,7417,Doors
WoodCraft,Interior MDF Door,Interior,MDF,Solid,Bedroom,90x210 cm,Low,7.2,Piece,Per_Room,1,Bedroom,False,4451,Doors,Interior,Not Applicable,Low: <= 5307,1,4451,Doors
Security Doors,Aluminum Balcony Door,Balcony,Aluminum,Sliding,Balcony,180x220 cm,Medium,7.4,Piece,Per_Balcony,1,Balcony,False,6632,Doors,Balcony,Not Applicable,Medium: 5307 - 9745,1,6632,Doors
WoodCraft,Interior MDF Door,Interior,MDF,Solid,Bedroom,90x210 cm,Low,7.2,Piece,Per_Room,1,Bedroom,False,4501,Doors,Interior,Not Applicable,Low: <= 5307,1,4501,Doors
Security Doors,Aluminum Balcony Door,Balcony,Aluminum,Sliding,Balcony,180x220 cm,Low,7.4,Piece,Per_Balcony,1,Balcony,False,4981,Doors,Balcony,Not Applicable,Low: <= 5307,1,4981,Doors
AluDoor,Interior MDF Door,Interior,MDF,Solid,Bedroom,90x210 cm,Low,7.2,Piece,Per_Room,1,Bedroom,False,5264,Doors,Interior,Not Applicable,Low: <= 5307,1,5264,Doors
WoodCraft,Interior MDF Door,Interior,MDF,Solid,Bedroom,90x210 cm,Low,7.2,Piece,Per_Room,1,Bedroom,False,4370,Doors,Interior,Not Applicable,Low: <= 5307,1,4370,Doors
AluDoor,Armored Security Door,Entrance,Steel,Armored,Main Entrance,100x220 cm,High,8.9,Piece,Fixed,1,Apartment,False,11416,Doors,Entrance,Not Applicable,High: > 9745,1,11416,Doors
WoodCraft,Armored Security Door,Entrance,Steel,Armored,Main Entrance,100x220 cm,High,8.9,Piece,Fixed,1,Apartment,False,14281,Doors,Entrance,Not Applicable,High: > 9745,1,14281,Doors
AluDoor,Armored Security Door,Entrance,Steel,Armored,Main Entrance,100x220 cm,High,8.9,Piece,Fixed,1,Apartment,False,10214,Doors,Entrance,Not Applicable,High: > 9745,1,10214,Doors
DoorTech,Armored Security Door,Entrance,Steel,Armored,Main Entrance,100x220 cm,High,8.9,Piece,Fixed,1,Apartment,False,10408,Doors,Entrance,Not Applicable,High: > 9745,1,10408,Doors
DoorTech,Armored Security Door,Entrance,Steel,Armored,Main Entrance,100x220 cm,High,8.9,Piece,Fixed,1,Apartment,False,10809,Doors,Entrance,Not Applicable,High: > 9745,1,10809,Doors
DoorTech,Aluminum Balcony Door,Balcony,Aluminum,Sliding,Balcony,180x220 cm,Medium,7.4,Piece,Per_Balcony,1,Balcony,False,6983,Doors,Balcony,Not Applicable,Medium: 5307 - 9745,1,6983,Doors
WoodCraft,Aluminum Balcony Door,Balcony,Aluminum,Sliding,Balcony,180x220 cm,Medium,7.4,Piece,Per_Balcony,1,Balcony,False,7333,Doors,Balcony,Not Applicable,Medium: 5307 - 9745,1,7333,Doors
AluDoor,Armored Security Door,Entrance,Steel,Armored,Main Entrance,100x220 cm,High,8.9,Piece,Fixed,1,Apartment,False,11066,Doors,Entrance,Not Applicable,High: > 9745,1,11066,Doors
WPC Brand,Armored Security Door,Entrance,Steel,Armored,Main Entrance,100x220 cm,High,8.9,Piece,Fixed,1,Apartment,False,14009,Doors,Entrance,Not Applicable,High: > 9745,1,14009,Doors
DoorTech,Aluminum Balcony Door,Balcony,Aluminum,Sliding,Balcony,180x220 cm,Medium,7.4,Piece,Per_Balcony,1,Balcony,False,5641,Doors,Balcony,Not Applicable,Medium: 5307 - 9745,1,5641,Doors
DoorTech,Interior MDF Door,Interior,MDF,Solid,Bedroom,90x210 cm,Medium,7.2,Piece,Per_Room,1,Bedroom,False,5339,Doors,Interior,Not Applicable,Medium: 5307 - 9745,1,5339,Doors
WoodCraft,Armored Security Door,Entrance,Steel,Armored,Main Entrance,100x220 cm,High,8.9,Piece,Fixed,1,Apartment,False,13182,Doors,Entrance,Not Applicable,High: > 9745,1,13182,Doors
WoodCraft,Interior MDF Door,Interior,MDF,Solid,Bedroom,90x210 cm,Low,7.2,Piece,Per_Room,1,Bedroom,False,4489,Doors,Interior,Not Applicable,Low: <= 5307,1,4489,Doors
WPC Brand,Aluminum Balcony Door,Balcony,Aluminum,Sliding,Balcony,180x220 cm,Medium,7.4,Piece,Per_Balcony,1,Balcony,False,5514,Doors,Balcony,Not Applicable,Medium: 5307 - 9745,1,5514,Doors
AluDoor,Armored Security Door,Entrance,Steel,Armored,Main Entrance,100x220 cm,High,8.9,Piece,Fixed,1,Apartment,False,11339,Doors,Entrance,Not Applicable,High: > 9745,1,11339,Doors
Security Doors,Armored Security Door,Entrance,Steel,Armored,Main Entrance,100x220 cm,High,8.9,Piece,Fixed,1,Apartment,False,12658,Doors,Entrance,Not Applicable,High: > 9745,1,12658,Doors
DoorTech,Armored Security Door,Entrance,Steel,Armored,Main Entrance,100x220 cm,High,8.9,Piece,Fixed,1,Apartment,False,10749,Doors,Entrance,Not Applicable,High: > 9745,1,10749,Doors
DoorTech,Armored Security Door,Entrance,Steel,Armored,Main Entrance,100x220 cm,High,8.9,Piece,Fixed,1,Apartment,False,13696,Doors,Entrance,Not Applicable,High: > 9745,1,13696,Doors
AluDoor,Interior MDF Door,Interior,MDF,Solid,Bedroom,90x210 cm,Low,7.2,Piece,Per_Room,1,Bedroom,False,3342,Doors,Interior,Not Applicable,Low: <= 5307,1,3342,Doors
WoodCraft,Armored Security Door,Entrance,Steel,Armored,Main Entrance,100x220 cm,High,8.9,Piece,Fixed,1,Apartment,False,13393,Doors,Entrance,Not Applicable,High: > 9745,1,13393,Doors
Security Doors,Aluminum Balcony Door,Balcony,Aluminum,Sliding,Balcony,180x220 cm,Medium,7.4,Piece,Per_Balcony,1,Balcony,False,7405,Doors,Balcony,Not Applicable,Medium: 5307 - 9745,1,7405,Doors
DoorTech,Aluminum Balcony Door,Balcony,Aluminum,Sliding,Balcony,180x220 cm,Medium,7.4,Piece,Per_Balcony,1,Balcony,False,6991,Doors,Balcony,Not Applicable,Medium: 5307 - 9745,1,6991,Doors
Security Doors,Aluminum Balcony Door,Balcony,Aluminum,Sliding,Balcony,180x220 cm,Medium,7.4,Piece,Per_Balcony,1,Balcony,False,5622,Doors,Balcony,Not Applicable,Medium: 5307 - 9745,1,5622,Doors
WoodCraft,Armored Security Door,Entrance,Steel,Armored,Main Entrance,100x220 cm,High,8.9,Piece,Fixed,1,Apartment,False,12245,Doors,Entrance,Not Applicable,High: > 9745,1,12245,Doors
DoorTech,Aluminum Balcony Door,Balcony,Aluminum,Sliding,Balcony,180x220 cm,Medium,7.4,Piece,Per_Balcony,1,Balcony,False,5502,Doors,Balcony,Not Applicable,Medium: 5307 - 9745,1,5502,Doors
WoodCraft,Aluminum Balcony Door,Balcony,Aluminum,Sliding,Balcony,180x220 cm,Medium,7.4,Piece,Per_Balcony,1,Balcony,False,6520,Doors,Balcony,Not Applicable,Medium: 5307 - 9745,1,6520,Doors
DoorTech,Armored Security Door,Entrance,Steel,Armored,Main Entrance,100x220 cm,High,8.9,Piece,Fixed,1,Apartment,False,10710,Doors,Entrance,Not Applicable,High: > 9745,1,10710,Doors
DoorTech,Interior MDF Door,Interior,MDF,Solid,Bedroom,90x210 cm,Low,7.2,Piece,Per_Room,1,Bedroom,False,3850,Doors,Interior,Not Applicable,Low: <= 5307,1,3850,Doors
AluDoor,Interior MDF Door,Interior,MDF,Solid,Bedroom,90x210 cm,Low,7.2,Piece,Per_Room,1,Bedroom,False,4024,Doors,Interior,Not Applicable,Low: <= 5307,1,4024,Doors
AluDoor,Armored Security Door,Entrance,Steel,Armored,Main Entrance,100x220 cm,High,8.9,Piece,Fixed,1,Apartment,False,14472,Doors,Entrance,Not Applicable,High: > 9745,1,14472,Doors
DoorTech,Aluminum Balcony Door,Balcony,Aluminum,Sliding,Balcony,180x220 cm,Medium,7.4,Piece,Per_Balcony,1,Balcony,False,5350,Doors,Balcony,Not Applicable,Medium: 5307 - 9745,1,5350,Doors
WoodCraft,Armored Security Door,Entrance,Steel,Armored,Main Entrance,100x220 cm,High,8.9,Piece,Fixed,1,Apartment,False,11727,Doors,Entrance,Not Applicable,High: > 9745,1,11727,Doors
DoorTech,Armored Security Door,Entrance,Steel,Armored,Main Entrance,100x220 cm,Medium,8.9,Piece,Fixed,1,Apartment,False,9725,Doors,Entrance,Not Applicable,Medium: 5307 - 9745,1,9725,Doors
WoodCraft,Armored Security Door,Entrance,Steel,Armored,Main Entrance,100x220 cm,High,8.9,Piece,Fixed,1,Apartment,False,10341,Doors,Entrance,Not Applicable,High: > 9745,1,10341,Doors
DoorTech,Armored Security Door,Entrance,Steel,Armored,Main Entrance,100x220 cm,High,8.9,Piece,Fixed,1,Apartment,False,13819,Doors,Entrance,Not Applicable,High: > 9745,1,13819,Doors
WoodCraft,Interior MDF Door,Interior,MDF,Solid,Bedroom,90x210 cm,Low,7.2,Piece,Per_Room,1,Bedroom,False,3263,Doors,Interior,Not Applicable,Low: <= 5307,1,3263,Doors
WPC Brand,Armored Security Door,Entrance,Steel,Armored,Main Entrance,100x220 cm,High,8.9,Piece,Fixed,1,Apartment,False,11142,Doors,Entrance,Not Applicable,High: > 9745,1,11142,Doors
WoodCraft,Armored Security Door,Entrance,Steel,Armored,Main Entrance,100x220 cm,High,8.9,Piece,Fixed,1,Apartment,False,11483,Doors,Entrance,Not Applicable,High: > 9745,1,11483,Doors
DoorTech,Armored Security Door,Entrance,Steel,Armored,Main Entrance,100x220 cm,High,8.9,Piece,Fixed,1,Apartment,False,10989,Doors,Entrance,Not Applicable,High: > 9745,1,10989,Doors
WoodCraft,Interior MDF Door,Interior,MDF,Solid,Bedroom,90x210 cm,Low,7.2,Piece,Per_Room,1,Bedroom,False,5040,Doors,Interior,Not Applicable,Low: <= 5307,1,5040,Doors
WPC Brand,Armored Security Door,Entrance,Steel,Armored,Main Entrance,100x220 cm,High,8.9,Piece,Fixed,1,Apartment,False,10648,Doors,Entrance,Not Applicable,High: > 9745,1,10648,Doors
DoorTech,Aluminum Balcony Door,Balcony,Aluminum,Sliding,Balcony,180x220 cm,Medium,7.4,Piece,Per_Balcony,1,Balcony,False,6444,Doors,Balcony,Not Applicable,Medium: 5307 - 9745,1,6444,Doors
WPC Brand,Aluminum Balcony Door,Balcony,Aluminum,Sliding,Balcony,180x220 cm,Medium,7.4,Piece,Per_Balcony,1,Balcony,False,5715,Doors,Balcony,Not Applicable,Medium: 5307 - 9745,1,5715,Doors
AluDoor,Aluminum Balcony Door,Balcony,Aluminum,Sliding,Balcony,180x220 cm,Medium,7.4,Piece,Per_Balcony,1,Balcony,False,6167,Doors,Balcony,Not Applicable,Medium: 5307 - 9745,1,6167,Doors
Security Doors,Aluminum Balcony Door,Balcony,Aluminum,Sliding,Balcony,180x220 cm,Medium,7.4,Piece,Per_Balcony,1,Balcony,False,6022,Doors,Balcony,Not Applicable,Medium: 5307 - 9745,1,6022,Doors
AluDoor,Armored Security Door,Entrance,Steel,Armored,Main Entrance,100x220 cm,High,8.9,Piece,Fixed,1,Apartment,False,11048,Doors,Entrance,Not Applicable,High: > 9745,1,11048,Doors
WoodCraft,Interior MDF Door,Interior,MDF,Solid,Bedroom,90x210 cm,Medium,7.2,Piece,Per_Room,1,Bedroom,False,5743,Doors,Interior,Not Applicable,Medium: 5307 - 9745,1,5743,Doors
Security Doors,Aluminum Balcony Door,Balcony,Aluminum,Sliding,Balcony,180x220 cm,Medium,7.4,Piece,Per_Balcony,1,Balcony,False,5627,Doors,Balcony,Not Applicable,Medium: 5307 - 9745,1,5627,Doors
DoorTech,Interior MDF Door,Interior,MDF,Solid,Bedroom,90x210 cm,Low,7.2,Piece,Per_Room,1,Bedroom,False,3354,Doors,Interior,Not Applicable,Low: <= 5307,1,3354,Doors
Security Doors,Armored Security Door,Entrance,Steel,Armored,Main Entrance,100x220 cm,High,8.9,Piece,Fixed,1,Apartment,False,13866,Doors,Entrance,Not Applicable,High: > 9745,1,13866,Doors
DoorTech,Interior MDF Door,Interior,MDF,Solid,Bedroom,90x210 cm,Low,7.2,Piece,Per_Room,1,Bedroom,False,3742,Doors,Interior,Not Applicable,Low: <= 5307,1,3742,Doors
AluDoor,Interior MDF Door,Interior,MDF,Solid,Bedroom,90x210 cm,Low,7.2,Piece,Per_Room,1,Bedroom,False,3402,Doors,Interior,Not Applicable,Low: <= 5307,1,3402,Doors
WoodCraft,Aluminum Balcony Door,Balcony,Aluminum,Sliding,Balcony,180x220 cm,Low,7.4,Piece,Per_Balcony,1,Balcony,False,4623,Doors,Balcony,Not Applicable,Low: <= 5307,1,4623,Doors
Security Doors,Armored Security Door,Entrance,Steel,Armored,Main Entrance,100x220 cm,High,8.9,Piece,Fixed,1,Apartment,False,14098,Doors,Entrance,Not Applicable,High: > 9745,1,14098,Doors
AluDoor,Armored Security Door,Entrance,Steel,Armored,Main Entrance,100x220 cm,High,8.9,Piece,Fixed,1,Apartment,False,10565,Doors,Entrance,Not Applicable,High: > 9745,1,10565,Doors
WoodCraft,Armored Security Door,Entrance,Steel,Armored,Main Entrance,100x220 cm,High,8.9,Piece,Fixed,1,Apartment,False,10069,Doors,Entrance,Not Applicable,High: > 9745,1,10069,Doors
AluDoor,Interior MDF Door,Interior,MDF,Solid,Bedroom,90x210 cm,Low,7.2,Piece,Per_Room,1,Bedroom,False,4457,Doors,Interior,Not Applicable,Low: <= 5307,1,4457,Doors
WoodCraft,Armored Security Door,Entrance,Steel,Armored,Main Entrance,100x220 cm,High,8.9,Piece,Fixed,1,Apartment,False,13792,Doors,Entrance,Not Applicable,High: > 9745,1,13792,Doors
WPC Brand,Armored Security Door,Entrance,Steel,Armored,Main Entrance,100x220 cm,High,8.9,Piece,Fixed,1,Apartment,False,13333,Doors,Entrance,Not Applicable,High: > 9745,1,13333,Doors
WoodCraft,Aluminum Balcony Door,Balcony,Aluminum,Sliding,Balcony,180x220 cm,Medium,7.4,Piece,Per_Balcony,1,Balcony,False,6132,Doors,Balcony,Not Applicable,Medium: 5307 - 9745,1,6132,Doors
WPC Brand,Aluminum Balcony Door,Balcony,Aluminum,Sliding,Balcony,180x220 cm,Low,7.4,Piece,Per_Balcony,1,Balcony,False,5162,Doors,Balcony,Not Applicable,Low: <= 5307,1,5162,Doors
AluDoor,Aluminum Balcony Door,Balcony,Aluminum,Sliding,Balcony,180x220 cm,Medium,7.4,Piece,Per_Balcony,1,Balcony,False,6625,Doors,Balcony,Not Applicable,Medium: 5307 - 9745,1,6625,Doors
Security Doors,Armored Security Door,Entrance,Steel,Armored,Main Entrance,100x220 cm,High,8.9,Piece,Fixed,1,Apartment,False,12815,Doors,Entrance,Not Applicable,High: > 9745,1,12815,Doors
WoodCraft,Interior MDF Door,Interior,MDF,Solid,Bedroom,90x210 cm,Medium,7.2,Piece,Per_Room,1,Bedroom,False,5444,Doors,Interior,Not Applicable,Medium: 5307 - 9745,1,5444,Doors
WPC Brand,Armored Security Door,Entrance,Steel,Armored,Main Entrance,100x220 cm,High,8.9,Piece,Fixed,1,Apartment,False,13346,Doors,Entrance,Not Applicable,High: > 9745,1,13346,Doors
AluDoor,Aluminum Balcony Door,Balcony,Aluminum,Sliding,Balcony,180x220 cm,Low,7.4,Piece,Per_Balcony,1,Balcony,False,5150,Doors,Balcony,Not Applicable,Low: <= 5307,1,5150,Doors
WoodCraft,Armored Security Door,Entrance,Steel,Armored,Main Entrance,100x220 cm,High,8.9,Piece,Fixed,1,Apartment,False,12955,Doors,Entrance,Not Applicable,High: > 9745,1,12955,Doors
WoodCraft,Aluminum Balcony Door,Balcony,Aluminum,Sliding,Balcony,180x220 cm,Medium,7.4,Piece,Per_Balcony,1,Balcony,False,7135,Doors,Balcony,Not Applicable,Medium: 5307 - 9745,1,7135,Doors
WPC Brand,Aluminum Balcony Door,Balcony,Aluminum,Sliding,Balcony,180x220 cm,Medium,7.4,Piece,Per_Balcony,1,Balcony,False,6360,Doors,Balcony,Not Applicable,Medium: 5307 - 9745,1,6360,Doors
DoorTech,Aluminum Balcony Door,Balcony,Aluminum,Sliding,Balcony,180x220 cm,Medium,7.4,Piece,Per_Balcony,1,Balcony,False,6917,Doors,Balcony,Not Applicable,Medium: 5307 - 9745,1,6917,Doors
AluDoor,Armored Security Door,Entrance,Steel,Armored,Main Entrance,100x220 cm,High,8.9,Piece,Fixed,1,Apartment,False,13178,Doors,Entrance,Not Applicable,High: > 9745,1,13178,Doors
WPC Brand,Armored Security Door,Entrance,Steel,Armored,Main Entrance,100x220 cm,High,8.9,Piece,Fixed,1,Apartment,False,9943,Doors,Entrance,Not Applicable,High: > 9745,1,9943,Doors
WPC Brand,Aluminum Balcony Door,Balcony,Aluminum,Sliding,Balcony,180x220 cm,Medium,7.4,Piece,Per_Balcony,1,Balcony,False,5563,Doors,Balcony,Not Applicable,Medium: 5307 - 9745,1,5563,Doors
Security Doors,Interior MDF Door,Interior,MDF,Solid,Bedroom,90x210 cm,Low,7.2,Piece,Per_Room,1,Bedroom,False,3687,Doors,Interior,Not Applicable,Low: <= 5307,1,3687,Doors
Security Doors,Armored Security Door,Entrance,Steel,Armored,Main Entrance,100x220 cm,High,8.9,Piece,Fixed,1,Apartment,False,14417,Doors,Entrance,Not Applicable,High: > 9745,1,14417,Doors
AluDoor,Armored Security Door,Entrance,Steel,Armored,Main Entrance,100x220 cm,High,8.9,Piece,Fixed,1,Apartment,False,10654,Doors,Entrance,Not Applicable,High: > 9745,1,10654,Doors
WPC Brand,Aluminum Balcony Door,Balcony,Aluminum,Sliding,Balcony,180x220 cm,Low,7.4,Piece,Per_Balcony,1,Balcony,False,4950,Doors,Balcony,Not Applicable,Low: <= 5307,1,4950,Doors
Security Doors,Armored Security Door,Entrance,Steel,Armored,Main Entrance,100x220 cm,High,8.9,Piece,Fixed,1,Apartment,False,13893,Doors,Entrance,Not Applicable,High: > 9745,1,13893,Doors
WoodCraft,Armored Security Door,Entrance,Steel,Armored,Main Entrance,100x220 cm,High,8.9,Piece,Fixed,1,Apartment,False,12734,Doors,Entrance,Not Applicable,High: > 9745,1,12734,Doors
DoorTech,Interior MDF Door,Interior,MDF,Solid,Bedroom,90x210 cm,Medium,7.2,Piece,Per_Room,1,Bedroom,False,5508,Doors,Interior,Not Applicable,Medium: 5307 - 9745,1,5508,Doors
AluDoor,Interior MDF Door,Interior,MDF,Solid,Bedroom,90x210 cm,Low,7.2,Piece,Per_Room,1,Bedroom,False,4103,Doors,Interior,Not Applicable,Low: <= 5307,1,4103,Doors
WPC Brand,Interior MDF Door,Interior,MDF,Solid,Bedroom,90x210 cm,Medium,7.2,Piece,Per_Room,1,Bedroom,False,5425,Doors,Interior,Not Applicable,Medium: 5307 - 9745,1,5425,Doors
Security Doors,Armored Security Door,Entrance,Steel,Armored,Main Entrance,100x220 cm,High,8.9,Piece,Fixed,1,Apartment,False,12913,Doors,Entrance,Not Applicable,High: > 9745,1,12913,Doors
DoorTech,Armored Security Door,Entrance,Steel,Armored,Main Entrance,100x220 cm,Medium,8.9,Piece,Fixed,1,Apartment,False,9657,Doors,Entrance,Not Applicable,Medium: 5307 - 9745,1,9657,Doors
DoorTech,Interior MDF Door,Interior,MDF,Solid,Bedroom,90x210 cm,Low,7.2,Piece,Per_Room,1,Bedroom,False,3462,Doors,Interior,Not Applicable,Low: <= 5307,1,3462,Doors
WoodCraft,Armored Security Door,Entrance,Steel,Armored,Main Entrance,100x220 cm,High,8.9,Piece,Fixed,1,Apartment,False,14204,Doors,Entrance,Not Applicable,High: > 9745,1,14204,Doors
DoorTech,Aluminum Balcony Door,Balcony,Aluminum,Sliding,Balcony,180x220 cm,Medium,7.4,Piece,Per_Balcony,1,Balcony,False,6306,Doors,Balcony,Not Applicable,Medium: 5307 - 9745,1,6306,Doors
Security Doors,Armored Security Door,Entrance,Steel,Armored,Main Entrance,100x220 cm,High,8.9,Piece,Fixed,1,Apartment,False,13861,Doors,Entrance,Not Applicable,High: > 9745,1,13861,Doors
AluDoor,Aluminum Balcony Door,Balcony,Aluminum,Sliding,Balcony,180x220 cm,Medium,7.4,Piece,Per_Balcony,1,Balcony,False,6849,Doors,Balcony,Not Applicable,Medium: 5307 - 9745,1,6849,Doors
Security Doors,Armored Security Door,Entrance,Steel,Armored,Main Entrance,100x220 cm,High,8.9,Piece,Fixed,1,Apartment,False,12959,Doors,Entrance,Not Applicable,High: > 9745,1,12959,Doors
AluDoor,Armored Security Door,Entrance,Steel,Armored,Main Entrance,100x220 cm,High,8.9,Piece,Fixed,1,Apartment,False,13249,Doors,Entrance,Not Applicable,High: > 9745,1,13249,Doors
AluDoor,Interior MDF Door,Interior,MDF,Solid,Bedroom,90x210 cm,Low,7.2,Piece,Per_Room,1,Bedroom,False,4187,Doors,Interior,Not Applicable,Low: <= 5307,1,4187,Doors
AluDoor,Aluminum Balcony Door,Balcony,Aluminum,Sliding,Balcony,180x220 cm,Medium,7.4,Piece,Per_Balcony,1,Balcony,False,6559,Doors,Balcony,Not Applicable,Medium: 5307 - 9745,1,6559,Doors
DoorTech,Interior MDF Door,Interior,MDF,Solid,Bedroom,90x210 cm,Medium,7.2,Piece,Per_Room,1,Bedroom,False,5456,Doors,Interior,Not Applicable,Medium: 5307 - 9745,1,5456,Doors
WoodCraft,Interior MDF Door,Interior,MDF,Solid,Bedroom,90x210 cm,Low,7.2,Piece,Per_Room,1,Bedroom,False,4259,Doors,Interior,Not Applicable,Low: <= 5307,1,4259,Doors
WoodCraft,Aluminum Balcony Door,Balcony,Aluminum,Sliding,Balcony,180x220 cm,Low,7.4,Piece,Per_Balcony,1,Balcony,False,4761,Doors,Balcony,Not Applicable,Low: <= 5307,1,4761,Doors
Security Doors,Aluminum Balcony Door,Balcony,Aluminum,Sliding,Balcony,180x220 cm,Medium,7.4,Piece,Per_Balcony,1,Balcony,False,7400,Doors,Balcony,Not Applicable,Medium: 5307 - 9745,1,7400,Doors
Security Doors,Interior MDF Door,Interior,MDF,Solid,Bedroom,90x210 cm,Low,7.2,Piece,Per_Room,1,Bedroom,False,3223,Doors,Interior,Not Applicable,Low: <= 5307,1,3223,Doors
WoodCraft,Interior MDF Door,Interior,MDF,Solid,Bedroom,90x210 cm,Low,7.2,Piece,Per_Room,1,Bedroom,False,3643,Doors,Interior,Not Applicable,Low: <= 5307,1,3643,Doors
WoodCraft,Armored Security Door,Entrance,Steel,Armored,Main Entrance,100x220 cm,High,8.9,Piece,Fixed,1,Apartment,False,13295,Doors,Entrance,Not Applicable,High: > 9745,1,13295,Doors
Security Doors,Armored Security Door,Entrance,Steel,Armored,Main Entrance,100x220 cm,High,8.9,Piece,Fixed,1,Apartment,False,11065,Doors,Entrance,Not Applicable,High: > 9745,1,11065,Doors
Security Doors,Interior MDF Door,Interior,MDF,Solid,Bedroom,90x210 cm,Low,7.2,Piece,Per_Room,1,Bedroom,False,4240,Doors,Interior,Not Applicable,Low: <= 5307,1,4240,Doors
WoodCraft,Aluminum Balcony Door,Balcony,Aluminum,Sliding,Balcony,180x220 cm,Medium,7.4,Piece,Per_Balcony,1,Balcony,False,6479,Doors,Balcony,Not Applicable,Medium: 5307 - 9745,1,6479,Doors
DoorTech,Armored Security Door,Entrance,Steel,Armored,Main Entrance,100x220 cm,High,8.9,Piece,Fixed,1,Apartment,False,10463,Doors,Entrance,Not Applicable,High: > 9745,1,10463,Doors
WoodCraft,Aluminum Balcony Door,Balcony,Aluminum,Sliding,Balcony,180x220 cm,Low,7.4,Piece,Per_Balcony,1,Balcony,False,4658,Doors,Balcony,Not Applicable,Low: <= 5307,1,4658,Doors
WPC Brand,Armored Security Door,Entrance,Steel,Armored,Main Entrance,100x220 cm,High,8.9,Piece,Fixed,1,Apartment,False,12315,Doors,Entrance,Not Applicable,High: > 9745,1,12315,Doors
Security Doors,Interior MDF Door,Interior,MDF,Solid,Bedroom,90x210 cm,Low,7.2,Piece,Per_Room,1,Bedroom,False,4495,Doors,Interior,Not Applicable,Low: <= 5307,1,4495,Doors
WoodCraft,Aluminum Balcony Door,Balcony,Aluminum,Sliding,Balcony,180x220 cm,Medium,7.4,Piece,Per_Balcony,1,Balcony,False,6733,Doors,Balcony,Not Applicable,Medium: 5307 - 9745,1,6733,Doors
DoorTech,Interior MDF Door,Interior,MDF,Solid,Bedroom,90x210 cm,Low,7.2,Piece,Per_Room,1,Bedroom,False,4744,Doors,Interior,Not Applicable,Low: <= 5307,1,4744,Doors
DoorTech,Interior MDF Door,Interior,MDF,Solid,Bedroom,90x210 cm,Medium,7.2,Piece,Per_Room,1,Bedroom,False,5765,Doors,Interior,Not Applicable,Medium: 5307 - 9745,1,5765,Doors
DoorTech,Armored Security Door,Entrance,Steel,Armored,Main Entrance,100x220 cm,High,8.9,Piece,Fixed,1,Apartment,False,10794,Doors,Entrance,Not Applicable,High: > 9745,1,10794,Doors
DoorTech,Aluminum Balcony Door,Balcony,Aluminum,Sliding,Balcony,180x220 cm,Medium,7.4,Piece,Per_Balcony,1,Balcony,False,7209,Doors,Balcony,Not Applicable,Medium: 5307 - 9745,1,7209,Doors
WPC Brand,Interior MDF Door,Interior,MDF,Solid,Bedroom,90x210 cm,Low,7.2,Piece,Per_Room,1,Bedroom,False,4588,Doors,Interior,Not Applicable,Low: <= 5307,1,4588,Doors
WoodCraft,Armored Security Door,Entrance,Steel,Armored,Main Entrance,100x220 cm,High,8.9,Piece,Fixed,1,Apartment,False,12768,Doors,Entrance,Not Applicable,High: > 9745,1,12768,Doors
WoodCraft,Interior MDF Door,Interior,MDF,Solid,Bedroom,90x210 cm,Low,7.2,Piece,Per_Room,1,Bedroom,False,5156,Doors,Interior,Not Applicable,Low: <= 5307,1,5156,Doors
WoodCraft,Aluminum Balcony Door,Balcony,Aluminum,Sliding,Balcony,180x220 cm,Low,7.4,Piece,Per_Balcony,1,Balcony,False,5077,Doors,Balcony,Not Applicable,Low: <= 5307,1,5077,Doors
AluDoor,Interior MDF Door,Interior,MDF,Solid,Bedroom,90x210 cm,Low,7.2,Piece,Per_Room,1,Bedroom,False,3741,Doors,Interior,Not Applicable,Low: <= 5307,1,3741,Doors
Security Doors,Aluminum Balcony Door,Balcony,Aluminum,Sliding,Balcony,180x220 cm,Medium,7.4,Piece,Per_Balcony,1,Balcony,False,5571,Doors,Balcony,Not Applicable,Medium: 5307 - 9745,1,5571,Doors
WoodCraft,Armored Security Door,Entrance,Steel,Armored,Main Entrance,100x220 cm,High,8.9,Piece,Fixed,1,Apartment,False,11710,Doors,Entrance,Not Applicable,High: > 9745,1,11710,Doors
AluDoor,Aluminum Balcony Door,Balcony,Aluminum,Sliding,Balcony,180x220 cm,Medium,7.4,Piece,Per_Balcony,1,Balcony,False,7040,Doors,Balcony,Not Applicable,Medium: 5307 - 9745,1,7040,Doors
DoorTech,Aluminum Balcony Door,Balcony,Aluminum,Sliding,Balcony,180x220 cm,Medium,7.4,Piece,Per_Balcony,1,Balcony,False,5624,Doors,Balcony,Not Applicable,Medium: 5307 - 9745,1,5624,Doors
Security Doors,Aluminum Balcony Door,Balcony,Aluminum,Sliding,Balcony,180x220 cm,Medium,7.4,Piece,Per_Balcony,1,Balcony,False,7472,Doors,Balcony,Not Applicable,Medium: 5307 - 9745,1,7472,Doors
Security Doors,Interior MDF Door,Interior,MDF,Solid,Bedroom,90x210 cm,Low,7.2,Piece,Per_Room,1,Bedroom,False,3658,Doors,Interior,Not Applicable,Low: <= 5307,1,3658,Doors
WoodCraft,Aluminum Balcony Door,Balcony,Aluminum,Sliding,Balcony,180x220 cm,Medium,7.4,Piece,Per_Balcony,1,Balcony,False,6497,Doors,Balcony,Not Applicable,Medium: 5307 - 9745,1,6497,Doors
WoodCraft,Interior MDF Door,Interior,MDF,Solid,Bedroom,90x210 cm,Low,7.2,Piece,Per_Room,1,Bedroom,False,4289,Doors,Interior,Not Applicable,Low: <= 5307,1,4289,Doors
WPC Brand,Aluminum Balcony Door,Balcony,Aluminum,Sliding,Balcony,180x220 cm,Low,7.4,Piece,Per_Balcony,1,Balcony,False,4751,Doors,Balcony,Not Applicable,Low: <= 5307,1,4751,Doors
WPC Brand,Armored Security Door,Entrance,Steel,Armored,Main Entrance,100x220 cm,High,8.9,Piece,Fixed,1,Apartment,False,13188,Doors,Entrance,Not Applicable,High: > 9745,1,13188,Doors
WoodCraft,Aluminum Balcony Door,Balcony,Aluminum,Sliding,Balcony,180x220 cm,Medium,7.4,Piece,Per_Balcony,1,Balcony,False,6263,Doors,Balcony,Not Applicable,Medium: 5307 - 9745,1,6263,Doors
WoodCraft,Armored Security Door,Entrance,Steel,Armored,Main Entrance,100x220 cm,High,8.9,Piece,Fixed,1,Apartment,False,14218,Doors,Entrance,Not Applicable,High: > 9745,1,14218,Doors
WoodCraft,Aluminum Balcony Door,Balcony,Aluminum,Sliding,Balcony,180x220 cm,Medium,7.4,Piece,Per_Balcony,1,Balcony,False,7203,Doors,Balcony,Not Applicable,Medium: 5307 - 9745,1,7203,Doors
Security Doors,Armored Security Door,Entrance,Steel,Armored,Main Entrance,100x220 cm,High,8.9,Piece,Fixed,1,Apartment,False,12568,Doors,Entrance,Not Applicable,High: > 9745,1,12568,Doors
Security Doors,Armored Security Door,Entrance,Steel,Armored,Main Entrance,100x220 cm,High,8.9,Piece,Fixed,1,Apartment,False,13535,Doors,Entrance,Not Applicable,High: > 9745,1,13535,Doors
WPC Brand,Armored Security Door,Entrance,Steel,Armored,Main Entrance,100x220 cm,High,8.9,Piece,Fixed,1,Apartment,False,14141,Doors,Entrance,Not Applicable,High: > 9745,1,14141,Doors
DoorTech,Interior MDF Door,Interior,MDF,Solid,Bedroom,90x210 cm,Low,7.2,Piece,Per_Room,1,Bedroom,False,5025,Doors,Interior,Not Applicable,Low: <= 5307,1,5025,Doors
Security Doors,Armored Security Door,Entrance,Steel,Armored,Main Entrance,100x220 cm,High,8.9,Piece,Fixed,1,Apartment,False,11027,Doors,Entrance,Not Applicable,High: > 9745,1,11027,Doors
Security Doors,Aluminum Balcony Door,Balcony,Aluminum,Sliding,Balcony,180x220 cm,Medium,7.4,Piece,Per_Balcony,1,Balcony,False,6266,Doors,Balcony,Not Applicable,Medium: 5307 - 9745,1,6266,Doors
WPC Brand,Armored Security Door,Entrance,Steel,Armored,Main Entrance,100x220 cm,High,8.9,Piece,Fixed,1,Apartment,False,10431,Doors,Entrance,Not Applicable,High: > 9745,1,10431,Doors
Security Doors,Armored Security Door,Entrance,Steel,Armored,Main Entrance,100x220 cm,High,8.9,Piece,Fixed,1,Apartment,False,9945,Doors,Entrance,Not Applicable,High: > 9745,1,9945,Doors
AluDoor,Armored Security Door,Entrance,Steel,Armored,Main Entrance,100x220 cm,High,8.9,Piece,Fixed,1,Apartment,False,11892,Doors,Entrance,Not Applicable,High: > 9745,1,11892,Doors
AluDoor,Aluminum Balcony Door,Balcony,Aluminum,Sliding,Balcony,180x220 cm,Medium,7.4,Piece,Per_Balcony,1,Balcony,False,5428,Doors,Balcony,Not Applicable,Medium: 5307 - 9745,1,5428,Doors
WPC Brand,Armored Security Door,Entrance,Steel,Armored,Main Entrance,100x220 cm,High,8.9,Piece,Fixed,1,Apartment,False,12099,Doors,Entrance,Not Applicable,High: > 9745,1,12099,Doors
WPC Brand,Aluminum Balcony Door,Balcony,Aluminum,Sliding,Balcony,180x220 cm,Low,7.4,Piece,Per_Balcony,1,Balcony,False,4871,Doors,Balcony,Not Applicable,Low: <= 5307,1,4871,Doors
AluDoor,Aluminum Balcony Door,Balcony,Aluminum,Sliding,Balcony,180x220 cm,Medium,7.4,Piece,Per_Balcony,1,Balcony,False,6436,Doors,Balcony,Not Applicable,Medium: 5307 - 9745,1,6436,Doors
Security Doors,Aluminum Balcony Door,Balcony,Aluminum,Sliding,Balcony,180x220 cm,Medium,7.4,Piece,Per_Balcony,1,Balcony,False,7115,Doors,Balcony,Not Applicable,Medium: 5307 - 9745,1,7115,Doors
Security Doors,Aluminum Balcony Door,Balcony,Aluminum,Sliding,Balcony,180x220 cm,Medium,7.4,Piece,Per_Balcony,1,Balcony,False,5701,Doors,Balcony,Not Applicable,Medium: 5307 - 9745,1,5701,Doors
AluDoor,Armored Security Door,Entrance,Steel,Armored,Main Entrance,100x220 cm,High,8.9,Piece,Fixed,1,Apartment,False,12105,Doors,Entrance,Not Applicable,High: > 9745,1,12105,Doors
WPC Brand,Interior MDF Door,Interior,MDF,Solid,Bedroom,90x210 cm,Low,7.2,Piece,Per_Room,1,Bedroom,False,5247,Doors,Interior,Not Applicable,Low: <= 5307,1,5247,Doors
Security Doors,Aluminum Balcony Door,Balcony,Aluminum,Sliding,Balcony,180x220 cm,Medium,7.4,Piece,Per_Balcony,1,Balcony,False,6307,Doors,Balcony,Not Applicable,Medium: 5307 - 9745,1,6307,Doors
WPC Brand,Aluminum Balcony Door,Balcony,Aluminum,Sliding,Balcony,180x220 cm,Low,7.4,Piece,Per_Balcony,1,Balcony,False,4619,Doors,Balcony,Not Applicable,Low: <= 5307,1,4619,Doors
Security Doors,Armored Security Door,Entrance,Steel,Armored,Main Entrance,100x220 cm,High,8.9,Piece,Fixed,1,Apartment,False,13752,Doors,Entrance,Not Applicable,High: > 9745,1,13752,Doors
AluDoor,Interior MDF Door,Interior,MDF,Solid,Bedroom,90x210 cm,Low,7.2,Piece,Per_Room,1,Bedroom,False,4041,Doors,Interior,Not Applicable,Low: <= 5307,1,4041,Doors
WoodCraft,Interior MDF Door,Interior,MDF,Solid,Bedroom,90x210 cm,Low,7.2,Piece,Per_Room,1,Bedroom,False,3702,Doors,Interior,Not Applicable,Low: <= 5307,1,3702,Doors
DoorTech,Armored Security Door,Entrance,Steel,Armored,Main Entrance,100x220 cm,High,8.9,Piece,Fixed,1,Apartment,False,10129,Doors,Entrance,Not Applicable,High: > 9745,1,10129,Doors
WPC Brand,Armored Security Door,Entrance,Steel,Armored,Main Entrance,100x220 cm,High,8.9,Piece,Fixed,1,Apartment,False,14438,Doors,Entrance,Not Applicable,High: > 9745,1,14438,Doors
WPC Brand,Interior MDF Door,Interior,MDF,Solid,Bedroom,90x210 cm,Low,7.2,Piece,Per_Room,1,Bedroom,False,4534,Doors,Interior,Not Applicable,Low: <= 5307,1,4534,Doors
WoodCraft,Interior MDF Door,Interior,MDF,Solid,Bedroom,90x210 cm,Medium,7.2,Piece,Per_Room,1,Bedroom,False,5553,Doors,Interior,Not Applicable,Medium: 5307 - 9745,1,5553,Doors
WPC Brand,Armored Security Door,Entrance,Steel,Armored,Main Entrance,100x220 cm,High,8.9,Piece,Fixed,1,Apartment,False,11394,Doors,Entrance,Not Applicable,High: > 9745,1,11394,Doors
Security Doors,Aluminum Balcony Door,Balcony,Aluminum,Sliding,Balcony,180x220 cm,Medium,7.4,Piece,Per_Balcony,1,Balcony,False,5846,Doors,Balcony,Not Applicable,Medium: 5307 - 9745,1,5846,Doors
AluDoor,Armored Security Door,Entrance,Steel,Armored,Main Entrance,100x220 cm,High,8.9,Piece,Fixed,1,Apartment,False,11706,Doors,Entrance,Not Applicable,High: > 9745,1,11706,Doors
Security Doors,Interior MDF Door,Interior,MDF,Solid,Bedroom,90x210 cm,Low,7.2,Piece,Per_Room,1,Bedroom,False,5089,Doors,Interior,Not Applicable,Low: <= 5307,1,5089,Doors
DoorTech,Aluminum Balcony Door,Balcony,Aluminum,Sliding,Balcony,180x220 cm,Medium,7.4,Piece,Per_Balcony,1,Balcony,False,6004,Doors,Balcony,Not Applicable,Medium: 5307 - 9745,1,6004,Doors
AluDoor,Aluminum Balcony Door,Balcony,Aluminum,Sliding,Balcony,180x220 cm,Medium,7.4,Piece,Per_Balcony,1,Balcony,False,5409,Doors,Balcony,Not Applicable,Medium: 5307 - 9745,1,5409,Doors
Security Doors,Armored Security Door,Entrance,Steel,Armored,Main Entrance,100x220 cm,High,8.9,Piece,Fixed,1,Apartment,False,11357,Doors,Entrance,Not Applicable,High: > 9745,1,11357,Doors
DoorTech,Interior MDF Door,Interior,MDF,Solid,Bedroom,90x210 cm,Low,7.2,Piece,Per_Room,1,Bedroom,False,4570,Doors,Interior,Not Applicable,Low: <= 5307,1,4570,Doors
AluDoor,Interior MDF Door,Interior,MDF,Solid,Bedroom,90x210 cm,Low,7.2,Piece,Per_Room,1,Bedroom,False,4160,Doors,Interior,Not Applicable,Low: <= 5307,1,4160,Doors
Security Doors,Armored Security Door,Entrance,Steel,Armored,Main Entrance,100x220 cm,High,8.9,Piece,Fixed,1,Apartment,False,12710,Doors,Entrance,Not Applicable,High: > 9745,1,12710,Doors
Security Doors,Interior MDF Door,Interior,MDF,Solid,Bedroom,90x210 cm,Low,7.2,Piece,Per_Room,1,Bedroom,False,5139,Doors,Interior,Not Applicable,Low: <= 5307,1,5139,Doors
AluDoor,Aluminum Balcony Door,Balcony,Aluminum,Sliding,Balcony,180x220 cm,Medium,7.4,Piece,Per_Balcony,1,Balcony,False,7476,Doors,Balcony,Not Applicable,Medium: 5307 - 9745,1,7476,Doors
DoorTech,Aluminum Balcony Door,Balcony,Aluminum,Sliding,Balcony,180x220 cm,Low,7.4,Piece,Per_Balcony,1,Balcony,False,5243,Doors,Balcony,Not Applicable,Low: <= 5307,1,5243,Doors
WPC Brand,Armored Security Door,Entrance,Steel,Armored,Main Entrance,100x220 cm,High,8.9,Piece,Fixed,1,Apartment,False,10092,Doors,Entrance,Not Applicable,High: > 9745,1,10092,Doors
DoorTech,Aluminum Balcony Door,Balcony,Aluminum,Sliding,Balcony,180x220 cm,Medium,7.4,Piece,Per_Balcony,1,Balcony,False,5806,Doors,Balcony,Not Applicable,Medium: 5307 - 9745,1,5806,Doors
WPC Brand,Interior MDF Door,Interior,MDF,Solid,Bedroom,90x210 cm,Low,7.2,Piece,Per_Room,1,Bedroom,False,3263,Doors,Interior,Not Applicable,Low: <= 5307,1,3263,Doors
DoorTech,Interior MDF Door,Interior,MDF,Solid,Bedroom,90x210 cm,Low,7.2,Piece,Per_Room,1,Bedroom,False,5306,Doors,Interior,Not Applicable,Low: <= 5307,1,5306,Doors
Security Doors,Aluminum Balcony Door,Balcony,Aluminum,Sliding,Balcony,180x220 cm,Medium,7.4,Piece,Per_Balcony,1,Balcony,False,7424,Doors,Balcony,Not Applicable,Medium: 5307 - 9745,1,7424,Doors
DoorTech,Interior MDF Door,Interior,MDF,Solid,Bedroom,90x210 cm,Low,7.2,Piece,Per_Room,1,Bedroom,False,5274,Doors,Interior,Not Applicable,Low: <= 5307,1,5274,Doors
WPC Brand,Interior MDF Door,Interior,MDF,Solid,Bedroom,90x210 cm,Low,7.2,Piece,Per_Room,1,Bedroom,False,4140,Doors,Interior,Not Applicable,Low: <= 5307,1,4140,Doors
WPC Brand,Armored Security Door,Entrance,Steel,Armored,Main Entrance,100x220 cm,High,8.9,Piece,Fixed,1,Apartment,False,13523,Doors,Entrance,Not Applicable,High: > 9745,1,13523,Doors
Security Doors,Aluminum Balcony Door,Balcony,Aluminum,Sliding,Balcony,180x220 cm,Low,7.4,Piece,Per_Balcony,1,Balcony,False,5146,Doors,Balcony,Not Applicable,Low: <= 5307,1,5146,Doors
Security Doors,Interior MDF Door,Interior,MDF,Solid,Bedroom,90x210 cm,Low,7.2,Piece,Per_Room,1,Bedroom,False,4433,Doors,Interior,Not Applicable,Low: <= 5307,1,4433,Doors
AluDoor,Aluminum Balcony Door,Balcony,Aluminum,Sliding,Balcony,180x220 cm,Medium,7.4,Piece,Per_Balcony,1,Balcony,False,5334,Doors,Balcony,Not Applicable,Medium: 5307 - 9745,1,5334,Doors
DoorTech,Aluminum Balcony Door,Balcony,Aluminum,Sliding,Balcony,180x220 cm,Medium,7.4,Piece,Per_Balcony,1,Balcony,False,5740,Doors,Balcony,Not Applicable,Medium: 5307 - 9745,1,5740,Doors
WPC Brand,Aluminum Balcony Door,Balcony,Aluminum,Sliding,Balcony,180x220 cm,Medium,7.4,Piece,Per_Balcony,1,Balcony,False,5741,Doors,Balcony,Not Applicable,Medium: 5307 - 9745,1,5741,Doors
DoorTech,Aluminum Balcony Door,Balcony,Aluminum,Sliding,Balcony,180x220 cm,Low,7.4,Piece,Per_Balcony,1,Balcony,False,5024,Doors,Balcony,Not Applicable,Low: <= 5307,1,5024,Doors
AluDoor,Interior MDF Door,Interior,MDF,Solid,Bedroom,90x210 cm,Low,7.2,Piece,Per_Room,1,Bedroom,False,3818,Doors,Interior,Not Applicable,Low: <= 5307,1,3818,Doors
DoorTech,Armored Security Door,Entrance,Steel,Armored,Main Entrance,100x220 cm,High,8.9,Piece,Fixed,1,Apartment,False,12243,Doors,Entrance,Not Applicable,High: > 9745,1,12243,Doors
DoorTech,Interior MDF Door,Interior,MDF,Solid,Bedroom,90x210 cm,Medium,7.2,Piece,Per_Room,1,Bedroom,False,5325,Doors,Interior,Not Applicable,Medium: 5307 - 9745,1,5325,Doors
WoodCraft,Interior MDF Door,Interior,MDF,Solid,Bedroom,90x210 cm,Low,7.2,Piece,Per_Room,1,Bedroom,False,3486,Doors,Interior,Not Applicable,Low: <= 5307,1,3486,Doors
DoorTech,Armored Security Door,Entrance,Steel,Armored,Main Entrance,100x220 cm,High,8.9,Piece,Fixed,1,Apartment,False,13925,Doors,Entrance,Not Applicable,High: > 9745,1,13925,Doors
WoodCraft,Interior MDF Door,Interior,MDF,Solid,Bedroom,90x210 cm,Medium,7.2,Piece,Per_Room,1,Bedroom,False,5430,Doors,Interior,Not Applicable,Medium: 5307 - 9745,1,5430,Doors
WoodCraft,Interior MDF Door,Interior,MDF,Solid,Bedroom,90x210 cm,Low,7.2,Piece,Per_Room,1,Bedroom,False,4159,Doors,Interior,Not Applicable,Low: <= 5307,1,4159,Doors
WPC Brand,Aluminum Balcony Door,Balcony,Aluminum,Sliding,Balcony,180x220 cm,Medium,7.4,Piece,Per_Balcony,1,Balcony,False,6334,Doors,Balcony,Not Applicable,Medium: 5307 - 9745,1,6334,Doors
AluDoor,Aluminum Balcony Door,Balcony,Aluminum,Sliding,Balcony,180x220 cm,Medium,7.4,Piece,Per_Balcony,1,Balcony,False,6041,Doors,Balcony,Not Applicable,Medium: 5307 - 9745,1,6041,Doors
WoodCraft,Interior MDF Door,Interior,MDF,Solid,Bedroom,90x210 cm,Low,7.2,Piece,Per_Room,1,Bedroom,False,3872,Doors,Interior,Not Applicable,Low: <= 5307,1,3872,Doors
AluDoor,Interior MDF Door,Interior,MDF,Solid,Bedroom,90x210 cm,Low,7.2,Piece,Per_Room,1,Bedroom,False,4301,Doors,Interior,Not Applicable,Low: <= 5307,1,4301,Doors
Security Doors,Interior MDF Door,Interior,MDF,Solid,Bedroom,90x210 cm,Low,7.2,Piece,Per_Room,1,Bedroom,False,3806,Doors,Interior,Not Applicable,Low: <= 5307,1,3806,Doors
AluDoor,Aluminum Balcony Door,Balcony,Aluminum,Sliding,Balcony,180x220 cm,Medium,7.4,Piece,Per_Balcony,1,Balcony,False,5815,Doors,Balcony,Not Applicable,Medium: 5307 - 9745,1,5815,Doors
WPC Brand,Armored Security Door,Entrance,Steel,Armored,Main Entrance,100x220 cm,High,8.9,Piece,Fixed,1,Apartment,False,13693,Doors,Entrance,Not Applicable,High: > 9745,1,13693,Doors
WoodCraft,Interior MDF Door,Interior,MDF,Solid,Bedroom,90x210 cm,Low,7.2,Piece,Per_Room,1,Bedroom,False,3257,Doors,Interior,Not Applicable,Low: <= 5307,1,3257,Doors
AluDoor,Interior MDF Door,Interior,MDF,Solid,Bedroom,90x210 cm,Medium,7.2,Piece,Per_Room,1,Bedroom,False,5642,Doors,Interior,Not Applicable,Medium: 5307 - 9745,1,5642,Doors
Security Doors,Aluminum Balcony Door,Balcony,Aluminum,Sliding,Balcony,180x220 cm,Medium,7.4,Piece,Per_Balcony,1,Balcony,False,7061,Doors,Balcony,Not Applicable,Medium: 5307 - 9745,1,7061,Doors
DoorTech,Interior MDF Door,Interior,MDF,Solid,Bedroom,90x210 cm,Low,7.2,Piece,Per_Room,1,Bedroom,False,3747,Doors,Interior,Not Applicable,Low: <= 5307,1,3747,Doors
WoodCraft,Armored Security Door,Entrance,Steel,Armored,Main Entrance,100x220 cm,High,8.9,Piece,Fixed,1,Apartment,False,12178,Doors,Entrance,Not Applicable,High: > 9745,1,12178,Doors
Security Doors,Armored Security Door,Entrance,Steel,Armored,Main Entrance,100x220 cm,High,8.9,Piece,Fixed,1,Apartment,False,12930,Doors,Entrance,Not Applicable,High: > 9745,1,12930,Doors
Security Doors,Aluminum Balcony Door,Balcony,Aluminum,Sliding,Balcony,180x220 cm,Medium,7.4,Piece,Per_Balcony,1,Balcony,False,6646,Doors,Balcony,Not Applicable,Medium: 5307 - 9745,1,6646,Doors
WoodCraft,Aluminum Balcony Door,Balcony,Aluminum,Sliding,Balcony,180x220 cm,Medium,7.4,Piece,Per_Balcony,1,Balcony,False,5461,Doors,Balcony,Not Applicable,Medium: 5307 - 9745,1,5461,Doors
DoorTech,Aluminum Balcony Door,Balcony,Aluminum,Sliding,Balcony,180x220 cm,Low,7.4,Piece,Per_Balcony,1,Balcony,False,4872,Doors,Balcony,Not Applicable,Low: <= 5307,1,4872,Doors
DoorTech,Aluminum Balcony Door,Balcony,Aluminum,Sliding,Balcony,180x220 cm,Medium,7.4,Piece,Per_Balcony,1,Balcony,False,6825,Doors,Balcony,Not Applicable,Medium: 5307 - 9745,1,6825,Doors
WoodCraft,Interior MDF Door,Interior,MDF,Solid,Bedroom,90x210 cm,Medium,7.2,Piece,Per_Room,1,Bedroom,False,5654,Doors,Interior,Not Applicable,Medium: 5307 - 9745,1,5654,Doors
WoodCraft,Interior MDF Door,Interior,MDF,Solid,Bedroom,90x210 cm,Low,7.2,Piece,Per_Room,1,Bedroom,False,3283,Doors,Interior,Not Applicable,Low: <= 5307,1,3283,Doors
WoodCraft,Armored Security Door,Entrance,Steel,Armored,Main Entrance,100x220 cm,High,8.9,Piece,Fixed,1,Apartment,False,14234,Doors,Entrance,Not Applicable,High: > 9745,1,14234,Doors
DoorTech,Aluminum Balcony Door,Balcony,Aluminum,Sliding,Balcony,180x220 cm,Medium,7.4,Piece,Per_Balcony,1,Balcony,False,5683,Doors,Balcony,Not Applicable,Medium: 5307 - 9745,1,5683,Doors
AluDoor,Armored Security Door,Entrance,Steel,Armored,Main Entrance,100x220 cm,High,8.9,Piece,Fixed,1,Apartment,False,13893,Doors,Entrance,Not Applicable,High: > 9745,1,13893,Doors
WoodCraft,Armored Security Door,Entrance,Steel,Armored,Main Entrance,100x220 cm,High,8.9,Piece,Fixed,1,Apartment,False,13186,Doors,Entrance,Not Applicable,High: > 9745,1,13186,Doors
DoorTech,Interior MDF Door,Interior,MDF,Solid,Bedroom,90x210 cm,Low,7.2,Piece,Per_Room,1,Bedroom,False,3550,Doors,Interior,Not Applicable,Low: <= 5307,1,3550,Doors
AluDoor,Aluminum Balcony Door,Balcony,Aluminum,Sliding,Balcony,180x220 cm,Medium,7.4,Piece,Per_Balcony,1,Balcony,False,5893,Doors,Balcony,Not Applicable,Medium: 5307 - 9745,1,5893,Doors
AluDoor,Aluminum Balcony Door,Balcony,Aluminum,Sliding,Balcony,180x220 cm,Medium,7.4,Piece,Per_Balcony,1,Balcony,False,6138,Doors,Balcony,Not Applicable,Medium: 5307 - 9745,1,6138,Doors
DoorTech,Aluminum Balcony Door,Balcony,Aluminum,Sliding,Balcony,180x220 cm,Medium,7.4,Piece,Per_Balcony,1,Balcony,False,5933,Doors,Balcony,Not Applicable,Medium: 5307 - 9745,1,5933,Doors
WoodCraft,Aluminum Balcony Door,Balcony,Aluminum,Sliding,Balcony,180x220 cm,Medium,7.4,Piece,Per_Balcony,1,Balcony,False,5337,Doors,Balcony,Not Applicable,Medium: 5307 - 9745,1,5337,Doors
DoorTech,Armored Security Door,Entrance,Steel,Armored,Main Entrance,100x220 cm,Medium,8.9,Piece,Fixed,1,Apartment,False,9629,Doors,Entrance,Not Applicable,Medium: 5307 - 9745,1,9629,Doors
WPC Brand,Aluminum Balcony Door,Balcony,Aluminum,Sliding,Balcony,180x220 cm,Medium,7.4,Piece,Per_Balcony,1,Balcony,False,7124,Doors,Balcony,Not Applicable,Medium: 5307 - 9745,1,7124,Doors
DoorTech,Aluminum Balcony Door,Balcony,Aluminum,Sliding,Balcony,180x220 cm,Low,7.4,Piece,Per_Balcony,1,Balcony,False,4993,Doors,Balcony,Not Applicable,Low: <= 5307,1,4993,Doors
AluDoor,Armored Security Door,Entrance,Steel,Armored,Main Entrance,100x220 cm,High,8.9,Piece,Fixed,1,Apartment,False,12279,Doors,Entrance,Not Applicable,High: > 9745,1,12279,Doors
Security Doors,Armored Security Door,Entrance,Steel,Armored,Main Entrance,100x220 cm,High,8.9,Piece,Fixed,1,Apartment,False,12143,Doors,Entrance,Not Applicable,High: > 9745,1,12143,Doors
WoodCraft,Interior MDF Door,Interior,MDF,Solid,Bedroom,90x210 cm,Low,7.2,Piece,Per_Room,1,Bedroom,False,5171,Doors,Interior,Not Applicable,Low: <= 5307,1,5171,Doors
AluDoor,Interior MDF Door,Interior,MDF,Solid,Bedroom,90x210 cm,Low,7.2,Piece,Per_Room,1,Bedroom,False,4837,Doors,Interior,Not Applicable,Low: <= 5307,1,4837,Doors
WPC Brand,Aluminum Balcony Door,Balcony,Aluminum,Sliding,Balcony,180x220 cm,Medium,7.4,Piece,Per_Balcony,1,Balcony,False,6603,Doors,Balcony,Not Applicable,Medium: 5307 - 9745,1,6603,Doors
DoorTech,Armored Security Door,Entrance,Steel,Armored,Main Entrance,100x220 cm,High,8.9,Piece,Fixed,1,Apartment,False,11553,Doors,Entrance,Not Applicable,High: > 9745,1,11553,Doors
Security Doors,Interior MDF Door,Interior,MDF,Solid,Bedroom,90x210 cm,Low,7.2,Piece,Per_Room,1,Bedroom,False,4551,Doors,Interior,Not Applicable,Low: <= 5307,1,4551,Doors
DoorTech,Interior MDF Door,Interior,MDF,Solid,Bedroom,90x210 cm,Low,7.2,Piece,Per_Room,1,Bedroom,False,3736,Doors,Interior,Not Applicable,Low: <= 5307,1,3736,Doors
Security Doors,Aluminum Balcony Door,Balcony,Aluminum,Sliding,Balcony,180x220 cm,Medium,7.4,Piece,Per_Balcony,1,Balcony,False,7315,Doors,Balcony,Not Applicable,Medium: 5307 - 9745,1,7315,Doors
AluDoor,Aluminum Balcony Door,Balcony,Aluminum,Sliding,Balcony,180x220 cm,Medium,7.4,Piece,Per_Balcony,1,Balcony,False,6887,Doors,Balcony,Not Applicable,Medium: 5307 - 9745,1,6887,Doors
Security Doors,Aluminum Balcony Door,Balcony,Aluminum,Sliding,Balcony,180x220 cm,Low,7.4,Piece,Per_Balcony,1,Balcony,False,4581,Doors,Balcony,Not Applicable,Low: <= 5307,1,4581,Doors
WPC Brand,Interior MDF Door,Interior,MDF,Solid,Bedroom,90x210 cm,Low,7.2,Piece,Per_Room,1,Bedroom,False,4911,Doors,Interior,Not Applicable,Low: <= 5307,1,4911,Doors
AluDoor,Interior MDF Door,Interior,MDF,Solid,Bedroom,90x210 cm,Low,7.2,Piece,Per_Room,1,Bedroom,False,4077,Doors,Interior,Not Applicable,Low: <= 5307,1,4077,Doors
WoodCraft,Armored Security Door,Entrance,Steel,Armored,Main Entrance,100x220 cm,High,8.9,Piece,Fixed,1,Apartment,False,10636,Doors,Entrance,Not Applicable,High: > 9745,1,10636,Doors
Security Doors,Aluminum Balcony Door,Balcony,Aluminum,Sliding,Balcony,180x220 cm,Medium,7.4,Piece,Per_Balcony,1,Balcony,False,5776,Doors,Balcony,Not Applicable,Medium: 5307 - 9745,1,5776,Doors
DoorTech,Interior MDF Door,Interior,MDF,Solid,Bedroom,90x210 cm,Low,7.2,Piece,Per_Room,1,Bedroom,False,4994,Doors,Interior,Not Applicable,Low: <= 5307,1,4994,Doors
Security Doors,Aluminum Balcony Door,Balcony,Aluminum,Sliding,Balcony,180x220 cm,Low,7.4,Piece,Per_Balcony,1,Balcony,False,5236,Doors,Balcony,Not Applicable,Low: <= 5307,1,5236,Doors
AluDoor,Interior MDF Door,Interior,MDF,Solid,Bedroom,90x210 cm,Low,7.2,Piece,Per_Room,1,Bedroom,False,4038,Doors,Interior,Not Applicable,Low: <= 5307,1,4038,Doors
WoodCraft,Armored Security Door,Entrance,Steel,Armored,Main Entrance,100x220 cm,High,8.9,Piece,Fixed,1,Apartment,False,10345,Doors,Entrance,Not Applicable,High: > 9745,1,10345,Doors
AluDoor,Interior MDF Door,Interior,MDF,Solid,Bedroom,90x210 cm,Low,7.2,Piece,Per_Room,1,Bedroom,False,5012,Doors,Interior,Not Applicable,Low: <= 5307,1,5012,Doors
WoodCraft,Interior MDF Door,Interior,MDF,Solid,Bedroom,90x210 cm,Low,7.2,Piece,Per_Room,1,Bedroom,False,3296,Doors,Interior,Not Applicable,Low: <= 5307,1,3296,Doors
AluDoor,Interior MDF Door,Interior,MDF,Solid,Bedroom,90x210 cm,Low,7.2,Piece,Per_Room,1,Bedroom,False,3807,Doors,Interior,Not Applicable,Low: <= 5307,1,3807,Doors
WPC Brand,Aluminum Balcony Door,Balcony,Aluminum,Sliding,Balcony,180x220 cm,Low,7.4,Piece,Per_Balcony,1,Balcony,False,4684,Doors,Balcony,Not Applicable,Low: <= 5307,1,4684,Doors
WPC Brand,Interior MDF Door,Interior,MDF,Solid,Bedroom,90x210 cm,Low,7.2,Piece,Per_Room,1,Bedroom,False,4554,Doors,Interior,Not Applicable,Low: <= 5307,1,4554,Doors
WPC Brand,Armored Security Door,Entrance,Steel,Armored,Main Entrance,100x220 cm,High,8.9,Piece,Fixed,1,Apartment,False,11818,Doors,Entrance,Not Applicable,High: > 9745,1,11818,Doors
WPC Brand,Armored Security Door,Entrance,Steel,Armored,Main Entrance,100x220 cm,High,8.9,Piece,Fixed,1,Apartment,False,11939,Doors,Entrance,Not Applicable,High: > 9745,1,11939,Doors
Security Doors,Armored Security Door,Entrance,Steel,Armored,Main Entrance,100x220 cm,High,8.9,Piece,Fixed,1,Apartment,False,14356,Doors,Entrance,Not Applicable,High: > 9745,1,14356,Doors
AluDoor,Armored Security Door,Entrance,Steel,Armored,Main Entrance,100x220 cm,High,8.9,Piece,Fixed,1,Apartment,False,10758,Doors,Entrance,Not Applicable,High: > 9745,1,10758,Doors
WPC Brand,Armored Security Door,Entrance,Steel,Armored,Main Entrance,100x220 cm,High,8.9,Piece,Fixed,1,Apartment,False,10856,Doors,Entrance,Not Applicable,High: > 9745,1,10856,Doors
AluDoor,Interior MDF Door,Interior,MDF,Solid,Bedroom,90x210 cm,Low,7.2,Piece,Per_Room,1,Bedroom,False,4417,Doors,Interior,Not Applicable,Low: <= 5307,1,4417,Doors
AluDoor,Interior MDF Door,Interior,MDF,Solid,Bedroom,90x210 cm,Low,7.2,Piece,Per_Room,1,Bedroom,False,4874,Doors,Interior,Not Applicable,Low: <= 5307,1,4874,Doors
AluDoor,Armored Security Door,Entrance,Steel,Armored,Main Entrance,100x220 cm,High,8.9,Piece,Fixed,1,Apartment,False,12862,Doors,Entrance,Not Applicable,High: > 9745,1,12862,Doors
WPC Brand,Armored Security Door,Entrance,Steel,Armored,Main Entrance,100x220 cm,High,8.9,Piece,Fixed,1,Apartment,False,13822,Doors,Entrance,Not Applicable,High: > 9745,1,13822,Doors
DoorTech,Aluminum Balcony Door,Balcony,Aluminum,Sliding,Balcony,180x220 cm,Medium,7.4,Piece,Per_Balcony,1,Balcony,False,6801,Doors,Balcony,Not Applicable,Medium: 5307 - 9745,1,6801,Doors
AluDoor,Aluminum Balcony Door,Balcony,Aluminum,Sliding,Balcony,180x220 cm,Medium,7.4,Piece,Per_Balcony,1,Balcony,False,5888,Doors,Balcony,Not Applicable,Medium: 5307 - 9745,1,5888,Doors
Security Doors,Armored Security Door,Entrance,Steel,Armored,Main Entrance,100x220 cm,High,8.9,Piece,Fixed,1,Apartment,False,12898,Doors,Entrance,Not Applicable,High: > 9745,1,12898,Doors
DoorTech,Interior MDF Door,Interior,MDF,Solid,Bedroom,90x210 cm,Medium,7.2,Piece,Per_Room,1,Bedroom,False,5440,Doors,Interior,Not Applicable,Medium: 5307 - 9745,1,5440,Doors
WPC Brand,Armored Security Door,Entrance,Steel,Armored,Main Entrance,100x220 cm,Medium,8.9,Piece,Fixed,1,Apartment,False,9616,Doors,Entrance,Not Applicable,Medium: 5307 - 9745,1,9616,Doors
WPC Brand,Interior MDF Door,Interior,MDF,Solid,Bedroom,90x210 cm,Low,7.2,Piece,Per_Room,1,Bedroom,False,4239,Doors,Interior,Not Applicable,Low: <= 5307,1,4239,Doors
DoorTech,Interior MDF Door,Interior,MDF,Solid,Bedroom,90x210 cm,Low,7.2,Piece,Per_Room,1,Bedroom,False,4688,Doors,Interior,Not Applicable,Low: <= 5307,1,4688,Doors
DoorTech,Aluminum Balcony Door,Balcony,Aluminum,Sliding,Balcony,180x220 cm,Medium,7.4,Piece,Per_Balcony,1,Balcony,False,7478,Doors,Balcony,Not Applicable,Medium: 5307 - 9745,1,7478,Doors
WPC Brand,Interior MDF Door,Interior,MDF,Solid,Bedroom,90x210 cm,Low,7.2,Piece,Per_Room,1,Bedroom,False,4823,Doors,Interior,Not Applicable,Low: <= 5307,1,4823,Doors
AluDoor,Aluminum Balcony Door,Balcony,Aluminum,Sliding,Balcony,180x220 cm,Low,7.4,Piece,Per_Balcony,1,Balcony,False,5058,Doors,Balcony,Not Applicable,Low: <= 5307,1,5058,Doors
WPC Brand,Interior MDF Door,Interior,MDF,Solid,Bedroom,90x210 cm,Low,7.2,Piece,Per_Room,1,Bedroom,False,4633,Doors,Interior,Not Applicable,Low: <= 5307,1,4633,Doors
AluDoor,Armored Security Door,Entrance,Steel,Armored,Main Entrance,100x220 cm,High,8.9,Piece,Fixed,1,Apartment,False,10197,Doors,Entrance,Not Applicable,High: > 9745,1,10197,Doors
WoodCraft,Armored Security Door,Entrance,Steel,Armored,Main Entrance,100x220 cm,High,8.9,Piece,Fixed,1,Apartment,False,14439,Doors,Entrance,Not Applicable,High: > 9745,1,14439,Doors
Security Doors,Armored Security Door,Entrance,Steel,Armored,Main Entrance,100x220 cm,High,8.9,Piece,Fixed,1,Apartment,False,13190,Doors,Entrance,Not Applicable,High: > 9745,1,13190,Doors
WPC Brand,Interior MDF Door,Interior,MDF,Solid,Bedroom,90x210 cm,Low,7.2,Piece,Per_Room,1,Bedroom,False,3361,Doors,Interior,Not Applicable,Low: <= 5307,1,3361,Doors
DoorTech,Armored Security Door,Entrance,Steel,Armored,Main Entrance,100x220 cm,High,8.9,Piece,Fixed,1,Apartment,False,12304,Doors,Entrance,Not Applicable,High: > 9745,1,12304,Doors
AluDoor,Aluminum Balcony Door,Balcony,Aluminum,Sliding,Balcony,180x220 cm,Medium,7.4,Piece,Per_Balcony,1,Balcony,False,6635,Doors,Balcony,Not Applicable,Medium: 5307 - 9745,1,6635,Doors
WPC Brand,Interior MDF Door,Interior,MDF,Solid,Bedroom,90x210 cm,Low,7.2,Piece,Per_Room,1,Bedroom,False,4011,Doors,Interior,Not Applicable,Low: <= 5307,1,4011,Doors
DoorTech,Interior MDF Door,Interior,MDF,Solid,Bedroom,90x210 cm,Medium,7.2,Piece,Per_Room,1,Bedroom,False,5319,Doors,Interior,Not Applicable,Medium: 5307 - 9745,1,5319,Doors
Security Doors,Aluminum Balcony Door,Balcony,Aluminum,Sliding,Balcony,180x220 cm,Medium,7.4,Piece,Per_Balcony,1,Balcony,False,5945,Doors,Balcony,Not Applicable,Medium: 5307 - 9745,1,5945,Doors
AluDoor,Armored Security Door,Entrance,Steel,Armored,Main Entrance,100x220 cm,High,8.9,Piece,Fixed,1,Apartment,False,12273,Doors,Entrance,Not Applicable,High: > 9745,1,12273,Doors
Security Doors,Aluminum Balcony Door,Balcony,Aluminum,Sliding,Balcony,180x220 cm,Medium,7.4,Piece,Per_Balcony,1,Balcony,False,6070,Doors,Balcony,Not Applicable,Medium: 5307 - 9745,1,6070,Doors
WPC Brand,Interior MDF Door,Interior,MDF,Solid,Bedroom,90x210 cm,Low,7.2,Piece,Per_Room,1,Bedroom,False,4878,Doors,Interior,Not Applicable,Low: <= 5307,1,4878,Doors
WoodCraft,Armored Security Door,Entrance,Steel,Armored,Main Entrance,100x220 cm,Medium,8.9,Piece,Fixed,1,Apartment,False,9638,Doors,Entrance,Not Applicable,Medium: 5307 - 9745,1,9638,Doors
WPC Brand,Aluminum Balcony Door,Balcony,Aluminum,Sliding,Balcony,180x220 cm,Medium,7.4,Piece,Per_Balcony,1,Balcony,False,6491,Doors,Balcony,Not Applicable,Medium: 5307 - 9745,1,6491,Doors
WPC Brand,Armored Security Door,Entrance,Steel,Armored,Main Entrance,100x220 cm,High,8.9,Piece,Fixed,1,Apartment,False,12917,Doors,Entrance,Not Applicable,High: > 9745,1,12917,Doors
WoodCraft,Armored Security Door,Entrance,Steel,Armored,Main Entrance,100x220 cm,High,8.9,Piece,Fixed,1,Apartment,False,10717,Doors,Entrance,Not Applicable,High: > 9745,1,10717,Doors
WoodCraft,Interior MDF Door,Interior,MDF,Solid,Bedroom,90x210 cm,Low,7.2,Piece,Per_Room,1,Bedroom,False,4783,Doors,Interior,Not Applicable,Low: <= 5307,1,4783,Doors
WoodCraft,Armored Security Door,Entrance,Steel,Armored,Main Entrance,100x220 cm,High,8.9,Piece,Fixed,1,Apartment,False,10801,Doors,Entrance,Not Applicable,High: > 9745,1,10801,Doors
WPC Brand,Armored Security Door,Entrance,Steel,Armored,Main Entrance,100x220 cm,Medium,8.9,Piece,Fixed,1,Apartment,False,9540,Doors,Entrance,Not Applicable,Medium: 5307 - 9745,1,9540,Doors
AluDoor,Armored Security Door,Entrance,Steel,Armored,Main Entrance,100x220 cm,Medium,8.9,Piece,Fixed,1,Apartment,False,9655,Doors,Entrance,Not Applicable,Medium: 5307 - 9745,1,9655,Doors
DoorTech,Armored Security Door,Entrance,Steel,Armored,Main Entrance,100x220 cm,High,8.9,Piece,Fixed,1,Apartment,False,12529,Doors,Entrance,Not Applicable,High: > 9745,1,12529,Doors
WoodCraft,Armored Security Door,Entrance,Steel,Armored,Main Entrance,100x220 cm,High,8.9,Piece,Fixed,1,Apartment,False,9900,Doors,Entrance,Not Applicable,High: > 9745,1,9900,Doors
WoodCraft,Armored Security Door,Entrance,Steel,Armored,Main Entrance,100x220 cm,High,8.9,Piece,Fixed,1,Apartment,False,10682,Doors,Entrance,Not Applicable,High: > 9745,1,10682,Doors
WPC Brand,Armored Security Door,Entrance,Steel,Armored,Main Entrance,100x220 cm,High,8.9,Piece,Fixed,1,Apartment,False,12516,Doors,Entrance,Not Applicable,High: > 9745,1,12516,Doors
AluDoor,Aluminum Balcony Door,Balcony,Aluminum,Sliding,Balcony,180x220 cm,Medium,7.4,Piece,Per_Balcony,1,Balcony,False,7489,Doors,Balcony,Not Applicable,Medium: 5307 - 9745,1,7489,Doors
DoorTech,Aluminum Balcony Door,Balcony,Aluminum,Sliding,Balcony,180x220 cm,Medium,7.4,Piece,Per_Balcony,1,Balcony,False,7322,Doors,Balcony,Not Applicable,Medium: 5307 - 9745,1,7322,Doors
DoorTech,Aluminum Balcony Door,Balcony,Aluminum,Sliding,Balcony,180x220 cm,Medium,7.4,Piece,Per_Balcony,1,Balcony,False,5614,Doors,Balcony,Not Applicable,Medium: 5307 - 9745,1,5614,Doors
AluDoor,Aluminum Balcony Door,Balcony,Aluminum,Sliding,Balcony,180x220 cm,Medium,7.4,Piece,Per_Balcony,1,Balcony,False,6346,Doors,Balcony,Not Applicable,Medium: 5307 - 9745,1,6346,Doors
DoorTech,Armored Security Door,Entrance,Steel,Armored,Main Entrance,100x220 cm,High,8.9,Piece,Fixed,1,Apartment,False,13226,Doors,Entrance,Not Applicable,High: > 9745,1,13226,Doors
AluDoor,Interior MDF Door,Interior,MDF,Solid,Bedroom,90x210 cm,Low,7.2,Piece,Per_Room,1,Bedroom,False,4016,Doors,Interior,Not Applicable,Low: <= 5307,1,4016,Doors
DoorTech,Armored Security Door,Entrance,Steel,Armored,Main Entrance,100x220 cm,High,8.9,Piece,Fixed,1,Apartment,False,13756,Doors,Entrance,Not Applicable,High: > 9745,1,13756,Doors
DoorTech,Interior MDF Door,Interior,MDF,Solid,Bedroom,90x210 cm,Low,7.2,Piece,Per_Room,1,Bedroom,False,4417,Doors,Interior,Not Applicable,Low: <= 5307,1,4417,Doors
AluDoor,Armored Security Door,Entrance,Steel,Armored,Main Entrance,100x220 cm,High,8.9,Piece,Fixed,1,Apartment,False,13560,Doors,Entrance,Not Applicable,High: > 9745,1,13560,Doors
Security Doors,Interior MDF Door,Interior,MDF,Solid,Bedroom,90x210 cm,Low,7.2,Piece,Per_Room,1,Bedroom,False,4794,Doors,Interior,Not Applicable,Low: <= 5307,1,4794,Doors
DoorTech,Interior MDF Door,Interior,MDF,Solid,Bedroom,90x210 cm,Low,7.2,Piece,Per_Room,1,Bedroom,False,3994,Doors,Interior,Not Applicable,Low: <= 5307,1,3994,Doors
AluDoor,Interior MDF Door,Interior,MDF,Solid,Bedroom,90x210 cm,Low,7.2,Piece,Per_Room,1,Bedroom,False,4877,Doors,Interior,Not Applicable,Low: <= 5307,1,4877,Doors
DoorTech,Armored Security Door,Entrance,Steel,Armored,Main Entrance,100x220 cm,High,8.9,Piece,Fixed,1,Apartment,False,12983,Doors,Entrance,Not Applicable,High: > 9745,1,12983,Doors
DoorTech,Armored Security Door,Entrance,Steel,Armored,Main Entrance,100x220 cm,High,8.9,Piece,Fixed,1,Apartment,False,9990,Doors,Entrance,Not Applicable,High: > 9745,1,9990,Doors
WoodCraft,Armored Security Door,Entrance,Steel,Armored,Main Entrance,100x220 cm,High,8.9,Piece,Fixed,1,Apartment,False,13647,Doors,Entrance,Not Applicable,High: > 9745,1,13647,Doors
WPC Brand,Armored Security Door,Entrance,Steel,Armored,Main Entrance,100x220 cm,High,8.9,Piece,Fixed,1,Apartment,False,10425,Doors,Entrance,Not Applicable,High: > 9745,1,10425,Doors
DoorTech,Aluminum Balcony Door,Balcony,Aluminum,Sliding,Balcony,180x220 cm,Medium,7.4,Piece,Per_Balcony,1,Balcony,False,7017,Doors,Balcony,Not Applicable,Medium: 5307 - 9745,1,7017,Doors
Security Doors,Interior MDF Door,Interior,MDF,Solid,Bedroom,90x210 cm,Medium,7.2,Piece,Per_Room,1,Bedroom,False,5717,Doors,Interior,Not Applicable,Medium: 5307 - 9745,1,5717,Doors
AluDoor,Interior MDF Door,Interior,MDF,Solid,Bedroom,90x210 cm,Medium,7.2,Piece,Per_Room,1,Bedroom,False,5725,Doors,Interior,Not Applicable,Medium: 5307 - 9745,1,5725,Doors
WPC Brand,Armored Security Door,Entrance,Steel,Armored,Main Entrance,100x220 cm,High,8.9,Piece,Fixed,1,Apartment,False,10588,Doors,Entrance,Not Applicable,High: > 9745,1,10588,Doors
WoodCraft,Aluminum Balcony Door,Balcony,Aluminum,Sliding,Balcony,180x220 cm,Medium,7.4,Piece,Per_Balcony,1,Balcony,False,7311,Doors,Balcony,Not Applicable,Medium: 5307 - 9745,1,7311,Doors
DoorTech,Armored Security Door,Entrance,Steel,Armored,Main Entrance,100x220 cm,High,8.9,Piece,Fixed,1,Apartment,False,12561,Doors,Entrance,Not Applicable,High: > 9745,1,12561,Doors
DoorTech,Armored Security Door,Entrance,Steel,Armored,Main Entrance,100x220 cm,High,8.9,Piece,Fixed,1,Apartment,False,13362,Doors,Entrance,Not Applicable,High: > 9745,1,13362,Doors
DoorTech,Aluminum Balcony Door,Balcony,Aluminum,Sliding,Balcony,180x220 cm,Medium,7.4,Piece,Per_Balcony,1,Balcony,False,5499,Doors,Balcony,Not Applicable,Medium: 5307 - 9745,1,5499,Doors
Security Doors,Armored Security Door,Entrance,Steel,Armored,Main Entrance,100x220 cm,High,8.9,Piece,Fixed,1,Apartment,False,10428,Doors,Entrance,Not Applicable,High: > 9745,1,10428,Doors
DoorTech,Interior MDF Door,Interior,MDF,Solid,Bedroom,90x210 cm,Low,7.2,Piece,Per_Room,1,Bedroom,False,4290,Doors,Interior,Not Applicable,Low: <= 5307,1,4290,Doors
Security Doors,Interior MDF Door,Interior,MDF,Solid,Bedroom,90x210 cm,Low,7.2,Piece,Per_Room,1,Bedroom,False,5197,Doors,Interior,Not Applicable,Low: <= 5307,1,5197,Doors
WoodCraft,Interior MDF Door,Interior,MDF,Solid,Bedroom,90x210 cm,Medium,7.2,Piece,Per_Room,1,Bedroom,False,5384,Doors,Interior,Not Applicable,Medium: 5307 - 9745,1,5384,Doors
WoodCraft,Interior MDF Door,Interior,MDF,Solid,Bedroom,90x210 cm,Low,7.2,Piece,Per_Room,1,Bedroom,False,4224,Doors,Interior,Not Applicable,Low: <= 5307,1,4224,Doors
WPC Brand,Aluminum Balcony Door,Balcony,Aluminum,Sliding,Balcony,180x220 cm,Medium,7.4,Piece,Per_Balcony,1,Balcony,False,7474,Doors,Balcony,Not Applicable,Medium: 5307 - 9745,1,7474,Doors
WoodCraft,Aluminum Balcony Door,Balcony,Aluminum,Sliding,Balcony,180x220 cm,Medium,7.4,Piece,Per_Balcony,1,Balcony,False,6073,Doors,Balcony,Not Applicable,Medium: 5307 - 9745,1,6073,Doors
Security Doors,Aluminum Balcony Door,Balcony,Aluminum,Sliding,Balcony,180x220 cm,Medium,7.4,Piece,Per_Balcony,1,Balcony,False,6383,Doors,Balcony,Not Applicable,Medium: 5307 - 9745,1,6383,Doors
AluDoor,Interior MDF Door,Interior,MDF,Solid,Bedroom,90x210 cm,Low,7.2,Piece,Per_Room,1,Bedroom,False,3643,Doors,Interior,Not Applicable,Low: <= 5307,1,3643,Doors
AluDoor,Armored Security Door,Entrance,Steel,Armored,Main Entrance,100x220 cm,High,8.9,Piece,Fixed,1,Apartment,False,10476,Doors,Entrance,Not Applicable,High: > 9745,1,10476,Doors
Security Doors,Armored Security Door,Entrance,Steel,Armored,Main Entrance,100x220 cm,High,8.9,Piece,Fixed,1,Apartment,False,13262,Doors,Entrance,Not Applicable,High: > 9745,1,13262,Doors
DoorTech,Interior MDF Door,Interior,MDF,Solid,Bedroom,90x210 cm,Low,7.2,Piece,Per_Room,1,Bedroom,False,4970,Doors,Interior,Not Applicable,Low: <= 5307,1,4970,Doors
AluDoor,Aluminum Balcony Door,Balcony,Aluminum,Sliding,Balcony,180x220 cm,Medium,7.4,Piece,Per_Balcony,1,Balcony,False,6287,Doors,Balcony,Not Applicable,Medium: 5307 - 9745,1,6287,Doors
AluDoor,Aluminum Balcony Door,Balcony,Aluminum,Sliding,Balcony,180x220 cm,Medium,7.4,Piece,Per_Balcony,1,Balcony,False,7119,Doors,Balcony,Not Applicable,Medium: 5307 - 9745,1,7119,Doors
Security Doors,Armored Security Door,Entrance,Steel,Armored,Main Entrance,100x220 cm,High,8.9,Piece,Fixed,1,Apartment,False,14264,Doors,Entrance,Not Applicable,High: > 9745,1,14264,Doors
DoorTech,Armored Security Door,Entrance,Steel,Armored,Main Entrance,100x220 cm,High,8.9,Piece,Fixed,1,Apartment,False,11968,Doors,Entrance,Not Applicable,High: > 9745,1,11968,Doors
AluDoor,Armored Security Door,Entrance,Steel,Armored,Main Entrance,100x220 cm,High,8.9,Piece,Fixed,1,Apartment,False,10675,Doors,Entrance,Not Applicable,High: > 9745,1,10675,Doors
AluDoor,Aluminum Balcony Door,Balcony,Aluminum,Sliding,Balcony,180x220 cm,Low,7.4,Piece,Per_Balcony,1,Balcony,False,4717,Doors,Balcony,Not Applicable,Low: <= 5307,1,4717,Doors
AluDoor,Armored Security Door,Entrance,Steel,Armored,Main Entrance,100x220 cm,High,8.9,Piece,Fixed,1,Apartment,False,10763,Doors,Entrance,Not Applicable,High: > 9745,1,10763,Doors
WPC Brand,Armored Security Door,Entrance,Steel,Armored,Main Entrance,100x220 cm,High,8.9,Piece,Fixed,1,Apartment,False,11492,Doors,Entrance,Not Applicable,High: > 9745,1,11492,Doors
Security Doors,Armored Security Door,Entrance,Steel,Armored,Main Entrance,100x220 cm,High,8.9,Piece,Fixed,1,Apartment,False,14423,Doors,Entrance,Not Applicable,High: > 9745,1,14423,Doors
WPC Brand,Aluminum Balcony Door,Balcony,Aluminum,Sliding,Balcony,180x220 cm,Low,7.4,Piece,Per_Balcony,1,Balcony,False,5137,Doors,Balcony,Not Applicable,Low: <= 5307,1,5137,Doors
DoorTech,Aluminum Balcony Door,Balcony,Aluminum,Sliding,Balcony,180x220 cm,Medium,7.4,Piece,Per_Balcony,1,Balcony,False,5475,Doors,Balcony,Not Applicable,Medium: 5307 - 9745,1,5475,Doors
WPC Brand,Interior MDF Door,Interior,MDF,Solid,Bedroom,90x210 cm,Low,7.2,Piece,Per_Room,1,Bedroom,False,4791,Doors,Interior,Not Applicable,Low: <= 5307,1,4791,Doors
Security Doors,Armored Security Door,Entrance,Steel,Armored,Main Entrance,100x220 cm,High,8.9,Piece,Fixed,1,Apartment,False,11583,Doors,Entrance,Not Applicable,High: > 9745,1,11583,Doors
AluDoor,Interior MDF Door,Interior,MDF,Solid,Bedroom,90x210 cm,Medium,7.2,Piece,Per_Room,1,Bedroom,False,5567,Doors,Interior,Not Applicable,Medium: 5307 - 9745,1,5567,Doors
DoorTech,Aluminum Balcony Door,Balcony,Aluminum,Sliding,Balcony,180x220 cm,Low,7.4,Piece,Per_Balcony,1,Balcony,False,5296,Doors,Balcony,Not Applicable,Low: <= 5307,1,5296,Doors
WoodCraft,Interior MDF Door,Interior,MDF,Solid,Bedroom,90x210 cm,Low,7.2,Piece,Per_Room,1,Bedroom,False,4352,Doors,Interior,Not Applicable,Low: <= 5307,1,4352,Doors
DoorTech,Armored Security Door,Entrance,Steel,Armored,Main Entrance,100x220 cm,High,8.9,Piece,Fixed,1,Apartment,False,9872,Doors,Entrance,Not Applicable,High: > 9745,1,9872,Doors
AluDoor,Aluminum Balcony Door,Balcony,Aluminum,Sliding,Balcony,180x220 cm,Medium,7.4,Piece,Per_Balcony,1,Balcony,False,5976,Doors,Balcony,Not Applicable,Medium: 5307 - 9745,1,5976,Doors
Security Doors,Armored Security Door,Entrance,Steel,Armored,Main Entrance,100x220 cm,High,8.9,Piece,Fixed,1,Apartment,False,12223,Doors,Entrance,Not Applicable,High: > 9745,1,12223,Doors
AluDoor,Aluminum Balcony Door,Balcony,Aluminum,Sliding,Balcony,180x220 cm,Medium,7.4,Piece,Per_Balcony,1,Balcony,False,6372,Doors,Balcony,Not Applicable,Medium: 5307 - 9745,1,6372,Doors
DoorTech,Aluminum Balcony Door,Balcony,Aluminum,Sliding,Balcony,180x220 cm,Medium,7.4,Piece,Per_Balcony,1,Balcony,False,7297,Doors,Balcony,Not Applicable,Medium: 5307 - 9745,1,7297,Doors
AluDoor,Armored Security Door,Entrance,Steel,Armored,Main Entrance,100x220 cm,High,8.9,Piece,Fixed,1,Apartment,False,13038,Doors,Entrance,Not Applicable,High: > 9745,1,13038,Doors
AluDoor,Armored Security Door,Entrance,Steel,Armored,Main Entrance,100x220 cm,High,8.9,Piece,Fixed,1,Apartment,False,12772,Doors,Entrance,Not Applicable,High: > 9745,1,12772,Doors
Security Doors,Aluminum Balcony Door,Balcony,Aluminum,Sliding,Balcony,180x220 cm,Medium,7.4,Piece,Per_Balcony,1,Balcony,False,6554,Doors,Balcony,Not Applicable,Medium: 5307 - 9745,1,6554,Doors
WPC Brand,Interior MDF Door,Interior,MDF,Solid,Bedroom,90x210 cm,Low,7.2,Piece,Per_Room,1,Bedroom,False,4339,Doors,Interior,Not Applicable,Low: <= 5307,1,4339,Doors
WoodCraft,Armored Security Door,Entrance,Steel,Armored,Main Entrance,100x220 cm,High,8.9,Piece,Fixed,1,Apartment,False,13864,Doors,Entrance,Not Applicable,High: > 9745,1,13864,Doors
DoorTech,Aluminum Balcony Door,Balcony,Aluminum,Sliding,Balcony,180x220 cm,Medium,7.4,Piece,Per_Balcony,1,Balcony,False,5654,Doors,Balcony,Not Applicable,Medium: 5307 - 9745,1,5654,Doors
Security Doors,Interior MDF Door,Interior,MDF,Solid,Bedroom,90x210 cm,Low,7.2,Piece,Per_Room,1,Bedroom,False,4432,Doors,Interior,Not Applicable,Low: <= 5307,1,4432,Doors
WPC Brand,Aluminum Balcony Door,Balcony,Aluminum,Sliding,Balcony,180x220 cm,Medium,7.4,Piece,Per_Balcony,1,Balcony,False,6576,Doors,Balcony,Not Applicable,Medium: 5307 - 9745,1,6576,Doors
DoorTech,Aluminum Balcony Door,Balcony,Aluminum,Sliding,Balcony,180x220 cm,Medium,7.4,Piece,Per_Balcony,1,Balcony,False,7493,Doors,Balcony,Not Applicable,Medium: 5307 - 9745,1,7493,Doors
DoorTech,Aluminum Balcony Door,Balcony,Aluminum,Sliding,Balcony,180x220 cm,Medium,7.4,Piece,Per_Balcony,1,Balcony,False,6816,Doors,Balcony,Not Applicable,Medium: 5307 - 9745,1,6816,Doors
WoodCraft,Aluminum Balcony Door,Balcony,Aluminum,Sliding,Balcony,180x220 cm,Medium,7.4,Piece,Per_Balcony,1,Balcony,False,5659,Doors,Balcony,Not Applicable,Medium: 5307 - 9745,1,5659,Doors
WPC Brand,Aluminum Balcony Door,Balcony,Aluminum,Sliding,Balcony,180x220 cm,Low,7.4,Piece,Per_Balcony,1,Balcony,False,4911,Doors,Balcony,Not Applicable,Low: <= 5307,1,4911,Doors
WoodCraft,Aluminum Balcony Door,Balcony,Aluminum,Sliding,Balcony,180x220 cm,Medium,7.4,Piece,Per_Balcony,1,Balcony,False,5486,Doors,Balcony,Not Applicable,Medium: 5307 - 9745,1,5486,Doors
WPC Brand,Aluminum Balcony Door,Balcony,Aluminum,Sliding,Balcony,180x220 cm,Medium,7.4,Piece,Per_Balcony,1,Balcony,False,5575,Doors,Balcony,Not Applicable,Medium: 5307 - 9745,1,5575,Doors
Security Doors,Aluminum Balcony Door,Balcony,Aluminum,Sliding,Balcony,180x220 cm,Medium,7.4,Piece,Per_Balcony,1,Balcony,False,5460,Doors,Balcony,Not Applicable,Medium: 5307 - 9745,1,5460,Doors
WoodCraft,Interior MDF Door,Interior,MDF,Solid,Bedroom,90x210 cm,Low,7.2,Piece,Per_Room,1,Bedroom,False,4905,Doors,Interior,Not Applicable,Low: <= 5307,1,4905,Doors
AluDoor,Aluminum Balcony Door,Balcony,Aluminum,Sliding,Balcony,180x220 cm,Medium,7.4,Piece,Per_Balcony,1,Balcony,False,5310,Doors,Balcony,Not Applicable,Medium: 5307 - 9745,1,5310,Doors
WPC Brand,Aluminum Balcony Door,Balcony,Aluminum,Sliding,Balcony,180x220 cm,Medium,7.4,Piece,Per_Balcony,1,Balcony,False,7395,Doors,Balcony,Not Applicable,Medium: 5307 - 9745,1,7395,Doors
WoodCraft,Aluminum Balcony Door,Balcony,Aluminum,Sliding,Balcony,180x220 cm,Medium,7.4,Piece,Per_Balcony,1,Balcony,False,7430,Doors,Balcony,Not Applicable,Medium: 5307 - 9745,1,7430,Doors
WPC Brand,Aluminum Balcony Door,Balcony,Aluminum,Sliding,Balcony,180x220 cm,Medium,7.4,Piece,Per_Balcony,1,Balcony,False,5791,Doors,Balcony,Not Applicable,Medium: 5307 - 9745,1,5791,Doors
AluDoor,Aluminum Balcony Door,Balcony,Aluminum,Sliding,Balcony,180x220 cm,Medium,7.4,Piece,Per_Balcony,1,Balcony,False,6686,Doors,Balcony,Not Applicable,Medium: 5307 - 9745,1,6686,Doors
AluDoor,Armored Security Door,Entrance,Steel,Armored,Main Entrance,100x220 cm,High,8.9,Piece,Fixed,1,Apartment,False,14016,Doors,Entrance,Not Applicable,High: > 9745,1,14016,Doors
WPC Brand,Aluminum Balcony Door,Balcony,Aluminum,Sliding,Balcony,180x220 cm,Medium,7.4,Piece,Per_Balcony,1,Balcony,False,5492,Doors,Balcony,Not Applicable,Medium: 5307 - 9745,1,5492,Doors
WoodCraft,Armored Security Door,Entrance,Steel,Armored,Main Entrance,100x220 cm,High,8.9,Piece,Fixed,1,Apartment,False,12706,Doors,Entrance,Not Applicable,High: > 9745,1,12706,Doors
Security Doors,Interior MDF Door,Interior,MDF,Solid,Bedroom,90x210 cm,Low,7.2,Piece,Per_Room,1,Bedroom,False,5307,Doors,Interior,Not Applicable,Low: <= 5307,1,5307,Doors
Security Doors,Interior MDF Door,Interior,MDF,Solid,Bedroom,90x210 cm,Low,7.2,Piece,Per_Room,1,Bedroom,False,5158,Doors,Interior,Not Applicable,Low: <= 5307,1,5158,Doors
Security Doors,Aluminum Balcony Door,Balcony,Aluminum,Sliding,Balcony,180x220 cm,Medium,7.4,Piece,Per_Balcony,1,Balcony,False,6509,Doors,Balcony,Not Applicable,Medium: 5307 - 9745,1,6509,Doors
DoorTech,Interior MDF Door,Interior,MDF,Solid,Bedroom,90x210 cm,Low,7.2,Piece,Per_Room,1,Bedroom,False,4057,Doors,Interior,Not Applicable,Low: <= 5307,1,4057,Doors
WoodCraft,Armored Security Door,Entrance,Steel,Armored,Main Entrance,100x220 cm,High,8.9,Piece,Fixed,1,Apartment,False,12634,Doors,Entrance,Not Applicable,High: > 9745,1,12634,Doors
Security Doors,Armored Security Door,Entrance,Steel,Armored,Main Entrance,100x220 cm,High,8.9,Piece,Fixed,1,Apartment,False,13380,Doors,Entrance,Not Applicable,High: > 9745,1,13380,Doors
WPC Brand,Aluminum Balcony Door,Balcony,Aluminum,Sliding,Balcony,180x220 cm,Low,7.4,Piece,Per_Balcony,1,Balcony,False,5009,Doors,Balcony,Not Applicable,Low: <= 5307,1,5009,Doors
WoodCraft,Interior MDF Door,Interior,MDF,Solid,Bedroom,90x210 cm,Low,7.2,Piece,Per_Room,1,Bedroom,False,3329,Doors,Interior,Not Applicable,Low: <= 5307,1,3329,Doors
WoodCraft,Interior MDF Door,Interior,MDF,Solid,Bedroom,90x210 cm,Medium,7.2,Piece,Per_Room,1,Bedroom,False,5604,Doors,Interior,Not Applicable,Medium: 5307 - 9745,1,5604,Doors
Security Doors,Armored Security Door,Entrance,Steel,Armored,Main Entrance,100x220 cm,High,8.9,Piece,Fixed,1,Apartment,False,11795,Doors,Entrance,Not Applicable,High: > 9745,1,11795,Doors
DoorTech,Aluminum Balcony Door,Balcony,Aluminum,Sliding,Balcony,180x220 cm,Medium,7.4,Piece,Per_Balcony,1,Balcony,False,5600,Doors,Balcony,Not Applicable,Medium: 5307 - 9745,1,5600,Doors
WoodCraft,Armored Security Door,Entrance,Steel,Armored,Main Entrance,100x220 cm,High,8.9,Piece,Fixed,1,Apartment,False,10132,Doors,Entrance,Not Applicable,High: > 9745,1,10132,Doors
WPC Brand,Interior MDF Door,Interior,MDF,Solid,Bedroom,90x210 cm,Low,7.2,Piece,Per_Room,1,Bedroom,False,4198,Doors,Interior,Not Applicable,Low: <= 5307,1,4198,Doors
AluDoor,Armored Security Door,Entrance,Steel,Armored,Main Entrance,100x220 cm,High,8.9,Piece,Fixed,1,Apartment,False,10002,Doors,Entrance,Not Applicable,High: > 9745,1,10002,Doors
DoorTech,Armored Security Door,Entrance,Steel,Armored,Main Entrance,100x220 cm,High,8.9,Piece,Fixed,1,Apartment,False,13406,Doors,Entrance,Not Applicable,High: > 9745,1,13406,Doors
WPC Brand,Aluminum Balcony Door,Balcony,Aluminum,Sliding,Balcony,180x220 cm,Medium,7.4,Piece,Per_Balcony,1,Balcony,False,6891,Doors,Balcony,Not Applicable,Medium: 5307 - 9745,1,6891,Doors
Security Doors,Aluminum Balcony Door,Balcony,Aluminum,Sliding,Balcony,180x220 cm,Medium,7.4,Piece,Per_Balcony,1,Balcony,False,7140,Doors,Balcony,Not Applicable,Medium: 5307 - 9745,1,7140,Doors
AluDoor,Armored Security Door,Entrance,Steel,Armored,Main Entrance,100x220 cm,High,8.9,Piece,Fixed,1,Apartment,False,13892,Doors,Entrance,Not Applicable,High: > 9745,1,13892,Doors
WPC Brand,Armored Security Door,Entrance,Steel,Armored,Main Entrance,100x220 cm,High,8.9,Piece,Fixed,1,Apartment,False,10147,Doors,Entrance,Not Applicable,High: > 9745,1,10147,Doors
WoodCraft,Aluminum Balcony Door,Balcony,Aluminum,Sliding,Balcony,180x220 cm,Low,7.4,Piece,Per_Balcony,1,Balcony,False,4988,Doors,Balcony,Not Applicable,Low: <= 5307,1,4988,Doors
AluDoor,Aluminum Balcony Door,Balcony,Aluminum,Sliding,Balcony,180x220 cm,Medium,7.4,Piece,Per_Balcony,1,Balcony,False,5848,Doors,Balcony,Not Applicable,Medium: 5307 - 9745,1,5848,Doors
WoodCraft,Interior MDF Door,Interior,MDF,Solid,Bedroom,90x210 cm,Low,7.2,Piece,Per_Room,1,Bedroom,False,5098,Doors,Interior,Not Applicable,Low: <= 5307,1,5098,Doors
AluDoor,Interior MDF Door,Interior,MDF,Solid,Bedroom,90x210 cm,Medium,7.2,Piece,Per_Room,1,Bedroom,False,5675,Doors,Interior,Not Applicable,Medium: 5307 - 9745,1,5675,Doors
AluDoor,Interior MDF Door,Interior,MDF,Solid,Bedroom,90x210 cm,Low,7.2,Piece,Per_Room,1,Bedroom,False,4388,Doors,Interior,Not Applicable,Low: <= 5307,1,4388,Doors
WPC Brand,Interior MDF Door,Interior,MDF,Solid,Bedroom,90x210 cm,Low,7.2,Piece,Per_Room,1,Bedroom,False,3632,Doors,Interior,Not Applicable,Low: <= 5307,1,3632,Doors
WPC Brand,Armored Security Door,Entrance,Steel,Armored,Main Entrance,100x220 cm,High,8.9,Piece,Fixed,1,Apartment,False,12291,Doors,Entrance,Not Applicable,High: > 9745,1,12291,Doors
WPC Brand,Aluminum Balcony Door,Balcony,Aluminum,Sliding,Balcony,180x220 cm,Medium,7.4,Piece,Per_Balcony,1,Balcony,False,6727,Doors,Balcony,Not Applicable,Medium: 5307 - 9745,1,6727,Doors
WoodCraft,Aluminum Balcony Door,Balcony,Aluminum,Sliding,Balcony,180x220 cm,Medium,7.4,Piece,Per_Balcony,1,Balcony,False,5678,Doors,Balcony,Not Applicable,Medium: 5307 - 9745,1,5678,Doors
AluDoor,Armored Security Door,Entrance,Steel,Armored,Main Entrance,100x220 cm,High,8.9,Piece,Fixed,1,Apartment,False,10772,Doors,Entrance,Not Applicable,High: > 9745,1,10772,Doors
Security Doors,Armored Security Door,Entrance,Steel,Armored,Main Entrance,100x220 cm,High,8.9,Piece,Fixed,1,Apartment,False,10751,Doors,Entrance,Not Applicable,High: > 9745,1,10751,Doors
Security Doors,Armored Security Door,Entrance,Steel,Armored,Main Entrance,100x220 cm,High,8.9,Piece,Fixed,1,Apartment,False,10042,Doors,Entrance,Not Applicable,High: > 9745,1,10042,Doors
DoorTech,Interior MDF Door,Interior,MDF,Solid,Bedroom,90x210 cm,Low,7.2,Piece,Per_Room,1,Bedroom,False,3905,Doors,Interior,Not Applicable,Low: <= 5307,1,3905,Doors
Security Doors,Armored Security Door,Entrance,Steel,Armored,Main Entrance,100x220 cm,High,8.9,Piece,Fixed,1,Apartment,False,12130,Doors,Entrance,Not Applicable,High: > 9745,1,12130,Doors
WoodCraft,Aluminum Balcony Door,Balcony,Aluminum,Sliding,Balcony,180x220 cm,Medium,7.4,Piece,Per_Balcony,1,Balcony,False,5690,Doors,Balcony,Not Applicable,Medium: 5307 - 9745,1,5690,Doors
WoodCraft,Armored Security Door,Entrance,Steel,Armored,Main Entrance,100x220 cm,High,8.9,Piece,Fixed,1,Apartment,False,11879,Doors,Entrance,Not Applicable,High: > 9745,1,11879,Doors
WPC Brand,Aluminum Balcony Door,Balcony,Aluminum,Sliding,Balcony,180x220 cm,Medium,7.4,Piece,Per_Balcony,1,Balcony,False,5364,Doors,Balcony,Not Applicable,Medium: 5307 - 9745,1,5364,Doors
DoorTech,Interior MDF Door,Interior,MDF,Solid,Bedroom,90x210 cm,Low,7.2,Piece,Per_Room,1,Bedroom,False,4121,Doors,Interior,Not Applicable,Low: <= 5307,1,4121,Doors
WPC Brand,Interior MDF Door,Interior,MDF,Solid,Bedroom,90x210 cm,Medium,7.2,Piece,Per_Room,1,Bedroom,False,5748,Doors,Interior,Not Applicable,Medium: 5307 - 9745,1,5748,Doors
Security Doors,Aluminum Balcony Door,Balcony,Aluminum,Sliding,Balcony,180x220 cm,Medium,7.4,Piece,Per_Balcony,1,Balcony,False,6273,Doors,Balcony,Not Applicable,Medium: 5307 - 9745,1,6273,Doors
DoorTech,Interior MDF Door,Interior,MDF,Solid,Bedroom,90x210 cm,Low,7.2,Piece,Per_Room,1,Bedroom,False,3666,Doors,Interior,Not Applicable,Low: <= 5307,1,3666,Doors
AluDoor,Armored Security Door,Entrance,Steel,Armored,Main Entrance,100x220 cm,High,8.9,Piece,Fixed,1,Apartment,False,10145,Doors,Entrance,Not Applicable,High: > 9745,1,10145,Doors
Security Doors,Aluminum Balcony Door,Balcony,Aluminum,Sliding,Balcony,180x220 cm,Medium,7.4,Piece,Per_Balcony,1,Balcony,False,5793,Doors,Balcony,Not Applicable,Medium: 5307 - 9745,1,5793,Doors
AluDoor,Interior MDF Door,Interior,MDF,Solid,Bedroom,90x210 cm,Medium,7.2,Piece,Per_Room,1,Bedroom,False,5443,Doors,Interior,Not Applicable,Medium: 5307 - 9745,1,5443,Doors
WPC Brand,Aluminum Balcony Door,Balcony,Aluminum,Sliding,Balcony,180x220 cm,Low,7.4,Piece,Per_Balcony,1,Balcony,False,4580,Doors,Balcony,Not Applicable,Low: <= 5307,1,4580,Doors
Security Doors,Interior MDF Door,Interior,MDF,Solid,Bedroom,90x210 cm,Medium,7.2,Piece,Per_Room,1,Bedroom,False,5431,Doors,Interior,Not Applicable,Medium: 5307 - 9745,1,5431,Doors
DoorTech,Aluminum Balcony Door,Balcony,Aluminum,Sliding,Balcony,180x220 cm,Medium,7.4,Piece,Per_Balcony,1,Balcony,False,6977,Doors,Balcony,Not Applicable,Medium: 5307 - 9745,1,6977,Doors
AluDoor,Aluminum Balcony Door,Balcony,Aluminum,Sliding,Balcony,180x220 cm,Medium,7.4,Piece,Per_Balcony,1,Balcony,False,7375,Doors,Balcony,Not Applicable,Medium: 5307 - 9745,1,7375,Doors
WoodCraft,Aluminum Balcony Door,Balcony,Aluminum,Sliding,Balcony,180x220 cm,Medium,7.4,Piece,Per_Balcony,1,Balcony,False,7212,Doors,Balcony,Not Applicable,Medium: 5307 - 9745,1,7212,Doors
WPC Brand,Aluminum Balcony Door,Balcony,Aluminum,Sliding,Balcony,180x220 cm,Medium,7.4,Piece,Per_Balcony,1,Balcony,False,6739,Doors,Balcony,Not Applicable,Medium: 5307 - 9745,1,6739,Doors
WoodCraft,Armored Security Door,Entrance,Steel,Armored,Main Entrance,100x220 cm,High,8.9,Piece,Fixed,1,Apartment,False,11973,Doors,Entrance,Not Applicable,High: > 9745,1,11973,Doors
DoorTech,Aluminum Balcony Door,Balcony,Aluminum,Sliding,Balcony,180x220 cm,Medium,7.4,Piece,Per_Balcony,1,Balcony,False,5382,Doors,Balcony,Not Applicable,Medium: 5307 - 9745,1,5382,Doors
WoodCraft,Armored Security Door,Entrance,Steel,Armored,Main Entrance,100x220 cm,High,8.9,Piece,Fixed,1,Apartment,False,9932,Doors,Entrance,Not Applicable,High: > 9745,1,9932,Doors
Security Doors,Aluminum Balcony Door,Balcony,Aluminum,Sliding,Balcony,180x220 cm,Medium,7.4,Piece,Per_Balcony,1,Balcony,False,7255,Doors,Balcony,Not Applicable,Medium: 5307 - 9745,1,7255,Doors
AluDoor,Aluminum Balcony Door,Balcony,Aluminum,Sliding,Balcony,180x220 cm,Medium,7.4,Piece,Per_Balcony,1,Balcony,False,6262,Doors,Balcony,Not Applicable,Medium: 5307 - 9745,1,6262,Doors
Security Doors,Armored Security Door,Entrance,Steel,Armored,Main Entrance,100x220 cm,High,8.9,Piece,Fixed,1,Apartment,False,10215,Doors,Entrance,Not Applicable,High: > 9745,1,10215,Doors
Security Doors,Aluminum Balcony Door,Balcony,Aluminum,Sliding,Balcony,180x220 cm,Medium,7.4,Piece,Per_Balcony,1,Balcony,False,6823,Doors,Balcony,Not Applicable,Medium: 5307 - 9745,1,6823,Doors
AluDoor,Armored Security Door,Entrance,Steel,Armored,Main Entrance,100x220 cm,High,8.9,Piece,Fixed,1,Apartment,False,10327,Doors,Entrance,Not Applicable,High: > 9745,1,10327,Doors
WPC Brand,Interior MDF Door,Interior,MDF,Solid,Bedroom,90x210 cm,Medium,7.2,Piece,Per_Room,1,Bedroom,False,5438,Doors,Interior,Not Applicable,Medium: 5307 - 9745,1,5438,Doors
Security Doors,Aluminum Balcony Door,Balcony,Aluminum,Sliding,Balcony,180x220 cm,Medium,7.4,Piece,Per_Balcony,1,Balcony,False,7451,Doors,Balcony,Not Applicable,Medium: 5307 - 9745,1,7451,Doors
Security Doors,Armored Security Door,Entrance,Steel,Armored,Main Entrance,100x220 cm,Medium,8.9,Piece,Fixed,1,Apartment,False,9692,Doors,Entrance,Not Applicable,Medium: 5307 - 9745,1,9692,Doors
WPC Brand,Armored Security Door,Entrance,Steel,Armored,Main Entrance,100x220 cm,High,8.9,Piece,Fixed,1,Apartment,False,11396,Doors,Entrance,Not Applicable,High: > 9745,1,11396,Doors
DoorTech,Aluminum Balcony Door,Balcony,Aluminum,Sliding,Balcony,180x220 cm,Low,7.4,Piece,Per_Balcony,1,Balcony,False,5066,Doors,Balcony,Not Applicable,Low: <= 5307,1,5066,Doors
AluDoor,Interior MDF Door,Interior,MDF,Solid,Bedroom,90x210 cm,Low,7.2,Piece,Per_Room,1,Bedroom,False,5271,Doors,Interior,Not Applicable,Low: <= 5307,1,5271,Doors
WoodCraft,Armored Security Door,Entrance,Steel,Armored,Main Entrance,100x220 cm,Medium,8.9,Piece,Fixed,1,Apartment,False,9609,Doors,Entrance,Not Applicable,Medium: 5307 - 9745,1,9609,Doors
AluDoor,Armored Security Door,Entrance,Steel,Armored,Main Entrance,100x220 cm,High,8.9,Piece,Fixed,1,Apartment,False,13772,Doors,Entrance,Not Applicable,High: > 9745,1,13772,Doors
WoodCraft,Aluminum Balcony Door,Balcony,Aluminum,Sliding,Balcony,180x220 cm,Medium,7.4,Piece,Per_Balcony,1,Balcony,False,7443,Doors,Balcony,Not Applicable,Medium: 5307 - 9745,1,7443,Doors
AluDoor,Interior MDF Door,Interior,MDF,Solid,Bedroom,90x210 cm,Low,7.2,Piece,Per_Room,1,Bedroom,False,4991,Doors,Interior,Not Applicable,Low: <= 5307,1,4991,Doors
WPC Brand,Armored Security Door,Entrance,Steel,Armored,Main Entrance,100x220 cm,High,8.9,Piece,Fixed,1,Apartment,False,11594,Doors,Entrance,Not Applicable,High: > 9745,1,11594,Doors
WoodCraft,Aluminum Balcony Door,Balcony,Aluminum,Sliding,Balcony,180x220 cm,Medium,7.4,Piece,Per_Balcony,1,Balcony,False,6746,Doors,Balcony,Not Applicable,Medium: 5307 - 9745,1,6746,Doors
Security Doors,Interior MDF Door,Interior,MDF,Solid,Bedroom,90x210 cm,Low,7.2,Piece,Per_Room,1,Bedroom,False,4353,Doors,Interior,Not Applicable,Low: <= 5307,1,4353,Doors
Security Doors,Aluminum Balcony Door,Balcony,Aluminum,Sliding,Balcony,180x220 cm,Medium,7.4,Piece,Per_Balcony,1,Balcony,False,7276,Doors,Balcony,Not Applicable,Medium: 5307 - 9745,1,7276,Doors
AluDoor,Armored Security Door,Entrance,Steel,Armored,Main Entrance,100x220 cm,High,8.9,Piece,Fixed,1,Apartment,False,14087,Doors,Entrance,Not Applicable,High: > 9745,1,14087,Doors
WPC Brand,Aluminum Balcony Door,Balcony,Aluminum,Sliding,Balcony,180x220 cm,Medium,7.4,Piece,Per_Balcony,1,Balcony,False,6531,Doors,Balcony,Not Applicable,Medium: 5307 - 9745,1,6531,Doors
WPC Brand,Interior MDF Door,Interior,MDF,Solid,Bedroom,90x210 cm,Medium,7.2,Piece,Per_Room,1,Bedroom,False,5344,Doors,Interior,Not Applicable,Medium: 5307 - 9745,1,5344,Doors
DoorTech,Interior MDF Door,Interior,MDF,Solid,Bedroom,90x210 cm,Low,7.2,Piece,Per_Room,1,Bedroom,False,4469,Doors,Interior,Not Applicable,Low: <= 5307,1,4469,Doors
WoodCraft,Interior MDF Door,Interior,MDF,Solid,Bedroom,90x210 cm,Low,7.2,Piece,Per_Room,1,Bedroom,False,4424,Doors,Interior,Not Applicable,Low: <= 5307,1,4424,Doors
DoorTech,Interior MDF Door,Interior,MDF,Solid,Bedroom,90x210 cm,Low,7.2,Piece,Per_Room,1,Bedroom,False,4355,Doors,Interior,Not Applicable,Low: <= 5307,1,4355,Doors
Security Doors,Armored Security Door,Entrance,Steel,Armored,Main Entrance,100x220 cm,High,8.9,Piece,Fixed,1,Apartment,False,12443,Doors,Entrance,Not Applicable,High: > 9745,1,12443,Doors
DoorTech,Interior MDF Door,Interior,MDF,Solid,Bedroom,90x210 cm,Medium,7.2,Piece,Per_Room,1,Bedroom,False,5694,Doors,Interior,Not Applicable,Medium: 5307 - 9745,1,5694,Doors
AluDoor,Interior MDF Door,Interior,MDF,Solid,Bedroom,90x210 cm,Low,7.2,Piece,Per_Room,1,Bedroom,False,3700,Doors,Interior,Not Applicable,Low: <= 5307,1,3700,Doors
WPC Brand,Armored Security Door,Entrance,Steel,Armored,Main Entrance,100x220 cm,High,8.9,Piece,Fixed,1,Apartment,False,10161,Doors,Entrance,Not Applicable,High: > 9745,1,10161,Doors
Security Doors,Armored Security Door,Entrance,Steel,Armored,Main Entrance,100x220 cm,High,8.9,Piece,Fixed,1,Apartment,False,11797,Doors,Entrance,Not Applicable,High: > 9745,1,11797,Doors
DoorTech,Aluminum Balcony Door,Balcony,Aluminum,Sliding,Balcony,180x220 cm,Low,7.4,Piece,Per_Balcony,1,Balcony,False,4522,Doors,Balcony,Not Applicable,Low: <= 5307,1,4522,Doors
DoorTech,Aluminum Balcony Door,Balcony,Aluminum,Sliding,Balcony,180x220 cm,Medium,7.4,Piece,Per_Balcony,1,Balcony,False,7251,Doors,Balcony,Not Applicable,Medium: 5307 - 9745,1,7251,Doors
DoorTech,Aluminum Balcony Door,Balcony,Aluminum,Sliding,Balcony,180x220 cm,Medium,7.4,Piece,Per_Balcony,1,Balcony,False,6363,Doors,Balcony,Not Applicable,Medium: 5307 - 9745,1,6363,Doors
AluDoor,Interior MDF Door,Interior,MDF,Solid,Bedroom,90x210 cm,Low,7.2,Piece,Per_Room,1,Bedroom,False,5265,Doors,Interior,Not Applicable,Low: <= 5307,1,5265,Doors
AluDoor,Interior MDF Door,Interior,MDF,Solid,Bedroom,90x210 cm,Low,7.2,Piece,Per_Room,1,Bedroom,False,4731,Doors,Interior,Not Applicable,Low: <= 5307,1,4731,Doors
AluDoor,Interior MDF Door,Interior,MDF,Solid,Bedroom,90x210 cm,Low,7.2,Piece,Per_Room,1,Bedroom,False,5266,Doors,Interior,Not Applicable,Low: <= 5307,1,5266,Doors
WPC Brand,Armored Security Door,Entrance,Steel,Armored,Main Entrance,100x220 cm,High,8.9,Piece,Fixed,1,Apartment,False,11689,Doors,Entrance,Not Applicable,High: > 9745,1,11689,Doors
DoorTech,Aluminum Balcony Door,Balcony,Aluminum,Sliding,Balcony,180x220 cm,Medium,7.4,Piece,Per_Balcony,1,Balcony,False,5571,Doors,Balcony,Not Applicable,Medium: 5307 - 9745,1,5571,Doors
DoorTech,Interior MDF Door,Interior,MDF,Solid,Bedroom,90x210 cm,Low,7.2,Piece,Per_Room,1,Bedroom,False,4433,Doors,Interior,Not Applicable,Low: <= 5307,1,4433,Doors
WPC Brand,Interior MDF Door,Interior,MDF,Solid,Bedroom,90x210 cm,Low,7.2,Piece,Per_Room,1,Bedroom,False,3933,Doors,Interior,Not Applicable,Low: <= 5307,1,3933,Doors
DoorTech,Aluminum Balcony Door,Balcony,Aluminum,Sliding,Balcony,180x220 cm,Medium,7.4,Piece,Per_Balcony,1,Balcony,False,5444,Doors,Balcony,Not Applicable,Medium: 5307 - 9745,1,5444,Doors
DoorTech,Interior MDF Door,Interior,MDF,Solid,Bedroom,90x210 cm,Low,7.2,Piece,Per_Room,1,Bedroom,False,3693,Doors,Interior,Not Applicable,Low: <= 5307,1,3693,Doors
AluDoor,Aluminum Balcony Door,Balcony,Aluminum,Sliding,Balcony,180x220 cm,Low,7.4,Piece,Per_Balcony,1,Balcony,False,4743,Doors,Balcony,Not Applicable,Low: <= 5307,1,4743,Doors
Security Doors,Interior MDF Door,Interior,MDF,Solid,Bedroom,90x210 cm,Low,7.2,Piece,Per_Room,1,Bedroom,False,4385,Doors,Interior,Not Applicable,Low: <= 5307,1,4385,Doors
WoodCraft,Interior MDF Door,Interior,MDF,Solid,Bedroom,90x210 cm,Low,7.2,Piece,Per_Room,1,Bedroom,False,3503,Doors,Interior,Not Applicable,Low: <= 5307,1,3503,Doors
AluDoor,Interior MDF Door,Interior,MDF,Solid,Bedroom,90x210 cm,Low,7.2,Piece,Per_Room,1,Bedroom,False,4785,Doors,Interior,Not Applicable,Low: <= 5307,1,4785,Doors
WoodCraft,Interior MDF Door,Interior,MDF,Solid,Bedroom,90x210 cm,Low,7.2,Piece,Per_Room,1,Bedroom,False,4945,Doors,Interior,Not Applicable,Low: <= 5307,1,4945,Doors
WPC Brand,Interior MDF Door,Interior,MDF,Solid,Bedroom,90x210 cm,Medium,7.2,Piece,Per_Room,1,Bedroom,False,5562,Doors,Interior,Not Applicable,Medium: 5307 - 9745,1,5562,Doors
WPC Brand,Armored Security Door,Entrance,Steel,Armored,Main Entrance,100x220 cm,High,8.9,Piece,Fixed,1,Apartment,False,9861,Doors,Entrance,Not Applicable,High: > 9745,1,9861,Doors
Security Doors,Armored Security Door,Entrance,Steel,Armored,Main Entrance,100x220 cm,High,8.9,Piece,Fixed,1,Apartment,False,12749,Doors,Entrance,Not Applicable,High: > 9745,1,12749,Doors
WPC Brand,Armored Security Door,Entrance,Steel,Armored,Main Entrance,100x220 cm,High,8.9,Piece,Fixed,1,Apartment,False,13647,Doors,Entrance,Not Applicable,High: > 9745,1,13647,Doors
WPC Brand,Interior MDF Door,Interior,MDF,Solid,Bedroom,90x210 cm,Low,7.2,Piece,Per_Room,1,Bedroom,False,5066,Doors,Interior,Not Applicable,Low: <= 5307,1,5066,Doors
WoodCraft,Aluminum Balcony Door,Balcony,Aluminum,Sliding,Balcony,180x220 cm,Low,7.4,Piece,Per_Balcony,1,Balcony,False,4693,Doors,Balcony,Not Applicable,Low: <= 5307,1,4693,Doors
AluDoor,Armored Security Door,Entrance,Steel,Armored,Main Entrance,100x220 cm,High,8.9,Piece,Fixed,1,Apartment,False,12464,Doors,Entrance,Not Applicable,High: > 9745,1,12464,Doors
AluDoor,Interior MDF Door,Interior,MDF,Solid,Bedroom,90x210 cm,Low,7.2,Piece,Per_Room,1,Bedroom,False,4692,Doors,Interior,Not Applicable,Low: <= 5307,1,4692,Doors
AluDoor,Interior MDF Door,Interior,MDF,Solid,Bedroom,90x210 cm,Low,7.2,Piece,Per_Room,1,Bedroom,False,3631,Doors,Interior,Not Applicable,Low: <= 5307,1,3631,Doors
DoorTech,Interior MDF Door,Interior,MDF,Solid,Bedroom,90x210 cm,Low,7.2,Piece,Per_Room,1,Bedroom,False,4599,Doors,Interior,Not Applicable,Low: <= 5307,1,4599,Doors
Security Doors,Aluminum Balcony Door,Balcony,Aluminum,Sliding,Balcony,180x220 cm,Medium,7.4,Piece,Per_Balcony,1,Balcony,False,6610,Doors,Balcony,Not Applicable,Medium: 5307 - 9745,1,6610,Doors
Security Doors,Armored Security Door,Entrance,Steel,Armored,Main Entrance,100x220 cm,High,8.9,Piece,Fixed,1,Apartment,False,11540,Doors,Entrance,Not Applicable,High: > 9745,1,11540,Doors
WoodCraft,Aluminum Balcony Door,Balcony,Aluminum,Sliding,Balcony,180x220 cm,Low,7.4,Piece,Per_Balcony,1,Balcony,False,4786,Doors,Balcony,Not Applicable,Low: <= 5307,1,4786,Doors
WPC Brand,Interior MDF Door,Interior,MDF,Solid,Bedroom,90x210 cm,Low,7.2,Piece,Per_Room,1,Bedroom,False,4222,Doors,Interior,Not Applicable,Low: <= 5307,1,4222,Doors
WoodCraft,Interior MDF Door,Interior,MDF,Solid,Bedroom,90x210 cm,Low,7.2,Piece,Per_Room,1,Bedroom,False,4640,Doors,Interior,Not Applicable,Low: <= 5307,1,4640,Doors
Security Doors,Armored Security Door,Entrance,Steel,Armored,Main Entrance,100x220 cm,Medium,8.9,Piece,Fixed,1,Apartment,False,9596,Doors,Entrance,Not Applicable,Medium: 5307 - 9745,1,9596,Doors
DoorTech,Armored Security Door,Entrance,Steel,Armored,Main Entrance,100x220 cm,High,8.9,Piece,Fixed,1,Apartment,False,12156,Doors,Entrance,Not Applicable,High: > 9745,1,12156,Doors
WPC Brand,Aluminum Balcony Door,Balcony,Aluminum,Sliding,Balcony,180x220 cm,Medium,7.4,Piece,Per_Balcony,1,Balcony,False,5496,Doors,Balcony,Not Applicable,Medium: 5307 - 9745,1,5496,Doors
WPC Brand,Armored Security Door,Entrance,Steel,Armored,Main Entrance,100x220 cm,High,8.9,Piece,Fixed,1,Apartment,False,13519,Doors,Entrance,Not Applicable,High: > 9745,1,13519,Doors
Security Doors,Aluminum Balcony Door,Balcony,Aluminum,Sliding,Balcony,180x220 cm,Medium,7.4,Piece,Per_Balcony,1,Balcony,False,5538,Doors,Balcony,Not Applicable,Medium: 5307 - 9745,1,5538,Doors
WPC Brand,Armored Security Door,Entrance,Steel,Armored,Main Entrance,100x220 cm,High,8.9,Piece,Fixed,1,Apartment,False,14264,Doors,Entrance,Not Applicable,High: > 9745,1,14264,Doors
Security Doors,Armored Security Door,Entrance,Steel,Armored,Main Entrance,100x220 cm,High,8.9,Piece,Fixed,1,Apartment,False,11855,Doors,Entrance,Not Applicable,High: > 9745,1,11855,Doors
WoodCraft,Aluminum Balcony Door,Balcony,Aluminum,Sliding,Balcony,180x220 cm,Low,7.4,Piece,Per_Balcony,1,Balcony,False,5184,Doors,Balcony,Not Applicable,Low: <= 5307,1,5184,Doors
DoorTech,Interior MDF Door,Interior,MDF,Solid,Bedroom,90x210 cm,Low,7.2,Piece,Per_Room,1,Bedroom,False,4292,Doors,Interior,Not Applicable,Low: <= 5307,1,4292,Doors
Security Doors,Aluminum Balcony Door,Balcony,Aluminum,Sliding,Balcony,180x220 cm,Medium,7.4,Piece,Per_Balcony,1,Balcony,False,6464,Doors,Balcony,Not Applicable,Medium: 5307 - 9745,1,6464,Doors
WoodCraft,Aluminum Balcony Door,Balcony,Aluminum,Sliding,Balcony,180x220 cm,Medium,7.4,Piece,Per_Balcony,1,Balcony,False,6430,Doors,Balcony,Not Applicable,Medium: 5307 - 9745,1,6430,Doors
DoorTech,Aluminum Balcony Door,Balcony,Aluminum,Sliding,Balcony,180x220 cm,Medium,7.4,Piece,Per_Balcony,1,Balcony,False,7498,Doors,Balcony,Not Applicable,Medium: 5307 - 9745,1,7498,Doors
Security Doors,Interior MDF Door,Interior,MDF,Solid,Bedroom,90x210 cm,Low,7.2,Piece,Per_Room,1,Bedroom,False,5258,Doors,Interior,Not Applicable,Low: <= 5307,1,5258,Doors
AluDoor,Interior MDF Door,Interior,MDF,Solid,Bedroom,90x210 cm,Low,7.2,Piece,Per_Room,1,Bedroom,False,4689,Doors,Interior,Not Applicable,Low: <= 5307,1,4689,Doors
AluDoor,Interior MDF Door,Interior,MDF,Solid,Bedroom,90x210 cm,Low,7.2,Piece,Per_Room,1,Bedroom,False,3415,Doors,Interior,Not Applicable,Low: <= 5307,1,3415,Doors
AluDoor,Armored Security Door,Entrance,Steel,Armored,Main Entrance,100x220 cm,High,8.9,Piece,Fixed,1,Apartment,False,12698,Doors,Entrance,Not Applicable,High: > 9745,1,12698,Doors
WPC Brand,Armored Security Door,Entrance,Steel,Armored,Main Entrance,100x220 cm,High,8.9,Piece,Fixed,1,Apartment,False,13805,Doors,Entrance,Not Applicable,High: > 9745,1,13805,Doors
WoodCraft,Aluminum Balcony Door,Balcony,Aluminum,Sliding,Balcony,180x220 cm,Medium,7.4,Piece,Per_Balcony,1,Balcony,False,6629,Doors,Balcony,Not Applicable,Medium: 5307 - 9745,1,6629,Doors
WoodCraft,Armored Security Door,Entrance,Steel,Armored,Main Entrance,100x220 cm,High,8.9,Piece,Fixed,1,Apartment,False,11354,Doors,Entrance,Not Applicable,High: > 9745,1,11354,Doors
AluDoor,Aluminum Balcony Door,Balcony,Aluminum,Sliding,Balcony,180x220 cm,Medium,7.4,Piece,Per_Balcony,1,Balcony,False,6164,Doors,Balcony,Not Applicable,Medium: 5307 - 9745,1,6164,Doors
DoorTech,Armored Security Door,Entrance,Steel,Armored,Main Entrance,100x220 cm,High,8.9,Piece,Fixed,1,Apartment,False,10084,Doors,Entrance,Not Applicable,High: > 9745,1,10084,Doors
AluDoor,Aluminum Balcony Door,Balcony,Aluminum,Sliding,Balcony,180x220 cm,Medium,7.4,Piece,Per_Balcony,1,Balcony,False,6083,Doors,Balcony,Not Applicable,Medium: 5307 - 9745,1,6083,Doors
Security Doors,Aluminum Balcony Door,Balcony,Aluminum,Sliding,Balcony,180x220 cm,Low,7.4,Piece,Per_Balcony,1,Balcony,False,5259,Doors,Balcony,Not Applicable,Low: <= 5307,1,5259,Doors
AluDoor,Interior MDF Door,Interior,MDF,Solid,Bedroom,90x210 cm,Low,7.2,Piece,Per_Room,1,Bedroom,False,5285,Doors,Interior,Not Applicable,Low: <= 5307,1,5285,Doors
WoodCraft,Armored Security Door,Entrance,Steel,Armored,Main Entrance,100x220 cm,High,8.9,Piece,Fixed,1,Apartment,False,10404,Doors,Entrance,Not Applicable,High: > 9745,1,10404,Doors
DoorTech,Armored Security Door,Entrance,Steel,Armored,Main Entrance,100x220 cm,High,8.9,Piece,Fixed,1,Apartment,False,13652,Doors,Entrance,Not Applicable,High: > 9745,1,13652,Doors
AluDoor,Armored Security Door,Entrance,Steel,Armored,Main Entrance,100x220 cm,High,8.9,Piece,Fixed,1,Apartment,False,10102,Doors,Entrance,Not Applicable,High: > 9745,1,10102,Doors
Security Doors,Aluminum Balcony Door,Balcony,Aluminum,Sliding,Balcony,180x220 cm,Medium,7.4,Piece,Per_Balcony,1,Balcony,False,5353,Doors,Balcony,Not Applicable,Medium: 5307 - 9745,1,5353,Doors
DoorTech,Aluminum Balcony Door,Balcony,Aluminum,Sliding,Balcony,180x220 cm,Medium,7.4,Piece,Per_Balcony,1,Balcony,False,7293,Doors,Balcony,Not Applicable,Medium: 5307 - 9745,1,7293,Doors
AluDoor,Interior MDF Door,Interior,MDF,Solid,Bedroom,90x210 cm,Low,7.2,Piece,Per_Room,1,Bedroom,False,3742,Doors,Interior,Not Applicable,Low: <= 5307,1,3742,Doors
Security Doors,Armored Security Door,Entrance,Steel,Armored,Main Entrance,100x220 cm,High,8.9,Piece,Fixed,1,Apartment,False,11149,Doors,Entrance,Not Applicable,High: > 9745,1,11149,Doors
AluDoor,Armored Security Door,Entrance,Steel,Armored,Main Entrance,100x220 cm,High,8.9,Piece,Fixed,1,Apartment,False,14137,Doors,Entrance,Not Applicable,High: > 9745,1,14137,Doors
AluDoor,Aluminum Balcony Door,Balcony,Aluminum,Sliding,Balcony,180x220 cm,Low,7.4,Piece,Per_Balcony,1,Balcony,False,4820,Doors,Balcony,Not Applicable,Low: <= 5307,1,4820,Doors
WoodCraft,Aluminum Balcony Door,Balcony,Aluminum,Sliding,Balcony,180x220 cm,Medium,7.4,Piece,Per_Balcony,1,Balcony,False,6185,Doors,Balcony,Not Applicable,Medium: 5307 - 9745,1,6185,Doors
Security Doors,Armored Security Door,Entrance,Steel,Armored,Main Entrance,100x220 cm,High,8.9,Piece,Fixed,1,Apartment,False,12075,Doors,Entrance,Not Applicable,High: > 9745,1,12075,Doors
WPC Brand,Aluminum Balcony Door,Balcony,Aluminum,Sliding,Balcony,180x220 cm,Low,7.4,Piece,Per_Balcony,1,Balcony,False,4862,Doors,Balcony,Not Applicable,Low: <= 5307,1,4862,Doors
WPC Brand,Interior MDF Door,Interior,MDF,Solid,Bedroom,90x210 cm,Low,7.2,Piece,Per_Room,1,Bedroom,False,3278,Doors,Interior,Not Applicable,Low: <= 5307,1,3278,Doors
AluDoor,Armored Security Door,Entrance,Steel,Armored,Main Entrance,100x220 cm,High,8.9,Piece,Fixed,1,Apartment,False,13541,Doors,Entrance,Not Applicable,High: > 9745,1,13541,Doors
AluDoor,Aluminum Balcony Door,Balcony,Aluminum,Sliding,Balcony,180x220 cm,Medium,7.4,Piece,Per_Balcony,1,Balcony,False,5749,Doors,Balcony,Not Applicable,Medium: 5307 - 9745,1,5749,Doors
WPC Brand,Interior MDF Door,Interior,MDF,Solid,Bedroom,90x210 cm,Low,7.2,Piece,Per_Room,1,Bedroom,False,4161,Doors,Interior,Not Applicable,Low: <= 5307,1,4161,Doors
AluDoor,Armored Security Door,Entrance,Steel,Armored,Main Entrance,100x220 cm,High,8.9,Piece,Fixed,1,Apartment,False,12775,Doors,Entrance,Not Applicable,High: > 9745,1,12775,Doors
AluDoor,Interior MDF Door,Interior,MDF,Solid,Bedroom,90x210 cm,Medium,7.2,Piece,Per_Room,1,Bedroom,False,5695,Doors,Interior,Not Applicable,Medium: 5307 - 9745,1,5695,Doors
WoodCraft,Aluminum Balcony Door,Balcony,Aluminum,Sliding,Balcony,180x220 cm,Medium,7.4,Piece,Per_Balcony,1,Balcony,False,5993,Doors,Balcony,Not Applicable,Medium: 5307 - 9745,1,5993,Doors
WoodCraft,Interior MDF Door,Interior,MDF,Solid,Bedroom,90x210 cm,Low,7.2,Piece,Per_Room,1,Bedroom,False,3403,Doors,Interior,Not Applicable,Low: <= 5307,1,3403,Doors
AluDoor,Armored Security Door,Entrance,Steel,Armored,Main Entrance,100x220 cm,High,8.9,Piece,Fixed,1,Apartment,False,12861,Doors,Entrance,Not Applicable,High: > 9745,1,12861,Doors
WPC Brand,Aluminum Balcony Door,Balcony,Aluminum,Sliding,Balcony,180x220 cm,Medium,7.4,Piece,Per_Balcony,1,Balcony,False,6092,Doors,Balcony,Not Applicable,Medium: 5307 - 9745,1,6092,Doors
DoorTech,Armored Security Door,Entrance,Steel,Armored,Main Entrance,100x220 cm,High,8.9,Piece,Fixed,1,Apartment,False,10326,Doors,Entrance,Not Applicable,High: > 9745,1,10326,Doors
WPC Brand,Armored Security Door,Entrance,Steel,Armored,Main Entrance,100x220 cm,High,8.9,Piece,Fixed,1,Apartment,False,14033,Doors,Entrance,Not Applicable,High: > 9745,1,14033,Doors
WPC Brand,Aluminum Balcony Door,Balcony,Aluminum,Sliding,Balcony,180x220 cm,Low,7.4,Piece,Per_Balcony,1,Balcony,False,4719,Doors,Balcony,Not Applicable,Low: <= 5307,1,4719,Doors
WPC Brand,Aluminum Balcony Door,Balcony,Aluminum,Sliding,Balcony,180x220 cm,Medium,7.4,Piece,Per_Balcony,1,Balcony,False,5750,Doors,Balcony,Not Applicable,Medium: 5307 - 9745,1,5750,Doors
DoorTech,Aluminum Balcony Door,Balcony,Aluminum,Sliding,Balcony,180x220 cm,Low,7.4,Piece,Per_Balcony,1,Balcony,False,4695,Doors,Balcony,Not Applicable,Low: <= 5307,1,4695,Doors
AluDoor,Interior MDF Door,Interior,MDF,Solid,Bedroom,90x210 cm,Low,7.2,Piece,Per_Room,1,Bedroom,False,3846,Doors,Interior,Not Applicable,Low: <= 5307,1,3846,Doors
WoodCraft,Interior MDF Door,Interior,MDF,Solid,Bedroom,90x210 cm,Low,7.2,Piece,Per_Room,1,Bedroom,False,3365,Doors,Interior,Not Applicable,Low: <= 5307,1,3365,Doors
WPC Brand,Armored Security Door,Entrance,Steel,Armored,Main Entrance,100x220 cm,High,8.9,Piece,Fixed,1,Apartment,False,10503,Doors,Entrance,Not Applicable,High: > 9745,1,10503,Doors
DoorTech,Interior MDF Door,Interior,MDF,Solid,Bedroom,90x210 cm,Medium,7.2,Piece,Per_Room,1,Bedroom,False,5614,Doors,Interior,Not Applicable,Medium: 5307 - 9745,1,5614,Doors
Security Doors,Armored Security Door,Entrance,Steel,Armored,Main Entrance,100x220 cm,High,8.9,Piece,Fixed,1,Apartment,False,9973,Doors,Entrance,Not Applicable,High: > 9745,1,9973,Doors
WoodCraft,Armored Security Door,Entrance,Steel,Armored,Main Entrance,100x220 cm,High,8.9,Piece,Fixed,1,Apartment,False,13020,Doors,Entrance,Not Applicable,High: > 9745,1,13020,Doors
WoodCraft,Aluminum Balcony Door,Balcony,Aluminum,Sliding,Balcony,180x220 cm,Medium,7.4,Piece,Per_Balcony,1,Balcony,False,5955,Doors,Balcony,Not Applicable,Medium: 5307 - 9745,1,5955,Doors
WPC Brand,Aluminum Balcony Door,Balcony,Aluminum,Sliding,Balcony,180x220 cm,Medium,7.4,Piece,Per_Balcony,1,Balcony,False,7268,Doors,Balcony,Not Applicable,Medium: 5307 - 9745,1,7268,Doors
WPC Brand,Armored Security Door,Entrance,Steel,Armored,Main Entrance,100x220 cm,High,8.9,Piece,Fixed,1,Apartment,False,13595,Doors,Entrance,Not Applicable,High: > 9745,1,13595,Doors
DoorTech,Aluminum Balcony Door,Balcony,Aluminum,Sliding,Balcony,180x220 cm,Medium,7.4,Piece,Per_Balcony,1,Balcony,False,6982,Doors,Balcony,Not Applicable,Medium: 5307 - 9745,1,6982,Doors
DoorTech,Interior MDF Door,Interior,MDF,Solid,Bedroom,90x210 cm,Low,7.2,Piece,Per_Room,1,Bedroom,False,5209,Doors,Interior,Not Applicable,Low: <= 5307,1,5209,Doors
WoodCraft,Aluminum Balcony Door,Balcony,Aluminum,Sliding,Balcony,180x220 cm,Medium,7.4,Piece,Per_Balcony,1,Balcony,False,6012,Doors,Balcony,Not Applicable,Medium: 5307 - 9745,1,6012,Doors
AluDoor,Aluminum Balcony Door,Balcony,Aluminum,Sliding,Balcony,180x220 cm,Low,7.4,Piece,Per_Balcony,1,Balcony,False,5034,Doors,Balcony,Not Applicable,Low: <= 5307,1,5034,Doors
AluDoor,Interior MDF Door,Interior,MDF,Solid,Bedroom,90x210 cm,Low,7.2,Piece,Per_Room,1,Bedroom,False,3991,Doors,Interior,Not Applicable,Low: <= 5307,1,3991,Doors
Security Doors,Interior MDF Door,Interior,MDF,Solid,Bedroom,90x210 cm,Medium,7.2,Piece,Per_Room,1,Bedroom,False,5776,Doors,Interior,Not Applicable,Medium: 5307 - 9745,1,5776,Doors
WPC Brand,Interior MDF Door,Interior,MDF,Solid,Bedroom,90x210 cm,Low,7.2,Piece,Per_Room,1,Bedroom,False,5155,Doors,Interior,Not Applicable,Low: <= 5307,1,5155,Doors
WPC Brand,Armored Security Door,Entrance,Steel,Armored,Main Entrance,100x220 cm,High,8.9,Piece,Fixed,1,Apartment,False,14485,Doors,Entrance,Not Applicable,High: > 9745,1,14485,Doors
Security Doors,Interior MDF Door,Interior,MDF,Solid,Bedroom,90x210 cm,Low,7.2,Piece,Per_Room,1,Bedroom,False,3600,Doors,Interior,Not Applicable,Low: <= 5307,1,3600,Doors
WoodCraft,Aluminum Balcony Door,Balcony,Aluminum,Sliding,Balcony,180x220 cm,Medium,7.4,Piece,Per_Balcony,1,Balcony,False,7300,Doors,Balcony,Not Applicable,Medium: 5307 - 9745,1,7300,Doors
AluDoor,Armored Security Door,Entrance,Steel,Armored,Main Entrance,100x220 cm,High,8.9,Piece,Fixed,1,Apartment,False,11139,Doors,Entrance,Not Applicable,High: > 9745,1,11139,Doors
WoodCraft,Interior MDF Door,Interior,MDF,Solid,Bedroom,90x210 cm,Low,7.2,Piece,Per_Room,1,Bedroom,False,4010,Doors,Interior,Not Applicable,Low: <= 5307,1,4010,Doors
WoodCraft,Interior MDF Door,Interior,MDF,Solid,Bedroom,90x210 cm,Low,7.2,Piece,Per_Room,1,Bedroom,False,4237,Doors,Interior,Not Applicable,Low: <= 5307,1,4237,Doors
Security Doors,Interior MDF Door,Interior,MDF,Solid,Bedroom,90x210 cm,Low,7.2,Piece,Per_Room,1,Bedroom,False,4386,Doors,Interior,Not Applicable,Low: <= 5307,1,4386,Doors
WoodCraft,Aluminum Balcony Door,Balcony,Aluminum,Sliding,Balcony,180x220 cm,Low,7.4,Piece,Per_Balcony,1,Balcony,False,4862,Doors,Balcony,Not Applicable,Low: <= 5307,1,4862,Doors
Security Doors,Aluminum Balcony Door,Balcony,Aluminum,Sliding,Balcony,180x220 cm,Medium,7.4,Piece,Per_Balcony,1,Balcony,False,6114,Doors,Balcony,Not Applicable,Medium: 5307 - 9745,1,6114,Doors
Security Doors,Aluminum Balcony Door,Balcony,Aluminum,Sliding,Balcony,180x220 cm,Medium,7.4,Piece,Per_Balcony,1,Balcony,False,5835,Doors,Balcony,Not Applicable,Medium: 5307 - 9745,1,5835,Doors
AluDoor,Interior MDF Door,Interior,MDF,Solid,Bedroom,90x210 cm,Low,7.2,Piece,Per_Room,1,Bedroom,False,4112,Doors,Interior,Not Applicable,Low: <= 5307,1,4112,Doors
WPC Brand,Aluminum Balcony Door,Balcony,Aluminum,Sliding,Balcony,180x220 cm,Medium,7.4,Piece,Per_Balcony,1,Balcony,False,6577,Doors,Balcony,Not Applicable,Medium: 5307 - 9745,1,6577,Doors
Security Doors,Aluminum Balcony Door,Balcony,Aluminum,Sliding,Balcony,180x220 cm,Low,7.4,Piece,Per_Balcony,1,Balcony,False,4997,Doors,Balcony,Not Applicable,Low: <= 5307,1,4997,Doors
WoodCraft,Interior MDF Door,Interior,MDF,Solid,Bedroom,90x210 cm,Low,7.2,Piece,Per_Room,1,Bedroom,False,4354,Doors,Interior,Not Applicable,Low: <= 5307,1,4354,Doors
Security Doors,Interior MDF Door,Interior,MDF,Solid,Bedroom,90x210 cm,Medium,7.2,Piece,Per_Room,1,Bedroom,False,5551,Doors,Interior,Not Applicable,Medium: 5307 - 9745,1,5551,Doors
WPC Brand,Interior MDF Door,Interior,MDF,Solid,Bedroom,90x210 cm,Low,7.2,Piece,Per_Room,1,Bedroom,False,3917,Doors,Interior,Not Applicable,Low: <= 5307,1,3917,Doors
AluDoor,Aluminum Balcony Door,Balcony,Aluminum,Sliding,Balcony,180x220 cm,Medium,7.4,Piece,Per_Balcony,1,Balcony,False,6231,Doors,Balcony,Not Applicable,Medium: 5307 - 9745,1,6231,Doors
DoorTech,Armored Security Door,Entrance,Steel,Armored,Main Entrance,100x220 cm,High,8.9,Piece,Fixed,1,Apartment,False,14228,Doors,Entrance,Not Applicable,High: > 9745,1,14228,Doors
WoodCraft,Interior MDF Door,Interior,MDF,Solid,Bedroom,90x210 cm,Medium,7.2,Piece,Per_Room,1,Bedroom,False,5636,Doors,Interior,Not Applicable,Medium: 5307 - 9745,1,5636,Doors
WoodCraft,Aluminum Balcony Door,Balcony,Aluminum,Sliding,Balcony,180x220 cm,Medium,7.4,Piece,Per_Balcony,1,Balcony,False,5883,Doors,Balcony,Not Applicable,Medium: 5307 - 9745,1,5883,Doors
WPC Brand,Aluminum Balcony Door,Balcony,Aluminum,Sliding,Balcony,180x220 cm,Low,7.4,Piece,Per_Balcony,1,Balcony,False,4905,Doors,Balcony,Not Applicable,Low: <= 5307,1,4905,Doors
DoorTech,Aluminum Balcony Door,Balcony,Aluminum,Sliding,Balcony,180x220 cm,Medium,7.4,Piece,Per_Balcony,1,Balcony,False,7352,Doors,Balcony,Not Applicable,Medium: 5307 - 9745,1,7352,Doors
WPC Brand,Armored Security Door,Entrance,Steel,Armored,Main Entrance,100x220 cm,High,8.9,Piece,Fixed,1,Apartment,False,9871,Doors,Entrance,Not Applicable,High: > 9745,1,9871,Doors
DoorTech,Armored Security Door,Entrance,Steel,Armored,Main Entrance,100x220 cm,High,8.9,Piece,Fixed,1,Apartment,False,13910,Doors,Entrance,Not Applicable,High: > 9745,1,13910,Doors
AluDoor,Interior MDF Door,Interior,MDF,Solid,Bedroom,90x210 cm,Low,7.2,Piece,Per_Room,1,Bedroom,False,3536,Doors,Interior,Not Applicable,Low: <= 5307,1,3536,Doors
AluDoor,Armored Security Door,Entrance,Steel,Armored,Main Entrance,100x220 cm,High,8.9,Piece,Fixed,1,Apartment,False,11516,Doors,Entrance,Not Applicable,High: > 9745,1,11516,Doors
WPC Brand,Interior MDF Door,Interior,MDF,Solid,Bedroom,90x210 cm,Low,7.2,Piece,Per_Room,1,Bedroom,False,5123,Doors,Interior,Not Applicable,Low: <= 5307,1,5123,Doors
WoodCraft,Armored Security Door,Entrance,Steel,Armored,Main Entrance,100x220 cm,High,8.9,Piece,Fixed,1,Apartment,False,13015,Doors,Entrance,Not Applicable,High: > 9745,1,13015,Doors
DoorTech,Aluminum Balcony Door,Balcony,Aluminum,Sliding,Balcony,180x220 cm,Medium,7.4,Piece,Per_Balcony,1,Balcony,False,6850,Doors,Balcony,Not Applicable,Medium: 5307 - 9745,1,6850,Doors
WoodCraft,Armored Security Door,Entrance,Steel,Armored,Main Entrance,100x220 cm,High,8.9,Piece,Fixed,1,Apartment,False,13212,Doors,Entrance,Not Applicable,High: > 9745,1,13212,Doors
Security Doors,Aluminum Balcony Door,Balcony,Aluminum,Sliding,Balcony,180x220 cm,Medium,7.4,Piece,Per_Balcony,1,Balcony,False,7077,Doors,Balcony,Not Applicable,Medium: 5307 - 9745,1,7077,Doors
DoorTech,Armored Security Door,Entrance,Steel,Armored,Main Entrance,100x220 cm,High,8.9,Piece,Fixed,1,Apartment,False,11275,Doors,Entrance,Not Applicable,High: > 9745,1,11275,Doors
Security Doors,Interior MDF Door,Interior,MDF,Solid,Bedroom,90x210 cm,Medium,7.2,Piece,Per_Room,1,Bedroom,False,5338,Doors,Interior,Not Applicable,Medium: 5307 - 9745,1,5338,Doors
DoorTech,Armored Security Door,Entrance,Steel,Armored,Main Entrance,100x220 cm,High,8.9,Piece,Fixed,1,Apartment,False,13234,Doors,Entrance,Not Applicable,High: > 9745,1,13234,Doors
WoodCraft,Armored Security Door,Entrance,Steel,Armored,Main Entrance,100x220 cm,High,8.9,Piece,Fixed,1,Apartment,False,10922,Doors,Entrance,Not Applicable,High: > 9745,1,10922,Doors
AluDoor,Interior MDF Door,Interior,MDF,Solid,Bedroom,90x210 cm,Low,7.2,Piece,Per_Room,1,Bedroom,False,3326,Doors,Interior,Not Applicable,Low: <= 5307,1,3326,Doors
AluDoor,Armored Security Door,Entrance,Steel,Armored,Main Entrance,100x220 cm,High,8.9,Piece,Fixed,1,Apartment,False,14064,Doors,Entrance,Not Applicable,High: > 9745,1,14064,Doors
AluDoor,Armored Security Door,Entrance,Steel,Armored,Main Entrance,100x220 cm,High,8.9,Piece,Fixed,1,Apartment,False,10096,Doors,Entrance,Not Applicable,High: > 9745,1,10096,Doors
Security Doors,Armored Security Door,Entrance,Steel,Armored,Main Entrance,100x220 cm,High,8.9,Piece,Fixed,1,Apartment,False,12952,Doors,Entrance,Not Applicable,High: > 9745,1,12952,Doors
Security Doors,Interior MDF Door,Interior,MDF,Solid,Bedroom,90x210 cm,Low,7.2,Piece,Per_Room,1,Bedroom,False,5009,Doors,Interior,Not Applicable,Low: <= 5307,1,5009,Doors
Security Doors,Armored Security Door,Entrance,Steel,Armored,Main Entrance,100x220 cm,High,8.9,Piece,Fixed,1,Apartment,False,14430,Doors,Entrance,Not Applicable,High: > 9745,1,14430,Doors
AluDoor,Interior MDF Door,Interior,MDF,Solid,Bedroom,90x210 cm,Low,7.2,Piece,Per_Room,1,Bedroom,False,3378,Doors,Interior,Not Applicable,Low: <= 5307,1,3378,Doors
AluDoor,Armored Security Door,Entrance,Steel,Armored,Main Entrance,100x220 cm,High,8.9,Piece,Fixed,1,Apartment,False,11680,Doors,Entrance,Not Applicable,High: > 9745,1,11680,Doors
Security Doors,Aluminum Balcony Door,Balcony,Aluminum,Sliding,Balcony,180x220 cm,Medium,7.4,Piece,Per_Balcony,1,Balcony,False,6877,Doors,Balcony,Not Applicable,Medium: 5307 - 9745,1,6877,Doors
WoodCraft,Armored Security Door,Entrance,Steel,Armored,Main Entrance,100x220 cm,Medium,8.9,Piece,Fixed,1,Apartment,False,9554,Doors,Entrance,Not Applicable,Medium: 5307 - 9745,1,9554,Doors
DoorTech,Armored Security Door,Entrance,Steel,Armored,Main Entrance,100x220 cm,High,8.9,Piece,Fixed,1,Apartment,False,12612,Doors,Entrance,Not Applicable,High: > 9745,1,12612,Doors
AluDoor,Armored Security Door,Entrance,Steel,Armored,Main Entrance,100x220 cm,High,8.9,Piece,Fixed,1,Apartment,False,14348,Doors,Entrance,Not Applicable,High: > 9745,1,14348,Doors
WoodCraft,Armored Security Door,Entrance,Steel,Armored,Main Entrance,100x220 cm,High,8.9,Piece,Fixed,1,Apartment,False,12574,Doors,Entrance,Not Applicable,High: > 9745,1,12574,Doors
WoodCraft,Aluminum Balcony Door,Balcony,Aluminum,Sliding,Balcony,180x220 cm,Medium,7.4,Piece,Per_Balcony,1,Balcony,False,6149,Doors,Balcony,Not Applicable,Medium: 5307 - 9745,1,6149,Doors
WoodCraft,Interior MDF Door,Interior,MDF,Solid,Bedroom,90x210 cm,Low,7.2,Piece,Per_Room,1,Bedroom,False,3243,Doors,Interior,Not Applicable,Low: <= 5307,1,3243,Doors
WPC Brand,Aluminum Balcony Door,Balcony,Aluminum,Sliding,Balcony,180x220 cm,Medium,7.4,Piece,Per_Balcony,1,Balcony,False,5884,Doors,Balcony,Not Applicable,Medium: 5307 - 9745,1,5884,Doors
Security Doors,Aluminum Balcony Door,Balcony,Aluminum,Sliding,Balcony,180x220 cm,Medium,7.4,Piece,Per_Balcony,1,Balcony,False,7419,Doors,Balcony,Not Applicable,Medium: 5307 - 9745,1,7419,Doors
WoodCraft,Armored Security Door,Entrance,Steel,Armored,Main Entrance,100x220 cm,High,8.9,Piece,Fixed,1,Apartment,False,12845,Doors,Entrance,Not Applicable,High: > 9745,1,12845,Doors
Security Doors,Interior MDF Door,Interior,MDF,Solid,Bedroom,90x210 cm,Low,7.2,Piece,Per_Room,1,Bedroom,False,5290,Doors,Interior,Not Applicable,Low: <= 5307,1,5290,Doors
Security Doors,Armored Security Door,Entrance,Steel,Armored,Main Entrance,100x220 cm,High,8.9,Piece,Fixed,1,Apartment,False,14355,Doors,Entrance,Not Applicable,High: > 9745,1,14355,Doors
WoodCraft,Armored Security Door,Entrance,Steel,Armored,Main Entrance,100x220 cm,High,8.9,Piece,Fixed,1,Apartment,False,13573,Doors,Entrance,Not Applicable,High: > 9745,1,13573,Doors
AluDoor,Interior MDF Door,Interior,MDF,Solid,Bedroom,90x210 cm,Low,7.2,Piece,Per_Room,1,Bedroom,False,4180,Doors,Interior,Not Applicable,Low: <= 5307,1,4180,Doors
DoorTech,Armored Security Door,Entrance,Steel,Armored,Main Entrance,100x220 cm,High,8.9,Piece,Fixed,1,Apartment,False,11312,Doors,Entrance,Not Applicable,High: > 9745,1,11312,Doors
WoodCraft,Armored Security Door,Entrance,Steel,Armored,Main Entrance,100x220 cm,High,8.9,Piece,Fixed,1,Apartment,False,13739,Doors,Entrance,Not Applicable,High: > 9745,1,13739,Doors
WPC Brand,Armored Security Door,Entrance,Steel,Armored,Main Entrance,100x220 cm,High,8.9,Piece,Fixed,1,Apartment,False,10079,Doors,Entrance,Not Applicable,High: > 9745,1,10079,Doors
WoodCraft,Armored Security Door,Entrance,Steel,Armored,Main Entrance,100x220 cm,High,8.9,Piece,Fixed,1,Apartment,False,12238,Doors,Entrance,Not Applicable,High: > 9745,1,12238,Doors
AluDoor,Interior MDF Door,Interior,MDF,Solid,Bedroom,90x210 cm,Low,7.2,Piece,Per_Room,1,Bedroom,False,3732,Doors,Interior,Not Applicable,Low: <= 5307,1,3732,Doors
AluDoor,Aluminum Balcony Door,Balcony,Aluminum,Sliding,Balcony,180x220 cm,Medium,7.4,Piece,Per_Balcony,1,Balcony,False,7109,Doors,Balcony,Not Applicable,Medium: 5307 - 9745,1,7109,Doors
AluDoor,Aluminum Balcony Door,Balcony,Aluminum,Sliding,Balcony,180x220 cm,Medium,7.4,Piece,Per_Balcony,1,Balcony,False,6880,Doors,Balcony,Not Applicable,Medium: 5307 - 9745,1,6880,Doors
WoodCraft,Aluminum Balcony Door,Balcony,Aluminum,Sliding,Balcony,180x220 cm,Low,7.4,Piece,Per_Balcony,1,Balcony,False,5304,Doors,Balcony,Not Applicable,Low: <= 5307,1,5304,Doors
AluDoor,Armored Security Door,Entrance,Steel,Armored,Main Entrance,100x220 cm,High,8.9,Piece,Fixed,1,Apartment,False,10719,Doors,Entrance,Not Applicable,High: > 9745,1,10719,Doors
WoodCraft,Armored Security Door,Entrance,Steel,Armored,Main Entrance,100x220 cm,High,8.9,Piece,Fixed,1,Apartment,False,11461,Doors,Entrance,Not Applicable,High: > 9745,1,11461,Doors
DoorTech,Interior MDF Door,Interior,MDF,Solid,Bedroom,90x210 cm,Low,7.2,Piece,Per_Room,1,Bedroom,False,5214,Doors,Interior,Not Applicable,Low: <= 5307,1,5214,Doors
WPC Brand,Armored Security Door,Entrance,Steel,Armored,Main Entrance,100x220 cm,High,8.9,Piece,Fixed,1,Apartment,False,13105,Doors,Entrance,Not Applicable,High: > 9745,1,13105,Doors
Security Doors,Armored Security Door,Entrance,Steel,Armored,Main Entrance,100x220 cm,High,8.9,Piece,Fixed,1,Apartment,False,12334,Doors,Entrance,Not Applicable,High: > 9745,1,12334,Doors
Security Doors,Armored Security Door,Entrance,Steel,Armored,Main Entrance,100x220 cm,High,8.9,Piece,Fixed,1,Apartment,False,10223,Doors,Entrance,Not Applicable,High: > 9745,1,10223,Doors
AluDoor,Armored Security Door,Entrance,Steel,Armored,Main Entrance,100x220 cm,High,8.9,Piece,Fixed,1,Apartment,False,9791,Doors,Entrance,Not Applicable,High: > 9745,1,9791,Doors
WPC Brand,Interior MDF Door,Interior,MDF,Solid,Bedroom,90x210 cm,Low,7.2,Piece,Per_Room,1,Bedroom,False,3235,Doors,Interior,Not Applicable,Low: <= 5307,1,3235,Doors
AluDoor,Armored Security Door,Entrance,Steel,Armored,Main Entrance,100x220 cm,High,8.9,Piece,Fixed,1,Apartment,False,11966,Doors,Entrance,Not Applicable,High: > 9745,1,11966,Doors
DoorTech,Armored Security Door,Entrance,Steel,Armored,Main Entrance,100x220 cm,High,8.9,Piece,Fixed,1,Apartment,False,14095,Doors,Entrance,Not Applicable,High: > 9745,1,14095,Doors
AluDoor,Interior MDF Door,Interior,MDF,Solid,Bedroom,90x210 cm,Low,7.2,Piece,Per_Room,1,Bedroom,False,4547,Doors,Interior,Not Applicable,Low: <= 5307,1,4547,Doors
WPC Brand,Aluminum Balcony Door,Balcony,Aluminum,Sliding,Balcony,180x220 cm,Medium,7.4,Piece,Per_Balcony,1,Balcony,False,5982,Doors,Balcony,Not Applicable,Medium: 5307 - 9745,1,5982,Doors
AluDoor,Armored Security Door,Entrance,Steel,Armored,Main Entrance,100x220 cm,High,8.9,Piece,Fixed,1,Apartment,False,10794,Doors,Entrance,Not Applicable,High: > 9745,1,10794,Doors
Security Doors,Aluminum Balcony Door,Balcony,Aluminum,Sliding,Balcony,180x220 cm,Medium,7.4,Piece,Per_Balcony,1,Balcony,False,5416,Doors,Balcony,Not Applicable,Medium: 5307 - 9745,1,5416,Doors
DoorTech,Armored Security Door,Entrance,Steel,Armored,Main Entrance,100x220 cm,High,8.9,Piece,Fixed,1,Apartment,False,10305,Doors,Entrance,Not Applicable,High: > 9745,1,10305,Doors
DoorTech,Aluminum Balcony Door,Balcony,Aluminum,Sliding,Balcony,180x220 cm,Medium,7.4,Piece,Per_Balcony,1,Balcony,False,6349,Doors,Balcony,Not Applicable,Medium: 5307 - 9745,1,6349,Doors
DoorTech,Interior MDF Door,Interior,MDF,Solid,Bedroom,90x210 cm,Low,7.2,Piece,Per_Room,1,Bedroom,False,4275,Doors,Interior,Not Applicable,Low: <= 5307,1,4275,Doors
DoorTech,Armored Security Door,Entrance,Steel,Armored,Main Entrance,100x220 cm,High,8.9,Piece,Fixed,1,Apartment,False,11644,Doors,Entrance,Not Applicable,High: > 9745,1,11644,Doors
WPC Brand,Interior MDF Door,Interior,MDF,Solid,Bedroom,90x210 cm,Low,7.2,Piece,Per_Room,1,Bedroom,False,4193,Doors,Interior,Not Applicable,Low: <= 5307,1,4193,Doors
WPC Brand,Aluminum Balcony Door,Balcony,Aluminum,Sliding,Balcony,180x220 cm,Medium,7.4,Piece,Per_Balcony,1,Balcony,False,5770,Doors,Balcony,Not Applicable,Medium: 5307 - 9745,1,5770,Doors
WoodCraft,Armored Security Door,Entrance,Steel,Armored,Main Entrance,100x220 cm,High,8.9,Piece,Fixed,1,Apartment,False,10412,Doors,Entrance,Not Applicable,High: > 9745,1,10412,Doors
DoorTech,Interior MDF Door,Interior,MDF,Solid,Bedroom,90x210 cm,Low,7.2,Piece,Per_Room,1,Bedroom,False,3408,Doors,Interior,Not Applicable,Low: <= 5307,1,3408,Doors
WoodCraft,Interior MDF Door,Interior,MDF,Solid,Bedroom,90x210 cm,Low,7.2,Piece,Per_Room,1,Bedroom,False,4064,Doors,Interior,Not Applicable,Low: <= 5307,1,4064,Doors
AluDoor,Armored Security Door,Entrance,Steel,Armored,Main Entrance,100x220 cm,High,8.9,Piece,Fixed,1,Apartment,False,14422,Doors,Entrance,Not Applicable,High: > 9745,1,14422,Doors
WoodCraft,Aluminum Balcony Door,Balcony,Aluminum,Sliding,Balcony,180x220 cm,Medium,7.4,Piece,Per_Balcony,1,Balcony,False,6713,Doors,Balcony,Not Applicable,Medium: 5307 - 9745,1,6713,Doors
WPC Brand,Armored Security Door,Entrance,Steel,Armored,Main Entrance,100x220 cm,High,8.9,Piece,Fixed,1,Apartment,False,13820,Doors,Entrance,Not Applicable,High: > 9745,1,13820,Doors
WoodCraft,Armored Security Door,Entrance,Steel,Armored,Main Entrance,100x220 cm,High,8.9,Piece,Fixed,1,Apartment,False,11961,Doors,Entrance,Not Applicable,High: > 9745,1,11961,Doors
AluDoor,Interior MDF Door,Interior,MDF,Solid,Bedroom,90x210 cm,Medium,7.2,Piece,Per_Room,1,Bedroom,False,5522,Doors,Interior,Not Applicable,Medium: 5307 - 9745,1,5522,Doors
Security Doors,Aluminum Balcony Door,Balcony,Aluminum,Sliding,Balcony,180x220 cm,Medium,7.4,Piece,Per_Balcony,1,Balcony,False,7448,Doors,Balcony,Not Applicable,Medium: 5307 - 9745,1,7448,Doors
WPC Brand,Interior MDF Door,Interior,MDF,Solid,Bedroom,90x210 cm,Low,7.2,Piece,Per_Room,1,Bedroom,False,3952,Doors,Interior,Not Applicable,Low: <= 5307,1,3952,Doors
DoorTech,Interior MDF Door,Interior,MDF,Solid,Bedroom,90x210 cm,Low,7.2,Piece,Per_Room,1,Bedroom,False,3412,Doors,Interior,Not Applicable,Low: <= 5307,1,3412,Doors
Security Doors,Armored Security Door,Entrance,Steel,Armored,Main Entrance,100x220 cm,High,8.9,Piece,Fixed,1,Apartment,False,12975,Doors,Entrance,Not Applicable,High: > 9745,1,12975,Doors
WPC Brand,Aluminum Balcony Door,Balcony,Aluminum,Sliding,Balcony,180x220 cm,Low,7.4,Piece,Per_Balcony,1,Balcony,False,5113,Doors,Balcony,Not Applicable,Low: <= 5307,1,5113,Doors
AluDoor,Armored Security Door,Entrance,Steel,Armored,Main Entrance,100x220 cm,High,8.9,Piece,Fixed,1,Apartment,False,9986,Doors,Entrance,Not Applicable,High: > 9745,1,9986,Doors
WPC Brand,Interior MDF Door,Interior,MDF,Solid,Bedroom,90x210 cm,Low,7.2,Piece,Per_Room,1,Bedroom,False,4311,Doors,Interior,Not Applicable,Low: <= 5307,1,4311,Doors
AluDoor,Aluminum Balcony Door,Balcony,Aluminum,Sliding,Balcony,180x220 cm,Medium,7.4,Piece,Per_Balcony,1,Balcony,False,6527,Doors,Balcony,Not Applicable,Medium: 5307 - 9745,1,6527,Doors
WoodCraft,Aluminum Balcony Door,Balcony,Aluminum,Sliding,Balcony,180x220 cm,Medium,7.4,Piece,Per_Balcony,1,Balcony,False,6850,Doors,Balcony,Not Applicable,Medium: 5307 - 9745,1,6850,Doors
Security Doors,Aluminum Balcony Door,Balcony,Aluminum,Sliding,Balcony,180x220 cm,Medium,7.4,Piece,Per_Balcony,1,Balcony,False,7037,Doors,Balcony,Not Applicable,Medium: 5307 - 9745,1,7037,Doors
AluDoor,Armored Security Door,Entrance,Steel,Armored,Main Entrance,100x220 cm,High,8.9,Piece,Fixed,1,Apartment,False,10505,Doors,Entrance,Not Applicable,High: > 9745,1,10505,Doors
WPC Brand,Aluminum Balcony Door,Balcony,Aluminum,Sliding,Balcony,180x220 cm,Medium,7.4,Piece,Per_Balcony,1,Balcony,False,5595,Doors,Balcony,Not Applicable,Medium: 5307 - 9745,1,5595,Doors
WPC Brand,Interior MDF Door,Interior,MDF,Solid,Bedroom,90x210 cm,Low,7.2,Piece,Per_Room,1,Bedroom,False,4645,Doors,Interior,Not Applicable,Low: <= 5307,1,4645,Doors
DoorTech,Aluminum Balcony Door,Balcony,Aluminum,Sliding,Balcony,180x220 cm,Medium,7.4,Piece,Per_Balcony,1,Balcony,False,5727,Doors,Balcony,Not Applicable,Medium: 5307 - 9745,1,5727,Doors
WPC Brand,Interior MDF Door,Interior,MDF,Solid,Bedroom,90x210 cm,Low,7.2,Piece,Per_Room,1,Bedroom,False,3509,Doors,Interior,Not Applicable,Low: <= 5307,1,3509,Doors
AluDoor,Aluminum Balcony Door,Balcony,Aluminum,Sliding,Balcony,180x220 cm,Medium,7.4,Piece,Per_Balcony,1,Balcony,False,7283,Doors,Balcony,Not Applicable,Medium: 5307 - 9745,1,7283,Doors
Security Doors,Aluminum Balcony Door,Balcony,Aluminum,Sliding,Balcony,180x220 cm,Medium,7.4,Piece,Per_Balcony,1,Balcony,False,6953,Doors,Balcony,Not Applicable,Medium: 5307 - 9745,1,6953,Doors
DoorTech,Armored Security Door,Entrance,Steel,Armored,Main Entrance,100x220 cm,High,8.9,Piece,Fixed,1,Apartment,False,9772,Doors,Entrance,Not Applicable,High: > 9745,1,9772,Doors
Security Doors,Armored Security Door,Entrance,Steel,Armored,Main Entrance,100x220 cm,Medium,8.9,Piece,Fixed,1,Apartment,False,9770,Doors,Entrance,Not Applicable,High: > 9745,1,9770,Doors
DoorTech,Armored Security Door,Entrance,Steel,Armored,Main Entrance,100x220 cm,High,8.9,Piece,Fixed,1,Apartment,False,14188,Doors,Entrance,Not Applicable,High: > 9745,1,14188,Doors
WoodCraft,Interior MDF Door,Interior,MDF,Solid,Bedroom,90x210 cm,Low,7.2,Piece,Per_Room,1,Bedroom,False,4220,Doors,Interior,Not Applicable,Low: <= 5307,1,4220,Doors
Security Doors,Armored Security Door,Entrance,Steel,Armored,Main Entrance,100x220 cm,Medium,8.9,Piece,Fixed,1,Apartment,False,9756,Doors,Entrance,Not Applicable,High: > 9745,1,9756,Doors
WoodCraft,Aluminum Balcony Door,Balcony,Aluminum,Sliding,Balcony,180x220 cm,Medium,7.4,Piece,Per_Balcony,1,Balcony,False,5835,Doors,Balcony,Not Applicable,Medium: 5307 - 9745,1,5835,Doors
WoodCraft,Aluminum Balcony Door,Balcony,Aluminum,Sliding,Balcony,180x220 cm,Medium,7.4,Piece,Per_Balcony,1,Balcony,False,5948,Doors,Balcony,Not Applicable,Medium: 5307 - 9745,1,5948,Doors
WPC Brand,Aluminum Balcony Door,Balcony,Aluminum,Sliding,Balcony,180x220 cm,Medium,7.4,Piece,Per_Balcony,1,Balcony,False,6105,Doors,Balcony,Not Applicable,Medium: 5307 - 9745,1,6105,Doors
DoorTech,Aluminum Balcony Door,Balcony,Aluminum,Sliding,Balcony,180x220 cm,Medium,7.4,Piece,Per_Balcony,1,Balcony,False,6569,Doors,Balcony,Not Applicable,Medium: 5307 - 9745,1,6569,Doors
WoodCraft,Armored Security Door,Entrance,Steel,Armored,Main Entrance,100x220 cm,High,8.9,Piece,Fixed,1,Apartment,False,11644,Doors,Entrance,Not Applicable,High: > 9745,1,11644,Doors
DoorTech,Interior MDF Door,Interior,MDF,Solid,Bedroom,90x210 cm,Low,7.2,Piece,Per_Room,1,Bedroom,False,3284,Doors,Interior,Not Applicable,Low: <= 5307,1,3284,Doors
Security Doors,Interior MDF Door,Interior,MDF,Solid,Bedroom,90x210 cm,Medium,7.2,Piece,Per_Room,1,Bedroom,False,5721,Doors,Interior,Not Applicable,Medium: 5307 - 9745,1,5721,Doors
WoodCraft,Armored Security Door,Entrance,Steel,Armored,Main Entrance,100x220 cm,High,8.9,Piece,Fixed,1,Apartment,False,14364,Doors,Entrance,Not Applicable,High: > 9745,1,14364,Doors
WoodCraft,Armored Security Door,Entrance,Steel,Armored,Main Entrance,100x220 cm,High,8.9,Piece,Fixed,1,Apartment,False,11053,Doors,Entrance,Not Applicable,High: > 9745,1,11053,Doors
WPC Brand,Armored Security Door,Entrance,Steel,Armored,Main Entrance,100x220 cm,High,8.9,Piece,Fixed,1,Apartment,False,10032,Doors,Entrance,Not Applicable,High: > 9745,1,10032,Doors
Security Doors,Armored Security Door,Entrance,Steel,Armored,Main Entrance,100x220 cm,High,8.9,Piece,Fixed,1,Apartment,False,11085,Doors,Entrance,Not Applicable,High: > 9745,1,11085,Doors
Security Doors,Interior MDF Door,Interior,MDF,Solid,Bedroom,90x210 cm,Low,7.2,Piece,Per_Room,1,Bedroom,False,4311,Doors,Interior,Not Applicable,Low: <= 5307,1,4311,Doors
WoodCraft,Armored Security Door,Entrance,Steel,Armored,Main Entrance,100x220 cm,High,8.9,Piece,Fixed,1,Apartment,False,13738,Doors,Entrance,Not Applicable,High: > 9745,1,13738,Doors
Security Doors,Aluminum Balcony Door,Balcony,Aluminum,Sliding,Balcony,180x220 cm,Medium,7.4,Piece,Per_Balcony,1,Balcony,False,7001,Doors,Balcony,Not Applicable,Medium: 5307 - 9745,1,7001,Doors
Security Doors,Armored Security Door,Entrance,Steel,Armored,Main Entrance,100x220 cm,High,8.9,Piece,Fixed,1,Apartment,False,11708,Doors,Entrance,Not Applicable,High: > 9745,1,11708,Doors
AluDoor,Interior MDF Door,Interior,MDF,Solid,Bedroom,90x210 cm,Low,7.2,Piece,Per_Room,1,Bedroom,False,4619,Doors,Interior,Not Applicable,Low: <= 5307,1,4619,Doors
WoodCraft,Aluminum Balcony Door,Balcony,Aluminum,Sliding,Balcony,180x220 cm,Medium,7.4,Piece,Per_Balcony,1,Balcony,False,7218,Doors,Balcony,Not Applicable,Medium: 5307 - 9745,1,7218,Doors
WPC Brand,Armored Security Door,Entrance,Steel,Armored,Main Entrance,100x220 cm,High,8.9,Piece,Fixed,1,Apartment,False,12071,Doors,Entrance,Not Applicable,High: > 9745,1,12071,Doors
DoorTech,Interior MDF Door,Interior,MDF,Solid,Bedroom,90x210 cm,Low,7.2,Piece,Per_Room,1,Bedroom,False,3339,Doors,Interior,Not Applicable,Low: <= 5307,1,3339,Doors
WoodCraft,Interior MDF Door,Interior,MDF,Solid,Bedroom,90x210 cm,Low,7.2,Piece,Per_Room,1,Bedroom,False,3721,Doors,Interior,Not Applicable,Low: <= 5307,1,3721,Doors
AluDoor,Armored Security Door,Entrance,Steel,Armored,Main Entrance,100x220 cm,High,8.9,Piece,Fixed,1,Apartment,False,13143,Doors,Entrance,Not Applicable,High: > 9745,1,13143,Doors
AluDoor,Armored Security Door,Entrance,Steel,Armored,Main Entrance,100x220 cm,Medium,8.9,Piece,Fixed,1,Apartment,False,9505,Doors,Entrance,Not Applicable,Medium: 5307 - 9745,1,9505,Doors
DoorTech,Interior MDF Door,Interior,MDF,Solid,Bedroom,90x210 cm,Low,7.2,Piece,Per_Room,1,Bedroom,False,3320,Doors,Interior,Not Applicable,Low: <= 5307,1,3320,Doors
AluDoor,Armored Security Door,Entrance,Steel,Armored,Main Entrance,100x220 cm,High,8.9,Piece,Fixed,1,Apartment,False,9839,Doors,Entrance,Not Applicable,High: > 9745,1,9839,Doors
Security Doors,Aluminum Balcony Door,Balcony,Aluminum,Sliding,Balcony,180x220 cm,Low,7.4,Piece,Per_Balcony,1,Balcony,False,5130,Doors,Balcony,Not Applicable,Low: <= 5307,1,5130,Doors
WPC Brand,Interior MDF Door,Interior,MDF,Solid,Bedroom,90x210 cm,Low,7.2,Piece,Per_Room,1,Bedroom,False,5169,Doors,Interior,Not Applicable,Low: <= 5307,1,5169,Doors
Security Doors,Aluminum Balcony Door,Balcony,Aluminum,Sliding,Balcony,180x220 cm,Medium,7.4,Piece,Per_Balcony,1,Balcony,False,7365,Doors,Balcony,Not Applicable,Medium: 5307 - 9745,1,7365,Doors
WoodCraft,Interior MDF Door,Interior,MDF,Solid,Bedroom,90x210 cm,Low,7.2,Piece,Per_Room,1,Bedroom,False,3928,Doors,Interior,Not Applicable,Low: <= 5307,1,3928,Doors
Security Doors,Armored Security Door,Entrance,Steel,Armored,Main Entrance,100x220 cm,High,8.9,Piece,Fixed,1,Apartment,False,13599,Doors,Entrance,Not Applicable,High: > 9745,1,13599,Doors
AluDoor,Armored Security Door,Entrance,Steel,Armored,Main Entrance,100x220 cm,High,8.9,Piece,Fixed,1,Apartment,False,12500,Doors,Entrance,Not Applicable,High: > 9745,1,12500,Doors
DoorTech,Interior MDF Door,Interior,MDF,Solid,Bedroom,90x210 cm,Low,7.2,Piece,Per_Room,1,Bedroom,False,4267,Doors,Interior,Not Applicable,Low: <= 5307,1,4267,Doors
AluDoor,Armored Security Door,Entrance,Steel,Armored,Main Entrance,100x220 cm,High,8.9,Piece,Fixed,1,Apartment,False,9949,Doors,Entrance,Not Applicable,High: > 9745,1,9949,Doors
DoorTech,Armored Security Door,Entrance,Steel,Armored,Main Entrance,100x220 cm,High,8.9,Piece,Fixed,1,Apartment,False,9953,Doors,Entrance,Not Applicable,High: > 9745,1,9953,Doors
DoorTech,Armored Security Door,Entrance,Steel,Armored,Main Entrance,100x220 cm,High,8.9,Piece,Fixed,1,Apartment,False,9853,Doors,Entrance,Not Applicable,High: > 9745,1,9853,Doors
WPC Brand,Interior MDF Door,Interior,MDF,Solid,Bedroom,90x210 cm,Low,7.2,Piece,Per_Room,1,Bedroom,False,3657,Doors,Interior,Not Applicable,Low: <= 5307,1,3657,Doors
AluDoor,Aluminum Balcony Door,Balcony,Aluminum,Sliding,Balcony,180x220 cm,Medium,7.4,Piece,Per_Balcony,1,Balcony,False,6653,Doors,Balcony,Not Applicable,Medium: 5307 - 9745,1,6653,Doors
AluDoor,Aluminum Balcony Door,Balcony,Aluminum,Sliding,Balcony,180x220 cm,Medium,7.4,Piece,Per_Balcony,1,Balcony,False,6154,Doors,Balcony,Not Applicable,Medium: 5307 - 9745,1,6154,Doors
AluDoor,Armored Security Door,Entrance,Steel,Armored,Main Entrance,100x220 cm,High,8.9,Piece,Fixed,1,Apartment,False,10957,Doors,Entrance,Not Applicable,High: > 9745,1,10957,Doors
AluDoor,Aluminum Balcony Door,Balcony,Aluminum,Sliding,Balcony,180x220 cm,Medium,7.4,Piece,Per_Balcony,1,Balcony,False,5330,Doors,Balcony,Not Applicable,Medium: 5307 - 9745,1,5330,Doors
WoodCraft,Armored Security Door,Entrance,Steel,Armored,Main Entrance,100x220 cm,High,8.9,Piece,Fixed,1,Apartment,False,10978,Doors,Entrance,Not Applicable,High: > 9745,1,10978,Doors
AluDoor,Aluminum Balcony Door,Balcony,Aluminum,Sliding,Balcony,180x220 cm,Low,7.4,Piece,Per_Balcony,1,Balcony,False,4526,Doors,Balcony,Not Applicable,Low: <= 5307,1,4526,Doors
WoodCraft,Armored Security Door,Entrance,Steel,Armored,Main Entrance,100x220 cm,High,8.9,Piece,Fixed,1,Apartment,False,13870,Doors,Entrance,Not Applicable,High: > 9745,1,13870,Doors
WoodCraft,Armored Security Door,Entrance,Steel,Armored,Main Entrance,100x220 cm,High,8.9,Piece,Fixed,1,Apartment,False,13931,Doors,Entrance,Not Applicable,High: > 9745,1,13931,Doors
DoorTech,Interior MDF Door,Interior,MDF,Solid,Bedroom,90x210 cm,Medium,7.2,Piece,Per_Room,1,Bedroom,False,5409,Doors,Interior,Not Applicable,Medium: 5307 - 9745,1,5409,Doors
AluDoor,Interior MDF Door,Interior,MDF,Solid,Bedroom,90x210 cm,Low,7.2,Piece,Per_Room,1,Bedroom,False,3488,Doors,Interior,Not Applicable,Low: <= 5307,1,3488,Doors
AluDoor,Aluminum Balcony Door,Balcony,Aluminum,Sliding,Balcony,180x220 cm,Medium,7.4,Piece,Per_Balcony,1,Balcony,False,5832,Doors,Balcony,Not Applicable,Medium: 5307 - 9745,1,5832,Doors
AluDoor,Armored Security Door,Entrance,Steel,Armored,Main Entrance,100x220 cm,High,8.9,Piece,Fixed,1,Apartment,False,13141,Doors,Entrance,Not Applicable,High: > 9745,1,13141,Doors
Security Doors,Interior MDF Door,Interior,MDF,Solid,Bedroom,90x210 cm,Low,7.2,Piece,Per_Room,1,Bedroom,False,4654,Doors,Interior,Not Applicable,Low: <= 5307,1,4654,Doors
WoodCraft,Interior MDF Door,Interior,MDF,Solid,Bedroom,90x210 cm,Low,7.2,Piece,Per_Room,1,Bedroom,False,3914,Doors,Interior,Not Applicable,Low: <= 5307,1,3914,Doors
WPC Brand,Interior MDF Door,Interior,MDF,Solid,Bedroom,90x210 cm,Low,7.2,Piece,Per_Room,1,Bedroom,False,4234,Doors,Interior,Not Applicable,Low: <= 5307,1,4234,Doors
Security Doors,Armored Security Door,Entrance,Steel,Armored,Main Entrance,100x220 cm,High,8.9,Piece,Fixed,1,Apartment,False,11123,Doors,Entrance,Not Applicable,High: > 9745,1,11123,Doors
WPC Brand,Aluminum Balcony Door,Balcony,Aluminum,Sliding,Balcony,180x220 cm,Medium,7.4,Piece,Per_Balcony,1,Balcony,False,7176,Doors,Balcony,Not Applicable,Medium: 5307 - 9745,1,7176,Doors
DoorTech,Armored Security Door,Entrance,Steel,Armored,Main Entrance,100x220 cm,High,8.9,Piece,Fixed,1,Apartment,False,12559,Doors,Entrance,Not Applicable,High: > 9745,1,12559,Doors
Security Doors,Aluminum Balcony Door,Balcony,Aluminum,Sliding,Balcony,180x220 cm,Medium,7.4,Piece,Per_Balcony,1,Balcony,False,7344,Doors,Balcony,Not Applicable,Medium: 5307 - 9745,1,7344,Doors
WoodCraft,Aluminum Balcony Door,Balcony,Aluminum,Sliding,Balcony,180x220 cm,Medium,7.4,Piece,Per_Balcony,1,Balcony,False,6235,Doors,Balcony,Not Applicable,Medium: 5307 - 9745,1,6235,Doors
WPC Brand,Armored Security Door,Entrance,Steel,Armored,Main Entrance,100x220 cm,High,8.9,Piece,Fixed,1,Apartment,False,12126,Doors,Entrance,Not Applicable,High: > 9745,1,12126,Doors
WoodCraft,Aluminum Balcony Door,Balcony,Aluminum,Sliding,Balcony,180x220 cm,Medium,7.4,Piece,Per_Balcony,1,Balcony,False,5335,Doors,Balcony,Not Applicable,Medium: 5307 - 9745,1,5335,Doors
WoodCraft,Interior MDF Door,Interior,MDF,Solid,Bedroom,90x210 cm,Low,7.2,Piece,Per_Room,1,Bedroom,False,3730,Doors,Interior,Not Applicable,Low: <= 5307,1,3730,Doors
DoorTech,Aluminum Balcony Door,Balcony,Aluminum,Sliding,Balcony,180x220 cm,Medium,7.4,Piece,Per_Balcony,1,Balcony,False,5609,Doors,Balcony,Not Applicable,Medium: 5307 - 9745,1,5609,Doors
WoodCraft,Interior MDF Door,Interior,MDF,Solid,Bedroom,90x210 cm,Medium,7.2,Piece,Per_Room,1,Bedroom,False,5753,Doors,Interior,Not Applicable,Medium: 5307 - 9745,1,5753,Doors
AluDoor,Aluminum Balcony Door,Balcony,Aluminum,Sliding,Balcony,180x220 cm,Medium,7.4,Piece,Per_Balcony,1,Balcony,False,7004,Doors,Balcony,Not Applicable,Medium: 5307 - 9745,1,7004,Doors
WoodCraft,Aluminum Balcony Door,Balcony,Aluminum,Sliding,Balcony,180x220 cm,Medium,7.4,Piece,Per_Balcony,1,Balcony,False,6496,Doors,Balcony,Not Applicable,Medium: 5307 - 9745,1,6496,Doors
DoorTech,Interior MDF Door,Interior,MDF,Solid,Bedroom,90x210 cm,Low,7.2,Piece,Per_Room,1,Bedroom,False,4981,Doors,Interior,Not Applicable,Low: <= 5307,1,4981,Doors
WoodCraft,Armored Security Door,Entrance,Steel,Armored,Main Entrance,100x220 cm,High,8.9,Piece,Fixed,1,Apartment,False,14073,Doors,Entrance,Not Applicable,High: > 9745,1,14073,Doors
AluDoor,Interior MDF Door,Interior,MDF,Solid,Bedroom,90x210 cm,Low,7.2,Piece,Per_Room,1,Bedroom,False,4444,Doors,Interior,Not Applicable,Low: <= 5307,1,4444,Doors
DoorTech,Aluminum Balcony Door,Balcony,Aluminum,Sliding,Balcony,180x220 cm,Low,7.4,Piece,Per_Balcony,1,Balcony,False,4996,Doors,Balcony,Not Applicable,Low: <= 5307,1,4996,Doors
AluDoor,Interior MDF Door,Interior,MDF,Solid,Bedroom,90x210 cm,Low,7.2,Piece,Per_Room,1,Bedroom,False,3664,Doors,Interior,Not Applicable,Low: <= 5307,1,3664,Doors
DoorTech,Interior MDF Door,Interior,MDF,Solid,Bedroom,90x210 cm,Low,7.2,Piece,Per_Room,1,Bedroom,False,3872,Doors,Interior,Not Applicable,Low: <= 5307,1,3872,Doors
WPC Brand,Interior MDF Door,Interior,MDF,Solid,Bedroom,90x210 cm,Low,7.2,Piece,Per_Room,1,Bedroom,False,5053,Doors,Interior,Not Applicable,Low: <= 5307,1,5053,Doors
Security Doors,Interior MDF Door,Interior,MDF,Solid,Bedroom,90x210 cm,Low,7.2,Piece,Per_Room,1,Bedroom,False,5218,Doors,Interior,Not Applicable,Low: <= 5307,1,5218,Doors
WPC Brand,Armored Security Door,Entrance,Steel,Armored,Main Entrance,100x220 cm,High,8.9,Piece,Fixed,1,Apartment,False,10985,Doors,Entrance,Not Applicable,High: > 9745,1,10985,Doors
AluDoor,Aluminum Balcony Door,Balcony,Aluminum,Sliding,Balcony,180x220 cm,Medium,7.4,Piece,Per_Balcony,1,Balcony,False,6258,Doors,Balcony,Not Applicable,Medium: 5307 - 9745,1,6258,Doors
WoodCraft,Interior MDF Door,Interior,MDF,Solid,Bedroom,90x210 cm,Low,7.2,Piece,Per_Room,1,Bedroom,False,3750,Doors,Interior,Not Applicable,Low: <= 5307,1,3750,Doors
WPC Brand,Aluminum Balcony Door,Balcony,Aluminum,Sliding,Balcony,180x220 cm,Medium,7.4,Piece,Per_Balcony,1,Balcony,False,5993,Doors,Balcony,Not Applicable,Medium: 5307 - 9745,1,5993,Doors
Security Doors,Interior MDF Door,Interior,MDF,Solid,Bedroom,90x210 cm,Low,7.2,Piece,Per_Room,1,Bedroom,False,5098,Doors,Interior,Not Applicable,Low: <= 5307,1,5098,Doors
WoodCraft,Interior MDF Door,Interior,MDF,Solid,Bedroom,90x210 cm,Low,7.2,Piece,Per_Room,1,Bedroom,False,4199,Doors,Interior,Not Applicable,Low: <= 5307,1,4199,Doors
DoorTech,Armored Security Door,Entrance,Steel,Armored,Main Entrance,100x220 cm,High,8.9,Piece,Fixed,1,Apartment,False,12062,Doors,Entrance,Not Applicable,High: > 9745,1,12062,Doors
WPC Brand,Aluminum Balcony Door,Balcony,Aluminum,Sliding,Balcony,180x220 cm,Low,7.4,Piece,Per_Balcony,1,Balcony,False,5094,Doors,Balcony,Not Applicable,Low: <= 5307,1,5094,Doors
WPC Brand,Interior MDF Door,Interior,MDF,Solid,Bedroom,90x210 cm,Low,7.2,Piece,Per_Room,1,Bedroom,False,3811,Doors,Interior,Not Applicable,Low: <= 5307,1,3811,Doors
DoorTech,Aluminum Balcony Door,Balcony,Aluminum,Sliding,Balcony,180x220 cm,Medium,7.4,Piece,Per_Balcony,1,Balcony,False,5686,Doors,Balcony,Not Applicable,Medium: 5307 - 9745,1,5686,Doors
WPC Brand,Aluminum Balcony Door,Balcony,Aluminum,Sliding,Balcony,180x220 cm,Medium,7.4,Piece,Per_Balcony,1,Balcony,False,6874,Doors,Balcony,Not Applicable,Medium: 5307 - 9745,1,6874,Doors
AluDoor,Armored Security Door,Entrance,Steel,Armored,Main Entrance,100x220 cm,High,8.9,Piece,Fixed,1,Apartment,False,13679,Doors,Entrance,Not Applicable,High: > 9745,1,13679,Doors
WoodCraft,Interior MDF Door,Interior,MDF,Solid,Bedroom,90x210 cm,Low,7.2,Piece,Per_Room,1,Bedroom,False,3943,Doors,Interior,Not Applicable,Low: <= 5307,1,3943,Doors
AluDoor,Interior MDF Door,Interior,MDF,Solid,Bedroom,90x210 cm,Medium,7.2,Piece,Per_Room,1,Bedroom,False,5457,Doors,Interior,Not Applicable,Medium: 5307 - 9745,1,5457,Doors
Security Doors,Armored Security Door,Entrance,Steel,Armored,Main Entrance,100x220 cm,High,8.9,Piece,Fixed,1,Apartment,False,11691,Doors,Entrance,Not Applicable,High: > 9745,1,11691,Doors
Security Doors,Aluminum Balcony Door,Balcony,Aluminum,Sliding,Balcony,180x220 cm,Medium,7.4,Piece,Per_Balcony,1,Balcony,False,6882,Doors,Balcony,Not Applicable,Medium: 5307 - 9745,1,6882,Doors
WoodCraft,Aluminum Balcony Door,Balcony,Aluminum,Sliding,Balcony,180x220 cm,Medium,7.4,Piece,Per_Balcony,1,Balcony,False,5671,Doors,Balcony,Not Applicable,Medium: 5307 - 9745,1,5671,Doors
WPC Brand,Aluminum Balcony Door,Balcony,Aluminum,Sliding,Balcony,180x220 cm,Medium,7.4,Piece,Per_Balcony,1,Balcony,False,5837,Doors,Balcony,Not Applicable,Medium: 5307 - 9745,1,5837,Doors
AluDoor,Armored Security Door,Entrance,Steel,Armored,Main Entrance,100x220 cm,High,8.9,Piece,Fixed,1,Apartment,False,14357,Doors,Entrance,Not Applicable,High: > 9745,1,14357,Doors
DoorTech,Armored Security Door,Entrance,Steel,Armored,Main Entrance,100x220 cm,High,8.9,Piece,Fixed,1,Apartment,False,12700,Doors,Entrance,Not Applicable,High: > 9745,1,12700,Doors
WPC Brand,Interior MDF Door,Interior,MDF,Solid,Bedroom,90x210 cm,Low,7.2,Piece,Per_Room,1,Bedroom,False,4988,Doors,Interior,Not Applicable,Low: <= 5307,1,4988,Doors
Security Doors,Armored Security Door,Entrance,Steel,Armored,Main Entrance,100x220 cm,High,8.9,Piece,Fixed,1,Apartment,False,10197,Doors,Entrance,Not Applicable,High: > 9745,1,10197,Doors
DoorTech,Aluminum Balcony Door,Balcony,Aluminum,Sliding,Balcony,180x220 cm,Low,7.4,Piece,Per_Balcony,1,Balcony,False,5155,Doors,Balcony,Not Applicable,Low: <= 5307,1,5155,Doors
WoodCraft,Interior MDF Door,Interior,MDF,Solid,Bedroom,90x210 cm,Low,7.2,Piece,Per_Room,1,Bedroom,False,5262,Doors,Interior,Not Applicable,Low: <= 5307,1,5262,Doors
AluDoor,Aluminum Balcony Door,Balcony,Aluminum,Sliding,Balcony,180x220 cm,Medium,7.4,Piece,Per_Balcony,1,Balcony,False,6886,Doors,Balcony,Not Applicable,Medium: 5307 - 9745,1,6886,Doors
WPC Brand,Interior MDF Door,Interior,MDF,Solid,Bedroom,90x210 cm,Low,7.2,Piece,Per_Room,1,Bedroom,False,4982,Doors,Interior,Not Applicable,Low: <= 5307,1,4982,Doors
DoorTech,Interior MDF Door,Interior,MDF,Solid,Bedroom,90x210 cm,Low,7.2,Piece,Per_Room,1,Bedroom,False,4460,Doors,Interior,Not Applicable,Low: <= 5307,1,4460,Doors
WoodCraft,Aluminum Balcony Door,Balcony,Aluminum,Sliding,Balcony,180x220 cm,Medium,7.4,Piece,Per_Balcony,1,Balcony,False,5521,Doors,Balcony,Not Applicable,Medium: 5307 - 9745,1,5521,Doors
Security Doors,Aluminum Balcony Door,Balcony,Aluminum,Sliding,Balcony,180x220 cm,Low,7.4,Piece,Per_Balcony,1,Balcony,False,5195,Doors,Balcony,Not Applicable,Low: <= 5307,1,5195,Doors
DoorTech,Aluminum Balcony Door,Balcony,Aluminum,Sliding,Balcony,180x220 cm,Medium,7.4,Piece,Per_Balcony,1,Balcony,False,6045,Doors,Balcony,Not Applicable,Medium: 5307 - 9745,1,6045,Doors
WPC Brand,Aluminum Balcony Door,Balcony,Aluminum,Sliding,Balcony,180x220 cm,Medium,7.4,Piece,Per_Balcony,1,Balcony,False,5309,Doors,Balcony,Not Applicable,Medium: 5307 - 9745,1,5309,Doors
DoorTech,Interior MDF Door,Interior,MDF,Solid,Bedroom,90x210 cm,Low,7.2,Piece,Per_Room,1,Bedroom,False,5262,Doors,Interior,Not Applicable,Low: <= 5307,1,5262,Doors
AluDoor,Aluminum Balcony Door,Balcony,Aluminum,Sliding,Balcony,180x220 cm,Medium,7.4,Piece,Per_Balcony,1,Balcony,False,5560,Doors,Balcony,Not Applicable,Medium: 5307 - 9745,1,5560,Doors
DoorTech,Interior MDF Door,Interior,MDF,Solid,Bedroom,90x210 cm,Low,7.2,Piece,Per_Room,1,Bedroom,False,4916,Doors,Interior,Not Applicable,Low: <= 5307,1,4916,Doors
DoorTech,Armored Security Door,Entrance,Steel,Armored,Main Entrance,100x220 cm,High,8.9,Piece,Fixed,1,Apartment,False,13311,Doors,Entrance,Not Applicable,High: > 9745,1,13311,Doors
AluDoor,Interior MDF Door,Interior,MDF,Solid,Bedroom,90x210 cm,Low,7.2,Piece,Per_Room,1,Bedroom,False,4497,Doors,Interior,Not Applicable,Low: <= 5307,1,4497,Doors
Security Doors,Armored Security Door,Entrance,Steel,Armored,Main Entrance,100x220 cm,High,8.9,Piece,Fixed,1,Apartment,False,14322,Doors,Entrance,Not Applicable,High: > 9745,1,14322,Doors
WPC Brand,Interior MDF Door,Interior,MDF,Solid,Bedroom,90x210 cm,Low,7.2,Piece,Per_Room,1,Bedroom,False,4687,Doors,Interior,Not Applicable,Low: <= 5307,1,4687,Doors
WoodCraft,Armored Security Door,Entrance,Steel,Armored,Main Entrance,100x220 cm,High,8.9,Piece,Fixed,1,Apartment,False,13303,Doors,Entrance,Not Applicable,High: > 9745,1,13303,Doors
Security Doors,Aluminum Balcony Door,Balcony,Aluminum,Sliding,Balcony,180x220 cm,Medium,7.4,Piece,Per_Balcony,1,Balcony,False,5881,Doors,Balcony,Not Applicable,Medium: 5307 - 9745,1,5881,Doors
AluDoor,Armored Security Door,Entrance,Steel,Armored,Main Entrance,100x220 cm,High,8.9,Piece,Fixed,1,Apartment,False,9946,Doors,Entrance,Not Applicable,High: > 9745,1,9946,Doors
WoodCraft,Aluminum Balcony Door,Balcony,Aluminum,Sliding,Balcony,180x220 cm,Low,7.4,Piece,Per_Balcony,1,Balcony,False,4670,Doors,Balcony,Not Applicable,Low: <= 5307,1,4670,Doors
WoodCraft,Aluminum Balcony Door,Balcony,Aluminum,Sliding,Balcony,180x220 cm,Low,7.4,Piece,Per_Balcony,1,Balcony,False,4730,Doors,Balcony,Not Applicable,Low: <= 5307,1,4730,Doors
Security Doors,Armored Security Door,Entrance,Steel,Armored,Main Entrance,100x220 cm,High,8.9,Piece,Fixed,1,Apartment,False,10594,Doors,Entrance,Not Applicable,High: > 9745,1,10594,Doors
WPC Brand,Armored Security Door,Entrance,Steel,Armored,Main Entrance,100x220 cm,High,8.9,Piece,Fixed,1,Apartment,False,9835,Doors,Entrance,Not Applicable,High: > 9745,1,9835,Doors
WPC Brand,Armored Security Door,Entrance,Steel,Armored,Main Entrance,100x220 cm,High,8.9,Piece,Fixed,1,Apartment,False,10986,Doors,Entrance,Not Applicable,High: > 9745,1,10986,Doors
DoorTech,Armored Security Door,Entrance,Steel,Armored,Main Entrance,100x220 cm,High,8.9,Piece,Fixed,1,Apartment,False,13531,Doors,Entrance,Not Applicable,High: > 9745,1,13531,Doors
WoodCraft,Interior MDF Door,Interior,MDF,Solid,Bedroom,90x210 cm,Low,7.2,Piece,Per_Room,1,Bedroom,False,3605,Doors,Interior,Not Applicable,Low: <= 5307,1,3605,Doors
WPC Brand,Aluminum Balcony Door,Balcony,Aluminum,Sliding,Balcony,180x220 cm,Medium,7.4,Piece,Per_Balcony,1,Balcony,False,6687,Doors,Balcony,Not Applicable,Medium: 5307 - 9745,1,6687,Doors
WPC Brand,Interior MDF Door,Interior,MDF,Solid,Bedroom,90x210 cm,Low,7.2,Piece,Per_Room,1,Bedroom,False,3249,Doors,Interior,Not Applicable,Low: <= 5307,1,3249,Doors
WoodCraft,Armored Security Door,Entrance,Steel,Armored,Main Entrance,100x220 cm,High,8.9,Piece,Fixed,1,Apartment,False,12384,Doors,Entrance,Not Applicable,High: > 9745,1,12384,Doors
WPC Brand,Aluminum Balcony Door,Balcony,Aluminum,Sliding,Balcony,180x220 cm,Medium,7.4,Piece,Per_Balcony,1,Balcony,False,6821,Doors,Balcony,Not Applicable,Medium: 5307 - 9745,1,6821,Doors
DoorTech,Armored Security Door,Entrance,Steel,Armored,Main Entrance,100x220 cm,High,8.9,Piece,Fixed,1,Apartment,False,10776,Doors,Entrance,Not Applicable,High: > 9745,1,10776,Doors
WoodCraft,Aluminum Balcony Door,Balcony,Aluminum,Sliding,Balcony,180x220 cm,Medium,7.4,Piece,Per_Balcony,1,Balcony,False,5466,Doors,Balcony,Not Applicable,Medium: 5307 - 9745,1,5466,Doors
DoorTech,Aluminum Balcony Door,Balcony,Aluminum,Sliding,Balcony,180x220 cm,Medium,7.4,Piece,Per_Balcony,1,Balcony,False,6492,Doors,Balcony,Not Applicable,Medium: 5307 - 9745,1,6492,Doors
AluDoor,Armored Security Door,Entrance,Steel,Armored,Main Entrance,100x220 cm,High,8.9,Piece,Fixed,1,Apartment,False,13272,Doors,Entrance,Not Applicable,High: > 9745,1,13272,Doors
Security Doors,Armored Security Door,Entrance,Steel,Armored,Main Entrance,100x220 cm,High,8.9,Piece,Fixed,1,Apartment,False,10882,Doors,Entrance,Not Applicable,High: > 9745,1,10882,Doors
WoodCraft,Interior MDF Door,Interior,MDF,Solid,Bedroom,90x210 cm,Low,7.2,Piece,Per_Room,1,Bedroom,False,4610,Doors,Interior,Not Applicable,Low: <= 5307,1,4610,Doors
DoorTech,Armored Security Door,Entrance,Steel,Armored,Main Entrance,100x220 cm,High,8.9,Piece,Fixed,1,Apartment,False,14043,Doors,Entrance,Not Applicable,High: > 9745,1,14043,Doors
WPC Brand,Aluminum Balcony Door,Balcony,Aluminum,Sliding,Balcony,180x220 cm,Medium,7.4,Piece,Per_Balcony,1,Balcony,False,5555,Doors,Balcony,Not Applicable,Medium: 5307 - 9745,1,5555,Doors
WoodCraft,Armored Security Door,Entrance,Steel,Armored,Main Entrance,100x220 cm,Medium,8.9,Piece,Fixed,1,Apartment,False,9603,Doors,Entrance,Not Applicable,Medium: 5307 - 9745,1,9603,Doors
Security Doors,Aluminum Balcony Door,Balcony,Aluminum,Sliding,Balcony,180x220 cm,Medium,7.4,Piece,Per_Balcony,1,Balcony,False,5418,Doors,Balcony,Not Applicable,Medium: 5307 - 9745,1,5418,Doors
AluDoor,Aluminum Balcony Door,Balcony,Aluminum,Sliding,Balcony,180x220 cm,Medium,7.4,Piece,Per_Balcony,1,Balcony,False,6930,Doors,Balcony,Not Applicable,Medium: 5307 - 9745,1,6930,Doors
WoodCraft,Interior MDF Door,Interior,MDF,Solid,Bedroom,90x210 cm,Low,7.2,Piece,Per_Room,1,Bedroom,False,4898,Doors,Interior,Not Applicable,Low: <= 5307,1,4898,Doors
Security Doors,Armored Security Door,Entrance,Steel,Armored,Main Entrance,100x220 cm,High,8.9,Piece,Fixed,1,Apartment,False,13054,Doors,Entrance,Not Applicable,High: > 9745,1,13054,Doors
DoorTech,Aluminum Balcony Door,Balcony,Aluminum,Sliding,Balcony,180x220 cm,Medium,7.4,Piece,Per_Balcony,1,Balcony,False,7455,Doors,Balcony,Not Applicable,Medium: 5307 - 9745,1,7455,Doors
WoodCraft,Interior MDF Door,Interior,MDF,Solid,Bedroom,90x210 cm,Medium,7.2,Piece,Per_Room,1,Bedroom,False,5718,Doors,Interior,Not Applicable,Medium: 5307 - 9745,1,5718,Doors
AluDoor,Aluminum Balcony Door,Balcony,Aluminum,Sliding,Balcony,180x220 cm,Low,7.4,Piece,Per_Balcony,1,Balcony,False,4558,Doors,Balcony,Not Applicable,Low: <= 5307,1,4558,Doors
WoodCraft,Armored Security Door,Entrance,Steel,Armored,Main Entrance,100x220 cm,High,8.9,Piece,Fixed,1,Apartment,False,13103,Doors,Entrance,Not Applicable,High: > 9745,1,13103,Doors
WPC Brand,Aluminum Balcony Door,Balcony,Aluminum,Sliding,Balcony,180x220 cm,Low,7.4,Piece,Per_Balcony,1,Balcony,False,4502,Doors,Balcony,Not Applicable,Low: <= 5307,1,4502,Doors
AluDoor,Aluminum Balcony Door,Balcony,Aluminum,Sliding,Balcony,180x220 cm,Medium,7.4,Piece,Per_Balcony,1,Balcony,False,6868,Doors,Balcony,Not Applicable,Medium: 5307 - 9745,1,6868,Doors
DoorTech,Armored Security Door,Entrance,Steel,Armored,Main Entrance,100x220 cm,High,8.9,Piece,Fixed,1,Apartment,False,12157,Doors,Entrance,Not Applicable,High: > 9745,1,12157,Doors
WoodCraft,Interior MDF Door,Interior,MDF,Solid,Bedroom,90x210 cm,Low,7.2,Piece,Per_Room,1,Bedroom,False,3218,Doors,Interior,Not Applicable,Low: <= 5307,1,3218,Doors
AluDoor,Armored Security Door,Entrance,Steel,Armored,Main Entrance,100x220 cm,High,8.9,Piece,Fixed,1,Apartment,False,12448,Doors,Entrance,Not Applicable,High: > 9745,1,12448,Doors
WoodCraft,Armored Security Door,Entrance,Steel,Armored,Main Entrance,100x220 cm,High,8.9,Piece,Fixed,1,Apartment,False,13541,Doors,Entrance,Not Applicable,High: > 9745,1,13541,Doors
WoodCraft,Aluminum Balcony Door,Balcony,Aluminum,Sliding,Balcony,180x220 cm,Medium,7.4,Piece,Per_Balcony,1,Balcony,False,6656,Doors,Balcony,Not Applicable,Medium: 5307 - 9745,1,6656,Doors
AluDoor,Armored Security Door,Entrance,Steel,Armored,Main Entrance,100x220 cm,High,8.9,Piece,Fixed,1,Apartment,False,14295,Doors,Entrance,Not Applicable,High: > 9745,1,14295,Doors
AluDoor,Interior MDF Door,Interior,MDF,Solid,Bedroom,90x210 cm,Medium,7.2,Piece,Per_Room,1,Bedroom,False,5647,Doors,Interior,Not Applicable,Medium: 5307 - 9745,1,5647,Doors
AluDoor,Armored Security Door,Entrance,Steel,Armored,Main Entrance,100x220 cm,High,8.9,Piece,Fixed,1,Apartment,False,12297,Doors,Entrance,Not Applicable,High: > 9745,1,12297,Doors
WoodCraft,Interior MDF Door,Interior,MDF,Solid,Bedroom,90x210 cm,Low,7.2,Piece,Per_Room,1,Bedroom,False,4749,Doors,Interior,Not Applicable,Low: <= 5307,1,4749,Doors
DoorTech,Aluminum Balcony Door,Balcony,Aluminum,Sliding,Balcony,180x220 cm,Low,7.4,Piece,Per_Balcony,1,Balcony,False,4688,Doors,Balcony,Not Applicable,Low: <= 5307,1,4688,Doors
WoodCraft,Armored Security Door,Entrance,Steel,Armored,Main Entrance,100x220 cm,High,8.9,Piece,Fixed,1,Apartment,False,11004,Doors,Entrance,Not Applicable,High: > 9745,1,11004,Doors
DoorTech,Aluminum Balcony Door,Balcony,Aluminum,Sliding,Balcony,180x220 cm,Low,7.4,Piece,Per_Balcony,1,Balcony,False,4587,Doors,Balcony,Not Applicable,Low: <= 5307,1,4587,Doors
Security Doors,Armored Security Door,Entrance,Steel,Armored,Main Entrance,100x220 cm,High,8.9,Piece,Fixed,1,Apartment,False,11405,Doors,Entrance,Not Applicable,High: > 9745,1,11405,Doors
Security Doors,Armored Security Door,Entrance,Steel,Armored,Main Entrance,100x220 cm,High,8.9,Piece,Fixed,1,Apartment,False,13874,Doors,Entrance,Not Applicable,High: > 9745,1,13874,Doors
WPC Brand,Interior MDF Door,Interior,MDF,Solid,Bedroom,90x210 cm,Medium,7.2,Piece,Per_Room,1,Bedroom,False,5659,Doors,Interior,Not Applicable,Medium: 5307 - 9745,1,5659,Doors
DoorTech,Interior MDF Door,Interior,MDF,Solid,Bedroom,90x210 cm,Medium,7.2,Piece,Per_Room,1,Bedroom,False,5426,Doors,Interior,Not Applicable,Medium: 5307 - 9745,1,5426,Doors
AluDoor,Interior MDF Door,Interior,MDF,Solid,Bedroom,90x210 cm,Low,7.2,Piece,Per_Room,1,Bedroom,False,4592,Doors,Interior,Not Applicable,Low: <= 5307,1,4592,Doors
Security Doors,Interior MDF Door,Interior,MDF,Solid,Bedroom,90x210 cm,Low,7.2,Piece,Per_Room,1,Bedroom,False,5045,Doors,Interior,Not Applicable,Low: <= 5307,1,5045,Doors
WoodCraft,Armored Security Door,Entrance,Steel,Armored,Main Entrance,100x220 cm,High,8.9,Piece,Fixed,1,Apartment,False,11875,Doors,Entrance,Not Applicable,High: > 9745,1,11875,Doors
WPC Brand,Interior MDF Door,Interior,MDF,Solid,Bedroom,90x210 cm,Low,7.2,Piece,Per_Room,1,Bedroom,False,5077,Doors,Interior,Not Applicable,Low: <= 5307,1,5077,Doors
Security Doors,Interior MDF Door,Interior,MDF,Solid,Bedroom,90x210 cm,Low,7.2,Piece,Per_Room,1,Bedroom,False,3909,Doors,Interior,Not Applicable,Low: <= 5307,1,3909,Doors
Security Doors,Interior MDF Door,Interior,MDF,Solid,Bedroom,90x210 cm,Medium,7.2,Piece,Per_Room,1,Bedroom,False,5489,Doors,Interior,Not Applicable,Medium: 5307 - 9745,1,5489,Doors
WoodCraft,Armored Security Door,Entrance,Steel,Armored,Main Entrance,100x220 cm,High,8.9,Piece,Fixed,1,Apartment,False,13687,Doors,Entrance,Not Applicable,High: > 9745,1,13687,Doors
WoodCraft,Aluminum Balcony Door,Balcony,Aluminum,Sliding,Balcony,180x220 cm,Medium,7.4,Piece,Per_Balcony,1,Balcony,False,7484,Doors,Balcony,Not Applicable,Medium: 5307 - 9745,1,7484,Doors
WoodCraft,Armored Security Door,Entrance,Steel,Armored,Main Entrance,100x220 cm,Medium,8.9,Piece,Fixed,1,Apartment,False,9752,Doors,Entrance,Not Applicable,High: > 9745,1,9752,Doors
DoorTech,Armored Security Door,Entrance,Steel,Armored,Main Entrance,100x220 cm,High,8.9,Piece,Fixed,1,Apartment,False,11173,Doors,Entrance,Not Applicable,High: > 9745,1,11173,Doors
DoorTech,Aluminum Balcony Door,Balcony,Aluminum,Sliding,Balcony,180x220 cm,Medium,7.4,Piece,Per_Balcony,1,Balcony,False,7105,Doors,Balcony,Not Applicable,Medium: 5307 - 9745,1,7105,Doors
WPC Brand,Interior MDF Door,Interior,MDF,Solid,Bedroom,90x210 cm,Low,7.2,Piece,Per_Room,1,Bedroom,False,4275,Doors,Interior,Not Applicable,Low: <= 5307,1,4275,Doors
DoorTech,Interior MDF Door,Interior,MDF,Solid,Bedroom,90x210 cm,Low,7.2,Piece,Per_Room,1,Bedroom,False,4243,Doors,Interior,Not Applicable,Low: <= 5307,1,4243,Doors
DoorTech,Aluminum Balcony Door,Balcony,Aluminum,Sliding,Balcony,180x220 cm,Medium,7.4,Piece,Per_Balcony,1,Balcony,False,6633,Doors,Balcony,Not Applicable,Medium: 5307 - 9745,1,6633,Doors
WPC Brand,Interior MDF Door,Interior,MDF,Solid,Bedroom,90x210 cm,Low,7.2,Piece,Per_Room,1,Bedroom,False,3488,Doors,Interior,Not Applicable,Low: <= 5307,1,3488,Doors
Security Doors,Aluminum Balcony Door,Balcony,Aluminum,Sliding,Balcony,180x220 cm,Medium,7.4,Piece,Per_Balcony,1,Balcony,False,6759,Doors,Balcony,Not Applicable,Medium: 5307 - 9745,1,6759,Doors
AluDoor,Aluminum Balcony Door,Balcony,Aluminum,Sliding,Balcony,180x220 cm,Medium,7.4,Piece,Per_Balcony,1,Balcony,False,6497,Doors,Balcony,Not Applicable,Medium: 5307 - 9745,1,6497,Doors
WoodCraft,Armored Security Door,Entrance,Steel,Armored,Main Entrance,100x220 cm,High,8.9,Piece,Fixed,1,Apartment,False,11637,Doors,Entrance,Not Applicable,High: > 9745,1,11637,Doors
Security Doors,Interior MDF Door,Interior,MDF,Solid,Bedroom,90x210 cm,Low,7.2,Piece,Per_Room,1,Bedroom,False,3506,Doors,Interior,Not Applicable,Low: <= 5307,1,3506,Doors
AluDoor,Aluminum Balcony Door,Balcony,Aluminum,Sliding,Balcony,180x220 cm,Medium,7.4,Piece,Per_Balcony,1,Balcony,False,5793,Doors,Balcony,Not Applicable,Medium: 5307 - 9745,1,5793,Doors
AluDoor,Aluminum Balcony Door,Balcony,Aluminum,Sliding,Balcony,180x220 cm,Medium,7.4,Piece,Per_Balcony,1,Balcony,False,7034,Doors,Balcony,Not Applicable,Medium: 5307 - 9745,1,7034,Doors
WoodCraft,Armored Security Door,Entrance,Steel,Armored,Main Entrance,100x220 cm,High,8.9,Piece,Fixed,1,Apartment,False,10652,Doors,Entrance,Not Applicable,High: > 9745,1,10652,Doors
DoorTech,Interior MDF Door,Interior,MDF,Solid,Bedroom,90x210 cm,Medium,7.2,Piece,Per_Room,1,Bedroom,False,5502,Doors,Interior,Not Applicable,Medium: 5307 - 9745,1,5502,Doors
Security Doors,Armored Security Door,Entrance,Steel,Armored,Main Entrance,100x220 cm,High,8.9,Piece,Fixed,1,Apartment,False,10281,Doors,Entrance,Not Applicable,High: > 9745,1,10281,Doors
WPC Brand,Aluminum Balcony Door,Balcony,Aluminum,Sliding,Balcony,180x220 cm,Medium,7.4,Piece,Per_Balcony,1,Balcony,False,6637,Doors,Balcony,Not Applicable,Medium: 5307 - 9745,1,6637,Doors
AluDoor,Armored Security Door,Entrance,Steel,Armored,Main Entrance,100x220 cm,High,8.9,Piece,Fixed,1,Apartment,False,10993,Doors,Entrance,Not Applicable,High: > 9745,1,10993,Doors
WPC Brand,Armored Security Door,Entrance,Steel,Armored,Main Entrance,100x220 cm,High,8.9,Piece,Fixed,1,Apartment,False,11391,Doors,Entrance,Not Applicable,High: > 9745,1,11391,Doors
Security Doors,Aluminum Balcony Door,Balcony,Aluminum,Sliding,Balcony,180x220 cm,Low,7.4,Piece,Per_Balcony,1,Balcony,False,4945,Doors,Balcony,Not Applicable,Low: <= 5307,1,4945,Doors
DoorTech,Interior MDF Door,Interior,MDF,Solid,Bedroom,90x210 cm,Low,7.2,Piece,Per_Room,1,Bedroom,False,3411,Doors,Interior,Not Applicable,Low: <= 5307,1,3411,Doors
WPC Brand,Interior MDF Door,Interior,MDF,Solid,Bedroom,90x210 cm,Low,7.2,Piece,Per_Room,1,Bedroom,False,4173,Doors,Interior,Not Applicable,Low: <= 5307,1,4173,Doors
Security Doors,Interior MDF Door,Interior,MDF,Solid,Bedroom,90x210 cm,Medium,7.2,Piece,Per_Room,1,Bedroom,False,5461,Doors,Interior,Not Applicable,Medium: 5307 - 9745,1,5461,Doors
WoodCraft,Armored Security Door,Entrance,Steel,Armored,Main Entrance,100x220 cm,Medium,8.9,Piece,Fixed,1,Apartment,False,9617,Doors,Entrance,Not Applicable,Medium: 5307 - 9745,1,9617,Doors
AluDoor,Armored Security Door,Entrance,Steel,Armored,Main Entrance,100x220 cm,High,8.9,Piece,Fixed,1,Apartment,False,13009,Doors,Entrance,Not Applicable,High: > 9745,1,13009,Doors
WoodCraft,Interior MDF Door,Interior,MDF,Solid,Bedroom,90x210 cm,Low,7.2,Piece,Per_Room,1,Bedroom,False,4547,Doors,Interior,Not Applicable,Low: <= 5307,1,4547,Doors
Security Doors,Aluminum Balcony Door,Balcony,Aluminum,Sliding,Balcony,180x220 cm,Medium,7.4,Piece,Per_Balcony,1,Balcony,False,6351,Doors,Balcony,Not Applicable,Medium: 5307 - 9745,1,6351,Doors
WoodCraft,Aluminum Balcony Door,Balcony,Aluminum,Sliding,Balcony,180x220 cm,Medium,7.4,Piece,Per_Balcony,1,Balcony,False,6099,Doors,Balcony,Not Applicable,Medium: 5307 - 9745,1,6099,Doors
WoodCraft,Aluminum Balcony Door,Balcony,Aluminum,Sliding,Balcony,180x220 cm,Low,7.4,Piece,Per_Balcony,1,Balcony,False,5290,Doors,Balcony,Not Applicable,Low: <= 5307,1,5290,Doors
WoodCraft,Armored Security Door,Entrance,Steel,Armored,Main Entrance,100x220 cm,High,8.9,Piece,Fixed,1,Apartment,False,12837,Doors,Entrance,Not Applicable,High: > 9745,1,12837,Doors
DoorTech,Aluminum Balcony Door,Balcony,Aluminum,Sliding,Balcony,180x220 cm,Medium,7.4,Piece,Per_Balcony,1,Balcony,False,6902,Doors,Balcony,Not Applicable,Medium: 5307 - 9745,1,6902,Doors
Security Doors,Aluminum Balcony Door,Balcony,Aluminum,Sliding,Balcony,180x220 cm,Medium,7.4,Piece,Per_Balcony,1,Balcony,False,6570,Doors,Balcony,Not Applicable,Medium: 5307 - 9745,1,6570,Doors
DoorTech,Armored Security Door,Entrance,Steel,Armored,Main Entrance,100x220 cm,High,8.9,Piece,Fixed,1,Apartment,False,12162,Doors,Entrance,Not Applicable,High: > 9745,1,12162,Doors
AluDoor,Armored Security Door,Entrance,Steel,Armored,Main Entrance,100x220 cm,High,8.9,Piece,Fixed,1,Apartment,False,10831,Doors,Entrance,Not Applicable,High: > 9745,1,10831,Doors
WPC Brand,Armored Security Door,Entrance,Steel,Armored,Main Entrance,100x220 cm,High,8.9,Piece,Fixed,1,Apartment,False,12067,Doors,Entrance,Not Applicable,High: > 9745,1,12067,Doors
Security Doors,Interior MDF Door,Interior,MDF,Solid,Bedroom,90x210 cm,Low,7.2,Piece,Per_Room,1,Bedroom,False,3562,Doors,Interior,Not Applicable,Low: <= 5307,1,3562,Doors
AluDoor,Aluminum Balcony Door,Balcony,Aluminum,Sliding,Balcony,180x220 cm,Medium,7.4,Piece,Per_Balcony,1,Balcony,False,5770,Doors,Balcony,Not Applicable,Medium: 5307 - 9745,1,5770,Doors
WPC Brand,Aluminum Balcony Door,Balcony,Aluminum,Sliding,Balcony,180x220 cm,Low,7.4,Piece,Per_Balcony,1,Balcony,False,4669,Doors,Balcony,Not Applicable,Low: <= 5307,1,4669,Doors
Security Doors,Aluminum Balcony Door,Balcony,Aluminum,Sliding,Balcony,180x220 cm,Medium,7.4,Piece,Per_Balcony,1,Balcony,False,5441,Doors,Balcony,Not Applicable,Medium: 5307 - 9745,1,5441,Doors
DoorTech,Aluminum Balcony Door,Balcony,Aluminum,Sliding,Balcony,180x220 cm,Medium,7.4,Piece,Per_Balcony,1,Balcony,False,6410,Doors,Balcony,Not Applicable,Medium: 5307 - 9745,1,6410,Doors
Security Doors,Armored Security Door,Entrance,Steel,Armored,Main Entrance,100x220 cm,High,8.9,Piece,Fixed,1,Apartment,False,14467,Doors,Entrance,Not Applicable,High: > 9745,1,14467,Doors
WoodCraft,Aluminum Balcony Door,Balcony,Aluminum,Sliding,Balcony,180x220 cm,Medium,7.4,Piece,Per_Balcony,1,Balcony,False,6298,Doors,Balcony,Not Applicable,Medium: 5307 - 9745,1,6298,Doors
WoodCraft,Aluminum Balcony Door,Balcony,Aluminum,Sliding,Balcony,180x220 cm,Low,7.4,Piece,Per_Balcony,1,Balcony,False,5153,Doors,Balcony,Not Applicable,Low: <= 5307,1,5153,Doors
DoorTech,Armored Security Door,Entrance,Steel,Armored,Main Entrance,100x220 cm,High,8.9,Piece,Fixed,1,Apartment,False,12577,Doors,Entrance,Not Applicable,High: > 9745,1,12577,Doors
WPC Brand,Interior MDF Door,Interior,MDF,Solid,Bedroom,90x210 cm,Low,7.2,Piece,Per_Room,1,Bedroom,False,3916,Doors,Interior,Not Applicable,Low: <= 5307,1,3916,Doors
DoorTech,Armored Security Door,Entrance,Steel,Armored,Main Entrance,100x220 cm,High,8.9,Piece,Fixed,1,Apartment,False,11882,Doors,Entrance,Not Applicable,High: > 9745,1,11882,Doors
WPC Brand,Armored Security Door,Entrance,Steel,Armored,Main Entrance,100x220 cm,High,8.9,Piece,Fixed,1,Apartment,False,12749,Doors,Entrance,Not Applicable,High: > 9745,1,12749,Doors
Security Doors,Aluminum Balcony Door,Balcony,Aluminum,Sliding,Balcony,180x220 cm,Medium,7.4,Piece,Per_Balcony,1,Balcony,False,5722,Doors,Balcony,Not Applicable,Medium: 5307 - 9745,1,5722,Doors
DoorTech,Aluminum Balcony Door,Balcony,Aluminum,Sliding,Balcony,180x220 cm,Medium,7.4,Piece,Per_Balcony,1,Balcony,False,6074,Doors,Balcony,Not Applicable,Medium: 5307 - 9745,1,6074,Doors
DoorTech,Aluminum Balcony Door,Balcony,Aluminum,Sliding,Balcony,180x220 cm,Medium,7.4,Piece,Per_Balcony,1,Balcony,False,6752,Doors,Balcony,Not Applicable,Medium: 5307 - 9745,1,6752,Doors
WoodCraft,Aluminum Balcony Door,Balcony,Aluminum,Sliding,Balcony,180x220 cm,Medium,7.4,Piece,Per_Balcony,1,Balcony,False,7398,Doors,Balcony,Not Applicable,Medium: 5307 - 9745,1,7398,Doors
Security Doors,Interior MDF Door,Interior,MDF,Solid,Bedroom,90x210 cm,Low,7.2,Piece,Per_Room,1,Bedroom,False,4809,Doors,Interior,Not Applicable,Low: <= 5307,1,4809,Doors
WoodCraft,Aluminum Balcony Door,Balcony,Aluminum,Sliding,Balcony,180x220 cm,Medium,7.4,Piece,Per_Balcony,1,Balcony,False,6701,Doors,Balcony,Not Applicable,Medium: 5307 - 9745,1,6701,Doors
Security Doors,Interior MDF Door,Interior,MDF,Solid,Bedroom,90x210 cm,Low,7.2,Piece,Per_Room,1,Bedroom,False,4931,Doors,Interior,Not Applicable,Low: <= 5307,1,4931,Doors
WPC Brand,Aluminum Balcony Door,Balcony,Aluminum,Sliding,Balcony,180x220 cm,Medium,7.4,Piece,Per_Balcony,1,Balcony,False,6867,Doors,Balcony,Not Applicable,Medium: 5307 - 9745,1,6867,Doors
AluDoor,Aluminum Balcony Door,Balcony,Aluminum,Sliding,Balcony,180x220 cm,Medium,7.4,Piece,Per_Balcony,1,Balcony,False,6317,Doors,Balcony,Not Applicable,Medium: 5307 - 9745,1,6317,Doors
DoorTech,Interior MDF Door,Interior,MDF,Solid,Bedroom,90x210 cm,Medium,7.2,Piece,Per_Room,1,Bedroom,False,5615,Doors,Interior,Not Applicable,Medium: 5307 - 9745,1,5615,Doors
AluDoor,Aluminum Balcony Door,Balcony,Aluminum,Sliding,Balcony,180x220 cm,Medium,7.4,Piece,Per_Balcony,1,Balcony,False,7460,Doors,Balcony,Not Applicable,Medium: 5307 - 9745,1,7460,Doors
WPC Brand,Interior MDF Door,Interior,MDF,Solid,Bedroom,90x210 cm,Low,7.2,Piece,Per_Room,1,Bedroom,False,4664,Doors,Interior,Not Applicable,Low: <= 5307,1,4664,Doors
AluDoor,Armored Security Door,Entrance,Steel,Armored,Main Entrance,100x220 cm,High,8.9,Piece,Fixed,1,Apartment,False,11238,Doors,Entrance,Not Applicable,High: > 9745,1,11238,Doors
WoodCraft,Interior MDF Door,Interior,MDF,Solid,Bedroom,90x210 cm,Low,7.2,Piece,Per_Room,1,Bedroom,False,4574,Doors,Interior,Not Applicable,Low: <= 5307,1,4574,Doors
WoodCraft,Interior MDF Door,Interior,MDF,Solid,Bedroom,90x210 cm,Low,7.2,Piece,Per_Room,1,Bedroom,False,4296,Doors,Interior,Not Applicable,Low: <= 5307,1,4296,Doors
DoorTech,Aluminum Balcony Door,Balcony,Aluminum,Sliding,Balcony,180x220 cm,Medium,7.4,Piece,Per_Balcony,1,Balcony,False,6141,Doors,Balcony,Not Applicable,Medium: 5307 - 9745,1,6141,Doors
Security Doors,Interior MDF Door,Interior,MDF,Solid,Bedroom,90x210 cm,Low,7.2,Piece,Per_Room,1,Bedroom,False,4663,Doors,Interior,Not Applicable,Low: <= 5307,1,4663,Doors
Security Doors,Aluminum Balcony Door,Balcony,Aluminum,Sliding,Balcony,180x220 cm,Low,7.4,Piece,Per_Balcony,1,Balcony,False,5242,Doors,Balcony,Not Applicable,Low: <= 5307,1,5242,Doors
WPC Brand,Armored Security Door,Entrance,Steel,Armored,Main Entrance,100x220 cm,High,8.9,Piece,Fixed,1,Apartment,False,11127,Doors,Entrance,Not Applicable,High: > 9745,1,11127,Doors
WoodCraft,Interior MDF Door,Interior,MDF,Solid,Bedroom,90x210 cm,Low,7.2,Piece,Per_Room,1,Bedroom,False,3438,Doors,Interior,Not Applicable,Low: <= 5307,1,3438,Doors
AluDoor,Interior MDF Door,Interior,MDF,Solid,Bedroom,90x210 cm,Low,7.2,Piece,Per_Room,1,Bedroom,False,4045,Doors,Interior,Not Applicable,Low: <= 5307,1,4045,Doors
WPC Brand,Interior MDF Door,Interior,MDF,Solid,Bedroom,90x210 cm,Medium,7.2,Piece,Per_Room,1,Bedroom,False,5356,Doors,Interior,Not Applicable,Medium: 5307 - 9745,1,5356,Doors
AluDoor,Interior MDF Door,Interior,MDF,Solid,Bedroom,90x210 cm,Medium,7.2,Piece,Per_Room,1,Bedroom,False,5575,Doors,Interior,Not Applicable,Medium: 5307 - 9745,1,5575,Doors
WoodCraft,Aluminum Balcony Door,Balcony,Aluminum,Sliding,Balcony,180x220 cm,Low,7.4,Piece,Per_Balcony,1,Balcony,False,4920,Doors,Balcony,Not Applicable,Low: <= 5307,1,4920,Doors
WPC Brand,Interior MDF Door,Interior,MDF,Solid,Bedroom,90x210 cm,Medium,7.2,Piece,Per_Room,1,Bedroom,False,5419,Doors,Interior,Not Applicable,Medium: 5307 - 9745,1,5419,Doors
Security Doors,Aluminum Balcony Door,Balcony,Aluminum,Sliding,Balcony,180x220 cm,Low,7.4,Piece,Per_Balcony,1,Balcony,False,5267,Doors,Balcony,Not Applicable,Low: <= 5307,1,5267,Doors
Security Doors,Interior MDF Door,Interior,MDF,Solid,Bedroom,90x210 cm,Low,7.2,Piece,Per_Room,1,Bedroom,False,3329,Doors,Interior,Not Applicable,Low: <= 5307,1,3329,Doors
WPC Brand,Aluminum Balcony Door,Balcony,Aluminum,Sliding,Balcony,180x220 cm,Low,7.4,Piece,Per_Balcony,1,Balcony,False,4988,Doors,Balcony,Not Applicable,Low: <= 5307,1,4988,Doors
WPC Brand,Interior MDF Door,Interior,MDF,Solid,Bedroom,90x210 cm,Low,7.2,Piece,Per_Room,1,Bedroom,False,5090,Doors,Interior,Not Applicable,Low: <= 5307,1,5090,Doors
Security Doors,Aluminum Balcony Door,Balcony,Aluminum,Sliding,Balcony,180x220 cm,Low,7.4,Piece,Per_Balcony,1,Balcony,False,4976,Doors,Balcony,Not Applicable,Low: <= 5307,1,4976,Doors
WPC Brand,Armored Security Door,Entrance,Steel,Armored,Main Entrance,100x220 cm,High,8.9,Piece,Fixed,1,Apartment,False,14489,Doors,Entrance,Not Applicable,High: > 9745,1,14489,Doors
AluDoor,Armored Security Door,Entrance,Steel,Armored,Main Entrance,100x220 cm,High,8.9,Piece,Fixed,1,Apartment,False,12976,Doors,Entrance,Not Applicable,High: > 9745,1,12976,Doors
Security Doors,Interior MDF Door,Interior,MDF,Solid,Bedroom,90x210 cm,Medium,7.2,Piece,Per_Room,1,Bedroom,False,5555,Doors,Interior,Not Applicable,Medium: 5307 - 9745,1,5555,Doors
WPC Brand,Armored Security Door,Entrance,Steel,Armored,Main Entrance,100x220 cm,High,8.9,Piece,Fixed,1,Apartment,False,10248,Doors,Entrance,Not Applicable,High: > 9745,1,10248,Doors
WoodCraft,Interior MDF Door,Interior,MDF,Solid,Bedroom,90x210 cm,Medium,7.2,Piece,Per_Room,1,Bedroom,False,5356,Doors,Interior,Not Applicable,Medium: 5307 - 9745,1,5356,Doors
Security Doors,Aluminum Balcony Door,Balcony,Aluminum,Sliding,Balcony,180x220 cm,Low,7.4,Piece,Per_Balcony,1,Balcony,False,4584,Doors,Balcony,Not Applicable,Low: <= 5307,1,4584,Doors
DoorTech,Armored Security Door,Entrance,Steel,Armored,Main Entrance,100x220 cm,Medium,8.9,Piece,Fixed,1,Apartment,False,9731,Doors,Entrance,Not Applicable,Medium: 5307 - 9745,1,9731,Doors
WPC Brand,Armored Security Door,Entrance,Steel,Armored,Main Entrance,100x220 cm,High,8.9,Piece,Fixed,1,Apartment,False,11453,Doors,Entrance,Not Applicable,High: > 9745,1,11453,Doors
WoodCraft,Armored Security Door,Entrance,Steel,Armored,Main Entrance,100x220 cm,High,8.9,Piece,Fixed,1,Apartment,False,9928,Doors,Entrance,Not Applicable,High: > 9745,1,9928,Doors
DoorTech,Armored Security Door,Entrance,Steel,Armored,Main Entrance,100x220 cm,High,8.9,Piece,Fixed,1,Apartment,False,10997,Doors,Entrance,Not Applicable,High: > 9745,1,10997,Doors
AluDoor,Aluminum Balcony Door,Balcony,Aluminum,Sliding,Balcony,180x220 cm,Medium,7.4,Piece,Per_Balcony,1,Balcony,False,6876,Doors,Balcony,Not Applicable,Medium: 5307 - 9745,1,6876,Doors
AluDoor,Armored Security Door,Entrance,Steel,Armored,Main Entrance,100x220 cm,High,8.9,Piece,Fixed,1,Apartment,False,10030,Doors,Entrance,Not Applicable,High: > 9745,1,10030,Doors
WPC Brand,Armored Security Door,Entrance,Steel,Armored,Main Entrance,100x220 cm,High,8.9,Piece,Fixed,1,Apartment,False,12423,Doors,Entrance,Not Applicable,High: > 9745,1,12423,Doors
WoodCraft,Interior MDF Door,Interior,MDF,Solid,Bedroom,90x210 cm,Low,7.2,Piece,Per_Room,1,Bedroom,False,3744,Doors,Interior,Not Applicable,Low: <= 5307,1,3744,Doors
WPC Brand,Aluminum Balcony Door,Balcony,Aluminum,Sliding,Balcony,180x220 cm,Medium,7.4,Piece,Per_Balcony,1,Balcony,False,5729,Doors,Balcony,Not Applicable,Medium: 5307 - 9745,1,5729,Doors
Security Doors,Interior MDF Door,Interior,MDF,Solid,Bedroom,90x210 cm,Low,7.2,Piece,Per_Room,1,Bedroom,False,3367,Doors,Interior,Not Applicable,Low: <= 5307,1,3367,Doors
DoorTech,Aluminum Balcony Door,Balcony,Aluminum,Sliding,Balcony,180x220 cm,Medium,7.4,Piece,Per_Balcony,1,Balcony,False,5841,Doors,Balcony,Not Applicable,Medium: 5307 - 9745,1,5841,Doors
DoorTech,Armored Security Door,Entrance,Steel,Armored,Main Entrance,100x220 cm,High,8.9,Piece,Fixed,1,Apartment,False,12850,Doors,Entrance,Not Applicable,High: > 9745,1,12850,Doors
AluDoor,Armored Security Door,Entrance,Steel,Armored,Main Entrance,100x220 cm,High,8.9,Piece,Fixed,1,Apartment,False,13458,Doors,Entrance,Not Applicable,High: > 9745,1,13458,Doors
Security Doors,Aluminum Balcony Door,Balcony,Aluminum,Sliding,Balcony,180x220 cm,Low,7.4,Piece,Per_Balcony,1,Balcony,False,5154,Doors,Balcony,Not Applicable,Low: <= 5307,1,5154,Doors
AluDoor,Interior MDF Door,Interior,MDF,Solid,Bedroom,90x210 cm,Low,7.2,Piece,Per_Room,1,Bedroom,False,4765,Doors,Interior,Not Applicable,Low: <= 5307,1,4765,Doors
AluDoor,Interior MDF Door,Interior,MDF,Solid,Bedroom,90x210 cm,Low,7.2,Piece,Per_Room,1,Bedroom,False,3369,Doors,Interior,Not Applicable,Low: <= 5307,1,3369,Doors
DoorTech,Interior MDF Door,Interior,MDF,Solid,Bedroom,90x210 cm,Low,7.2,Piece,Per_Room,1,Bedroom,False,4242,Doors,Interior,Not Applicable,Low: <= 5307,1,4242,Doors
WPC Brand,Aluminum Balcony Door,Balcony,Aluminum,Sliding,Balcony,180x220 cm,Medium,7.4,Piece,Per_Balcony,1,Balcony,False,7276,Doors,Balcony,Not Applicable,Medium: 5307 - 9745,1,7276,Doors
WPC Brand,Interior MDF Door,Interior,MDF,Solid,Bedroom,90x210 cm,Low,7.2,Piece,Per_Room,1,Bedroom,False,4244,Doors,Interior,Not Applicable,Low: <= 5307,1,4244,Doors
WoodCraft,Aluminum Balcony Door,Balcony,Aluminum,Sliding,Balcony,180x220 cm,Medium,7.4,Piece,Per_Balcony,1,Balcony,False,5984,Doors,Balcony,Not Applicable,Medium: 5307 - 9745,1,5984,Doors
DoorTech,Armored Security Door,Entrance,Steel,Armored,Main Entrance,100x220 cm,High,8.9,Piece,Fixed,1,Apartment,False,13851,Doors,Entrance,Not Applicable,High: > 9745,1,13851,Doors
WoodCraft,Aluminum Balcony Door,Balcony,Aluminum,Sliding,Balcony,180x220 cm,Medium,7.4,Piece,Per_Balcony,1,Balcony,False,5864,Doors,Balcony,Not Applicable,Medium: 5307 - 9745,1,5864,Doors
WPC Brand,Aluminum Balcony Door,Balcony,Aluminum,Sliding,Balcony,180x220 cm,Medium,7.4,Piece,Per_Balcony,1,Balcony,False,5355,Doors,Balcony,Not Applicable,Medium: 5307 - 9745,1,5355,Doors
WoodCraft,Armored Security Door,Entrance,Steel,Armored,Main Entrance,100x220 cm,High,8.9,Piece,Fixed,1,Apartment,False,14488,Doors,Entrance,Not Applicable,High: > 9745,1,14488,Doors
Security Doors,Aluminum Balcony Door,Balcony,Aluminum,Sliding,Balcony,180x220 cm,Medium,7.4,Piece,Per_Balcony,1,Balcony,False,7300,Doors,Balcony,Not Applicable,Medium: 5307 - 9745,1,7300,Doors
AluDoor,Armored Security Door,Entrance,Steel,Armored,Main Entrance,100x220 cm,High,8.9,Piece,Fixed,1,Apartment,False,13288,Doors,Entrance,Not Applicable,High: > 9745,1,13288,Doors
WoodCraft,Interior MDF Door,Interior,MDF,Solid,Bedroom,90x210 cm,Low,7.2,Piece,Per_Room,1,Bedroom,False,5114,Doors,Interior,Not Applicable,Low: <= 5307,1,5114,Doors
DoorTech,Armored Security Door,Entrance,Steel,Armored,Main Entrance,100x220 cm,High,8.9,Piece,Fixed,1,Apartment,False,13984,Doors,Entrance,Not Applicable,High: > 9745,1,13984,Doors
WoodCraft,Aluminum Balcony Door,Balcony,Aluminum,Sliding,Balcony,180x220 cm,Medium,7.4,Piece,Per_Balcony,1,Balcony,False,6022,Doors,Balcony,Not Applicable,Medium: 5307 - 9745,1,6022,Doors
DoorTech,Interior MDF Door,Interior,MDF,Solid,Bedroom,90x210 cm,Low,7.2,Piece,Per_Room,1,Bedroom,False,3241,Doors,Interior,Not Applicable,Low: <= 5307,1,3241,Doors
AluDoor,Aluminum Balcony Door,Balcony,Aluminum,Sliding,Balcony,180x220 cm,Medium,7.4,Piece,Per_Balcony,1,Balcony,False,5897,Doors,Balcony,Not Applicable,Medium: 5307 - 9745,1,5897,Doors
WPC Brand,Aluminum Balcony Door,Balcony,Aluminum,Sliding,Balcony,180x220 cm,Medium,7.4,Piece,Per_Balcony,1,Balcony,False,6690,Doors,Balcony,Not Applicable,Medium: 5307 - 9745,1,6690,Doors
WoodCraft,Armored Security Door,Entrance,Steel,Armored,Main Entrance,100x220 cm,High,8.9,Piece,Fixed,1,Apartment,False,12679,Doors,Entrance,Not Applicable,High: > 9745,1,12679,Doors
AluDoor,Interior MDF Door,Interior,MDF,Solid,Bedroom,90x210 cm,Medium,7.2,Piece,Per_Room,1,Bedroom,False,5715,Doors,Interior,Not Applicable,Medium: 5307 - 9745,1,5715,Doors
WoodCraft,Armored Security Door,Entrance,Steel,Armored,Main Entrance,100x220 cm,High,8.9,Piece,Fixed,1,Apartment,False,9997,Doors,Entrance,Not Applicable,High: > 9745,1,9997,Doors
WoodCraft,Interior MDF Door,Interior,MDF,Solid,Bedroom,90x210 cm,Low,7.2,Piece,Per_Room,1,Bedroom,False,4935,Doors,Interior,Not Applicable,Low: <= 5307,1,4935,Doors
Security Doors,Interior MDF Door,Interior,MDF,Solid,Bedroom,90x210 cm,Low,7.2,Piece,Per_Room,1,Bedroom,False,3644,Doors,Interior,Not Applicable,Low: <= 5307,1,3644,Doors
Security Doors,Aluminum Balcony Door,Balcony,Aluminum,Sliding,Balcony,180x220 cm,Low,7.4,Piece,Per_Balcony,1,Balcony,False,4796,Doors,Balcony,Not Applicable,Low: <= 5307,1,4796,Doors
DoorTech,Interior MDF Door,Interior,MDF,Solid,Bedroom,90x210 cm,Low,7.2,Piece,Per_Room,1,Bedroom,False,4990,Doors,Interior,Not Applicable,Low: <= 5307,1,4990,Doors
DoorTech,Interior MDF Door,Interior,MDF,Solid,Bedroom,90x210 cm,Low,7.2,Piece,Per_Room,1,Bedroom,False,4877,Doors,Interior,Not Applicable,Low: <= 5307,1,4877,Doors
AluDoor,Armored Security Door,Entrance,Steel,Armored,Main Entrance,100x220 cm,High,8.9,Piece,Fixed,1,Apartment,False,10981,Doors,Entrance,Not Applicable,High: > 9745,1,10981,Doors
DoorTech,Armored Security Door,Entrance,Steel,Armored,Main Entrance,100x220 cm,High,8.9,Piece,Fixed,1,Apartment,False,13937,Doors,Entrance,Not Applicable,High: > 9745,1,13937,Doors
WoodCraft,Interior MDF Door,Interior,MDF,Solid,Bedroom,90x210 cm,Low,7.2,Piece,Per_Room,1,Bedroom,False,3658,Doors,Interior,Not Applicable,Low: <= 5307,1,3658,Doors
WoodCraft,Armored Security Door,Entrance,Steel,Armored,Main Entrance,100x220 cm,High,8.9,Piece,Fixed,1,Apartment,False,11498,Doors,Entrance,Not Applicable,High: > 9745,1,11498,Doors
Security Doors,Interior MDF Door,Interior,MDF,Solid,Bedroom,90x210 cm,Medium,7.2,Piece,Per_Room,1,Bedroom,False,5722,Doors,Interior,Not Applicable,Medium: 5307 - 9745,1,5722,Doors
WoodCraft,Armored Security Door,Entrance,Steel,Armored,Main Entrance,100x220 cm,High,8.9,Piece,Fixed,1,Apartment,False,9966,Doors,Entrance,Not Applicable,High: > 9745,1,9966,Doors
WoodCraft,Aluminum Balcony Door,Balcony,Aluminum,Sliding,Balcony,180x220 cm,Low,7.4,Piece,Per_Balcony,1,Balcony,False,4909,Doors,Balcony,Not Applicable,Low: <= 5307,1,4909,Doors
Security Doors,Aluminum Balcony Door,Balcony,Aluminum,Sliding,Balcony,180x220 cm,Low,7.4,Piece,Per_Balcony,1,Balcony,False,5087,Doors,Balcony,Not Applicable,Low: <= 5307,1,5087,Doors
Security Doors,Interior MDF Door,Interior,MDF,Solid,Bedroom,90x210 cm,Low,7.2,Piece,Per_Room,1,Bedroom,False,3465,Doors,Interior,Not Applicable,Low: <= 5307,1,3465,Doors
WPC Brand,Aluminum Balcony Door,Balcony,Aluminum,Sliding,Balcony,180x220 cm,Medium,7.4,Piece,Per_Balcony,1,Balcony,False,7117,Doors,Balcony,Not Applicable,Medium: 5307 - 9745,1,7117,Doors
WoodCraft,Armored Security Door,Entrance,Steel,Armored,Main Entrance,100x220 cm,High,8.9,Piece,Fixed,1,Apartment,False,11215,Doors,Entrance,Not Applicable,High: > 9745,1,11215,Doors
WPC Brand,Aluminum Balcony Door,Balcony,Aluminum,Sliding,Balcony,180x220 cm,Medium,7.4,Piece,Per_Balcony,1,Balcony,False,6152,Doors,Balcony,Not Applicable,Medium: 5307 - 9745,1,6152,Doors
Security Doors,Armored Security Door,Entrance,Steel,Armored,Main Entrance,100x220 cm,High,8.9,Piece,Fixed,1,Apartment,False,9825,Doors,Entrance,Not Applicable,High: > 9745,1,9825,Doors
DoorTech,Armored Security Door,Entrance,Steel,Armored,Main Entrance,100x220 cm,High,8.9,Piece,Fixed,1,Apartment,False,13639,Doors,Entrance,Not Applicable,High: > 9745,1,13639,Doors
DoorTech,Interior MDF Door,Interior,MDF,Solid,Bedroom,90x210 cm,Low,7.2,Piece,Per_Room,1,Bedroom,False,5220,Doors,Interior,Not Applicable,Low: <= 5307,1,5220,Doors
AluDoor,Aluminum Balcony Door,Balcony,Aluminum,Sliding,Balcony,180x220 cm,Medium,7.4,Piece,Per_Balcony,1,Balcony,False,5865,Doors,Balcony,Not Applicable,Medium: 5307 - 9745,1,5865,Doors
WPC Brand,Interior MDF Door,Interior,MDF,Solid,Bedroom,90x210 cm,Low,7.2,Piece,Per_Room,1,Bedroom,False,4741,Doors,Interior,Not Applicable,Low: <= 5307,1,4741,Doors
AluDoor,Armored Security Door,Entrance,Steel,Armored,Main Entrance,100x220 cm,High,8.9,Piece,Fixed,1,Apartment,False,11171,Doors,Entrance,Not Applicable,High: > 9745,1,11171,Doors
WoodCraft,Armored Security Door,Entrance,Steel,Armored,Main Entrance,100x220 cm,High,8.9,Piece,Fixed,1,Apartment,False,11519,Doors,Entrance,Not Applicable,High: > 9745,1,11519,Doors
AluDoor,Interior MDF Door,Interior,MDF,Solid,Bedroom,90x210 cm,Medium,7.2,Piece,Per_Room,1,Bedroom,False,5738,Doors,Interior,Not Applicable,Medium: 5307 - 9745,1,5738,Doors
Security Doors,Aluminum Balcony Door,Balcony,Aluminum,Sliding,Balcony,180x220 cm,Medium,7.4,Piece,Per_Balcony,1,Balcony,False,5989,Doors,Balcony,Not Applicable,Medium: 5307 - 9745,1,5989,Doors
WoodCraft,Interior MDF Door,Interior,MDF,Solid,Bedroom,90x210 cm,Low,7.2,Piece,Per_Room,1,Bedroom,False,4713,Doors,Interior,Not Applicable,Low: <= 5307,1,4713,Doors
AluDoor,Armored Security Door,Entrance,Steel,Armored,Main Entrance,100x220 cm,Medium,8.9,Piece,Fixed,1,Apartment,False,9621,Doors,Entrance,Not Applicable,Medium: 5307 - 9745,1,9621,Doors
DoorTech,Aluminum Balcony Door,Balcony,Aluminum,Sliding,Balcony,180x220 cm,Medium,7.4,Piece,Per_Balcony,1,Balcony,False,6929,Doors,Balcony,Not Applicable,Medium: 5307 - 9745,1,6929,Doors
AluDoor,Interior MDF Door,Interior,MDF,Solid,Bedroom,90x210 cm,Medium,7.2,Piece,Per_Room,1,Bedroom,False,5673,Doors,Interior,Not Applicable,Medium: 5307 - 9745,1,5673,Doors
WPC Brand,Interior MDF Door,Interior,MDF,Solid,Bedroom,90x210 cm,Low,7.2,Piece,Per_Room,1,Bedroom,False,4468,Doors,Interior,Not Applicable,Low: <= 5307,1,4468,Doors
DoorTech,Armored Security Door,Entrance,Steel,Armored,Main Entrance,100x220 cm,High,8.9,Piece,Fixed,1,Apartment,False,11013,Doors,Entrance,Not Applicable,High: > 9745,1,11013,Doors
AluDoor,Armored Security Door,Entrance,Steel,Armored,Main Entrance,100x220 cm,High,8.9,Piece,Fixed,1,Apartment,False,11273,Doors,Entrance,Not Applicable,High: > 9745,1,11273,Doors
Security Doors,Interior MDF Door,Interior,MDF,Solid,Bedroom,90x210 cm,Low,7.2,Piece,Per_Room,1,Bedroom,False,4171,Doors,Interior,Not Applicable,Low: <= 5307,1,4171,Doors
AluDoor,Interior MDF Door,Interior,MDF,Solid,Bedroom,90x210 cm,Low,7.2,Piece,Per_Room,1,Bedroom,False,4312,Doors,Interior,Not Applicable,Low: <= 5307,1,4312,Doors
WoodCraft,Armored Security Door,Entrance,Steel,Armored,Main Entrance,100x220 cm,High,8.9,Piece,Fixed,1,Apartment,False,14434,Doors,Entrance,Not Applicable,High: > 9745,1,14434,Doors
WoodCraft,Aluminum Balcony Door,Balcony,Aluminum,Sliding,Balcony,180x220 cm,Medium,7.4,Piece,Per_Balcony,1,Balcony,False,5652,Doors,Balcony,Not Applicable,Medium: 5307 - 9745,1,5652,Doors
Security Doors,Aluminum Balcony Door,Balcony,Aluminum,Sliding,Balcony,180x220 cm,Medium,7.4,Piece,Per_Balcony,1,Balcony,False,5414,Doors,Balcony,Not Applicable,Medium: 5307 - 9745,1,5414,Doors
WPC Brand,Armored Security Door,Entrance,Steel,Armored,Main Entrance,100x220 cm,High,8.9,Piece,Fixed,1,Apartment,False,11721,Doors,Entrance,Not Applicable,High: > 9745,1,11721,Doors
WPC Brand,Armored Security Door,Entrance,Steel,Armored,Main Entrance,100x220 cm,High,8.9,Piece,Fixed,1,Apartment,False,12803,Doors,Entrance,Not Applicable,High: > 9745,1,12803,Doors
DoorTech,Armored Security Door,Entrance,Steel,Armored,Main Entrance,100x220 cm,High,8.9,Piece,Fixed,1,Apartment,False,11669,Doors,Entrance,Not Applicable,High: > 9745,1,11669,Doors
AluDoor,Interior MDF Door,Interior,MDF,Solid,Bedroom,90x210 cm,Medium,7.2,Piece,Per_Room,1,Bedroom,False,5714,Doors,Interior,Not Applicable,Medium: 5307 - 9745,1,5714,Doors
Security Doors,Interior MDF Door,Interior,MDF,Solid,Bedroom,90x210 cm,Low,7.2,Piece,Per_Room,1,Bedroom,False,3321,Doors,Interior,Not Applicable,Low: <= 5307,1,3321,Doors
AluDoor,Armored Security Door,Entrance,Steel,Armored,Main Entrance,100x220 cm,High,8.9,Piece,Fixed,1,Apartment,False,11151,Doors,Entrance,Not Applicable,High: > 9745,1,11151,Doors
DoorTech,Armored Security Door,Entrance,Steel,Armored,Main Entrance,100x220 cm,High,8.9,Piece,Fixed,1,Apartment,False,13161,Doors,Entrance,Not Applicable,High: > 9745,1,13161,Doors
WPC Brand,Aluminum Balcony Door,Balcony,Aluminum,Sliding,Balcony,180x220 cm,Medium,7.4,Piece,Per_Balcony,1,Balcony,False,7391,Doors,Balcony,Not Applicable,Medium: 5307 - 9745,1,7391,Doors
Security Doors,Interior MDF Door,Interior,MDF,Solid,Bedroom,90x210 cm,Medium,7.2,Piece,Per_Room,1,Bedroom,False,5355,Doors,Interior,Not Applicable,Medium: 5307 - 9745,1,5355,Doors
DoorTech,Aluminum Balcony Door,Balcony,Aluminum,Sliding,Balcony,180x220 cm,Medium,7.4,Piece,Per_Balcony,1,Balcony,False,7087,Doors,Balcony,Not Applicable,Medium: 5307 - 9745,1,7087,Doors
WPC Brand,Aluminum Balcony Door,Balcony,Aluminum,Sliding,Balcony,180x220 cm,Low,7.4,Piece,Per_Balcony,1,Balcony,False,4901,Doors,Balcony,Not Applicable,Low: <= 5307,1,4901,Doors
Security Doors,Aluminum Balcony Door,Balcony,Aluminum,Sliding,Balcony,180x220 cm,Low,7.4,Piece,Per_Balcony,1,Balcony,False,4600,Doors,Balcony,Not Applicable,Low: <= 5307,1,4600,Doors
Security Doors,Interior MDF Door,Interior,MDF,Solid,Bedroom,90x210 cm,Low,7.2,Piece,Per_Room,1,Bedroom,False,3866,Doors,Interior,Not Applicable,Low: <= 5307,1,3866,Doors
WoodCraft,Interior MDF Door,Interior,MDF,Solid,Bedroom,90x210 cm,Low,7.2,Piece,Per_Room,1,Bedroom,False,4772,Doors,Interior,Not Applicable,Low: <= 5307,1,4772,Doors
Security Doors,Aluminum Balcony Door,Balcony,Aluminum,Sliding,Balcony,180x220 cm,Medium,7.4,Piece,Per_Balcony,1,Balcony,False,5437,Doors,Balcony,Not Applicable,Medium: 5307 - 9745,1,5437,Doors
DoorTech,Interior MDF Door,Interior,MDF,Solid,Bedroom,90x210 cm,Low,7.2,Piece,Per_Room,1,Bedroom,False,3649,Doors,Interior,Not Applicable,Low: <= 5307,1,3649,Doors
WoodCraft,Aluminum Balcony Door,Balcony,Aluminum,Sliding,Balcony,180x220 cm,Medium,7.4,Piece,Per_Balcony,1,Balcony,False,6753,Doors,Balcony,Not Applicable,Medium: 5307 - 9745,1,6753,Doors
WoodCraft,Interior MDF Door,Interior,MDF,Solid,Bedroom,90x210 cm,Low,7.2,Piece,Per_Room,1,Bedroom,False,3992,Doors,Interior,Not Applicable,Low: <= 5307,1,3992,Doors
DoorTech,Aluminum Balcony Door,Balcony,Aluminum,Sliding,Balcony,180x220 cm,Medium,7.4,Piece,Per_Balcony,1,Balcony,False,7342,Doors,Balcony,Not Applicable,Medium: 5307 - 9745,1,7342,Doors
WoodCraft,Interior MDF Door,Interior,MDF,Solid,Bedroom,90x210 cm,Low,7.2,Piece,Per_Room,1,Bedroom,False,3814,Doors,Interior,Not Applicable,Low: <= 5307,1,3814,Doors
WoodCraft,Aluminum Balcony Door,Balcony,Aluminum,Sliding,Balcony,180x220 cm,Medium,7.4,Piece,Per_Balcony,1,Balcony,False,6094,Doors,Balcony,Not Applicable,Medium: 5307 - 9745,1,6094,Doors
DoorTech,Aluminum Balcony Door,Balcony,Aluminum,Sliding,Balcony,180x220 cm,Medium,7.4,Piece,Per_Balcony,1,Balcony,False,7181,Doors,Balcony,Not Applicable,Medium: 5307 - 9745,1,7181,Doors
Security Doors,Aluminum Balcony Door,Balcony,Aluminum,Sliding,Balcony,180x220 cm,Low,7.4,Piece,Per_Balcony,1,Balcony,False,4518,Doors,Balcony,Not Applicable,Low: <= 5307,1,4518,Doors
AluDoor,Interior MDF Door,Interior,MDF,Solid,Bedroom,90x210 cm,Low,7.2,Piece,Per_Room,1,Bedroom,False,4079,Doors,Interior,Not Applicable,Low: <= 5307,1,4079,Doors
WoodCraft,Aluminum Balcony Door,Balcony,Aluminum,Sliding,Balcony,180x220 cm,Medium,7.4,Piece,Per_Balcony,1,Balcony,False,5979,Doors,Balcony,Not Applicable,Medium: 5307 - 9745,1,5979,Doors
WoodCraft,Armored Security Door,Entrance,Steel,Armored,Main Entrance,100x220 cm,High,8.9,Piece,Fixed,1,Apartment,False,10561,Doors,Entrance,Not Applicable,High: > 9745,1,10561,Doors
DoorTech,Aluminum Balcony Door,Balcony,Aluminum,Sliding,Balcony,180x220 cm,Medium,7.4,Piece,Per_Balcony,1,Balcony,False,5714,Doors,Balcony,Not Applicable,Medium: 5307 - 9745,1,5714,Doors
Security Doors,Aluminum Balcony Door,Balcony,Aluminum,Sliding,Balcony,180x220 cm,Medium,7.4,Piece,Per_Balcony,1,Balcony,False,6740,Doors,Balcony,Not Applicable,Medium: 5307 - 9745,1,6740,Doors
WoodCraft,Armored Security Door,Entrance,Steel,Armored,Main Entrance,100x220 cm,High,8.9,Piece,Fixed,1,Apartment,False,13234,Doors,Entrance,Not Applicable,High: > 9745,1,13234,Doors
DoorTech,Interior MDF Door,Interior,MDF,Solid,Bedroom,90x210 cm,Low,7.2,Piece,Per_Room,1,Bedroom,False,4368,Doors,Interior,Not Applicable,Low: <= 5307,1,4368,Doors
WoodCraft,Interior MDF Door,Interior,MDF,Solid,Bedroom,90x210 cm,Low,7.2,Piece,Per_Room,1,Bedroom,False,4021,Doors,Interior,Not Applicable,Low: <= 5307,1,4021,Doors
Security Doors,Interior MDF Door,Interior,MDF,Solid,Bedroom,90x210 cm,Low,7.2,Piece,Per_Room,1,Bedroom,False,4553,Doors,Interior,Not Applicable,Low: <= 5307,1,4553,Doors
WPC Brand,Interior MDF Door,Interior,MDF,Solid,Bedroom,90x210 cm,Low,7.2,Piece,Per_Room,1,Bedroom,False,3268,Doors,Interior,Not Applicable,Low: <= 5307,1,3268,Doors
AluDoor,Armored Security Door,Entrance,Steel,Armored,Main Entrance,100x220 cm,High,8.9,Piece,Fixed,1,Apartment,False,10474,Doors,Entrance,Not Applicable,High: > 9745,1,10474,Doors
AluDoor,Aluminum Balcony Door,Balcony,Aluminum,Sliding,Balcony,180x220 cm,Medium,7.4,Piece,Per_Balcony,1,Balcony,False,6794,Doors,Balcony,Not Applicable,Medium: 5307 - 9745,1,6794,Doors
DoorTech,Aluminum Balcony Door,Balcony,Aluminum,Sliding,Balcony,180x220 cm,Medium,7.4,Piece,Per_Balcony,1,Balcony,False,7124,Doors,Balcony,Not Applicable,Medium: 5307 - 9745,1,7124,Doors
WoodCraft,Interior MDF Door,Interior,MDF,Solid,Bedroom,90x210 cm,Low,7.2,Piece,Per_Room,1,Bedroom,False,3443,Doors,Interior,Not Applicable,Low: <= 5307,1,3443,Doors
WPC Brand,Aluminum Balcony Door,Balcony,Aluminum,Sliding,Balcony,180x220 cm,Medium,7.4,Piece,Per_Balcony,1,Balcony,False,6225,Doors,Balcony,Not Applicable,Medium: 5307 - 9745,1,6225,Doors
DoorTech,Interior MDF Door,Interior,MDF,Solid,Bedroom,90x210 cm,Low,7.2,Piece,Per_Room,1,Bedroom,False,3978,Doors,Interior,Not Applicable,Low: <= 5307,1,3978,Doors
Security Doors,Armored Security Door,Entrance,Steel,Armored,Main Entrance,100x220 cm,High,8.9,Piece,Fixed,1,Apartment,False,13005,Doors,Entrance,Not Applicable,High: > 9745,1,13005,Doors
WPC Brand,Armored Security Door,Entrance,Steel,Armored,Main Entrance,100x220 cm,High,8.9,Piece,Fixed,1,Apartment,False,10612,Doors,Entrance,Not Applicable,High: > 9745,1,10612,Doors
AluDoor,Aluminum Balcony Door,Balcony,Aluminum,Sliding,Balcony,180x220 cm,Medium,7.4,Piece,Per_Balcony,1,Balcony,False,6076,Doors,Balcony,Not Applicable,Medium: 5307 - 9745,1,6076,Doors
WoodCraft,Aluminum Balcony Door,Balcony,Aluminum,Sliding,Balcony,180x220 cm,Low,7.4,Piece,Per_Balcony,1,Balcony,False,4793,Doors,Balcony,Not Applicable,Low: <= 5307,1,4793,Doors
Security Doors,Aluminum Balcony Door,Balcony,Aluminum,Sliding,Balcony,180x220 cm,Medium,7.4,Piece,Per_Balcony,1,Balcony,False,6069,Doors,Balcony,Not Applicable,Medium: 5307 - 9745,1,6069,Doors
Security Doors,Aluminum Balcony Door,Balcony,Aluminum,Sliding,Balcony,180x220 cm,Medium,7.4,Piece,Per_Balcony,1,Balcony,False,6762,Doors,Balcony,Not Applicable,Medium: 5307 - 9745,1,6762,Doors
DoorTech,Aluminum Balcony Door,Balcony,Aluminum,Sliding,Balcony,180x220 cm,Low,7.4,Piece,Per_Balcony,1,Balcony,False,4560,Doors,Balcony,Not Applicable,Low: <= 5307,1,4560,Doors
Security Doors,Aluminum Balcony Door,Balcony,Aluminum,Sliding,Balcony,180x220 cm,Medium,7.4,Piece,Per_Balcony,1,Balcony,False,7390,Doors,Balcony,Not Applicable,Medium: 5307 - 9745,1,7390,Doors
DoorTech,Armored Security Door,Entrance,Steel,Armored,Main Entrance,100x220 cm,High,8.9,Piece,Fixed,1,Apartment,False,14497,Doors,Entrance,Not Applicable,High: > 9745,1,14497,Doors
WoodCraft,Interior MDF Door,Interior,MDF,Solid,Bedroom,90x210 cm,Low,7.2,Piece,Per_Room,1,Bedroom,False,4118,Doors,Interior,Not Applicable,Low: <= 5307,1,4118,Doors
Security Doors,Aluminum Balcony Door,Balcony,Aluminum,Sliding,Balcony,180x220 cm,Medium,7.4,Piece,Per_Balcony,1,Balcony,False,5375,Doors,Balcony,Not Applicable,Medium: 5307 - 9745,1,5375,Doors
WoodCraft,Armored Security Door,Entrance,Steel,Armored,Main Entrance,100x220 cm,High,8.9,Piece,Fixed,1,Apartment,False,13793,Doors,Entrance,Not Applicable,High: > 9745,1,13793,Doors
Security Doors,Armored Security Door,Entrance,Steel,Armored,Main Entrance,100x220 cm,High,8.9,Piece,Fixed,1,Apartment,False,14028,Doors,Entrance,Not Applicable,High: > 9745,1,14028,Doors
WoodCraft,Aluminum Balcony Door,Balcony,Aluminum,Sliding,Balcony,180x220 cm,Low,7.4,Piece,Per_Balcony,1,Balcony,False,4976,Doors,Balcony,Not Applicable,Low: <= 5307,1,4976,Doors
DoorTech,Interior MDF Door,Interior,MDF,Solid,Bedroom,90x210 cm,Low,7.2,Piece,Per_Room,1,Bedroom,False,3593,Doors,Interior,Not Applicable,Low: <= 5307,1,3593,Doors
WoodCraft,Aluminum Balcony Door,Balcony,Aluminum,Sliding,Balcony,180x220 cm,Medium,7.4,Piece,Per_Balcony,1,Balcony,False,6150,Doors,Balcony,Not Applicable,Medium: 5307 - 9745,1,6150,Doors
AluDoor,Interior MDF Door,Interior,MDF,Solid,Bedroom,90x210 cm,Low,7.2,Piece,Per_Room,1,Bedroom,False,3398,Doors,Interior,Not Applicable,Low: <= 5307,1,3398,Doors
AluDoor,Aluminum Balcony Door,Balcony,Aluminum,Sliding,Balcony,180x220 cm,Medium,7.4,Piece,Per_Balcony,1,Balcony,False,6621,Doors,Balcony,Not Applicable,Medium: 5307 - 9745,1,6621,Doors
DoorTech,Interior MDF Door,Interior,MDF,Solid,Bedroom,90x210 cm,Low,7.2,Piece,Per_Room,1,Bedroom,False,3242,Doors,Interior,Not Applicable,Low: <= 5307,1,3242,Doors
AluDoor,Armored Security Door,Entrance,Steel,Armored,Main Entrance,100x220 cm,High,8.9,Piece,Fixed,1,Apartment,False,11896,Doors,Entrance,Not Applicable,High: > 9745,1,11896,Doors
WoodCraft,Aluminum Balcony Door,Balcony,Aluminum,Sliding,Balcony,180x220 cm,Low,7.4,Piece,Per_Balcony,1,Balcony,False,4900,Doors,Balcony,Not Applicable,Low: <= 5307,1,4900,Doors
WoodCraft,Aluminum Balcony Door,Balcony,Aluminum,Sliding,Balcony,180x220 cm,Medium,7.4,Piece,Per_Balcony,1,Balcony,False,5602,Doors,Balcony,Not Applicable,Medium: 5307 - 9745,1,5602,Doors
Security Doors,Aluminum Balcony Door,Balcony,Aluminum,Sliding,Balcony,180x220 cm,Medium,7.4,Piece,Per_Balcony,1,Balcony,False,6959,Doors,Balcony,Not Applicable,Medium: 5307 - 9745,1,6959,Doors
DoorTech,Aluminum Balcony Door,Balcony,Aluminum,Sliding,Balcony,180x220 cm,Low,7.4,Piece,Per_Balcony,1,Balcony,False,4601,Doors,Balcony,Not Applicable,Low: <= 5307,1,4601,Doors
Security Doors,Interior MDF Door,Interior,MDF,Solid,Bedroom,90x210 cm,Low,7.2,Piece,Per_Room,1,Bedroom,False,4068,Doors,Interior,Not Applicable,Low: <= 5307,1,4068,Doors
WPC Brand,Interior MDF Door,Interior,MDF,Solid,Bedroom,90x210 cm,Medium,7.2,Piece,Per_Room,1,Bedroom,False,5735,Doors,Interior,Not Applicable,Medium: 5307 - 9745,1,5735,Doors
DoorTech,Interior MDF Door,Interior,MDF,Solid,Bedroom,90x210 cm,Medium,7.2,Piece,Per_Room,1,Bedroom,False,5400,Doors,Interior,Not Applicable,Medium: 5307 - 9745,1,5400,Doors
WPC Brand,Aluminum Balcony Door,Balcony,Aluminum,Sliding,Balcony,180x220 cm,Low,7.4,Piece,Per_Balcony,1,Balcony,False,5139,Doors,Balcony,Not Applicable,Low: <= 5307,1,5139,Doors
WPC Brand,Armored Security Door,Entrance,Steel,Armored,Main Entrance,100x220 cm,High,8.9,Piece,Fixed,1,Apartment,False,13919,Doors,Entrance,Not Applicable,High: > 9745,1,13919,Doors
WoodCraft,Interior MDF Door,Interior,MDF,Solid,Bedroom,90x210 cm,Low,7.2,Piece,Per_Room,1,Bedroom,False,4310,Doors,Interior,Not Applicable,Low: <= 5307,1,4310,Doors
AluDoor,Aluminum Balcony Door,Balcony,Aluminum,Sliding,Balcony,180x220 cm,Medium,7.4,Piece,Per_Balcony,1,Balcony,False,7271,Doors,Balcony,Not Applicable,Medium: 5307 - 9745,1,7271,Doors
AluDoor,Aluminum Balcony Door,Balcony,Aluminum,Sliding,Balcony,180x220 cm,Medium,7.4,Piece,Per_Balcony,1,Balcony,False,7421,Doors,Balcony,Not Applicable,Medium: 5307 - 9745,1,7421,Doors
WPC Brand,Interior MDF Door,Interior,MDF,Solid,Bedroom,90x210 cm,Low,7.2,Piece,Per_Room,1,Bedroom,False,4377,Doors,Interior,Not Applicable,Low: <= 5307,1,4377,Doors
WoodCraft,Aluminum Balcony Door,Balcony,Aluminum,Sliding,Balcony,180x220 cm,Medium,7.4,Piece,Per_Balcony,1,Balcony,False,6864,Doors,Balcony,Not Applicable,Medium: 5307 - 9745,1,6864,Doors
WoodCraft,Interior MDF Door,Interior,MDF,Solid,Bedroom,90x210 cm,Low,7.2,Piece,Per_Room,1,Bedroom,False,4073,Doors,Interior,Not Applicable,Low: <= 5307,1,4073,Doors
WPC Brand,Aluminum Balcony Door,Balcony,Aluminum,Sliding,Balcony,180x220 cm,Low,7.4,Piece,Per_Balcony,1,Balcony,False,5105,Doors,Balcony,Not Applicable,Low: <= 5307,1,5105,Doors
Security Doors,Armored Security Door,Entrance,Steel,Armored,Main Entrance,100x220 cm,High,8.9,Piece,Fixed,1,Apartment,False,13880,Doors,Entrance,Not Applicable,High: > 9745,1,13880,Doors
AluDoor,Armored Security Door,Entrance,Steel,Armored,Main Entrance,100x220 cm,High,8.9,Piece,Fixed,1,Apartment,False,10217,Doors,Entrance,Not Applicable,High: > 9745,1,10217,Doors
WPC Brand,Interior MDF Door,Interior,MDF,Solid,Bedroom,90x210 cm,Medium,7.2,Piece,Per_Room,1,Bedroom,False,5484,Doors,Interior,Not Applicable,Medium: 5307 - 9745,1,5484,Doors
DoorTech,Aluminum Balcony Door,Balcony,Aluminum,Sliding,Balcony,180x220 cm,Low,7.4,Piece,Per_Balcony,1,Balcony,False,4818,Doors,Balcony,Not Applicable,Low: <= 5307,1,4818,Doors
Security Doors,Aluminum Balcony Door,Balcony,Aluminum,Sliding,Balcony,180x220 cm,Medium,7.4,Piece,Per_Balcony,1,Balcony,False,6111,Doors,Balcony,Not Applicable,Medium: 5307 - 9745,1,6111,Doors
Security Doors,Aluminum Balcony Door,Balcony,Aluminum,Sliding,Balcony,180x220 cm,Medium,7.4,Piece,Per_Balcony,1,Balcony,False,7449,Doors,Balcony,Not Applicable,Medium: 5307 - 9745,1,7449,Doors
DoorTech,Armored Security Door,Entrance,Steel,Armored,Main Entrance,100x220 cm,High,8.9,Piece,Fixed,1,Apartment,False,10848,Doors,Entrance,Not Applicable,High: > 9745,1,10848,Doors
WoodCraft,Aluminum Balcony Door,Balcony,Aluminum,Sliding,Balcony,180x220 cm,Medium,7.4,Piece,Per_Balcony,1,Balcony,False,7487,Doors,Balcony,Not Applicable,Medium: 5307 - 9745,1,7487,Doors
WPC Brand,Interior MDF Door,Interior,MDF,Solid,Bedroom,90x210 cm,Low,7.2,Piece,Per_Room,1,Bedroom,False,4543,Doors,Interior,Not Applicable,Low: <= 5307,1,4543,Doors
WPC Brand,Aluminum Balcony Door,Balcony,Aluminum,Sliding,Balcony,180x220 cm,Medium,7.4,Piece,Per_Balcony,1,Balcony,False,6738,Doors,Balcony,Not Applicable,Medium: 5307 - 9745,1,6738,Doors
DoorTech,Interior MDF Door,Interior,MDF,Solid,Bedroom,90x210 cm,Low,7.2,Piece,Per_Room,1,Bedroom,False,4796,Doors,Interior,Not Applicable,Low: <= 5307,1,4796,Doors
WoodCraft,Armored Security Door,Entrance,Steel,Armored,Main Entrance,100x220 cm,High,8.9,Piece,Fixed,1,Apartment,False,9874,Doors,Entrance,Not Applicable,High: > 9745,1,9874,Doors
Security Doors,Armored Security Door,Entrance,Steel,Armored,Main Entrance,100x220 cm,High,8.9,Piece,Fixed,1,Apartment,False,10023,Doors,Entrance,Not Applicable,High: > 9745,1,10023,Doors
DoorTech,Interior MDF Door,Interior,MDF,Solid,Bedroom,90x210 cm,Low,7.2,Piece,Per_Room,1,Bedroom,False,4331,Doors,Interior,Not Applicable,Low: <= 5307,1,4331,Doors
WoodCraft,Aluminum Balcony Door,Balcony,Aluminum,Sliding,Balcony,180x220 cm,Medium,7.4,Piece,Per_Balcony,1,Balcony,False,7272,Doors,Balcony,Not Applicable,Medium: 5307 - 9745,1,7272,Doors
AluDoor,Aluminum Balcony Door,Balcony,Aluminum,Sliding,Balcony,180x220 cm,Low,7.4,Piece,Per_Balcony,1,Balcony,False,4912,Doors,Balcony,Not Applicable,Low: <= 5307,1,4912,Doors
Security Doors,Armored Security Door,Entrance,Steel,Armored,Main Entrance,100x220 cm,High,8.9,Piece,Fixed,1,Apartment,False,12635,Doors,Entrance,Not Applicable,High: > 9745,1,12635,Doors
WPC Brand,Interior MDF Door,Interior,MDF,Solid,Bedroom,90x210 cm,Low,7.2,Piece,Per_Room,1,Bedroom,False,4246,Doors,Interior,Not Applicable,Low: <= 5307,1,4246,Doors
WoodCraft,Aluminum Balcony Door,Balcony,Aluminum,Sliding,Balcony,180x220 cm,Medium,7.4,Piece,Per_Balcony,1,Balcony,False,6487,Doors,Balcony,Not Applicable,Medium: 5307 - 9745,1,6487,Doors
Security Doors,Armored Security Door,Entrance,Steel,Armored,Main Entrance,100x220 cm,High,8.9,Piece,Fixed,1,Apartment,False,10462,Doors,Entrance,Not Applicable,High: > 9745,1,10462,Doors
WPC Brand,Interior MDF Door,Interior,MDF,Solid,Bedroom,90x210 cm,Low,7.2,Piece,Per_Room,1,Bedroom,False,3902,Doors,Interior,Not Applicable,Low: <= 5307,1,3902,Doors
DoorTech,Interior MDF Door,Interior,MDF,Solid,Bedroom,90x210 cm,Medium,7.2,Piece,Per_Room,1,Bedroom,False,5673,Doors,Interior,Not Applicable,Medium: 5307 - 9745,1,5673,Doors
DoorTech,Interior MDF Door,Interior,MDF,Solid,Bedroom,90x210 cm,Medium,7.2,Piece,Per_Room,1,Bedroom,False,5389,Doors,Interior,Not Applicable,Medium: 5307 - 9745,1,5389,Doors
WPC Brand,Aluminum Balcony Door,Balcony,Aluminum,Sliding,Balcony,180x220 cm,Medium,7.4,Piece,Per_Balcony,1,Balcony,False,5448,Doors,Balcony,Not Applicable,Medium: 5307 - 9745,1,5448,Doors
WoodCraft,Interior MDF Door,Interior,MDF,Solid,Bedroom,90x210 cm,Medium,7.2,Piece,Per_Room,1,Bedroom,False,5340,Doors,Interior,Not Applicable,Medium: 5307 - 9745,1,5340,Doors
DoorTech,Interior MDF Door,Interior,MDF,Solid,Bedroom,90x210 cm,Medium,7.2,Piece,Per_Room,1,Bedroom,False,5556,Doors,Interior,Not Applicable,Medium: 5307 - 9745,1,5556,Doors
WoodCraft,Armored Security Door,Entrance,Steel,Armored,Main Entrance,100x220 cm,Medium,8.9,Piece,Fixed,1,Apartment,False,9512,Doors,Entrance,Not Applicable,Medium: 5307 - 9745,1,9512,Doors
WPC Brand,Interior MDF Door,Interior,MDF,Solid,Bedroom,90x210 cm,Low,7.2,Piece,Per_Room,1,Bedroom,False,3999,Doors,Interior,Not Applicable,Low: <= 5307,1,3999,Doors
AluDoor,Armored Security Door,Entrance,Steel,Armored,Main Entrance,100x220 cm,Medium,8.9,Piece,Fixed,1,Apartment,False,9506,Doors,Entrance,Not Applicable,Medium: 5307 - 9745,1,9506,Doors
Security Doors,Interior MDF Door,Interior,MDF,Solid,Bedroom,90x210 cm,Medium,7.2,Piece,Per_Room,1,Bedroom,False,5507,Doors,Interior,Not Applicable,Medium: 5307 - 9745,1,5507,Doors
AluDoor,Armored Security Door,Entrance,Steel,Armored,Main Entrance,100x220 cm,High,8.9,Piece,Fixed,1,Apartment,False,13694,Doors,Entrance,Not Applicable,High: > 9745,1,13694,Doors
AluDoor,Armored Security Door,Entrance,Steel,Armored,Main Entrance,100x220 cm,High,8.9,Piece,Fixed,1,Apartment,False,11863,Doors,Entrance,Not Applicable,High: > 9745,1,11863,Doors
AluDoor,Interior MDF Door,Interior,MDF,Solid,Bedroom,90x210 cm,Medium,7.2,Piece,Per_Room,1,Bedroom,False,5539,Doors,Interior,Not Applicable,Medium: 5307 - 9745,1,5539,Doors
WoodCraft,Armored Security Door,Entrance,Steel,Armored,Main Entrance,100x220 cm,High,8.9,Piece,Fixed,1,Apartment,False,13615,Doors,Entrance,Not Applicable,High: > 9745,1,13615,Doors
DoorTech,Interior MDF Door,Interior,MDF,Solid,Bedroom,90x210 cm,Medium,7.2,Piece,Per_Room,1,Bedroom,False,5402,Doors,Interior,Not Applicable,Medium: 5307 - 9745,1,5402,Doors
Security Doors,Aluminum Balcony Door,Balcony,Aluminum,Sliding,Balcony,180x220 cm,Medium,7.4,Piece,Per_Balcony,1,Balcony,False,7360,Doors,Balcony,Not Applicable,Medium: 5307 - 9745,1,7360,Doors
WPC Brand,Armored Security Door,Entrance,Steel,Armored,Main Entrance,100x220 cm,Medium,8.9,Piece,Fixed,1,Apartment,False,9769,Doors,Entrance,Not Applicable,High: > 9745,1,9769,Doors
AluDoor,Interior MDF Door,Interior,MDF,Solid,Bedroom,90x210 cm,Low,7.2,Piece,Per_Room,1,Bedroom,False,5188,Doors,Interior,Not Applicable,Low: <= 5307,1,5188,Doors
DoorTech,Interior MDF Door,Interior,MDF,Solid,Bedroom,90x210 cm,Low,7.2,Piece,Per_Room,1,Bedroom,False,4710,Doors,Interior,Not Applicable,Low: <= 5307,1,4710,Doors
WPC Brand,Interior MDF Door,Interior,MDF,Solid,Bedroom,90x210 cm,Low,7.2,Piece,Per_Room,1,Bedroom,False,3823,Doors,Interior,Not Applicable,Low: <= 5307,1,3823,Doors
WoodCraft,Aluminum Balcony Door,Balcony,Aluminum,Sliding,Balcony,180x220 cm,Medium,7.4,Piece,Per_Balcony,1,Balcony,False,6123,Doors,Balcony,Not Applicable,Medium: 5307 - 9745,1,6123,Doors
DoorTech,Interior MDF Door,Interior,MDF,Solid,Bedroom,90x210 cm,Low,7.2,Piece,Per_Room,1,Bedroom,False,3974,Doors,Interior,Not Applicable,Low: <= 5307,1,3974,Doors
DoorTech,Aluminum Balcony Door,Balcony,Aluminum,Sliding,Balcony,180x220 cm,Medium,7.4,Piece,Per_Balcony,1,Balcony,False,5936,Doors,Balcony,Not Applicable,Medium: 5307 - 9745,1,5936,Doors
WPC Brand,Armored Security Door,Entrance,Steel,Armored,Main Entrance,100x220 cm,High,8.9,Piece,Fixed,1,Apartment,False,10554,Doors,Entrance,Not Applicable,High: > 9745,1,10554,Doors
AluDoor,Aluminum Balcony Door,Balcony,Aluminum,Sliding,Balcony,180x220 cm,Medium,7.4,Piece,Per_Balcony,1,Balcony,False,5519,Doors,Balcony,Not Applicable,Medium: 5307 - 9745,1,5519,Doors
Security Doors,Interior MDF Door,Interior,MDF,Solid,Bedroom,90x210 cm,Low,7.2,Piece,Per_Room,1,Bedroom,False,4523,Doors,Interior,Not Applicable,Low: <= 5307,1,4523,Doors
DoorTech,Armored Security Door,Entrance,Steel,Armored,Main Entrance,100x220 cm,High,8.9,Piece,Fixed,1,Apartment,False,12016,Doors,Entrance,Not Applicable,High: > 9745,1,12016,Doors
AluDoor,Armored Security Door,Entrance,Steel,Armored,Main Entrance,100x220 cm,High,8.9,Piece,Fixed,1,Apartment,False,11224,Doors,Entrance,Not Applicable,High: > 9745,1,11224,Doors
WPC Brand,Interior MDF Door,Interior,MDF,Solid,Bedroom,90x210 cm,Low,7.2,Piece,Per_Room,1,Bedroom,False,4260,Doors,Interior,Not Applicable,Low: <= 5307,1,4260,Doors
AluDoor,Aluminum Balcony Door,Balcony,Aluminum,Sliding,Balcony,180x220 cm,Low,7.4,Piece,Per_Balcony,1,Balcony,False,5187,Doors,Balcony,Not Applicable,Low: <= 5307,1,5187,Doors
WPC Brand,Interior MDF Door,Interior,MDF,Solid,Bedroom,90x210 cm,Medium,7.2,Piece,Per_Room,1,Bedroom,False,5745,Doors,Interior,Not Applicable,Medium: 5307 - 9745,1,5745,Doors
AluDoor,Aluminum Balcony Door,Balcony,Aluminum,Sliding,Balcony,180x220 cm,Low,7.4,Piece,Per_Balcony,1,Balcony,False,4990,Doors,Balcony,Not Applicable,Low: <= 5307,1,4990,Doors
DoorTech,Interior MDF Door,Interior,MDF,Solid,Bedroom,90x210 cm,Medium,7.2,Piece,Per_Room,1,Bedroom,False,5786,Doors,Interior,Not Applicable,Medium: 5307 - 9745,1,5786,Doors
DoorTech,Armored Security Door,Entrance,Steel,Armored,Main Entrance,100x220 cm,High,8.9,Piece,Fixed,1,Apartment,False,13930,Doors,Entrance,Not Applicable,High: > 9745,1,13930,Doors
WoodCraft,Armored Security Door,Entrance,Steel,Armored,Main Entrance,100x220 cm,High,8.9,Piece,Fixed,1,Apartment,False,12889,Doors,Entrance,Not Applicable,High: > 9745,1,12889,Doors
AluDoor,Interior MDF Door,Interior,MDF,Solid,Bedroom,90x210 cm,Medium,7.2,Piece,Per_Room,1,Bedroom,False,5433,Doors,Interior,Not Applicable,Medium: 5307 - 9745,1,5433,Doors
WoodCraft,Armored Security Door,Entrance,Steel,Armored,Main Entrance,100x220 cm,High,8.9,Piece,Fixed,1,Apartment,False,11745,Doors,Entrance,Not Applicable,High: > 9745,1,11745,Doors
WPC Brand,Aluminum Balcony Door,Balcony,Aluminum,Sliding,Balcony,180x220 cm,Low,7.4,Piece,Per_Balcony,1,Balcony,False,5117,Doors,Balcony,Not Applicable,Low: <= 5307,1,5117,Doors
WPC Brand,Interior MDF Door,Interior,MDF,Solid,Bedroom,90x210 cm,Low,7.2,Piece,Per_Room,1,Bedroom,False,5252,Doors,Interior,Not Applicable,Low: <= 5307,1,5252,Doors
WoodCraft,Aluminum Balcony Door,Balcony,Aluminum,Sliding,Balcony,180x220 cm,Medium,7.4,Piece,Per_Balcony,1,Balcony,False,7099,Doors,Balcony,Not Applicable,Medium: 5307 - 9745,1,7099,Doors
DoorTech,Armored Security Door,Entrance,Steel,Armored,Main Entrance,100x220 cm,High,8.9,Piece,Fixed,1,Apartment,False,14107,Doors,Entrance,Not Applicable,High: > 9745,1,14107,Doors
WPC Brand,Aluminum Balcony Door,Balcony,Aluminum,Sliding,Balcony,180x220 cm,Medium,7.4,Piece,Per_Balcony,1,Balcony,False,5909,Doors,Balcony,Not Applicable,Medium: 5307 - 9745,1,5909,Doors
WPC Brand,Armored Security Door,Entrance,Steel,Armored,Main Entrance,100x220 cm,High,8.9,Piece,Fixed,1,Apartment,False,13104,Doors,Entrance,Not Applicable,High: > 9745,1,13104,Doors
WPC Brand,Aluminum Balcony Door,Balcony,Aluminum,Sliding,Balcony,180x220 cm,Medium,7.4,Piece,Per_Balcony,1,Balcony,False,6640,Doors,Balcony,Not Applicable,Medium: 5307 - 9745,1,6640,Doors
WoodCraft,Aluminum Balcony Door,Balcony,Aluminum,Sliding,Balcony,180x220 cm,Medium,7.4,Piece,Per_Balcony,1,Balcony,False,6281,Doors,Balcony,Not Applicable,Medium: 5307 - 9745,1,6281,Doors
Security Doors,Interior MDF Door,Interior,MDF,Solid,Bedroom,90x210 cm,Low,7.2,Piece,Per_Room,1,Bedroom,False,4289,Doors,Interior,Not Applicable,Low: <= 5307,1,4289,Doors
Security Doors,Interior MDF Door,Interior,MDF,Solid,Bedroom,90x210 cm,Medium,7.2,Piece,Per_Room,1,Bedroom,False,5488,Doors,Interior,Not Applicable,Medium: 5307 - 9745,1,5488,Doors
AluDoor,Interior MDF Door,Interior,MDF,Solid,Bedroom,90x210 cm,Low,7.2,Piece,Per_Room,1,Bedroom,False,4121,Doors,Interior,Not Applicable,Low: <= 5307,1,4121,Doors
AluDoor,Armored Security Door,Entrance,Steel,Armored,Main Entrance,100x220 cm,High,8.9,Piece,Fixed,1,Apartment,False,12418,Doors,Entrance,Not Applicable,High: > 9745,1,12418,Doors
Security Doors,Armored Security Door,Entrance,Steel,Armored,Main Entrance,100x220 cm,High,8.9,Piece,Fixed,1,Apartment,False,11788,Doors,Entrance,Not Applicable,High: > 9745,1,11788,Doors
WPC Brand,Armored Security Door,Entrance,Steel,Armored,Main Entrance,100x220 cm,High,8.9,Piece,Fixed,1,Apartment,False,10170,Doors,Entrance,Not Applicable,High: > 9745,1,10170,Doors
WPC Brand,Armored Security Door,Entrance,Steel,Armored,Main Entrance,100x220 cm,High,8.9,Piece,Fixed,1,Apartment,False,13653,Doors,Entrance,Not Applicable,High: > 9745,1,13653,Doors
WPC Brand,Interior MDF Door,Interior,MDF,Solid,Bedroom,90x210 cm,Low,7.2,Piece,Per_Room,1,Bedroom,False,4372,Doors,Interior,Not Applicable,Low: <= 5307,1,4372,Doors
DoorTech,Aluminum Balcony Door,Balcony,Aluminum,Sliding,Balcony,180x220 cm,Medium,7.4,Piece,Per_Balcony,1,Balcony,False,5470,Doors,Balcony,Not Applicable,Medium: 5307 - 9745,1,5470,Doors
Security Doors,Armored Security Door,Entrance,Steel,Armored,Main Entrance,100x220 cm,High,8.9,Piece,Fixed,1,Apartment,False,9893,Doors,Entrance,Not Applicable,High: > 9745,1,9893,Doors
Security Doors,Interior MDF Door,Interior,MDF,Solid,Bedroom,90x210 cm,Low,7.2,Piece,Per_Room,1,Bedroom,False,3558,Doors,Interior,Not Applicable,Low: <= 5307,1,3558,Doors
WoodCraft,Interior MDF Door,Interior,MDF,Solid,Bedroom,90x210 cm,Low,7.2,Piece,Per_Room,1,Bedroom,False,5147,Doors,Interior,Not Applicable,Low: <= 5307,1,5147,Doors
DoorTech,Aluminum Balcony Door,Balcony,Aluminum,Sliding,Balcony,180x220 cm,Medium,7.4,Piece,Per_Balcony,1,Balcony,False,5530,Doors,Balcony,Not Applicable,Medium: 5307 - 9745,1,5530,Doors
Security Doors,Armored Security Door,Entrance,Steel,Armored,Main Entrance,100x220 cm,High,8.9,Piece,Fixed,1,Apartment,False,14046,Doors,Entrance,Not Applicable,High: > 9745,1,14046,Doors
Security Doors,Interior MDF Door,Interior,MDF,Solid,Bedroom,90x210 cm,Medium,7.2,Piece,Per_Room,1,Bedroom,False,5693,Doors,Interior,Not Applicable,Medium: 5307 - 9745,1,5693,Doors
WPC Brand,Aluminum Balcony Door,Balcony,Aluminum,Sliding,Balcony,180x220 cm,Medium,7.4,Piece,Per_Balcony,1,Balcony,False,5593,Doors,Balcony,Not Applicable,Medium: 5307 - 9745,1,5593,Doors
DoorTech,Interior MDF Door,Interior,MDF,Solid,Bedroom,90x210 cm,Low,7.2,Piece,Per_Room,1,Bedroom,False,4614,Doors,Interior,Not Applicable,Low: <= 5307,1,4614,Doors
Security Doors,Interior MDF Door,Interior,MDF,Solid,Bedroom,90x210 cm,Low,7.2,Piece,Per_Room,1,Bedroom,False,3707,Doors,Interior,Not Applicable,Low: <= 5307,1,3707,Doors
DoorTech,Armored Security Door,Entrance,Steel,Armored,Main Entrance,100x220 cm,High,8.9,Piece,Fixed,1,Apartment,False,14395,Doors,Entrance,Not Applicable,High: > 9745,1,14395,Doors
WPC Brand,Armored Security Door,Entrance,Steel,Armored,Main Entrance,100x220 cm,High,8.9,Piece,Fixed,1,Apartment,False,11003,Doors,Entrance,Not Applicable,High: > 9745,1,11003,Doors
Security Doors,Armored Security Door,Entrance,Steel,Armored,Main Entrance,100x220 cm,High,8.9,Piece,Fixed,1,Apartment,False,10620,Doors,Entrance,Not Applicable,High: > 9745,1,10620,Doors
AluDoor,Aluminum Balcony Door,Balcony,Aluminum,Sliding,Balcony,180x220 cm,Medium,7.4,Piece,Per_Balcony,1,Balcony,False,7024,Doors,Balcony,Not Applicable,Medium: 5307 - 9745,1,7024,Doors
Security Doors,Armored Security Door,Entrance,Steel,Armored,Main Entrance,100x220 cm,High,8.9,Piece,Fixed,1,Apartment,False,9907,Doors,Entrance,Not Applicable,High: > 9745,1,9907,Doors
WoodCraft,Armored Security Door,Entrance,Steel,Armored,Main Entrance,100x220 cm,High,8.9,Piece,Fixed,1,Apartment,False,9846,Doors,Entrance,Not Applicable,High: > 9745,1,9846,Doors
DoorTech,Aluminum Balcony Door,Balcony,Aluminum,Sliding,Balcony,180x220 cm,Medium,7.4,Piece,Per_Balcony,1,Balcony,False,5532,Doors,Balcony,Not Applicable,Medium: 5307 - 9745,1,5532,Doors
WoodCraft,Aluminum Balcony Door,Balcony,Aluminum,Sliding,Balcony,180x220 cm,Medium,7.4,Piece,Per_Balcony,1,Balcony,False,6098,Doors,Balcony,Not Applicable,Medium: 5307 - 9745,1,6098,Doors
WoodCraft,Aluminum Balcony Door,Balcony,Aluminum,Sliding,Balcony,180x220 cm,Medium,7.4,Piece,Per_Balcony,1,Balcony,False,5308,Doors,Balcony,Not Applicable,Medium: 5307 - 9745,1,5308,Doors
Security Doors,Armored Security Door,Entrance,Steel,Armored,Main Entrance,100x220 cm,High,8.9,Piece,Fixed,1,Apartment,False,12680,Doors,Entrance,Not Applicable,High: > 9745,1,12680,Doors
Security Doors,Armored Security Door,Entrance,Steel,Armored,Main Entrance,100x220 cm,High,8.9,Piece,Fixed,1,Apartment,False,13453,Doors,Entrance,Not Applicable,High: > 9745,1,13453,Doors
DoorTech,Interior MDF Door,Interior,MDF,Solid,Bedroom,90x210 cm,Low,7.2,Piece,Per_Room,1,Bedroom,False,5290,Doors,Interior,Not Applicable,Low: <= 5307,1,5290,Doors
DoorTech,Aluminum Balcony Door,Balcony,Aluminum,Sliding,Balcony,180x220 cm,Low,7.4,Piece,Per_Balcony,1,Balcony,False,5172,Doors,Balcony,Not Applicable,Low: <= 5307,1,5172,Doors
Security Doors,Aluminum Balcony Door,Balcony,Aluminum,Sliding,Balcony,180x220 cm,Medium,7.4,Piece,Per_Balcony,1,Balcony,False,6624,Doors,Balcony,Not Applicable,Medium: 5307 - 9745,1,6624,Doors
AluDoor,Aluminum Balcony Door,Balcony,Aluminum,Sliding,Balcony,180x220 cm,Medium,7.4,Piece,Per_Balcony,1,Balcony,False,6421,Doors,Balcony,Not Applicable,Medium: 5307 - 9745,1,6421,Doors
WoodCraft,Armored Security Door,Entrance,Steel,Armored,Main Entrance,100x220 cm,High,8.9,Piece,Fixed,1,Apartment,False,11493,Doors,Entrance,Not Applicable,High: > 9745,1,11493,Doors
DoorTech,Aluminum Balcony Door,Balcony,Aluminum,Sliding,Balcony,180x220 cm,Medium,7.4,Piece,Per_Balcony,1,Balcony,False,7320,Doors,Balcony,Not Applicable,Medium: 5307 - 9745,1,7320,Doors
AluDoor,Interior MDF Door,Interior,MDF,Solid,Bedroom,90x210 cm,Medium,7.2,Piece,Per_Room,1,Bedroom,False,5454,Doors,Interior,Not Applicable,Medium: 5307 - 9745,1,5454,Doors
Security Doors,Interior MDF Door,Interior,MDF,Solid,Bedroom,90x210 cm,Low,7.2,Piece,Per_Room,1,Bedroom,False,4123,Doors,Interior,Not Applicable,Low: <= 5307,1,4123,Doors
WPC Brand,Interior MDF Door,Interior,MDF,Solid,Bedroom,90x210 cm,Low,7.2,Piece,Per_Room,1,Bedroom,False,4191,Doors,Interior,Not Applicable,Low: <= 5307,1,4191,Doors
WPC Brand,Armored Security Door,Entrance,Steel,Armored,Main Entrance,100x220 cm,High,8.9,Piece,Fixed,1,Apartment,False,11404,Doors,Entrance,Not Applicable,High: > 9745,1,11404,Doors
WPC Brand,Armored Security Door,Entrance,Steel,Armored,Main Entrance,100x220 cm,High,8.9,Piece,Fixed,1,Apartment,False,13758,Doors,Entrance,Not Applicable,High: > 9745,1,13758,Doors
Security Doors,Interior MDF Door,Interior,MDF,Solid,Bedroom,90x210 cm,Low,7.2,Piece,Per_Room,1,Bedroom,False,3363,Doors,Interior,Not Applicable,Low: <= 5307,1,3363,Doors
Security Doors,Aluminum Balcony Door,Balcony,Aluminum,Sliding,Balcony,180x220 cm,Medium,7.4,Piece,Per_Balcony,1,Balcony,False,5984,Doors,Balcony,Not Applicable,Medium: 5307 - 9745,1,5984,Doors
Security Doors,Interior MDF Door,Interior,MDF,Solid,Bedroom,90x210 cm,Medium,7.2,Piece,Per_Room,1,Bedroom,False,5445,Doors,Interior,Not Applicable,Medium: 5307 - 9745,1,5445,Doors
Security Doors,Interior MDF Door,Interior,MDF,Solid,Bedroom,90x210 cm,Low,7.2,Piece,Per_Room,1,Bedroom,False,3225,Doors,Interior,Not Applicable,Low: <= 5307,1,3225,Doors
WoodCraft,Interior MDF Door,Interior,MDF,Solid,Bedroom,90x210 cm,Low,7.2,Piece,Per_Room,1,Bedroom,False,3668,Doors,Interior,Not Applicable,Low: <= 5307,1,3668,Doors
DoorTech,Interior MDF Door,Interior,MDF,Solid,Bedroom,90x210 cm,Low,7.2,Piece,Per_Room,1,Bedroom,False,3831,Doors,Interior,Not Applicable,Low: <= 5307,1,3831,Doors
DoorTech,Aluminum Balcony Door,Balcony,Aluminum,Sliding,Balcony,180x220 cm,Medium,7.4,Piece,Per_Balcony,1,Balcony,False,6184,Doors,Balcony,Not Applicable,Medium: 5307 - 9745,1,6184,Doors
WPC Brand,Armored Security Door,Entrance,Steel,Armored,Main Entrance,100x220 cm,High,8.9,Piece,Fixed,1,Apartment,False,10708,Doors,Entrance,Not Applicable,High: > 9745,1,10708,Doors
AluDoor,Interior MDF Door,Interior,MDF,Solid,Bedroom,90x210 cm,Low,7.2,Piece,Per_Room,1,Bedroom,False,3219,Doors,Interior,Not Applicable,Low: <= 5307,1,3219,Doors
WPC Brand,Armored Security Door,Entrance,Steel,Armored,Main Entrance,100x220 cm,High,8.9,Piece,Fixed,1,Apartment,False,14063,Doors,Entrance,Not Applicable,High: > 9745,1,14063,Doors
Security Doors,Armored Security Door,Entrance,Steel,Armored,Main Entrance,100x220 cm,High,8.9,Piece,Fixed,1,Apartment,False,10989,Doors,Entrance,Not Applicable,High: > 9745,1,10989,Doors
AluDoor,Aluminum Balcony Door,Balcony,Aluminum,Sliding,Balcony,180x220 cm,Medium,7.4,Piece,Per_Balcony,1,Balcony,False,6407,Doors,Balcony,Not Applicable,Medium: 5307 - 9745,1,6407,Doors
WPC Brand,Interior MDF Door,Interior,MDF,Solid,Bedroom,90x210 cm,Low,7.2,Piece,Per_Room,1,Bedroom,False,3641,Doors,Interior,Not Applicable,Low: <= 5307,1,3641,Doors
DoorTech,Aluminum Balcony Door,Balcony,Aluminum,Sliding,Balcony,180x220 cm,Medium,7.4,Piece,Per_Balcony,1,Balcony,False,6260,Doors,Balcony,Not Applicable,Medium: 5307 - 9745,1,6260,Doors
Security Doors,Armored Security Door,Entrance,Steel,Armored,Main Entrance,100x220 cm,High,8.9,Piece,Fixed,1,Apartment,False,10534,Doors,Entrance,Not Applicable,High: > 9745,1,10534,Doors
DoorTech,Aluminum Balcony Door,Balcony,Aluminum,Sliding,Balcony,180x220 cm,Low,7.4,Piece,Per_Balcony,1,Balcony,False,4561,Doors,Balcony,Not Applicable,Low: <= 5307,1,4561,Doors
DoorTech,Aluminum Balcony Door,Balcony,Aluminum,Sliding,Balcony,180x220 cm,Medium,7.4,Piece,Per_Balcony,1,Balcony,False,6623,Doors,Balcony,Not Applicable,Medium: 5307 - 9745,1,6623,Doors
Security Doors,Aluminum Balcony Door,Balcony,Aluminum,Sliding,Balcony,180x220 cm,Medium,7.4,Piece,Per_Balcony,1,Balcony,False,6901,Doors,Balcony,Not Applicable,Medium: 5307 - 9745,1,6901,Doors
DoorTech,Armored Security Door,Entrance,Steel,Armored,Main Entrance,100x220 cm,High,8.9,Piece,Fixed,1,Apartment,False,11977,Doors,Entrance,Not Applicable,High: > 9745,1,11977,Doors
WoodCraft,Aluminum Balcony Door,Balcony,Aluminum,Sliding,Balcony,180x220 cm,Medium,7.4,Piece,Per_Balcony,1,Balcony,False,6085,Doors,Balcony,Not Applicable,Medium: 5307 - 9745,1,6085,Doors
AluDoor,Aluminum Balcony Door,Balcony,Aluminum,Sliding,Balcony,180x220 cm,Low,7.4,Piece,Per_Balcony,1,Balcony,False,4637,Doors,Balcony,Not Applicable,Low: <= 5307,1,4637,Doors
Security Doors,Aluminum Balcony Door,Balcony,Aluminum,Sliding,Balcony,180x220 cm,Low,7.4,Piece,Per_Balcony,1,Balcony,False,5100,Doors,Balcony,Not Applicable,Low: <= 5307,1,5100,Doors
DoorTech,Interior MDF Door,Interior,MDF,Solid,Bedroom,90x210 cm,Low,7.2,Piece,Per_Room,1,Bedroom,False,3457,Doors,Interior,Not Applicable,Low: <= 5307,1,3457,Doors
WPC Brand,Armored Security Door,Entrance,Steel,Armored,Main Entrance,100x220 cm,High,8.9,Piece,Fixed,1,Apartment,False,11940,Doors,Entrance,Not Applicable,High: > 9745,1,11940,Doors
Security Doors,Armored Security Door,Entrance,Steel,Armored,Main Entrance,100x220 cm,High,8.9,Piece,Fixed,1,Apartment,False,10664,Doors,Entrance,Not Applicable,High: > 9745,1,10664,Doors
WPC Brand,Armored Security Door,Entrance,Steel,Armored,Main Entrance,100x220 cm,High,8.9,Piece,Fixed,1,Apartment,False,13200,Doors,Entrance,Not Applicable,High: > 9745,1,13200,Doors
Security Doors,Interior MDF Door,Interior,MDF,Solid,Bedroom,90x210 cm,Low,7.2,Piece,Per_Room,1,Bedroom,False,3214,Doors,Interior,Not Applicable,Low: <= 5307,1,3214,Doors
AluDoor,Interior MDF Door,Interior,MDF,Solid,Bedroom,90x210 cm,Medium,7.2,Piece,Per_Room,1,Bedroom,False,5437,Doors,Interior,Not Applicable,Medium: 5307 - 9745,1,5437,Doors
AluDoor,Armored Security Door,Entrance,Steel,Armored,Main Entrance,100x220 cm,High,8.9,Piece,Fixed,1,Apartment,False,13180,Doors,Entrance,Not Applicable,High: > 9745,1,13180,Doors
AluDoor,Aluminum Balcony Door,Balcony,Aluminum,Sliding,Balcony,180x220 cm,Medium,7.4,Piece,Per_Balcony,1,Balcony,False,6055,Doors,Balcony,Not Applicable,Medium: 5307 - 9745,1,6055,Doors
AluDoor,Interior MDF Door,Interior,MDF,Solid,Bedroom,90x210 cm,Low,7.2,Piece,Per_Room,1,Bedroom,False,4168,Doors,Interior,Not Applicable,Low: <= 5307,1,4168,Doors
DoorTech,Aluminum Balcony Door,Balcony,Aluminum,Sliding,Balcony,180x220 cm,Medium,7.4,Piece,Per_Balcony,1,Balcony,False,6204,Doors,Balcony,Not Applicable,Medium: 5307 - 9745,1,6204,Doors
DoorTech,Aluminum Balcony Door,Balcony,Aluminum,Sliding,Balcony,180x220 cm,Medium,7.4,Piece,Per_Balcony,1,Balcony,False,6533,Doors,Balcony,Not Applicable,Medium: 5307 - 9745,1,6533,Doors
WPC Brand,Armored Security Door,Entrance,Steel,Armored,Main Entrance,100x220 cm,High,8.9,Piece,Fixed,1,Apartment,False,12493,Doors,Entrance,Not Applicable,High: > 9745,1,12493,Doors
DoorTech,Interior MDF Door,Interior,MDF,Solid,Bedroom,90x210 cm,Low,7.2,Piece,Per_Room,1,Bedroom,False,3570,Doors,Interior,Not Applicable,Low: <= 5307,1,3570,Doors
DoorTech,Interior MDF Door,Interior,MDF,Solid,Bedroom,90x210 cm,Low,7.2,Piece,Per_Room,1,Bedroom,False,3391,Doors,Interior,Not Applicable,Low: <= 5307,1,3391,Doors
Security Doors,Interior MDF Door,Interior,MDF,Solid,Bedroom,90x210 cm,Low,7.2,Piece,Per_Room,1,Bedroom,False,3630,Doors,Interior,Not Applicable,Low: <= 5307,1,3630,Doors
AluDoor,Armored Security Door,Entrance,Steel,Armored,Main Entrance,100x220 cm,High,8.9,Piece,Fixed,1,Apartment,False,10364,Doors,Entrance,Not Applicable,High: > 9745,1,10364,Doors
WoodCraft,Interior MDF Door,Interior,MDF,Solid,Bedroom,90x210 cm,Low,7.2,Piece,Per_Room,1,Bedroom,False,3487,Doors,Interior,Not Applicable,Low: <= 5307,1,3487,Doors
WPC Brand,Interior MDF Door,Interior,MDF,Solid,Bedroom,90x210 cm,Low,7.2,Piece,Per_Room,1,Bedroom,False,3556,Doors,Interior,Not Applicable,Low: <= 5307,1,3556,Doors
Security Doors,Armored Security Door,Entrance,Steel,Armored,Main Entrance,100x220 cm,High,8.9,Piece,Fixed,1,Apartment,False,14471,Doors,Entrance,Not Applicable,High: > 9745,1,14471,Doors
DoorTech,Armored Security Door,Entrance,Steel,Armored,Main Entrance,100x220 cm,High,8.9,Piece,Fixed,1,Apartment,False,12089,Doors,Entrance,Not Applicable,High: > 9745,1,12089,Doors
WPC Brand,Interior MDF Door,Interior,MDF,Solid,Bedroom,90x210 cm,Low,7.2,Piece,Per_Room,1,Bedroom,False,3918,Doors,Interior,Not Applicable,Low: <= 5307,1,3918,Doors
WPC Brand,Aluminum Balcony Door,Balcony,Aluminum,Sliding,Balcony,180x220 cm,Low,7.4,Piece,Per_Balcony,1,Balcony,False,4506,Doors,Balcony,Not Applicable,Low: <= 5307,1,4506,Doors
Security Doors,Armored Security Door,Entrance,Steel,Armored,Main Entrance,100x220 cm,High,8.9,Piece,Fixed,1,Apartment,False,14066,Doors,Entrance,Not Applicable,High: > 9745,1,14066,Doors
DoorTech,Aluminum Balcony Door,Balcony,Aluminum,Sliding,Balcony,180x220 cm,Low,7.4,Piece,Per_Balcony,1,Balcony,False,5188,Doors,Balcony,Not Applicable,Low: <= 5307,1,5188,Doors
DoorTech,Aluminum Balcony Door,Balcony,Aluminum,Sliding,Balcony,180x220 cm,Medium,7.4,Piece,Per_Balcony,1,Balcony,False,6923,Doors,Balcony,Not Applicable,Medium: 5307 - 9745,1,6923,Doors
WoodCraft,Interior MDF Door,Interior,MDF,Solid,Bedroom,90x210 cm,Medium,7.2,Piece,Per_Room,1,Bedroom,False,5350,Doors,Interior,Not Applicable,Medium: 5307 - 9745,1,5350,Doors
Security Doors,Interior MDF Door,Interior,MDF,Solid,Bedroom,90x210 cm,Low,7.2,Piece,Per_Room,1,Bedroom,False,4041,Doors,Interior,Not Applicable,Low: <= 5307,1,4041,Doors
Security Doors,Aluminum Balcony Door,Balcony,Aluminum,Sliding,Balcony,180x220 cm,Medium,7.4,Piece,Per_Balcony,1,Balcony,False,6937,Doors,Balcony,Not Applicable,Medium: 5307 - 9745,1,6937,Doors
WoodCraft,Armored Security Door,Entrance,Steel,Armored,Main Entrance,100x220 cm,High,8.9,Piece,Fixed,1,Apartment,False,13799,Doors,Entrance,Not Applicable,High: > 9745,1,13799,Doors
DoorTech,Armored Security Door,Entrance,Steel,Armored,Main Entrance,100x220 cm,High,8.9,Piece,Fixed,1,Apartment,False,11314,Doors,Entrance,Not Applicable,High: > 9745,1,11314,Doors
WPC Brand,Aluminum Balcony Door,Balcony,Aluminum,Sliding,Balcony,180x220 cm,Medium,7.4,Piece,Per_Balcony,1,Balcony,False,6039,Doors,Balcony,Not Applicable,Medium: 5307 - 9745,1,6039,Doors
AluDoor,Armored Security Door,Entrance,Steel,Armored,Main Entrance,100x220 cm,High,8.9,Piece,Fixed,1,Apartment,False,14445,Doors,Entrance,Not Applicable,High: > 9745,1,14445,Doors
WPC Brand,Armored Security Door,Entrance,Steel,Armored,Main Entrance,100x220 cm,High,8.9,Piece,Fixed,1,Apartment,False,11921,Doors,Entrance,Not Applicable,High: > 9745,1,11921,Doors
AluDoor,Interior MDF Door,Interior,MDF,Solid,Bedroom,90x210 cm,Low,7.2,Piece,Per_Room,1,Bedroom,False,4293,Doors,Interior,Not Applicable,Low: <= 5307,1,4293,Doors
WPC Brand,Armored Security Door,Entrance,Steel,Armored,Main Entrance,100x220 cm,High,8.9,Piece,Fixed,1,Apartment,False,12870,Doors,Entrance,Not Applicable,High: > 9745,1,12870,Doors
DoorTech,Interior MDF Door,Interior,MDF,Solid,Bedroom,90x210 cm,Medium,7.2,Piece,Per_Room,1,Bedroom,False,5664,Doors,Interior,Not Applicable,Medium: 5307 - 9745,1,5664,Doors
Security Doors,Armored Security Door,Entrance,Steel,Armored,Main Entrance,100x220 cm,High,8.9,Piece,Fixed,1,Apartment,False,13673,Doors,Entrance,Not Applicable,High: > 9745,1,13673,Doors
WPC Brand,Aluminum Balcony Door,Balcony,Aluminum,Sliding,Balcony,180x220 cm,Low,7.4,Piece,Per_Balcony,1,Balcony,False,4584,Doors,Balcony,Not Applicable,Low: <= 5307,1,4584,Doors
AluDoor,Armored Security Door,Entrance,Steel,Armored,Main Entrance,100x220 cm,High,8.9,Piece,Fixed,1,Apartment,False,10206,Doors,Entrance,Not Applicable,High: > 9745,1,10206,Doors
DoorTech,Interior MDF Door,Interior,MDF,Solid,Bedroom,90x210 cm,Low,7.2,Piece,Per_Room,1,Bedroom,False,4173,Doors,Interior,Not Applicable,Low: <= 5307,1,4173,Doors
DoorTech,Armored Security Door,Entrance,Steel,Armored,Main Entrance,100x220 cm,High,8.9,Piece,Fixed,1,Apartment,False,14384,Doors,Entrance,Not Applicable,High: > 9745,1,14384,Doors
WPC Brand,Interior MDF Door,Interior,MDF,Solid,Bedroom,90x210 cm,Low,7.2,Piece,Per_Room,1,Bedroom,False,3708,Doors,Interior,Not Applicable,Low: <= 5307,1,3708,Doors
AluDoor,Armored Security Door,Entrance,Steel,Armored,Main Entrance,100x220 cm,High,8.9,Piece,Fixed,1,Apartment,False,12579,Doors,Entrance,Not Applicable,High: > 9745,1,12579,Doors
Security Doors,Armored Security Door,Entrance,Steel,Armored,Main Entrance,100x220 cm,High,8.9,Piece,Fixed,1,Apartment,False,10103,Doors,Entrance,Not Applicable,High: > 9745,1,10103,Doors
WPC Brand,Armored Security Door,Entrance,Steel,Armored,Main Entrance,100x220 cm,High,8.9,Piece,Fixed,1,Apartment,False,13177,Doors,Entrance,Not Applicable,High: > 9745,1,13177,Doors
AluDoor,Armored Security Door,Entrance,Steel,Armored,Main Entrance,100x220 cm,High,8.9,Piece,Fixed,1,Apartment,False,11492,Doors,Entrance,Not Applicable,High: > 9745,1,11492,Doors
AluDoor,Interior MDF Door,Interior,MDF,Solid,Bedroom,90x210 cm,Low,7.2,Piece,Per_Room,1,Bedroom,False,3276,Doors,Interior,Not Applicable,Low: <= 5307,1,3276,Doors
WPC Brand,Armored Security Door,Entrance,Steel,Armored,Main Entrance,100x220 cm,High,8.9,Piece,Fixed,1,Apartment,False,9794,Doors,Entrance,Not Applicable,High: > 9745,1,9794,Doors
WPC Brand,Aluminum Balcony Door,Balcony,Aluminum,Sliding,Balcony,180x220 cm,Medium,7.4,Piece,Per_Balcony,1,Balcony,False,7311,Doors,Balcony,Not Applicable,Medium: 5307 - 9745,1,7311,Doors
WoodCraft,Interior MDF Door,Interior,MDF,Solid,Bedroom,90x210 cm,Medium,7.2,Piece,Per_Room,1,Bedroom,False,5778,Doors,Interior,Not Applicable,Medium: 5307 - 9745,1,5778,Doors
AluDoor,Aluminum Balcony Door,Balcony,Aluminum,Sliding,Balcony,180x220 cm,Medium,7.4,Piece,Per_Balcony,1,Balcony,False,5890,Doors,Balcony,Not Applicable,Medium: 5307 - 9745,1,5890,Doors
AluDoor,Aluminum Balcony Door,Balcony,Aluminum,Sliding,Balcony,180x220 cm,Low,7.4,Piece,Per_Balcony,1,Balcony,False,5250,Doors,Balcony,Not Applicable,Low: <= 5307,1,5250,Doors
DoorTech,Interior MDF Door,Interior,MDF,Solid,Bedroom,90x210 cm,Low,7.2,Piece,Per_Room,1,Bedroom,False,3346,Doors,Interior,Not Applicable,Low: <= 5307,1,3346,Doors
Security Doors,Armored Security Door,Entrance,Steel,Armored,Main Entrance,100x220 cm,High,8.9,Piece,Fixed,1,Apartment,False,14197,Doors,Entrance,Not Applicable,High: > 9745,1,14197,Doors
WoodCraft,Interior MDF Door,Interior,MDF,Solid,Bedroom,90x210 cm,Low,7.2,Piece,Per_Room,1,Bedroom,False,3760,Doors,Interior,Not Applicable,Low: <= 5307,1,3760,Doors
WoodCraft,Aluminum Balcony Door,Balcony,Aluminum,Sliding,Balcony,180x220 cm,Medium,7.4,Piece,Per_Balcony,1,Balcony,False,6880,Doors,Balcony,Not Applicable,Medium: 5307 - 9745,1,6880,Doors
AluDoor,Armored Security Door,Entrance,Steel,Armored,Main Entrance,100x220 cm,High,8.9,Piece,Fixed,1,Apartment,False,10898,Doors,Entrance,Not Applicable,High: > 9745,1,10898,Doors
WPC Brand,Armored Security Door,Entrance,Steel,Armored,Main Entrance,100x220 cm,High,8.9,Piece,Fixed,1,Apartment,False,10470,Doors,Entrance,Not Applicable,High: > 9745,1,10470,Doors
WoodCraft,Armored Security Door,Entrance,Steel,Armored,Main Entrance,100x220 cm,High,8.9,Piece,Fixed,1,Apartment,False,10346,Doors,Entrance,Not Applicable,High: > 9745,1,10346,Doors
WoodCraft,Interior MDF Door,Interior,MDF,Solid,Bedroom,90x210 cm,Low,7.2,Piece,Per_Room,1,Bedroom,False,4512,Doors,Interior,Not Applicable,Low: <= 5307,1,4512,Doors
