Apartment_Area_m2,Rooms,Bathrooms,Master_Bathrooms,Balconies,Receptions,Finishing_Level,Ceilings_Quality,Doors_Quality,Electrical_Basic_Quality,Electrical_Finishing_Quality,Flooring_Quality,Paints_Quality,Plumbing_Quality,Sanitary_Quality,Include_Reception_Ceiling_Upgrade,Include_Reception_Chandelier,Include_Master_Bathroom_Upgrade,Plumbing_System,Total_Finishing_Cost_EGP
126.2,3,1,1,1,1,Medium,Low,Medium,Low,Medium,Medium,Medium,Medium,Medium,1,0,0,PVC Pipes,258998.29
95.2,2,1,1,1,1,High,Medium,Medium,High,High,High,Medium,High,High,1,1,1,PVC Pipes,223458.01
81.9,2,1,1,1,1,Medium,Medium,Medium,High,Medium,High,Medium,Medium,Low,0,0,0,PVC Pipes,156286.96
149.0,4,1,1,0,1,Medium,Medium,Medium,High,Medium,Low,Medium,High,Medium,1,0,0,PVC Pipes,299506.85
114.8,3,2,1,1,1,Medium,Medium,High,High,Low,Low,Medium,High,Medium,0,1,1,PVC Pipes,249551.55
113.1,3,2,1,0,1,High,High,High,High,High,High,High,High,Medium,1,1,0,PVC Pipes,271981.69
164.0,4,1,1,2,1,High,High,Medium,High,Medium,High,High,High,High,1,1,0,PVC Pipes,352423.78
96.2,2,1,1,1,1,Medium,Medium,Medium,Medium,High,Medium,Medium,Medium,High,1,0,1,PVC Pipes,204642.77
90.3,2,1,1,0,1,Low,Medium,Low,Low,Low,Low,Low,Low,Low,0,0,0,PPR Pipes,147901.42
116.2,3,1,1,2,1,Low,Low,Low,Medium,Medium,Low,Low,Low,Low,0,0,0,PVC Pipes,201967.7
69.3,2,1,1,0,1,High,Medium,High,High,High,High,High,High,High,1,1,1,PVC Pipes,166470.49
138.8,3,2,1,2,1,Medium,Medium,Medium,Medium,Medium,Medium,Medium,Medium,Medium,0,0,1,PVC Pipes,263369.23
75.8,2,1,1,1,1,Low,Low,Medium,Medium,Low,Low,Low,Low,Medium,0,0,1,PPR Pipes,155880.73
86.9,2,1,1,1,1,Medium,Medium,Medium,Medium,Medium,Medium,Medium,Low,Medium,0,0,1,PPR Pipes,170304.43
55.1,1,1,1,1,1,High,Medium,High,High,High,Medium,High,High,Medium,1,1,1,PVC Pipes,143960.16
77.2,2,1,1,2,1,Medium,Medium,Low,Medium,Medium,High,Low,Medium,Medium,1,0,0,PVC Pipes,175291.81
160.0,4,2,1,1,1,Medium,Low,High,Low,Medium,Medium,Medium,Medium,Low,0,0,0,PVC Pipes,295304.24
121.8,3,2,1,2,1,Low,Low,Medium,Medium,Low,Low,Medium,Low,Low,0,0,0,PPR Pipes,226236.48
131.7,3,2,1,2,1,Medium,High,Medium,High,Medium,Medium,Medium,Medium,Medium,1,1,1,PVC Pipes,320603.03
77.1,2,1,1,0,1,High,High,Medium,Medium,High,High,High,Medium,High,1,1,1,PVC Pipes,185914.9
154.0,3,1,1,1,1,Medium,Medium,Low,Medium,Medium,Low,High,Medium,Medium,1,1,0,PVC Pipes,316452.27
145.4,4,2,1,3,1,Medium,Medium,High,High,Medium,Medium,Medium,Low,High,1,0,1,PPR Pipes,357468.26
87.5,2,1,1,1,1,Medium,Medium,Medium,Medium,High,Medium,Medium,Low,Medium,0,0,1,PPR Pipes,174311.52
92.7,2,1,1,1,1,Medium,High,Medium,Medium,Medium,Medium,Medium,Medium,Medium,1,1,1,PVC Pipes,206828.36
133.1,3,2,1,0,1,Medium,Medium,Medium,Low,Medium,Medium,High,Low,High,1,0,0,PPR Pipes,296531.63
102.5,3,1,1,1,1,Low,Low,Low,Low,Low,Medium,Low,Low,Low,0,0,0,PPR Pipes,176476.62
89.7,2,1,1,1,1,Medium,Medium,High,Medium,Medium,Medium,Medium,Medium,Medium,0,0,0,PVC Pipes,176839.38
104.6,3,2,1,1,1,High,High,Medium,High,High,Medium,High,High,High,1,1,1,PVC Pipes,261492.18
141.0,4,2,1,1,1,High,High,High,High,High,High,Medium,High,High,1,1,1,PVC Pipes,333518.14
69.9,2,1,1,1,1,High,High,High,High,High,Medium,High,High,High,1,1,1,PVC Pipes,188110.71
86.2,2,1,1,1,1,Low,Low,Low,Medium,Medium,Medium,Low,Low,Medium,0,0,0,PPR Pipes,159051.59
79.6,2,1,1,0,1,Medium,Medium,High,Medium,Medium,Medium,Medium,Medium,High,1,1,0,PVC Pipes,172024.5
57.0,1,1,1,1,1,High,High,High,High,Medium,Medium,High,High,High,0,1,1,PVC Pipes,132946.65
113.9,3,1,1,1,1,Medium,High,Medium,Medium,Low,Medium,Medium,Medium,High,0,1,1,PVC Pipes,212804.48
128.1,3,1,1,1,1,Medium,Medium,Low,Medium,Medium,Medium,Medium,Medium,Medium,0,1,0,PVC Pipes,215014.51
130.3,3,2,1,2,1,Medium,Medium,Medium,Medium,Medium,Medium,Medium,High,Medium,1,0,0,PVC Pipes,285346.26
87.6,2,1,1,2,1,Low,Low,Medium,Low,Low,Low,Low,Medium,Low,0,0,0,PVC Pipes,168242.6
147.3,3,2,1,2,1,Low,Low,Low,Low,Low,Medium,Low,Medium,Medium,0,0,0,PVC Pipes,273168.55
82.5,2,1,1,0,1,High,High,High,High,High,High,High,High,High,1,1,1,PVC Pipes,213948.15
81.1,2,1,1,1,1,Low,Medium,Low,Medium,Low,Medium,Low,Medium,Low,0,1,0,PVC Pipes,158736.12
126.0,3,2,1,1,1,Medium,Medium,Medium,Medium,Medium,Medium,Medium,High,Medium,1,1,1,PVC Pipes,282965.75
83.2,2,1,1,1,1,High,Medium,High,High,Medium,Medium,Medium,Medium,Medium,1,1,1,PVC Pipes,193417.94
135.0,3,2,1,2,1,High,High,High,Medium,High,Medium,Medium,High,Medium,1,1,1,PVC Pipes,323936.35
67.5,2,1,1,0,1,Medium,Medium,Medium,Low,Medium,High,Low,Medium,Medium,0,0,0,PVC Pipes,126069.58
177.8,4,2,1,3,1,High,Medium,High,High,Medium,High,High,High,Medium,1,1,1,PVC Pipes,385186.63
94.4,2,1,1,1,1,Low,Low,Low,Low,Low,Low,Medium,Medium,Low,0,0,0,PVC Pipes,153128.08
99.3,2,1,1,0,1,Medium,Medium,Medium,Medium,Medium,Medium,Medium,Medium,Medium,1,0,0,PVC Pipes,205076.14
108.1,2,1,1,0,1,Medium,Medium,Medium,Low,Medium,Medium,Medium,Medium,Medium,0,1,0,PVC Pipes,182301.62
79.1,2,1,1,1,1,Medium,Medium,Medium,High,Medium,Medium,Medium,Medium,High,1,1,1,PVC Pipes,189702.2
98.8,2,1,1,1,1,Low,Low,Low,Low,Low,Low,Low,Medium,Low,1,0,0,PVC Pipes,184284.78
50.0,1,1,1,0,1,High,High,High,Medium,High,High,High,High,Medium,1,0,1,PVC Pipes,138484.83
110.6,3,2,1,3,1,Low,Medium,Medium,Medium,Low,Low,Low,Low,Low,0,0,0,PPR Pipes,227405.7
169.2,4,1,1,3,1,High,High,Medium,High,High,High,High,High,High,1,1,1,PVC Pipes,364083.77
50.0,1,1,1,2,1,Medium,High,Medium,Medium,High,Medium,Medium,Medium,Medium,0,1,0,PVC Pipes,121029.5
156.3,4,1,1,2,1,Low,Low,Medium,Low,Low,Medium,Low,Medium,Low,0,0,0,PVC Pipes,266955.51
164.1,4,1,1,3,1,High,Medium,High,Medium,High,Medium,High,High,Medium,0,1,1,PVC Pipes,331267.58
172.2,4,2,1,2,1,Low,Low,Low,Medium,Medium,Medium,Low,Low,Low,0,1,1,PPR Pipes,326450.03
122.3,3,1,1,1,1,Medium,Medium,Medium,Low,Medium,High,Medium,Low,Low,0,0,1,PPR Pipes,214023.78
97.1,3,1,1,2,1,Low,Low,Low,Medium,Medium,Medium,Low,Medium,Low,0,0,0,PVC Pipes,177020.26
194.6,5,2,1,2,2,High,Medium,High,High,Medium,High,Medium,Medium,High,1,1,0,PVC Pipes,408800.38
154.4,4,1,1,2,1,Medium,Medium,Medium,Medium,Medium,Medium,Medium,Medium,Medium,1,1,1,PVC Pipes,326907.93
139.0,3,1,1,0,1,Low,Medium,Low,Low,Medium,Low,Low,Medium,Low,0,0,0,PVC Pipes,213705.12
76.3,2,1,1,1,1,Medium,Medium,Medium,Medium,Medium,Medium,Medium,Medium,Low,0,1,0,PVC Pipes,142527.24
122.3,3,1,1,3,1,Medium,Low,Medium,Medium,Medium,High,High,Medium,Medium,1,1,1,PVC Pipes,270721.06
147.1,4,2,1,3,1,Low,Medium,Low,Low,Low,Low,Low,Low,Low,0,0,0,PPR Pipes,263223.19
85.8,2,1,1,1,1,Medium,Medium,Medium,Medium,Low,Medium,High,High,Medium,0,0,1,PVC Pipes,172004.36
102.3,3,2,1,1,1,Low,Low,Low,Medium,Medium,Low,Medium,Medium,Low,0,0,1,PVC Pipes,205283.77
157.7,4,2,1,3,1,High,Medium,High,High,High,High,High,Medium,Medium,1,1,1,PVC Pipes,384128.07
111.2,3,2,1,1,1,Medium,Medium,Medium,Medium,Medium,Low,Medium,Medium,Medium,1,1,0,PVC Pipes,245175.7
135.4,3,1,1,0,1,Low,Low,Medium,Low,Medium,Low,Low,Low,Medium,0,0,0,PPR Pipes,235981.49
109.9,3,2,1,2,1,Medium,Medium,Medium,Medium,High,Medium,Low,High,Low,0,1,1,PVC Pipes,224920.41
73.8,2,1,1,2,1,Medium,High,Medium,Medium,Medium,Medium,Medium,Medium,High,1,0,1,PVC Pipes,174068.07
148.1,4,2,1,1,1,Low,Medium,Medium,Medium,Low,Low,Low,Low,Low,0,0,0,PPR Pipes,292877.53
102.9,3,1,1,1,1,High,High,High,High,Medium,High,Medium,Medium,Medium,1,1,1,PVC Pipes,234753.39
200.0,5,3,1,2,1,Medium,Medium,Medium,Low,Medium,High,Medium,Medium,Low,1,1,1,PVC Pipes,433062.44
113.7,3,2,1,2,1,Medium,Medium,Medium,Medium,Medium,High,Medium,Medium,Medium,1,1,0,PVC Pipes,257750.98
77.4,2,1,1,1,1,High,High,High,High,High,High,High,Medium,Medium,0,1,1,PVC Pipes,175661.44
137.4,3,2,1,0,1,Low,Medium,Low,Low,Low,Low,Low,Medium,Low,0,0,1,PVC Pipes,244816.25
92.6,2,1,1,1,1,Medium,Medium,Medium,Medium,Medium,Medium,Medium,Medium,Medium,1,1,0,PVC Pipes,206251.63
86.2,2,1,1,0,1,Low,Low,Low,Medium,Low,Low,Medium,Low,Medium,0,0,0,PPR Pipes,148538.0
113.1,3,2,1,0,1,High,High,Medium,Medium,High,High,High,High,High,1,1,1,PVC Pipes,288959.47
129.5,3,1,1,0,1,High,Medium,High,High,High,Medium,High,Medium,High,0,1,1,PVC Pipes,235015.89
109.0,3,1,1,1,1,Medium,Medium,Low,Medium,Low,Medium,Medium,Medium,Medium,1,1,0,PVC Pipes,222141.42
71.3,2,1,1,0,1,High,High,Medium,High,Medium,High,High,Medium,High,1,1,1,PVC Pipes,183301.58
89.3,2,1,1,1,1,Medium,Medium,High,Medium,Low,Medium,Medium,High,Medium,1,0,1,PVC Pipes,189145.33
71.1,2,1,1,1,1,High,Medium,High,Medium,Medium,Medium,High,High,High,1,1,1,PVC Pipes,182887.29
117.3,3,2,1,0,1,High,High,High,High,High,High,High,High,High,1,1,1,PVC Pipes,288175.43
148.6,4,2,1,1,1,High,High,High,Medium,High,Medium,Medium,High,High,1,0,1,PVC Pipes,330933.74
163.4,4,2,1,1,1,High,High,Medium,High,High,High,High,High,Medium,1,0,1,PVC Pipes,360090.05
57.5,1,1,1,1,1,Medium,Medium,Medium,Medium,Medium,Medium,Medium,Low,High,0,0,0,PPR Pipes,121703.32
155.4,4,1,1,3,1,Low,Medium,Low,Medium,Low,Low,Medium,Low,Low,0,0,0,PPR Pipes,278377.91
119.7,3,2,1,1,1,Low,Low,Low,Medium,Low,Low,Low,Medium,Medium,0,0,0,PVC Pipes,228588.3
50.5,1,1,1,1,1,High,High,High,High,High,High,High,High,High,1,1,1,PVC Pipes,143491.72
112.5,3,1,1,2,1,Low,Low,Low,Low,Low,Low,Low,Low,Medium,0,0,0,PPR Pipes,194166.07
150.5,4,1,1,1,1,Low,Low,Low,Low,Low,Medium,Low,Low,Medium,0,0,0,PPR Pipes,254853.94
113.4,3,2,1,1,1,High,Medium,High,High,High,High,Medium,High,Medium,0,1,1,PVC Pipes,234994.1
107.5,3,1,1,2,1,Low,Low,Low,Medium,Medium,Medium,Low,Medium,Medium,0,0,0,PVC Pipes,194066.87
81.3,2,1,1,1,1,Medium,Medium,Low,Medium,Medium,Low,Medium,Medium,High,0,0,1,PVC Pipes,158477.37
143.7,4,2,1,3,1,Low,Medium,Low,Low,Medium,Low,Low,Low,Medium,0,0,1,PVC Pipes,259952.49
172.1,4,2,1,1,1,Medium,Medium,Medium,Medium,Medium,Medium,Medium,Medium,Low,0,0,0,PVC Pipes,280588.32
120.0,3,2,1,1,1,Low,Low,Low,Low,Low,Low,Low,Low,Medium,0,0,0,PPR Pipes,212699.19
136.8,4,1,1,1,1,High,High,Medium,High,Medium,High,High,High,Medium,1,1,1,PVC Pipes,309705.56
80.6,2,1,1,1,1,Medium,High,Medium,Medium,Medium,Medium,High,Medium,Medium,1,1,0,PVC Pipes,204674.66
128.3,4,2,1,3,1,High,High,High,High,High,High,High,High,High,1,1,0,PVC Pipes,319530.65
111.2,3,1,1,2,1,High,High,Medium,High,High,High,High,High,Medium,1,1,1,PVC Pipes,262396.96
144.2,3,2,1,1,1,Medium,Low,Medium,Medium,Medium,Medium,High,Medium,High,0,0,1,PVC Pipes,281882.31
193.7,5,3,1,1,1,Low,Low,Medium,Low,Low,Low,Medium,Low,Low,0,0,0,PVC Pipes,359741.05
117.3,3,1,1,1,1,High,High,High,High,Medium,High,High,High,Medium,1,1,1,PVC Pipes,270616.24
107.3,3,1,1,1,1,Medium,Medium,Medium,Medium,Low,Medium,Medium,Medium,Medium,0,1,0,PVC Pipes,201475.98
123.7,3,2,1,1,1,Medium,Medium,Medium,Medium,Medium,Medium,Medium,Medium,Medium,0,0,0,PVC Pipes,229108.03
91.0,2,1,1,0,1,Medium,Medium,High,High,Medium,Medium,Medium,Medium,Low,0,1,0,PVC Pipes,161582.2
172.4,4,2,1,2,1,Low,Low,Low,Low,Medium,Low,Low,Medium,Low,0,0,0,PVC Pipes,312916.19
103.1,3,2,1,3,1,High,Medium,High,High,Medium,High,Medium,High,High,1,1,1,PVC Pipes,265501.57
64.6,1,1,1,2,1,Medium,Low,Medium,Low,Medium,Medium,Low,Medium,Medium,0,0,0,PVC Pipes,133478.99
148.5,4,2,1,1,1,High,Medium,Medium,High,High,Medium,High,Medium,Medium,1,1,1,PVC Pipes,341918.33
125.3,3,1,1,1,1,Medium,Medium,Medium,Medium,Low,Medium,Medium,Low,Medium,0,0,0,PPR Pipes,221453.07
131.9,3,2,1,2,1,High,Medium,High,Medium,Medium,High,High,High,High,1,1,1,PVC Pipes,316775.66
132.5,3,1,1,0,1,Medium,Medium,Medium,Medium,Medium,Medium,Medium,Medium,Medium,1,1,0,PVC Pipes,260140.83
53.4,1,1,1,1,1,Low,Low,Medium,Low,Low,Low,Low,Medium,Medium,0,0,1,PVC Pipes,115957.55
131.7,3,2,1,2,1,Low,Low,Low,Medium,Medium,Medium,Low,Low,Low,0,0,0,PPR Pipes,234062.69
110.0,3,1,1,2,1,Medium,Low,Low,Medium,Low,Medium,Medium,Low,Medium,1,0,1,PPR Pipes,222752.06
109.9,3,2,1,1,1,Low,Low,Low,Low,Low,Medium,Low,Low,Low,0,0,0,PPR Pipes,218863.58
206.7,5,3,1,2,2,Low,Low,Low,Low,Low,Low,Medium,Low,Low,0,0,0,PPR Pipes,360591.97
143.6,3,2,1,3,1,High,High,High,High,Medium,Medium,Medium,Medium,High,1,1,1,PVC Pipes,363538.99
56.6,1,1,1,1,1,High,Medium,High,High,High,High,High,High,Medium,1,1,0,PVC Pipes,137957.97
113.1,3,2,1,1,1,High,High,High,High,Medium,High,High,High,High,1,0,1,PVC Pipes,300448.72
67.5,1,1,1,1,1,Low,Medium,Medium,Low,Low,Low,Low,Low,Medium,0,0,0,PPR Pipes,135291.86
130.8,3,2,1,1,1,Low,Low,Low,Medium,Low,Medium,Low,Medium,Medium,0,0,0,PVC Pipes,235751.24
176.2,4,2,1,1,1,High,High,High,Medium,High,Medium,Medium,High,High,0,1,0,PVC Pipes,337846.77
79.0,2,1,1,2,1,Medium,Medium,Medium,Medium,Low,Medium,Medium,Medium,High,0,1,1,PVC Pipes,165685.14
194.5,5,3,1,3,1,Medium,Medium,Medium,Low,High,Medium,Medium,Medium,High,0,0,1,PVC Pipes,397438.8
119.8,3,1,1,2,1,Medium,Medium,Medium,Medium,Medium,Low,Medium,High,Medium,0,1,1,PVC Pipes,218168.57
90.2,2,1,1,1,1,Low,Low,Medium,Medium,Medium,Medium,Low,Low,Low,0,0,0,PPR Pipes,171247.67
130.9,3,1,1,2,1,Low,Medium,Low,Low,Medium,Low,Low,Low,Low,0,0,0,PPR Pipes,213452.98
115.4,3,2,1,2,1,Medium,Medium,Low,High,Low,Medium,Medium,Medium,Medium,0,0,0,PVC Pipes,225241.22
161.2,4,1,1,2,1,Medium,Medium,Low,Medium,High,Medium,Medium,Medium,Medium,0,1,0,PVC Pipes,294473.09
65.8,2,1,1,1,1,Low,Low,Low,Low,Medium,Low,Medium,Medium,Low,0,0,0,PVC Pipes,138917.02
126.7,3,1,1,1,1,Low,Low,Medium,Low,Medium,Medium,Low,Low,Medium,0,0,1,PVC Pipes,230363.03
125.9,3,2,1,2,1,Medium,Low,Medium,Medium,High,Low,High,Medium,Medium,0,1,1,PVC Pipes,251457.34
85.4,2,1,1,1,1,Medium,Medium,Medium,High,Medium,Medium,Medium,Medium,Medium,0,0,0,PVC Pipes,173121.64
121.4,3,2,1,3,1,Low,Medium,Low,Low,Medium,Low,Medium,Medium,Medium,1,0,0,PVC Pipes,261491.97
63.6,1,1,1,2,1,High,High,High,Medium,Medium,High,High,High,Medium,1,1,1,PVC Pipes,169085.02
127.4,3,2,1,1,1,Low,Medium,Medium,Low,Low,Low,Medium,Low,Low,0,0,0,PPR Pipes,232960.32
161.6,4,2,1,1,1,High,High,Medium,High,High,High,High,Medium,High,1,1,1,PVC Pipes,373205.05
73.9,2,1,1,0,1,Low,Medium,Low,Low,Low,Medium,Low,Low,Low,0,0,0,PPR Pipes,136377.09
102.5,2,1,1,1,1,High,Medium,Medium,Medium,High,High,High,Medium,High,1,1,1,PVC Pipes,227502.06
105.8,2,1,1,1,1,High,High,High,Medium,High,Medium,High,Medium,High,1,1,1,PVC Pipes,248731.08
120.3,3,2,1,1,1,High,Medium,High,High,Medium,High,High,High,High,1,1,1,PVC Pipes,279275.77
135.7,4,2,1,3,1,Medium,High,Low,Medium,Medium,Medium,Medium,Medium,Medium,0,0,1,PVC Pipes,274516.25
97.0,3,2,1,1,1,Low,Low,Low,Low,Low,Low,Low,Low,Low,0,0,0,PPR Pipes,181275.51
62.5,2,1,1,0,1,High,High,High,High,High,High,High,High,High,1,1,1,PVC Pipes,171095.54
167.0,4,2,1,1,1,Medium,Medium,Medium,Low,Medium,Medium,Medium,Medium,Medium,1,0,0,PVC Pipes,330915.67
158.9,4,2,1,3,1,Low,Low,Low,Low,Low,Medium,Low,Low,Medium,0,0,0,PPR Pipes,276121.73
139.1,3,2,1,2,1,Medium,Medium,Medium,Medium,Medium,Low,Medium,Medium,Medium,0,1,0,PVC Pipes,284879.97
89.2,2,1,1,1,1,Medium,Medium,High,Medium,Medium,Medium,High,Medium,Medium,0,1,0,PVC Pipes,183487.36
150.0,4,2,1,3,1,Low,Medium,Low,Low,Low,Medium,Medium,Low,Low,0,0,1,PPR Pipes,293448.75
211.4,5,3,1,3,2,Low,Low,Low,Low,Low,Medium,Low,Low,Medium,0,0,0,PPR Pipes,367808.73
120.1,3,1,1,1,1,Medium,Medium,Medium,Medium,Medium,Medium,Medium,High,Medium,1,1,1,PVC Pipes,249291.06
202.9,5,3,1,2,1,Medium,Medium,Medium,Medium,Medium,Medium,Medium,High,Medium,1,1,1,PVC Pipes,425020.17
110.2,3,1,1,3,1,High,High,High,High,High,High,Medium,High,Medium,1,1,1,PVC Pipes,253426.26
113.5,3,1,1,1,1,Low,Medium,Low,Low,Medium,Medium,Medium,Low,Low,1,0,0,PVC Pipes,223819.02
131.7,3,2,1,2,1,Medium,Medium,Medium,Low,High,Medium,High,Medium,Medium,0,0,1,PVC Pipes,255483.95
71.4,2,1,1,0,1,Medium,Low,Medium,High,Low,High,Medium,High,High,1,0,0,PVC Pipes,149224.23
141.5,3,2,1,1,1,Low,Low,Medium,Low,Low,Low,Low,Low,Medium,0,0,0,PPR Pipes,265157.18
94.2,2,1,1,1,1,Medium,Medium,High,High,High,Low,Medium,Medium,Medium,0,0,0,PVC Pipes,185818.03
114.2,3,2,1,1,1,Medium,Medium,Low,High,Medium,Medium,High,Medium,Medium,0,1,1,PVC Pipes,240589.76
102.7,3,2,1,1,1,Low,Low,Low,Low,Low,Low,Low,Low,Low,0,0,0,PPR Pipes,189423.92
152.4,4,1,1,3,1,Medium,Medium,Medium,Medium,Medium,Low,Medium,Medium,Medium,0,1,1,PVC Pipes,264860.76
88.6,2,1,1,1,1,Medium,Medium,Medium,Medium,Medium,Medium,Medium,Medium,Medium,0,1,0,PVC Pipes,163221.01
158.6,4,2,1,1,1,Medium,Medium,Medium,Medium,Medium,Medium,Medium,Medium,Medium,1,0,0,PVC Pipes,354271.29
168.0,4,2,1,1,1,High,High,High,Medium,Medium,High,High,High,High,1,1,1,PVC Pipes,396139.04
116.2,3,1,1,1,1,High,High,Medium,High,High,High,High,High,Medium,1,1,1,PVC Pipes,278285.04
64.7,1,1,1,1,1,Medium,Medium,Medium,Low,Low,Medium,Medium,Low,Medium,1,0,1,PPR Pipes,148783.0
138.6,3,1,1,1,1,Low,Low,Low,Low,Low,Medium,Low,Low,Low,0,0,0,PPR Pipes,236765.59
119.2,3,2,1,1,1,High,High,Medium,High,High,High,High,Medium,High,1,1,0,PVC Pipes,278739.42
105.5,3,2,1,1,1,Low,Medium,Medium,Medium,Low,Low,Low,Low,Low,0,0,0,PPR Pipes,203449.5
80.6,2,1,1,1,1,Low,Low,Low,Medium,Low,Medium,Medium,Low,Medium,0,0,0,PPR Pipes,154040.25
157.8,4,2,1,3,1,Low,Low,Low,Low,Low,Low,Low,Medium,Low,0,0,1,PVC Pipes,300331.33
86.9,2,1,1,0,1,Low,Low,Low,Low,Medium,Low,Medium,Low,Low,0,0,0,PPR Pipes,159878.32
117.6,3,1,1,0,1,Low,Medium,Low,Low,Medium,Low,Low,Low,Low,0,0,0,PVC Pipes,208070.73
75.0,2,1,1,0,1,High,Medium,High,Medium,High,High,High,High,High,1,1,1,PVC Pipes,182918.21
67.0,2,1,1,2,1,Medium,Medium,Medium,Medium,Medium,Low,Medium,Medium,Medium,1,1,1,PVC Pipes,177245.04
94.9,2,1,1,1,1,Medium,Medium,Medium,Medium,Medium,Medium,Medium,High,Medium,1,1,0,PVC Pipes,203327.2
117.1,3,2,1,3,1,Low,Low,Low,Medium,Low,Low,Low,Low,Medium,0,0,0,PPR Pipes,236523.02
60.9,2,1,1,1,1,Medium,Medium,Medium,Medium,Medium,Medium,High,Medium,High,0,0,1,PVC Pipes,147037.85
161.9,4,1,1,2,1,Medium,Medium,Medium,Low,Low,Medium,Medium,Medium,Low,0,0,0,PVC Pipes,263103.03
80.7,2,1,1,0,1,Low,Low,Medium,Medium,Low,Low,Medium,Low,Low,0,0,1,PPR Pipes,156947.17
50.0,1,1,1,1,1,High,High,Medium,High,High,High,High,Medium,High,0,1,1,PVC Pipes,122635.36
93.0,2,1,1,1,1,High,Medium,High,High,Medium,High,High,High,High,0,0,1,PVC Pipes,190880.83
166.8,4,2,1,1,1,Medium,Medium,Medium,Medium,Medium,Medium,Low,High,Medium,0,0,0,PVC Pipes,276009.29
71.6,2,1,1,1,1,Low,Medium,Low,Low,Low,Medium,Low,Medium,Low,0,0,1,PVC Pipes,143137.01
96.3,3,2,1,1,1,High,Medium,Medium,High,High,High,Medium,Medium,High,1,1,0,PVC Pipes,240693.61
65.0,2,1,1,0,1,Medium,Low,High,Medium,Medium,High,Medium,High,Medium,0,0,0,PVC Pipes,127730.96
113.7,3,1,1,1,1,High,High,High,Medium,High,High,High,Medium,High,1,1,1,PVC Pipes,258393.76
87.4,1,1,1,0,1,Medium,Medium,Medium,Medium,High,Low,Medium,Medium,Medium,0,1,1,PVC Pipes,159312.03
86.6,2,1,1,1,1,High,Medium,High,Medium,High,Medium,High,High,High,1,1,1,PVC Pipes,196275.34
196.7,5,3,1,3,1,High,High,High,High,High,High,Medium,High,High,1,1,1,PVC Pipes,482098.06
82.2,2,1,1,1,1,Medium,High,Medium,Medium,Low,Medium,Low,Medium,High,1,0,1,PVC Pipes,180203.82
50.0,1,1,1,0,1,Medium,Medium,Medium,Medium,Medium,Medium,High,Medium,Low,1,0,0,PVC Pipes,118622.97
121.1,3,2,1,1,1,Low,Low,Low,Low,Low,Low,Low,Medium,Low,0,0,0,PVC Pipes,217338.88
205.1,5,3,1,3,1,Low,Low,Medium,Medium,Low,Low,Low,Low,Low,0,0,0,PPR Pipes,383049.41
205.6,5,2,1,1,2,Medium,Low,Medium,Medium,Medium,Medium,Medium,Medium,High,0,1,1,PVC Pipes,366048.8
115.1,3,1,1,2,1,Medium,High,Medium,Medium,Medium,Medium,High,Medium,Medium,0,1,1,PVC Pipes,240114.72
114.3,3,2,1,1,1,Low,Medium,Low,Medium,Low,Low,Low,Low,Medium,0,0,0,PPR Pipes,214928.87
69.6,1,1,1,0,1,Medium,Medium,Low,Medium,Medium,High,Medium,Medium,Medium,1,1,0,PVC Pipes,134674.08
158.3,4,2,1,2,1,High,High,Medium,High,Medium,High,Medium,High,High,1,1,1,PVC Pipes,339830.18
77.9,2,1,1,2,1,High,High,Medium,Medium,High,High,High,High,High,1,1,1,PVC Pipes,206580.5
116.8,3,2,1,2,1,Medium,Low,Medium,Medium,Medium,High,High,Medium,Medium,0,0,0,PVC Pipes,238943.94
159.4,4,2,1,1,1,High,High,High,High,High,High,Medium,Medium,Medium,1,1,1,PVC Pipes,346402.88
121.9,3,2,1,1,1,Low,Medium,Low,Low,Low,Low,Medium,Medium,Medium,0,0,0,PVC Pipes,233180.67
89.8,2,1,1,0,1,Medium,Low,Low,Low,Medium,Medium,Medium,Medium,Medium,1,1,0,PVC Pipes,179844.24
158.4,4,1,1,1,1,Medium,Low,Low,Medium,Medium,Medium,Low,Medium,Medium,1,0,0,PVC Pipes,282190.06
144.5,4,2,1,3,1,Medium,Medium,Medium,Medium,Medium,High,Medium,Medium,Medium,0,0,0,PVC Pipes,281986.26
76.3,2,1,1,2,1,Low,Low,Low,Low,Low,Low,Low,Medium,Low,1,0,0,PVC Pipes,164400.89
93.6,3,2,1,3,1,Medium,Medium,Medium,Medium,High,Low,Medium,High,Low,0,0,1,PVC Pipes,209317.96
85.2,2,1,1,1,1,Low,Low,Low,Low,Low,Low,Low,Medium,Low,0,0,0,PVC Pipes,156157.48
114.7,3,2,1,1,1,High,High,High,High,High,High,High,High,High,1,1,1,PVC Pipes,284172.21
91.4,2,1,1,1,1,Medium,Medium,Medium,Low,Medium,Medium,Medium,High,Medium,1,0,0,PVC Pipes,191276.84
85.4,2,1,1,0,1,Medium,Medium,Medium,Medium,Medium,Medium,High,Medium,Medium,0,0,0,PVC Pipes,162689.35
205.3,5,3,1,2,2,Medium,High,Medium,Medium,High,Medium,Medium,Medium,Medium,0,1,1,PVC Pipes,383666.63
82.1,2,1,1,0,1,Medium,Medium,Low,High,Medium,High,High,Medium,Medium,0,0,0,PVC Pipes,161015.11
162.1,4,2,1,2,1,Medium,Low,High,Low,Medium,High,Medium,Medium,Medium,1,0,0,PVC Pipes,332228.02
110.3,3,2,1,2,1,Low,Low,Low,Medium,Medium,Low,Low,Low,Medium,0,0,0,PPR Pipes,213711.99
115.3,3,2,1,2,1,Medium,Low,Medium,Medium,Medium,Medium,Medium,Medium,Medium,0,0,1,PVC Pipes,246688.67
85.9,2,1,1,0,1,High,High,High,Medium,High,High,High,High,High,1,0,0,PVC Pipes,185751.27
128.8,3,2,1,1,1,Low,Low,Low,Low,Low,Medium,Medium,Medium,Low,0,0,0,PVC Pipes,218682.63
143.1,4,2,1,1,1,High,High,Medium,High,High,High,High,Medium,Medium,0,1,1,PVC Pipes,284981.17
118.0,3,2,1,1,1,Medium,High,Medium,Medium,Medium,High,Medium,High,Medium,1,0,1,PVC Pipes,283671.48
126.2,3,2,1,1,1,Medium,High,Medium,Low,Medium,Medium,Low,Medium,High,0,1,0,PVC Pipes,248105.84
76.7,2,1,1,0,1,Medium,Medium,Medium,Medium,Medium,Medium,Medium,Medium,Medium,0,0,1,PVC Pipes,142452.41
163.5,4,1,1,1,1,Low,Low,Low,Low,Medium,Low,Medium,Medium,Medium,0,0,0,PVC Pipes,279371.25
122.3,3,1,1,2,1,Low,Medium,Low,Low,Low,Low,Medium,Medium,Low,0,0,0,PVC Pipes,200787.92
96.6,3,1,1,2,1,Medium,Medium,High,Medium,Medium,Low,Medium,Medium,Medium,1,1,1,PVC Pipes,222197.46
205.5,5,2,1,3,1,Low,Low,Low,Low,Low,Low,Low,Low,Low,0,0,0,PPR Pipes,356244.84
139.0,3,2,1,1,1,Low,Medium,Low,Medium,Medium,Low,Medium,Low,Low,0,0,0,PPR Pipes,265088.9
98.8,2,1,1,1,1,High,High,High,Medium,High,High,Medium,High,High,1,1,1,PVC Pipes,225895.92
140.4,3,2,1,2,1,Low,Medium,Medium,Medium,Low,Low,Low,Low,Low,0,0,0,PPR Pipes,246599.88
222.6,5,2,1,1,1,Medium,Medium,High,Low,Low,Medium,Medium,Medium,Medium,1,0,0,PVC Pipes,451697.89
50.0,1,1,1,1,1,Medium,Medium,Medium,Medium,Medium,Medium,Medium,Medium,High,0,0,0,PVC Pipes,110791.11
123.6,3,2,1,0,1,Medium,Medium,Medium,Low,Medium,High,Medium,Medium,Medium,0,1,0,PVC Pipes,239581.12
54.2,1,1,1,0,1,Medium,Medium,Medium,High,Medium,Medium,Medium,Medium,Medium,0,0,1,PVC Pipes,108547.48
103.6,2,1,1,2,1,High,High,High,High,Medium,High,Medium,Medium,Medium,1,1,0,PVC Pipes,238966.55
127.3,3,1,1,2,1,Medium,High,Medium,Medium,Medium,Low,Medium,Medium,Medium,0,0,0,PVC Pipes,255401.16
177.0,4,2,1,2,1,Low,Low,Low,Medium,Medium,Medium,Low,Low,Low,0,0,0,PPR Pipes,302274.46
129.4,3,2,1,1,1,Medium,Medium,Medium,High,Low,Medium,High,Medium,Medium,1,1,1,PVC Pipes,311942.1
138.9,3,1,1,1,1,Low,Medium,Low,Low,Low,Low,Low,Low,Medium,0,0,0,PPR Pipes,226206.06
107.9,3,2,1,0,1,Medium,Medium,Medium,Medium,Medium,Medium,Medium,Medium,Medium,0,1,0,PVC Pipes,201432.98
107.8,3,2,1,2,1,Medium,Medium,Medium,High,Medium,Medium,Medium,Medium,High,0,1,1,PVC Pipes,245735.25
83.5,2,1,1,1,1,Medium,High,Medium,Medium,Medium,Medium,Medium,High,Low,0,0,0,PVC Pipes,158117.43
120.4,3,2,1,2,1,Medium,Medium,Medium,Medium,High,Low,Medium,Medium,High,1,0,0,PVC Pipes,282771.2
129.5,3,2,1,0,1,High,High,Medium,High,High,High,Medium,High,High,0,1,1,PVC Pipes,269955.65
157.3,4,1,1,1,1,Medium,Medium,High,Medium,High,High,Low,High,Medium,1,1,1,PVC Pipes,316356.6
69.8,2,1,1,0,1,Medium,Medium,Low,Low,Medium,Low,High,Medium,High,0,1,1,PVC Pipes,148706.78
117.8,3,2,1,1,1,High,High,High,High,High,High,Medium,High,High,1,1,1,PVC Pipes,281875.03
78.1,2,1,1,2,1,Medium,Low,Medium,Medium,Medium,Medium,Medium,Medium,Medium,0,1,0,PVC Pipes,154612.38
97.1,2,1,1,1,1,High,High,High,High,Medium,High,High,High,High,1,1,1,PVC Pipes,235300.67
98.0,3,2,1,2,1,Medium,Medium,Medium,Medium,Medium,Low,Medium,Low,Medium,1,1,1,PVC Pipes,237094.6
193.0,5,2,1,3,1,Medium,Medium,Medium,Medium,Medium,Medium,Medium,High,Medium,0,0,0,PVC Pipes,342437.31
91.1,2,1,1,0,1,Low,Low,Low,Low,Medium,Low,Low,Low,Low,0,0,0,PPR Pipes,158269.93
95.2,2,1,1,1,1,Medium,Medium,High,Low,Low,Medium,Medium,High,Low,0,0,0,PVC Pipes,166887.01
81.5,2,1,1,1,1,Low,Medium,Low,Low,Low,Low,Medium,Low,Low,0,0,0,PPR Pipes,144480.98
114.5,3,2,1,2,1,Medium,Medium,Medium,Medium,Medium,Medium,Medium,Medium,Medium,1,1,1,PVC Pipes,262491.08
107.0,3,2,1,2,1,Low,Medium,Medium,Low,Medium,Low,Low,Medium,Low,0,0,0,PVC Pipes,211733.12
191.9,5,3,1,2,1,Low,Low,Low,Low,Low,Medium,Low,Low,Low,1,0,0,PPR Pipes,367201.84
121.6,3,2,1,2,1,Medium,Medium,Low,Medium,Low,Medium,High,Medium,Low,0,0,0,PVC Pipes,216028.29
150.0,4,2,1,2,1,Medium,Medium,Medium,High,Medium,High,Medium,Medium,High,0,1,1,PVC Pipes,294117.25
69.4,2,1,1,1,1,Medium,Medium,Medium,Medium,Medium,Medium,Low,Medium,Medium,0,0,0,PVC Pipes,143059.13
162.6,4,2,1,1,1,Medium,Medium,High,Medium,Medium,High,Low,Low,Medium,1,0,1,PPR Pipes,343456.05
99.6,2,1,1,1,1,Low,Low,Medium,Low,Low,Low,Low,Low,Low,0,0,0,PPR Pipes,173979.42
138.4,3,2,1,1,1,Medium,Medium,Medium,Medium,Low,Medium,High,Low,Medium,0,0,0,PPR Pipes,255113.64
82.5,2,1,1,2,1,Low,Low,Low,Low,Low,Low,Low,Low,Low,0,0,0,PPR Pipes,163532.89
170.5,4,1,1,3,1,High,Medium,Medium,High,High,High,Medium,Medium,High,1,1,1,PVC Pipes,381262.07
156.1,4,1,1,2,1,Low,Medium,Medium,Medium,Low,Low,Low,Low,Low,1,0,0,PPR Pipes,298418.56
139.6,3,2,1,2,1,High,High,High,Medium,High,Medium,High,High,High,1,1,1,PVC Pipes,355510.58
132.7,3,1,1,2,1,Medium,Low,High,Medium,Medium,Medium,Low,Medium,Medium,1,0,0,PVC Pipes,252150.81
117.0,3,1,1,1,1,Low,Low,Low,Low,Low,Low,Low,Low,Low,0,0,0,PPR Pipes,192338.61
116.0,3,2,1,2,1,High,High,High,High,Medium,Medium,High,Medium,Medium,0,1,1,PVC Pipes,243233.19
85.4,2,1,1,1,1,Medium,Medium,Medium,Medium,High,Medium,Medium,Medium,Medium,0,1,0,PVC Pipes,166357.02
97.4,2,1,1,1,1,Medium,Low,Medium,Medium,Medium,Medium,Medium,Medium,Medium,1,1,0,PVC Pipes,183718.65
85.6,2,1,1,2,1,Low,Medium,Low,Low,Medium,Medium,Low,Low,Low,0,0,0,PPR Pipes,152997.79
87.6,2,1,1,0,1,Low,Low,Low,Medium,Low,Low,Low,Medium,Medium,0,0,0,PVC Pipes,157056.19
146.3,4,2,1,3,1,High,High,High,High,High,Medium,High,High,Medium,1,0,1,PVC Pipes,347958.33
118.6,3,2,1,2,1,Low,Low,Low,Low,Medium,Medium,Medium,Low,Medium,0,0,0,PPR Pipes,247868.8
118.3,3,2,1,1,1,High,High,High,Medium,Medium,Medium,High,High,High,1,0,1,PVC Pipes,287516.49
78.0,2,1,1,2,1,High,Medium,Medium,High,Medium,High,High,High,Medium,1,1,1,PVC Pipes,191764.82
120.9,3,2,1,3,1,Low,Low,Medium,Low,Low,Low,Low,Low,Low,0,0,0,PPR Pipes,224701.98
95.6,2,1,1,1,1,Medium,Medium,Medium,Medium,High,Medium,Medium,Medium,Medium,1,0,0,PVC Pipes,204500.32
78.4,2,1,1,0,1,Low,Medium,Low,Low,Low,Medium,Low,Low,Low,0,0,0,PPR Pipes,136025.29
125.5,3,1,1,1,1,Medium,Medium,Medium,Medium,Medium,Low,Medium,Medium,Medium,0,1,0,PVC Pipes,229629.04
80.3,2,1,1,1,1,Medium,Medium,Low,Medium,Medium,High,High,High,Medium,0,1,0,PVC Pipes,154342.7
83.0,2,1,1,2,1,Medium,Medium,Medium,Medium,High,Medium,Low,Low,Medium,0,1,0,PPR Pipes,159722.64
85.6,2,1,1,1,1,Medium,High,Medium,Low,Medium,Medium,Low,Low,Medium,0,1,1,PPR Pipes,176907.74
101.1,3,1,1,1,1,Low,Low,Low,Low,Low,Medium,Medium,Medium,Low,1,1,0,PVC Pipes,203723.07
170.4,4,1,1,3,1,High,High,Medium,High,Medium,Medium,High,High,Medium,0,1,0,PVC Pipes,337624.41
133.7,4,2,1,2,1,Low,Low,Low,Medium,Medium,Low,Low,Low,Medium,0,0,0,PPR Pipes,253885.98
120.6,3,2,1,1,1,Medium,Medium,High,Low,High,Medium,Medium,Medium,Low,1,1,1,PVC Pipes,263651.55
157.9,4,2,1,1,1,Medium,Medium,High,Medium,Medium,Medium,Medium,Medium,Medium,1,0,0,PVC Pipes,337704.83
78.3,2,1,1,1,1,High,High,Medium,High,Medium,Medium,Medium,High,High,0,0,1,PVC Pipes,168098.99
192.7,5,2,1,3,1,Medium,Medium,Low,High,High,Low,Low,Medium,Low,1,0,0,PVC Pipes,380192.88
154.5,4,2,1,3,1,Low,Medium,Low,Low,Medium,Low,Medium,Medium,Low,0,0,0,PVC Pipes,301270.59
78.6,2,1,1,0,1,High,High,Medium,High,High,Medium,High,Medium,High,1,1,1,PVC Pipes,208299.04
54.3,1,1,1,0,1,Medium,High,High,Medium,Medium,Medium,Medium,Medium,Medium,0,0,0,PVC Pipes,107182.91
135.6,3,2,1,1,1,Low,Medium,Low,Medium,Low,Low,Low,Medium,Low,0,0,0,PVC Pipes,246047.95
63.6,2,1,1,1,1,Low,Medium,Medium,Low,Low,Medium,Low,Low,Medium,1,0,0,PPR Pipes,147326.63
176.0,4,2,1,2,1,High,High,Medium,High,High,High,Medium,High,High,1,1,1,PVC Pipes,378159.44
116.6,3,2,1,0,1,Low,Medium,Low,Medium,Low,Low,Medium,Low,Low,0,0,0,PPR Pipes,228997.43
81.9,2,1,1,1,1,Medium,High,Medium,Medium,Low,Medium,Low,Medium,Medium,1,1,0,PVC Pipes,181410.19
134.5,3,2,1,1,1,Medium,Medium,Medium,Medium,High,Medium,Medium,Medium,Medium,1,1,1,PVC Pipes,295801.96
72.3,2,1,1,1,1,Medium,Low,Medium,High,Medium,Medium,Medium,Medium,Medium,0,1,1,PVC Pipes,141639.34
111.9,3,2,1,1,1,Low,Low,Low,Medium,Low,Medium,Low,Low,Low,0,0,0,PPR Pipes,197573.64
112.0,3,1,1,2,1,Medium,Medium,Medium,High,Medium,Medium,Medium,Low,Low,1,1,1,PPR Pipes,266450.23
121.6,3,1,1,1,1,Medium,High,High,Medium,Medium,Low,Low,Low,Medium,1,0,1,PPR Pipes,255165.6
142.5,4,1,1,3,1,Medium,Medium,Medium,High,Medium,Medium,Medium,Medium,Medium,1,1,1,PVC Pipes,320912.93
141.2,3,1,1,1,1,Medium,Medium,High,Low,Medium,Medium,Low,Medium,Medium,1,0,0,PVC Pipes,265358.37
167.6,4,2,1,1,1,Medium,High,Medium,Medium,Medium,Medium,Low,Medium,Medium,1,1,1,PVC Pipes,355990.92
122.4,3,1,1,2,1,Medium,Medium,Low,Medium,Medium,Medium,High,Low,High,0,0,0,PPR Pipes,224903.08
171.3,4,1,1,3,1,Medium,Medium,Medium,Low,Medium,Medium,Medium,Medium,Low,0,1,0,PVC Pipes,296935.38
208.9,5,2,1,1,1,Medium,Medium,Medium,Low,Medium,Low,High,Low,Medium,0,1,0,PPR Pipes,379526.76
112.0,3,2,1,3,1,Medium,Medium,Medium,High,Medium,Medium,Medium,High,Medium,1,1,0,PVC Pipes,282297.44
97.2,2,1,1,2,1,Low,Low,Medium,Low,Medium,Medium,Low,Medium,Low,0,0,0,PVC Pipes,173381.06
119.8,3,1,1,0,1,Medium,Low,Medium,High,Medium,High,Medium,Medium,Medium,0,0,1,PVC Pipes,203918.48
114.5,3,2,1,2,1,Medium,Medium,Medium,Medium,Medium,Medium,Low,Low,Medium,0,1,0,PPR Pipes,227713.79
78.2,2,1,1,2,1,Medium,Medium,Medium,Medium,Medium,Medium,Medium,Low,Medium,1,0,1,PPR Pipes,181598.19
168.0,4,2,1,3,1,High,High,High,High,Medium,High,High,High,High,0,1,1,PVC Pipes,358483.79
61.8,2,1,1,2,1,Medium,Medium,Medium,Medium,Medium,Medium,Medium,Medium,Medium,0,0,0,PVC Pipes,129941.65
141.6,3,2,1,1,1,High,Medium,High,High,High,Medium,High,High,High,1,1,1,PVC Pipes,325843.91
82.1,2,1,1,0,1,Medium,Medium,Medium,Medium,Low,High,Medium,High,Medium,0,0,1,PVC Pipes,147226.46
137.6,3,2,1,0,1,High,High,Medium,High,High,Medium,High,High,High,0,1,1,PVC Pipes,273537.47
162.0,4,2,1,1,1,Medium,Medium,Medium,Medium,Medium,Medium,Low,Medium,Medium,0,0,0,PVC Pipes,305017.61
78.0,2,1,1,0,1,Medium,Medium,Medium,Low,High,Medium,Medium,High,High,1,0,0,PVC Pipes,175931.65
74.7,2,1,1,2,1,Medium,Medium,Medium,Medium,Medium,High,Medium,Low,Medium,1,1,1,PPR Pipes,182317.34
101.6,2,1,1,0,1,Medium,Medium,Medium,High,High,Medium,Medium,Medium,Low,1,1,1,PVC Pipes,207499.03
165.1,4,1,1,3,1,Medium,Medium,Medium,Medium,Medium,Medium,Medium,Medium,Medium,0,0,1,PVC Pipes,287415.1
91.5,2,1,1,2,1,Low,Low,Low,Low,Low,Low,Low,Low,Low,0,1,0,PPR Pipes,176883.54
127.5,3,2,1,0,1,Low,Medium,Low,Low,Low,Low,Low,Medium,Low,0,0,0,PVC Pipes,227227.2
117.9,3,2,1,2,1,Medium,Medium,Medium,Medium,Medium,High,Medium,High,Medium,0,0,0,PVC Pipes,242691.47
73.8,2,1,1,1,1,Low,Low,Low,Low,Medium,Low,Low,Low,Medium,0,1,0,PPR Pipes,145608.19
74.1,2,1,1,1,1,Medium,Medium,Low,Medium,Medium,Medium,Medium,Medium,Medium,1,1,1,PVC Pipes,167407.61
87.1,2,1,1,1,1,High,Medium,Medium,Medium,Medium,High,High,Medium,High,1,1,1,PVC Pipes,202284.78
51.1,1,1,1,1,1,Low,Low,Medium,Medium,Low,Low,Low,Low,Low,0,0,0,PPR Pipes,113327.17
117.5,3,2,1,3,1,High,High,High,High,Medium,High,Medium,High,Medium,1,1,0,PVC Pipes,297832.85
125.4,3,2,1,1,1,Medium,High,Low,Low,Medium,Low,Medium,Medium,Medium,1,1,0,PVC Pipes,273240.54
76.0,2,1,1,1,1,Medium,Medium,Medium,Medium,Medium,Medium,Medium,Medium,Medium,1,1,0,PVC Pipes,185670.66
83.8,2,1,1,0,1,High,High,Medium,Medium,High,Medium,High,High,High,1,1,1,PVC Pipes,201052.93
172.6,4,2,1,2,1,Low,Low,Medium,Low,Low,Low,Low,Medium,Low,0,0,0,PVC Pipes,320055.52
167.3,4,2,1,2,1,Medium,Medium,Medium,High,Medium,Medium,Medium,High,Low,1,1,0,PVC Pipes,352427.31
200.7,5,3,1,3,1,Medium,Medium,Medium,Medium,Medium,Medium,Medium,High,Low,0,1,1,PVC Pipes,386459.66
108.7,3,2,1,1,1,Medium,Low,Medium,Medium,Low,Medium,Medium,Medium,Medium,1,1,1,PVC Pipes,237357.2
120.9,3,2,1,3,1,Low,Low,Low,Medium,Low,Low,Low,Medium,Low,0,1,0,PVC Pipes,227987.56
111.1,3,1,1,1,1,Medium,High,High,Medium,Medium,Medium,Medium,Low,Medium,1,0,0,PPR Pipes,252510.53
107.3,3,2,1,3,1,High,High,Medium,High,High,High,High,High,High,1,0,1,PVC Pipes,278305.92
151.8,4,2,1,3,1,Low,Low,Low,Low,Low,Low,Medium,Medium,Low,1,0,0,PVC Pipes,305212.35
144.5,3,1,1,0,1,Low,Medium,Low,Low,Low,Low,Medium,Medium,Low,0,0,0,PVC Pipes,245389.64
154.7,4,2,1,2,1,Low,Low,Low,Medium,Medium,Low,Low,Low,Low,1,0,0,PPR Pipes,312423.43
112.6,3,2,1,2,1,Low,Low,Low,Low,Low,Low,Low,Low,Low,0,0,0,PPR Pipes,213775.18
78.7,2,1,1,0,1,Low,Low,Low,Medium,Low,Low,Low,Low,Low,1,0,0,PPR Pipes,158495.24
67.2,2,1,1,0,1,Medium,Medium,Medium,Medium,Medium,Medium,Medium,Medium,Medium,0,1,0,PVC Pipes,130390.06
131.2,3,1,1,1,1,Medium,Medium,Medium,Medium,Medium,Medium,High,Medium,Low,0,0,0,PVC Pipes,220215.75
103.9,3,1,1,2,1,Medium,Medium,Medium,High,Medium,Medium,Medium,Medium,Medium,0,1,0,PVC Pipes,212033.97
146.2,3,2,1,1,1,Medium,Medium,Medium,Medium,Medium,High,Medium,High,Medium,1,1,1,PVC Pipes,326604.01
157.2,3,2,1,1,1,Low,Medium,Low,Low,Low,Medium,Low,Medium,Low,1,1,1,PVC Pipes,304675.86
92.4,2,1,1,1,1,High,High,Medium,High,High,High,Medium,High,Medium,1,1,1,PVC Pipes,219353.89
114.7,3,2,1,1,1,Medium,Medium,Medium,Medium,Medium,Medium,Medium,Medium,High,0,1,1,PVC Pipes,241802.56
86.0,2,1,1,2,1,High,Medium,Medium,High,High,High,Medium,High,High,1,1,1,PVC Pipes,210880.83
124.0,4,2,1,2,1,Low,Low,Low,Low,Low,Medium,Low,Medium,Low,1,0,0,PVC Pipes,238538.41
69.4,2,1,1,1,1,Low,Low,Low,Low,Low,Low,Low,Low,Low,0,1,0,PPR Pipes,135474.8
144.7,4,2,1,2,1,Medium,High,Medium,Medium,Medium,High,Medium,High,High,0,1,1,PVC Pipes,291204.94
100.3,2,1,1,1,1,Medium,Medium,Low,High,Medium,High,Medium,Medium,Medium,1,0,0,PVC Pipes,217942.1
121.1,3,1,1,1,1,High,High,Medium,High,High,High,High,High,High,1,1,1,PVC Pipes,285173.13
164.7,4,2,1,1,1,Low,Low,Medium,Low,Low,Low,Medium,Low,Medium,0,0,0,PPR Pipes,293367.84
50.0,1,1,1,0,1,Low,Medium,Low,Low,Low,Low,Medium,Medium,Low,0,0,0,PVC Pipes,102673.47
79.9,2,1,1,1,1,Low,Medium,Low,Low,Low,Low,Low,Medium,Low,0,0,0,PVC Pipes,151797.55
111.3,3,2,1,1,1,Medium,Medium,Low,Medium,High,Medium,Medium,Medium,Medium,0,0,1,PVC Pipes,229082.12
85.5,2,1,1,1,1,High,High,High,High,Medium,Medium,High,High,High,1,1,1,PVC Pipes,207579.2
113.5,3,1,1,3,1,Low,Low,Low,Low,Low,Low,Low,Low,Low,1,0,0,PPR Pipes,232401.3
96.3,3,1,1,3,1,Medium,Low,Medium,Medium,Medium,Low,High,Medium,Low,0,0,0,PVC Pipes,200844.73
84.9,2,1,1,1,1,Medium,High,High,Medium,Medium,Medium,High,Medium,Medium,0,1,0,PVC Pipes,173880.48
132.9,3,2,1,2,1,Medium,Medium,Medium,Medium,Medium,Medium,Medium,Medium,Low,0,1,1,PVC Pipes,250661.5
103.2,2,1,1,1,1,Low,Low,Low,Medium,Low,Low,Low,Medium,Low,0,0,0,PVC Pipes,180152.64
104.7,2,1,1,1,1,Medium,Medium,Medium,Medium,High,Low,Medium,Medium,High,0,1,1,PVC Pipes,201200.37
127.2,3,2,1,0,1,Medium,Medium,Medium,High,Medium,High,Medium,Low,Medium,0,1,0,PPR Pipes,240330.29
96.6,2,1,1,1,1,Low,Medium,Medium,Low,Low,Low,Low,Low,Low,0,0,0,PPR Pipes,160840.87
110.1,3,2,1,0,1,Low,Low,Low,Medium,Low,Low,Low,Low,Low,1,0,0,PPR Pipes,228298.89
123.2,3,2,1,1,1,Medium,Medium,Medium,Medium,Medium,Medium,High,Medium,Medium,1,1,1,PVC Pipes,285187.32
122.0,3,1,1,1,1,Low,Medium,Low,Medium,Medium,Low,Low,Medium,Low,0,0,0,PVC Pipes,201638.97
152.9,4,2,1,1,1,Low,Low,Medium,Low,Medium,Low,Low,Low,Medium,0,0,0,PPR Pipes,281192.97
50.0,1,1,1,0,1,Medium,Medium,Medium,Medium,Medium,Medium,Low,Medium,Medium,0,0,1,PVC Pipes,106380.78
125.6,3,2,1,2,1,Medium,Medium,High,Medium,Medium,High,Medium,Medium,Medium,0,0,1,PVC Pipes,260292.28
201.3,5,3,1,1,1,Medium,High,Low,Medium,Low,Medium,Medium,Medium,High,0,1,1,PVC Pipes,397099.89
60.7,2,1,1,0,1,High,Medium,High,Medium,High,High,High,High,High,0,0,0,PVC Pipes,136289.48
100.7,2,1,1,1,1,High,High,High,Medium,High,High,Medium,High,High,1,0,1,PVC Pipes,232429.62
78.2,2,1,1,1,1,Medium,Low,Medium,High,Medium,High,Medium,Medium,High,1,0,1,PVC Pipes,175172.62
115.5,3,1,1,0,1,High,High,Medium,High,High,High,High,High,High,1,1,1,PVC Pipes,271279.18
142.6,4,2,1,2,1,Low,Low,Medium,Medium,Low,Medium,Low,Low,Low,0,1,0,PPR Pipes,283609.21
94.2,2,1,1,0,1,Medium,Medium,Medium,Low,Medium,Medium,Medium,Medium,Medium,0,0,1,PVC Pipes,170972.01
50.0,1,1,1,1,1,Medium,Medium,Medium,Medium,Low,Medium,Medium,Low,High,1,1,1,PPR Pipes,139094.86
175.2,4,2,1,3,1,Medium,High,Medium,Medium,Medium,Medium,Medium,Medium,Medium,0,1,0,PVC Pipes,342497.81
101.7,3,2,1,1,1,Low,Low,Medium,Low,Medium,Low,Low,Medium,Medium,0,0,0,PVC Pipes,212430.61
105.1,3,1,1,2,1,Medium,Medium,Medium,Medium,High,Low,High,Medium,Medium,1,0,1,PVC Pipes,231168.2
66.1,2,1,1,1,1,High,High,Medium,High,Medium,Medium,Medium,Medium,High,1,1,1,PVC Pipes,174969.6
96.9,3,1,1,2,1,Low,Low,Low,Low,Low,Low,Low,Medium,Low,0,0,0,PVC Pipes,171406.45
86.4,2,1,1,1,1,Medium,Medium,Medium,High,Medium,Medium,Medium,Medium,Medium,0,0,1,PVC Pipes,178684.18
134.4,3,2,1,1,1,Medium,Low,High,Medium,Medium,Low,Medium,Low,Low,1,1,0,PPR Pipes,292658.54
137.7,3,2,1,1,1,Medium,Medium,Medium,Medium,Medium,Medium,Medium,High,Medium,1,0,0,PVC Pipes,277502.66
139.7,3,2,1,0,1,High,Medium,High,Medium,High,High,High,High,High,1,1,1,PVC Pipes,308926.54
86.9,2,1,1,1,1,Medium,Medium,Medium,Medium,Medium,Medium,Medium,Medium,High,1,1,0,PVC Pipes,182370.12
50.0,1,1,1,0,1,Medium,Medium,Medium,Low,High,Medium,Medium,Low,Medium,0,0,1,PPR Pipes,109000.39
173.2,4,2,1,1,1,High,High,High,Medium,High,Medium,High,High,High,1,1,0,PVC Pipes,390115.23
86.7,2,1,1,2,1,Medium,Medium,High,Medium,Medium,Low,Low,Medium,Medium,0,1,1,PVC Pipes,166425.33
94.2,2,1,1,2,1,Medium,High,High,Medium,Medium,Medium,Medium,Medium,Low,1,0,1,PVC Pipes,217057.41
87.4,2,1,1,1,1,High,High,High,High,High,Medium,High,Medium,Medium,0,1,1,PVC Pipes,189940.57
99.3,3,1,1,3,1,High,Medium,High,High,High,High,High,High,High,1,1,1,PVC Pipes,241845.38
138.2,3,2,1,1,1,High,High,Medium,High,High,High,High,High,Medium,1,1,1,PVC Pipes,312037.34
201.7,5,2,1,2,1,Low,Low,Low,Low,Low,Medium,Low,Low,Low,0,1,0,PPR Pipes,343719.02
138.3,3,2,1,1,1,Medium,Medium,Medium,High,High,Low,Medium,Medium,Medium,0,0,0,PVC Pipes,271130.05
88.3,2,1,1,1,1,Low,Low,Medium,Low,Low,Medium,Medium,Low,Low,0,0,0,PPR Pipes,166210.07
99.5,3,2,1,2,1,Low,Low,Low,Medium,Low,Medium,Low,Low,Medium,0,1,0,PPR Pipes,205204.17
193.6,5,2,1,1,2,High,High,Medium,High,High,Medium,Medium,Medium,High,1,1,1,PVC Pipes,428036.45
140.8,4,2,1,1,1,Medium,High,Low,Medium,High,Medium,Medium,Medium,Medium,0,0,0,PVC Pipes,277570.16
51.9,1,1,1,0,1,Medium,Low,Medium,Low,High,High,Medium,High,Medium,0,0,0,PVC Pipes,103082.28
117.6,3,2,1,0,1,Medium,Low,Medium,Medium,Medium,Low,Low,Medium,Medium,0,0,0,PVC Pipes,209629.3
115.5,3,2,1,1,1,Medium,Medium,Medium,Medium,Medium,Medium,Low,High,Medium,1,1,1,PVC Pipes,244147.82
112.8,3,2,1,3,1,High,High,High,High,High,High,High,Medium,High,1,1,1,PVC Pipes,289536.71
157.0,4,2,1,2,1,Low,Low,Medium,Low,Low,Medium,Low,Low,Low,0,0,0,PPR Pipes,293180.46
148.4,4,2,1,2,1,Medium,Medium,Medium,Medium,High,Medium,Medium,High,Medium,0,0,1,PVC Pipes,293281.91
84.7,2,1,1,1,1,Low,Medium,Low,Medium,Low,Low,Medium,Low,Low,0,0,0,PPR Pipes,166163.26
102.6,3,2,1,0,1,High,Medium,High,Medium,High,Medium,High,Medium,High,0,1,1,PVC Pipes,220165.24
111.1,3,2,1,0,1,Medium,Medium,Low,Medium,Medium,Medium,High,Medium,High,1,0,0,PVC Pipes,257773.78
101.0,2,1,1,1,1,Medium,Medium,Low,Medium,Medium,Medium,Medium,Medium,Low,0,1,0,PVC Pipes,183739.1
203.0,5,3,1,3,1,Low,Low,Low,Low,Low,Low,Low,Low,Low,0,0,0,PPR Pipes,340534.39
131.9,3,2,1,1,1,Medium,Medium,Medium,Medium,Medium,High,High,Medium,Medium,1,0,1,PVC Pipes,284901.69
127.5,3,2,1,1,1,Low,Low,Medium,Low,Low,Low,Low,Low,Low,0,0,0,PPR Pipes,243336.76
140.7,3,2,1,1,1,Medium,Medium,Medium,Medium,Medium,Medium,Medium,Medium,Medium,0,1,0,PVC Pipes,246324.64
83.4,2,1,1,0,1,Low,Medium,Low,Low,Low,Low,Low,Low,Medium,0,0,0,PPR Pipes,151048.58
147.8,4,1,1,0,1,High,High,High,High,High,High,High,High,Medium,0,1,1,PVC Pipes,293181.63
174.9,4,1,1,1,1,Low,Medium,Medium,Low,Low,Low,Medium,Low,Medium,0,0,0,PPR Pipes,310647.3
210.0,5,2,1,2,1,High,High,High,High,High,High,Medium,High,Medium,1,1,0,PVC Pipes,436861.47
193.2,5,3,1,3,1,Low,Low,Low,Medium,Low,Medium,Low,Low,Low,0,0,0,PPR Pipes,334255.81
111.4,3,2,1,0,1,High,Medium,High,High,High,High,High,Medium,High,1,0,0,PVC Pipes,253040.26
53.2,1,1,1,2,1,Low,Low,Low,Low,Medium,Medium,Low,Medium,Low,0,0,0,PVC Pipes,105801.48
83.0,2,1,1,0,1,Medium,Medium,Medium,Low,Medium,Medium,Medium,Medium,Medium,1,1,0,PVC Pipes,176100.91
220.8,5,3,1,1,1,Medium,High,Medium,Medium,Medium,Low,Medium,High,Medium,0,1,1,PVC Pipes,410476.31
83.4,2,1,1,1,1,Low,Low,Low,Low,Low,Low,Low,Low,Medium,0,0,0,PPR Pipes,152111.55
122.6,3,1,1,2,1,Low,Medium,Medium,Low,Low,Low,Medium,Low,Medium,0,0,0,PPR Pipes,220136.55
119.3,3,2,1,2,1,Medium,Medium,Medium,Low,High,Medium,High,Medium,Low,0,1,0,PVC Pipes,239381.3
120.9,3,2,1,1,1,High,High,High,High,High,Medium,High,Medium,Medium,1,1,1,PVC Pipes,307110.28
59.5,2,1,1,1,1,Low,Low,Low,Low,Low,Low,Low,Medium,Low,0,0,0,PVC Pipes,116816.33
98.8,2,1,1,0,1,Low,Low,Medium,Low,Low,Low,Low,Low,Low,0,0,0,PPR Pipes,155715.97
98.0,2,1,1,1,1,High,High,Medium,High,Medium,Medium,High,High,High,0,1,1,PVC Pipes,195388.3
72.4,2,1,1,0,1,Low,Medium,Low,Low,Low,Medium,Medium,Medium,Low,0,0,0,PVC Pipes,139816.75
102.0,2,1,1,1,1,Low,Low,Low,Low,Low,Low,Low,Medium,Medium,1,1,0,PVC Pipes,202986.49
176.6,4,2,1,3,1,Low,Low,Medium,Low,Medium,Low,Medium,Low,Low,0,0,0,PPR Pipes,305362.53
195.7,5,3,1,2,1,Low,Medium,Low,Low,Low,Low,Low,Medium,Medium,0,0,0,PVC Pipes,368467.01
151.4,4,2,1,3,1,Low,Low,Low,Low,Low,Low,Low,Medium,Low,0,0,0,PVC Pipes,274428.55
211.5,5,3,1,2,1,Medium,Medium,Medium,High,Low,Low,Medium,Medium,Medium,0,1,0,PVC Pipes,421043.24
68.3,1,1,1,0,1,Low,Low,Low,Low,Medium,Low,Medium,Low,Low,0,0,0,PPR Pipes,119048.26
82.1,2,1,1,0,1,High,High,Medium,High,High,High,High,High,High,1,1,1,PVC Pipes,199594.49
155.9,4,2,1,1,1,Medium,Medium,Medium,Medium,Medium,Medium,Medium,Medium,Medium,1,1,1,PVC Pipes,318152.73
79.8,2,1,1,2,1,High,Medium,High,High,High,Medium,High,Medium,High,0,1,1,PVC Pipes,182355.91
130.4,3,2,1,1,1,Medium,Medium,Medium,Medium,Medium,Medium,Medium,High,High,0,0,1,PVC Pipes,270547.84
164.4,4,2,1,2,1,High,High,High,High,Medium,High,Medium,Medium,High,0,1,1,PVC Pipes,324299.58
158.2,4,2,1,2,1,Medium,High,Low,Medium,Medium,High,High,Medium,Low,0,1,1,PVC Pipes,307210.22
106.4,3,2,1,2,1,Medium,Low,High,Low,Medium,Medium,Medium,High,High,0,1,1,PVC Pipes,248664.87
82.2,2,1,1,0,1,Low,Low,Low,Low,Medium,Medium,Low,Low,Low,0,0,0,PPR Pipes,136494.12
113.3,3,1,1,2,1,Low,Medium,Medium,Medium,Medium,Medium,Low,Medium,Medium,0,0,0,PVC Pipes,203242.73
137.6,3,2,1,2,1,Low,Low,Medium,Low,Low,Medium,Low,Low,Low,0,1,0,PPR Pipes,270430.92
143.5,4,1,1,2,1,High,High,Medium,High,Medium,High,High,High,High,1,1,1,PVC Pipes,325166.42
66.6,2,1,1,2,1,Medium,Medium,Medium,Medium,Low,Medium,High,Low,Low,0,1,1,PPR Pipes,149846.67
132.5,3,1,1,1,1,Medium,Medium,Medium,Medium,Medium,Medium,Medium,High,Low,0,0,0,PVC Pipes,237322.44
82.6,2,1,1,1,1,Low,Low,Low,Low,Low,Low,Medium,Low,Low,0,0,0,PPR Pipes,150624.98
113.9,3,2,1,1,1,High,High,Medium,Medium,High,High,Medium,High,High,0,0,1,PVC Pipes,216420.92
117.5,3,2,1,0,1,Medium,Medium,High,Medium,Medium,High,Medium,Medium,High,1,0,0,PVC Pipes,263838.74
88.6,2,1,1,1,1,Medium,Medium,High,Medium,Medium,Medium,Medium,Medium,Medium,1,0,0,PVC Pipes,192948.74
105.6,3,1,1,2,1,Medium,High,Medium,Medium,Medium,Medium,High,High,Medium,0,1,1,PVC Pipes,220582.48
138.0,4,2,1,1,1,Medium,Medium,Medium,Medium,Low,Medium,Medium,Medium,Low,1,0,0,PVC Pipes,289712.9
143.8,3,2,1,2,1,Medium,High,Medium,Medium,Medium,Medium,Medium,Medium,Medium,0,0,0,PVC Pipes,288982.56
143.8,3,2,1,1,1,Low,Medium,Medium,Medium,Low,Low,Low,Low,Low,0,0,0,PVC Pipes,254595.62
95.0,2,1,1,0,1,Medium,Medium,Medium,Medium,Medium,High,Medium,Medium,Medium,1,0,0,PVC Pipes,204695.73
117.7,3,1,1,3,1,Low,Low,Low,Medium,Low,Low,Low,Medium,Medium,0,0,0,PVC Pipes,211093.55
122.2,3,2,1,3,1,High,High,High,Medium,Medium,Medium,High,High,High,0,1,1,PVC Pipes,271441.65
91.1,2,1,1,1,1,Medium,Medium,Medium,Medium,Medium,Medium,Medium,Medium,Low,0,1,0,PVC Pipes,169571.95
122.3,3,2,1,0,1,Low,Low,Low,Medium,Low,Medium,Medium,Low,Medium,0,0,1,PPR Pipes,242192.4
98.6,2,1,1,1,1,Low,Low,Low,Medium,Medium,Low,Low,Medium,Low,0,0,0,PVC Pipes,173585.0
122.7,3,2,1,2,1,Medium,Medium,Medium,Medium,Medium,Medium,High,Low,Medium,0,1,1,PPR Pipes,267572.13
118.1,3,1,1,1,1,High,High,High,High,High,High,High,Medium,High,1,1,1,PVC Pipes,279593.32
176.0,4,1,1,1,1,High,High,High,High,High,High,High,Medium,High,0,1,1,PVC Pipes,331185.71
160.1,4,2,1,1,1,Medium,Medium,Medium,Medium,Medium,High,Medium,Medium,Medium,1,1,1,PVC Pipes,347004.71
82.0,1,1,1,1,1,Medium,Medium,Medium,Medium,Low,Medium,Medium,Low,Medium,1,0,1,PPR Pipes,176765.08
160.1,4,2,1,2,1,High,High,High,High,High,Medium,High,High,High,1,1,1,PVC Pipes,368379.63
151.2,4,2,1,1,1,Low,Low,Low,Medium,Medium,Medium,Low,Medium,Low,0,0,0,PVC Pipes,269770.28
161.5,4,2,1,3,1,Low,Low,Low,Medium,Low,Medium,Medium,Low,Medium,0,0,0,PPR Pipes,301550.93
106.7,3,1,1,1,1,High,High,High,High,High,High,High,High,Medium,0,1,1,PVC Pipes,207990.58
104.9,3,2,1,2,1,Low,Low,Low,Low,Medium,Medium,Low,Low,Medium,0,0,0,PPR Pipes,208866.07
104.1,3,2,1,3,1,High,High,High,High,High,Medium,High,High,Medium,0,0,1,PVC Pipes,245141.57
162.0,4,2,1,1,1,Medium,Low,Medium,Medium,Medium,Medium,Medium,Low,Medium,0,1,0,PPR Pipes,291672.72
124.1,3,2,1,2,1,Low,Low,Medium,Low,Low,Low,Low,Medium,Low,1,0,0,PVC Pipes,267339.35
144.9,3,2,1,2,1,Low,Low,Low,Low,Low,Low,Low,Medium,Low,0,0,0,PVC Pipes,254216.32
133.0,3,2,1,0,1,Low,Medium,Low,Low,Low,Low,Low,Low,Low,0,0,1,PPR Pipes,249241.1
124.6,3,2,1,1,1,Medium,Medium,Medium,Medium,Medium,Medium,Low,Low,Medium,0,1,1,PPR Pipes,234461.98
94.8,2,1,1,0,1,High,High,High,High,High,Medium,High,High,High,1,1,1,PVC Pipes,224064.87
89.0,2,1,1,2,1,Low,Low,Low,Medium,Low,Low,Low,Low,Low,0,0,0,PPR Pipes,158603.97
127.8,3,1,1,2,1,Low,Medium,Medium,Low,Low,Medium,Medium,Low,Medium,1,0,0,PPR Pipes,273385.72
75.2,2,1,1,0,1,Low,Low,Low,Medium,Low,Medium,Low,Low,Low,0,0,0,PPR Pipes,141883.74
160.6,4,1,1,2,1,Medium,Medium,Low,Medium,Medium,Medium,Medium,Medium,Medium,1,0,0,PVC Pipes,302405.87
55.3,2,1,1,1,1,Medium,Low,High,Low,Medium,Medium,Medium,High,Medium,1,0,1,PVC Pipes,138492.75
142.6,4,2,1,2,1,Low,Low,Medium,Medium,Low,Low,Medium,Low,Medium,0,0,0,PPR Pipes,267351.4
80.6,2,1,1,1,1,Low,Low,Low,Medium,Low,Medium,Low,Low,Low,0,1,1,PPR Pipes,152362.27
102.5,3,1,1,1,1,High,Medium,High,Medium,Medium,High,High,Medium,Medium,1,1,1,PVC Pipes,238596.19
117.5,3,2,1,1,1,Low,Low,Medium,Low,Low,Low,Medium,Medium,Medium,0,0,0,PVC Pipes,237504.66
148.1,4,2,1,1,1,Medium,Low,Medium,Medium,Low,High,Medium,Low,Medium,0,1,1,PPR Pipes,280603.29
155.6,4,2,1,1,1,Medium,Medium,Medium,Medium,Medium,Low,Low,Medium,Medium,0,0,0,PVC Pipes,289526.94
81.9,2,1,1,2,1,Low,Low,Medium,Medium,Low,Low,Low,Low,Low,0,0,0,PPR Pipes,159418.84
162.4,4,1,1,2,1,Medium,Medium,Medium,Low,Medium,Low,Medium,High,High,0,0,0,PVC Pipes,284743.89
181.1,4,2,1,1,2,Medium,Medium,Medium,Low,Low,Low,High,Medium,Medium,0,1,0,PVC Pipes,323824.35
98.3,2,1,1,1,1,Low,Low,Low,Medium,Low,Low,Low,Low,Low,0,1,0,PPR Pipes,169022.31
107.2,3,2,1,2,1,Low,Low,Low,Low,Medium,Low,Low,Medium,Medium,0,0,0,PVC Pipes,209071.58
86.2,2,1,1,0,1,Low,Low,Low,Low,Medium,Medium,Low,Low,Low,0,0,0,PVC Pipes,148048.52
150.5,4,1,1,2,1,Low,Low,Low,Low,Low,Medium,Medium,Low,Medium,0,0,0,PPR Pipes,255883.25
160.4,4,2,1,2,1,Medium,Medium,Medium,Low,Medium,Medium,Low,Medium,Medium,0,0,0,PVC Pipes,308330.5
135.8,3,2,1,1,1,Medium,High,Medium,Medium,Medium,Medium,Medium,Medium,Medium,0,0,1,PVC Pipes,248346.01
147.2,3,2,1,1,1,High,Medium,High,Medium,High,High,Medium,High,Medium,1,1,1,PVC Pipes,319295.51
117.2,3,1,1,0,1,High,High,High,Medium,High,High,High,High,High,1,1,1,PVC Pipes,256559.11
121.9,3,1,1,0,1,Low,Medium,Low,Low,Medium,Low,Medium,Low,Low,0,0,1,PPR Pipes,213134.39
75.6,1,1,1,0,1,Low,Medium,Medium,Low,Medium,Medium,Medium,Low,Low,0,0,0,PPR Pipes,148692.4
110.6,3,2,1,1,1,High,High,High,High,High,Medium,High,Medium,Medium,1,1,1,PVC Pipes,272350.83
81.9,2,1,1,1,1,Low,Low,Low,Medium,Medium,Low,Low,Low,Low,0,0,0,PVC Pipes,152035.19
160.9,4,1,1,1,1,Medium,Medium,Medium,Medium,Medium,Medium,Low,Medium,Medium,1,1,1,PVC Pipes,312724.86
102.0,2,1,1,1,1,Medium,Medium,Medium,High,Medium,Medium,High,Low,High,1,1,0,PPR Pipes,215539.09
78.0,2,1,1,2,1,High,High,High,Medium,High,High,High,Medium,Medium,0,1,0,PVC Pipes,170531.53
108.0,3,2,1,1,1,Medium,High,Medium,Medium,Medium,Medium,High,Medium,Medium,1,1,1,PVC Pipes,272165.52
104.0,2,1,1,1,1,High,Medium,High,High,Medium,High,High,High,Medium,1,1,0,PVC Pipes,225938.89
129.5,3,1,1,0,1,Medium,Medium,Medium,Medium,Medium,Low,Medium,Medium,Medium,0,1,1,PVC Pipes,224469.63
115.8,3,2,1,2,1,High,High,High,High,High,High,High,High,High,0,1,1,PVC Pipes,258703.05
105.4,3,2,1,2,1,High,High,Medium,High,High,High,High,Medium,High,1,1,1,PVC Pipes,260469.03
85.4,2,1,1,0,1,Low,Low,Medium,Medium,Low,Medium,Medium,Low,Low,0,1,0,PPR Pipes,165231.04
138.8,3,1,1,2,1,Medium,Medium,Medium,Low,Medium,Low,Medium,Medium,Medium,1,0,1,PVC Pipes,288026.13
58.6,2,1,1,1,1,Low,Low,Medium,Medium,Low,Low,Low,Low,Low,0,0,0,PPR Pipes,119838.94
107.3,3,2,1,0,1,Low,Medium,Low,Medium,Low,Low,Low,Low,Low,0,0,0,PPR Pipes,192302.54
52.9,1,1,1,0,1,Low,Medium,Low,Low,Low,Low,Low,Low,Low,0,0,0,PPR Pipes,96917.83
119.5,3,2,1,1,1,High,High,High,High,High,Medium,High,High,High,1,1,1,PVC Pipes,313494.36
117.8,3,1,1,0,1,Medium,Medium,Medium,Medium,Medium,Medium,Low,Medium,Medium,1,1,0,PVC Pipes,243792.21
105.0,3,2,1,1,1,Medium,Medium,Medium,Medium,Low,High,Low,High,High,1,0,1,PVC Pipes,245214.42
103.2,3,1,1,1,1,Medium,Low,Medium,Medium,Medium,Low,Medium,Low,Medium,1,0,1,PPR Pipes,229715.56
76.9,2,1,1,1,1,Medium,Medium,High,Medium,High,Medium,High,Low,Medium,0,0,0,PPR Pipes,160546.53
128.6,3,1,1,2,1,High,Medium,High,High,High,High,High,High,High,1,1,0,PVC Pipes,274614.69
119.9,3,1,1,1,1,Low,Low,Low,Low,Medium,Medium,Low,Low,Medium,1,0,0,PPR Pipes,240146.81
133.2,3,1,1,1,1,Medium,Medium,Medium,Low,Medium,Medium,Medium,Medium,Medium,1,1,1,PVC Pipes,278158.14
86.1,2,1,1,1,1,Medium,Medium,Medium,High,Medium,Medium,Medium,Medium,High,0,0,1,PVC Pipes,172625.99
114.1,3,1,1,2,1,High,High,High,Medium,High,High,Medium,High,High,1,0,1,PVC Pipes,255796.23
110.1,3,2,1,2,1,Low,Low,Medium,Medium,Low,Low,Low,Low,Low,0,0,0,PPR Pipes,228828.48
134.1,3,1,1,2,1,Medium,Medium,Medium,High,Medium,Medium,Medium,High,Medium,1,0,0,PVC Pipes,280220.97
75.9,2,1,1,0,1,High,High,High,Medium,High,Medium,High,High,Medium,1,1,1,PVC Pipes,190357.73
83.1,2,1,1,1,1,Medium,Medium,High,High,High,High,Medium,Medium,Medium,0,1,1,PVC Pipes,166543.38
165.5,5,3,1,3,1,High,High,High,High,High,Medium,High,Medium,High,1,1,1,PVC Pipes,439619.06
155.7,4,2,1,3,1,Low,Low,Medium,Low,Medium,Low,Medium,Low,Low,0,0,0,PPR Pipes,298134.3
89.7,2,1,1,1,1,Medium,Medium,Medium,Low,Medium,Medium,Medium,Medium,High,1,0,1,PVC Pipes,208273.46
153.7,4,1,1,1,1,Medium,Medium,High,Medium,Low,Medium,Medium,Medium,Medium,0,0,1,PVC Pipes,271335.86
163.4,4,2,1,3,1,Medium,Medium,Medium,Medium,Medium,Medium,Medium,Medium,Medium,1,1,1,PVC Pipes,357855.75
61.3,1,1,1,0,1,High,High,High,High,High,Medium,Medium,High,High,1,1,1,PVC Pipes,145365.8
126.9,3,1,1,2,1,Low,Low,Low,Low,Low,Low,Medium,Low,Low,0,0,1,PPR Pipes,235671.96
72.9,2,1,1,1,1,Medium,Medium,Medium,Low,Medium,Medium,Medium,Medium,High,0,1,1,PVC Pipes,166461.48
109.5,3,2,1,3,1,Medium,High,Medium,Low,High,Medium,Medium,Low,High,0,0,1,PPR Pipes,248628.74
134.8,3,2,1,1,1,Low,Low,Low,Low,Medium,Low,Medium,Medium,Low,0,0,0,PVC Pipes,250092.55
99.8,2,1,1,0,1,Low,Low,Medium,Low,Low,Low,Low,Low,Low,0,1,0,PPR Pipes,176124.26
119.6,3,1,1,2,1,Medium,Medium,Low,High,Medium,Medium,Medium,Medium,High,0,1,0,PVC Pipes,213948.36
120.9,3,2,1,2,1,Medium,Low,Medium,Medium,Medium,Medium,Medium,High,Medium,0,1,1,PVC Pipes,258474.23
98.1,2,1,1,0,1,High,High,High,High,High,High,Medium,High,High,1,1,0,PVC Pipes,202100.36
169.2,4,1,1,1,1,Medium,Low,Medium,Low,Low,Medium,Low,High,Medium,0,1,1,PVC Pipes,289729.87
98.3,2,1,1,2,1,Medium,High,Medium,Medium,Medium,Medium,High,Low,Medium,1,1,1,PPR Pipes,230698.18
131.6,3,2,1,3,1,Medium,High,Low,Medium,Medium,Medium,Medium,Low,Medium,1,1,0,PPR Pipes,305174.06
112.0,3,2,1,1,1,Low,Low,Medium,Low,Low,Low,Low,Low,Low,0,0,1,PPR Pipes,213469.19
102.5,3,1,1,2,1,Medium,Medium,High,Medium,High,Medium,Medium,Medium,High,0,0,0,PVC Pipes,202378.49
161.0,4,2,1,2,1,High,High,High,High,High,Medium,High,High,High,1,0,1,PVC Pipes,363210.2
117.8,3,1,1,1,1,High,High,High,High,Medium,High,High,High,High,1,1,0,PVC Pipes,262532.3
219.4,5,3,1,1,2,Medium,High,Medium,High,Medium,Medium,Medium,High,High,1,1,0,PVC Pipes,458776.61
127.1,3,2,1,1,1,High,High,High,Medium,Medium,High,High,High,High,1,1,1,PVC Pipes,302206.16
147.6,4,1,1,1,1,Medium,Medium,Medium,Low,Medium,Medium,Medium,Medium,Medium,0,0,0,PVC Pipes,272928.57
103.4,3,2,1,2,1,High,High,High,Medium,High,High,High,High,Medium,1,1,1,PVC Pipes,271197.63
133.5,3,2,1,0,1,Low,Low,Low,Low,Low,Low,Low,Low,Low,1,1,0,PPR Pipes,252519.41
141.9,3,2,1,1,1,Medium,Medium,Medium,Medium,Medium,Medium,Medium,Medium,Medium,0,0,0,PVC Pipes,262209.02
81.9,2,1,1,1,1,Low,Medium,Medium,Low,Low,Low,Low,Low,Low,0,0,0,PPR Pipes,160504.79
123.6,3,2,1,1,1,Low,Medium,Low,Low,Low,Low,Low,Low,Low,0,0,0,PPR Pipes,219476.45
133.6,3,1,1,1,1,Medium,High,Medium,High,Medium,Medium,Medium,Medium,Medium,0,0,0,PVC Pipes,233881.14
136.6,3,2,1,2,1,Medium,Low,Low,High,Low,Medium,Medium,High,Medium,1,0,1,PVC Pipes,273792.27
81.1,2,1,1,0,1,Low,Low,Low,Low,Low,Low,Low,Low,Low,0,0,0,PPR Pipes,146218.39
87.5,2,1,1,0,1,High,High,Medium,High,High,High,Medium,Medium,Medium,1,1,1,PVC Pipes,191963.82
79.9,2,1,1,2,1,Medium,Low,Medium,Medium,Medium,Medium,Medium,Medium,Medium,0,0,0,PVC Pipes,167318.04
50.0,1,1,1,1,1,High,High,High,High,High,High,High,Medium,High,1,1,1,PVC Pipes,150419.31
78.2,2,1,1,1,1,Medium,High,Medium,Medium,Medium,Medium,Medium,Medium,Medium,1,1,0,PVC Pipes,180873.15
80.1,2,1,1,1,1,Low,Medium,Low,Low,Low,Low,Medium,Medium,Low,0,0,0,PVC Pipes,156461.41
173.6,4,2,1,1,1,High,Medium,Medium,High,High,High,High,High,High,1,1,1,PVC Pipes,387612.84
130.3,3,2,1,3,1,Medium,High,Medium,Medium,Medium,Medium,Medium,Medium,Medium,0,0,0,PVC Pipes,276024.68
134.6,3,1,1,3,1,Medium,Medium,Medium,High,Medium,Low,Medium,Medium,Medium,0,1,1,PVC Pipes,263747.28
95.3,2,1,1,1,1,Low,Medium,Medium,Low,Low,Medium,Low,Low,Medium,0,1,0,PPR Pipes,164130.23
144.4,3,1,1,1,1,Medium,High,Medium,Medium,High,Medium,Medium,Medium,Medium,1,0,0,PVC Pipes,286996.5
63.3,2,1,1,0,1,Medium,Medium,Medium,Medium,Medium,Medium,Medium,Medium,Medium,0,0,0,PVC Pipes,128086.65
179.4,4,1,1,3,1,Medium,Low,Low,Medium,Medium,High,Low,High,High,0,1,0,PVC Pipes,299989.72
163.7,4,2,1,2,1,Medium,Medium,Low,Low,Low,Medium,Medium,Low,High,0,1,0,PPR Pipes,280527.02
141.1,3,2,1,1,1,Medium,High,Medium,Medium,Low,Medium,Medium,Low,Medium,1,0,1,PPR Pipes,295089.38
61.5,1,1,1,0,1,Low,Low,Low,Low,Low,Low,Low,Low,Medium,0,0,1,PPR Pipes,109620.71
106.3,2,1,1,1,1,High,High,High,Medium,High,High,High,Medium,Medium,1,1,1,PVC Pipes,234513.78
152.5,4,2,1,1,1,High,High,Medium,Medium,Medium,High,High,High,High,1,1,1,PVC Pipes,369491.36
124.8,3,2,1,2,1,High,High,High,High,High,High,High,High,High,1,1,0,PVC Pipes,307180.1
149.6,4,2,1,2,1,Low,Medium,Low,Low,Low,Low,Low,Low,Low,0,0,0,PPR Pipes,277211.75
50.0,1,1,1,1,1,Low,Low,Low,Medium,Low,Low,Medium,Low,Low,0,0,0,PPR Pipes,104369.97
76.4,2,1,1,0,1,Low,Low,Low,Medium,Medium,Low,Low,Low,Medium,0,0,0,PPR Pipes,138153.89
79.7,2,1,1,0,1,High,High,High,High,Medium,Medium,High,High,High,0,1,1,PVC Pipes,173568.88
219.1,5,3,1,3,1,Low,Low,Low,Medium,Low,Medium,Medium,Low,Low,0,0,1,PPR Pipes,411921.29
71.7,2,1,1,0,1,High,High,High,Medium,Medium,High,High,High,Medium,1,1,0,PVC Pipes,167148.33
212.0,5,3,1,3,1,Medium,High,Medium,Medium,Low,Medium,High,Medium,High,0,0,1,PVC Pipes,420542.23
139.1,3,1,1,0,1,Medium,Medium,Medium,Medium,Medium,Medium,High,High,Medium,0,0,1,PVC Pipes,262707.94
91.6,2,1,1,1,1,Medium,High,Low,Medium,Medium,Medium,Medium,Medium,Medium,1,0,1,PVC Pipes,207190.35
103.4,3,1,1,3,1,Low,Low,Low,Low,Medium,Low,Medium,Low,Low,1,1,0,PPR Pipes,207893.67
119.1,3,1,1,2,1,Low,Low,Medium,Medium,Medium,Medium,Low,Low,Low,0,0,0,PPR Pipes,226016.88
160.9,4,2,1,2,1,Medium,High,High,Low,Medium,Medium,Medium,Medium,Medium,0,0,1,PVC Pipes,321656.13
124.0,3,2,1,0,1,Medium,Low,Medium,Medium,Medium,Medium,High,Medium,Low,0,1,1,PVC Pipes,232263.83
83.1,2,1,1,1,1,Low,Low,Medium,Low,Low,Low,Low,Medium,Low,0,0,0,PVC Pipes,151343.03
79.6,2,1,1,1,1,High,High,High,High,High,Medium,High,High,Medium,1,0,1,PVC Pipes,202285.11
99.0,2,1,1,0,1,High,Medium,High,High,High,High,High,High,High,1,1,1,PVC Pipes,219803.67
105.3,3,1,1,2,1,Medium,Medium,Medium,Medium,Medium,Low,Medium,Medium,Medium,0,1,1,PVC Pipes,225434.32
108.9,3,2,1,3,1,Medium,High,Medium,Medium,Medium,Medium,Medium,Medium,High,1,0,1,PVC Pipes,271277.98
120.8,4,2,1,1,1,Low,Medium,Medium,Medium,Medium,Low,Medium,Low,Medium,1,0,0,PPR Pipes,279773.65
69.6,2,1,1,1,1,High,High,High,High,High,High,Medium,High,High,1,1,1,PVC Pipes,178092.51
165.3,4,2,1,1,1,Low,Low,Low,Low,Low,Medium,Medium,Low,Medium,0,0,0,PPR Pipes,314573.11
134.7,4,1,1,3,1,Low,Medium,Low,Low,Low,Medium,Low,Low,Low,0,0,0,PPR Pipes,243760.47
116.6,3,2,1,2,1,Low,Low,Low,Low,Low,Low,Medium,Low,Medium,0,0,0,PPR Pipes,227942.97
73.2,2,1,1,1,1,Low,Low,Low,Low,Medium,Low,Low,Low,Low,0,0,0,PPR Pipes,135797.56
112.7,3,2,1,0,1,High,Medium,High,Medium,High,High,High,Medium,High,1,1,1,PVC Pipes,271678.35
122.0,3,1,1,2,1,Low,Low,Low,Low,Low,Low,Medium,Medium,Medium,0,0,0,PVC Pipes,215599.1
87.6,2,1,1,1,1,Low,Low,Low,Low,Medium,Low,Medium,Medium,Low,0,1,0,PVC Pipes,162591.64
175.4,4,2,1,1,1,High,High,High,High,High,High,High,High,High,1,1,1,PVC Pipes,395420.62
121.2,3,2,1,1,1,Medium,Medium,Medium,Medium,Medium,Medium,Medium,Medium,Medium,1,0,0,PVC Pipes,262651.98
133.2,3,1,1,2,1,High,High,Medium,Medium,Medium,Medium,Medium,High,High,1,1,1,PVC Pipes,303786.05
121.3,3,1,1,0,1,High,High,Medium,High,High,High,Medium,High,High,1,1,1,PVC Pipes,254837.66
83.5,2,1,1,1,1,Medium,Low,Medium,Medium,Medium,Medium,Medium,Medium,Medium,1,0,1,PVC Pipes,172367.62
126.7,3,2,1,1,1,Medium,Medium,High,Medium,High,High,Medium,High,High,0,0,0,PVC Pipes,254173.02
114.2,3,2,1,3,1,High,High,High,High,High,Medium,High,High,High,1,1,1,PVC Pipes,299176.42
80.9,2,1,1,0,1,Low,Low,Low,Low,Low,Low,Low,Low,Low,1,0,0,PPR Pipes,163772.13
79.8,2,1,1,0,1,Medium,Medium,Medium,Medium,Medium,Medium,Medium,High,Medium,0,1,1,PVC Pipes,159127.76
179.3,4,2,1,3,1,Medium,Low,Medium,Medium,Medium,Medium,High,Medium,Medium,1,1,0,PVC Pipes,376246.28
103.6,3,2,1,1,1,Medium,High,Low,Medium,Medium,High,Medium,Medium,Medium,0,0,0,PVC Pipes,200937.33
183.2,5,3,1,2,1,Medium,Low,Medium,Low,Medium,Low,Medium,High,High,1,1,0,PVC Pipes,385114.22
70.0,2,1,1,1,1,Medium,Medium,Low,High,Low,Low,Medium,Medium,Medium,0,1,0,PVC Pipes,138641.79
118.3,3,2,1,1,1,Medium,High,Low,Medium,High,Medium,Low,Low,Medium,0,0,1,PPR Pipes,229934.39
97.2,2,1,1,1,1,Medium,Low,Medium,Medium,Medium,Medium,Medium,High,High,1,0,1,PVC Pipes,210949.56
106.3,3,2,1,2,1,Medium,Medium,Medium,Medium,High,High,Medium,Medium,High,0,0,0,PVC Pipes,236514.66
85.5,2,1,1,0,1,Medium,Medium,Medium,Medium,Medium,Low,Low,High,Medium,1,1,1,PVC Pipes,179025.17
104.8,3,2,1,1,1,Low,Low,Low,Low,Medium,Medium,Low,Low,Low,0,0,0,PPR Pipes,207218.95
158.9,4,2,1,3,1,Low,Low,Low,Medium,Low,Medium,Low,Medium,Medium,0,0,0,PVC Pipes,279282.64
113.3,3,2,1,2,1,Low,Low,Low,Medium,Low,Low,Medium,Medium,Medium,0,0,0,PVC Pipes,237547.67
167.8,4,1,1,3,1,High,Medium,Medium,Medium,Medium,High,High,Medium,Medium,1,1,1,PVC Pipes,341292.31
125.1,3,2,1,0,1,High,High,High,Medium,Medium,High,High,High,High,1,1,1,PVC Pipes,292511.16
56.1,1,1,1,2,1,Medium,Medium,Medium,Medium,Medium,Medium,Low,Medium,Medium,0,1,1,PVC Pipes,131846.38
101.6,2,1,1,1,1,Low,Low,Low,Medium,Low,Medium,Medium,Low,Medium,0,0,0,PPR Pipes,182420.71
75.2,2,1,1,2,1,Medium,High,Medium,High,Medium,Medium,Low,Medium,Low,0,1,0,PVC Pipes,147315.09
131.0,3,1,1,2,1,High,High,Medium,High,High,High,High,Medium,Medium,1,1,1,PVC Pipes,293989.6
120.9,3,2,1,2,1,Low,Low,Low,Medium,Low,Low,Low,Low,Low,0,0,0,PPR Pipes,217609.98
152.0,4,1,1,1,1,Medium,Medium,Medium,Low,Medium,High,Medium,Low,Medium,0,0,1,PPR Pipes,272898.93
136.4,4,2,1,1,1,Medium,Medium,Medium,Medium,Medium,Medium,High,Medium,Low,1,0,0,PVC Pipes,288115.36
80.8,2,1,1,1,1,High,Medium,High,Medium,High,Medium,High,High,High,1,1,1,PVC Pipes,199850.59
160.6,4,2,1,3,1,Medium,Medium,Medium,Medium,Medium,Medium,Medium,Medium,High,1,1,1,PVC Pipes,354954.6
87.2,2,1,1,2,1,Medium,Medium,High,Low,Medium,Medium,Medium,Medium,Low,1,0,1,PVC Pipes,195036.46
74.4,2,1,1,2,1,High,High,High,High,High,High,High,High,Medium,1,1,1,PVC Pipes,192994.76
79.5,2,1,1,2,1,Medium,Medium,Medium,Low,Medium,Medium,Medium,Medium,Low,1,1,0,PVC Pipes,177649.69
63.0,2,1,1,0,1,Low,Low,Low,Medium,Low,Low,Low,Medium,Low,0,0,0,PVC Pipes,118199.12
115.7,3,1,1,0,1,Low,Medium,Low,Medium,Medium,Medium,Medium,Low,Low,0,0,0,PPR Pipes,207304.75
69.5,2,1,1,1,1,Medium,Medium,Medium,Medium,Medium,Medium,Low,Low,Medium,0,1,0,PPR Pipes,140857.37
91.2,2,1,1,1,1,High,High,Medium,High,High,High,Medium,High,High,1,1,0,PVC Pipes,199147.4
81.5,2,1,1,1,1,Low,Low,Low,Medium,Low,Medium,Medium,Medium,Low,0,1,0,PVC Pipes,154298.58
150.3,4,2,1,1,1,Medium,Medium,Medium,Medium,Medium,Medium,Medium,Medium,High,1,0,1,PVC Pipes,336130.48
97.6,3,2,1,3,1,Low,Low,Low,Low,Medium,Low,Low,Low,Low,0,0,0,PPR Pipes,198097.01
153.1,4,1,1,3,1,High,High,Medium,Medium,High,High,High,Medium,High,1,1,1,PVC Pipes,364397.08
73.3,2,1,1,0,1,Low,Low,Low,Medium,Low,Low,Medium,Low,Medium,1,0,0,PPR Pipes,159319.54
96.0,2,1,1,2,1,Medium,High,Medium,Medium,Medium,Medium,High,Medium,Low,0,0,1,PVC Pipes,182347.25
107.2,2,1,1,0,1,High,High,Medium,High,High,High,Medium,High,High,1,1,0,PVC Pipes,222947.7
119.9,3,1,1,1,1,High,High,High,High,High,High,High,Medium,High,1,1,1,PVC Pipes,286187.71
158.9,4,1,1,2,1,High,Medium,High,High,Medium,Medium,High,High,High,1,1,0,PVC Pipes,341999.96
121.7,3,2,1,0,1,Low,Low,Low,Low,Low,Low,Medium,Low,Low,0,1,0,PPR Pipes,208922.64
156.9,4,2,1,1,1,Low,Low,Low,Low,Low,Low,Low,Low,Low,0,0,0,PPR Pipes,287220.25
158.0,4,2,1,1,1,Low,Low,Low,Low,Low,Low,Low,Medium,Medium,0,0,0,PVC Pipes,260379.26
132.5,3,1,1,2,1,High,High,Medium,High,Medium,High,High,Medium,High,0,1,1,PVC Pipes,257437.33
122.0,3,2,1,2,1,Medium,Medium,Medium,High,High,Medium,Medium,Medium,Low,1,1,0,PVC Pipes,281033.05
79.5,2,1,1,0,1,Medium,Medium,Medium,Medium,Medium,Medium,Medium,Low,Medium,1,0,0,PPR Pipes,164402.57
93.4,2,1,1,0,1,Medium,High,Medium,Medium,Medium,Low,Low,Medium,Medium,1,0,0,PVC Pipes,194957.44
111.8,3,2,1,2,1,Medium,Medium,Medium,Low,Low,Medium,Low,High,Medium,1,1,0,PVC Pipes,242743.87
50.0,1,1,1,0,1,Low,Low,Low,Low,Low,Low,Low,Medium,Low,0,1,0,PVC Pipes,101683.32
201.8,5,3,1,2,1,Medium,Low,High,Medium,Medium,Low,Medium,Medium,Medium,0,0,1,PVC Pipes,362641.53
78.7,2,1,1,1,1,High,Medium,High,High,High,Medium,High,High,High,1,1,1,PVC Pipes,197761.25
120.4,3,2,1,1,1,Low,Low,Low,Low,Medium,Low,Low,Low,Low,0,0,0,PPR Pipes,218055.02
119.8,3,1,1,2,1,Low,Medium,Medium,Medium,Low,Low,Low,Low,Low,0,0,0,PPR Pipes,220972.74
114.8,3,2,1,3,1,Low,Low,Medium,Low,Low,Low,Low,Medium,Low,1,0,0,PVC Pipes,248221.17
160.7,4,1,1,2,1,Medium,Medium,Medium,High,Medium,Medium,Low,Medium,Medium,0,0,0,PVC Pipes,267560.88
67.2,2,1,1,1,1,Low,Low,Low,Low,Low,Low,Medium,Low,Low,0,0,0,PPR Pipes,123064.33
100.1,2,1,1,0,1,High,High,High,Medium,High,High,High,High,High,1,1,1,PVC Pipes,219686.78
78.4,2,1,1,1,1,Medium,Medium,Medium,Medium,Medium,High,Medium,Medium,Low,1,1,0,PVC Pipes,164827.82
90.6,2,1,1,0,1,Medium,Medium,High,Low,Low,Low,Low,Medium,High,0,0,0,PVC Pipes,159412.0
86.7,2,1,1,1,1,High,High,High,Medium,High,Medium,High,High,High,1,1,1,PVC Pipes,213710.83
126.6,3,2,1,1,1,Medium,Medium,Medium,Medium,High,Medium,Medium,Low,Medium,1,0,1,PPR Pipes,270959.38
124.1,3,2,1,1,1,Medium,High,Low,Medium,Medium,Low,High,Medium,Medium,1,0,0,PVC Pipes,283429.48
119.3,3,2,1,1,1,Medium,Medium,Medium,High,High,Medium,Medium,Medium,Low,1,0,0,PVC Pipes,260527.58
115.4,3,1,1,1,1,Medium,High,Medium,Medium,Medium,Medium,Medium,Medium,Medium,0,0,0,PVC Pipes,212901.75
109.8,3,1,1,1,1,Medium,High,High,Medium,High,Medium,Medium,High,Medium,0,1,0,PVC Pipes,197786.09
118.6,3,2,1,1,1,High,High,Medium,High,High,High,Medium,High,High,1,0,1,PVC Pipes,292850.08
156.7,4,1,1,1,1,High,High,High,High,Medium,Medium,High,Medium,High,0,1,0,PVC Pipes,275277.04
133.7,3,2,1,1,1,Low,Medium,Medium,Low,Medium,Low,Medium,Low,Low,0,0,0,PPR Pipes,265884.05
67.6,2,1,1,0,1,High,Medium,High,Medium,High,Medium,High,Medium,High,1,1,1,PVC Pipes,167324.34
160.0,4,1,1,1,1,Medium,Medium,Medium,High,High,Low,Medium,Medium,Medium,0,1,1,PVC Pipes,283472.93
112.0,3,1,1,2,1,Low,Low,Low,Low,Low,Low,Low,Low,Medium,0,0,0,PPR Pipes,208077.19
160.2,4,2,1,2,1,High,High,Medium,High,High,High,High,High,High,1,1,1,PVC Pipes,393404.63
99.5,2,1,1,0,1,High,High,Medium,Medium,High,High,High,Medium,Medium,1,1,1,PVC Pipes,227592.1
146.0,3,1,1,2,1,High,High,High,Medium,High,Medium,High,High,High,1,1,1,PVC Pipes,313443.01
62.5,2,1,1,0,1,Low,Low,Medium,Medium,Low,Medium,Medium,Low,Medium,0,1,0,PPR Pipes,136114.42
122.8,3,1,1,1,1,Medium,High,Medium,Medium,Medium,Medium,Medium,Medium,Medium,0,0,0,PVC Pipes,212219.06
65.4,2,1,1,0,1,Medium,High,Medium,Low,Medium,High,Medium,High,Medium,0,1,0,PVC Pipes,138300.92
123.2,3,1,1,2,1,Medium,High,High,Medium,High,High,Medium,Medium,Medium,1,1,0,PVC Pipes,254280.0
106.9,3,2,1,2,1,Low,Low,Medium,Low,Low,Low,Medium,Low,Low,0,0,1,PPR Pipes,223690.94
73.0,2,1,1,2,1,Low,Medium,Low,Low,Low,Low,Low,Medium,Medium,0,0,0,PVC Pipes,147367.52
124.9,3,1,1,1,1,Medium,Medium,Medium,Medium,Medium,High,High,Medium,Medium,0,1,0,PVC Pipes,221440.67
121.4,3,2,1,1,1,Medium,High,Low,Medium,Medium,Low,Medium,Low,Medium,1,1,0,PVC Pipes,260679.77
77.7,2,1,1,0,1,Low,Medium,Medium,Medium,Low,Medium,Low,Medium,Medium,0,0,1,PVC Pipes,159672.03
127.6,3,2,1,2,1,Low,Low,Low,Low,Medium,Medium,Medium,Low,Medium,0,1,0,PPR Pipes,253978.78
50.0,1,1,1,0,1,Medium,Medium,Medium,Medium,High,High,Medium,Low,Medium,0,1,0,PPR Pipes,107888.19
144.7,3,1,1,2,1,Low,Medium,Low,Medium,Low,Low,Low,Medium,Low,0,0,0,PVC Pipes,220618.73
147.7,4,2,1,1,1,Low,Low,Low,Low,Low,Low,Low,Medium,Low,0,0,0,PVC Pipes,257136.43
83.1,2,1,1,1,1,Medium,Medium,Medium,Low,High,Medium,Medium,High,Medium,1,1,0,PVC Pipes,194253.5
119.8,3,1,1,0,1,Low,Low,Low,Low,Low,Low,Low,Medium,Low,1,0,1,PVC Pipes,227724.17
159.3,4,2,1,2,1,Low,Medium,Low,Low,Low,Low,Low,Low,Low,0,0,1,PPR Pipes,279776.01
154.3,4,2,1,2,1,Medium,Low,High,High,High,Low,Medium,High,Medium,1,1,0,PVC Pipes,314532.57
218.3,5,3,1,1,1,Medium,Medium,Medium,Medium,Low,Medium,Medium,Medium,Medium,1,0,1,PVC Pipes,444155.49
96.9,2,1,1,1,1,Medium,Medium,High,High,Medium,Low,Medium,Medium,Low,1,1,1,PVC Pipes,227958.52
114.1,3,1,1,1,1,Medium,Medium,Medium,High,Medium,Medium,Medium,Medium,Medium,0,0,1,PVC Pipes,213092.64
66.4,2,1,1,0,1,Medium,High,High,Medium,Low,High,Medium,Medium,Low,0,0,1,PVC Pipes,138204.69
210.7,5,3,1,2,2,High,High,High,Medium,Medium,High,Medium,High,High,0,1,1,PVC Pipes,422593.95
165.2,4,2,1,1,1,High,Medium,High,High,Medium,High,Medium,High,High,1,1,1,PVC Pipes,368483.44
117.2,3,1,1,3,1,Low,Low,Medium,Low,Low,Low,Low,Low,Medium,1,0,0,PPR Pipes,225615.49
58.4,1,1,1,1,1,Low,Low,Low,Low,Medium,Low,Low,Low,Low,0,0,0,PVC Pipes,121943.96
118.5,3,1,1,2,1,Medium,Medium,Low,High,Medium,Medium,Medium,Low,Medium,1,1,1,PPR Pipes,251144.02
117.5,3,2,1,0,1,Medium,Low,Medium,Low,Medium,Low,Medium,Medium,Low,1,0,0,PVC Pipes,227534.71
175.3,4,1,1,1,1,Medium,Medium,Medium,Medium,Medium,Medium,Low,Medium,Medium,1,0,1,PVC Pipes,332330.17
66.2,2,1,1,0,1,High,Medium,High,Medium,Medium,Medium,High,High,High,1,0,1,PVC Pipes,162473.43
113.4,3,2,1,1,1,Low,Medium,Low,Low,Low,Low,Low,Low,Low,0,0,0,PPR Pipes,209113.57
156.0,4,2,1,3,1,Medium,Medium,High,Medium,Medium,Low,Medium,High,Medium,0,1,1,PVC Pipes,315072.3
128.4,3,1,1,2,1,Medium,High,Medium,Medium,Medium,Medium,Medium,Medium,Medium,0,1,0,PVC Pipes,238363.76
80.6,2,1,1,2,1,Low,Low,Medium,Medium,Medium,Low,Low,Low,Low,0,0,0,PPR Pipes,163641.42
132.1,3,2,1,2,1,Low,Medium,Low,Medium,Medium,Medium,Medium,Low,Low,0,0,1,PPR Pipes,243890.29
82.5,2,1,1,0,1,Medium,Medium,Low,High,Medium,Medium,Low,Medium,Medium,1,1,1,PVC Pipes,183155.31
120.8,3,1,1,2,1,Low,Medium,Low,Low,Low,Low,Low,Low,Medium,0,0,0,PPR Pipes,210322.72
88.6,2,1,1,0,1,Low,Medium,Low,Low,Medium,Low,Low,Low,Low,0,0,0,PPR Pipes,147114.05
109.1,3,2,1,1,1,Low,Medium,Low,Medium,Low,Low,Low,Low,Low,0,0,0,PPR Pipes,216938.52
88.9,2,1,1,1,1,High,High,Medium,High,High,High,Medium,High,High,1,1,0,PVC Pipes,211449.53
128.7,3,2,1,3,1,Low,Low,Low,Low,Medium,Low,Medium,Low,Medium,0,0,0,PPR Pipes,255372.05
152.7,4,1,1,3,1,Medium,Low,Medium,Medium,Medium,High,Medium,Low,Medium,0,1,0,PPR Pipes,289420.83
64.6,2,1,1,1,1,High,High,Medium,Medium,High,High,High,High,High,1,1,1,PVC Pipes,183505.08
84.4,2,1,1,1,1,Low,Medium,Low,Low,Low,Low,Low,Low,Low,0,0,0,PPR Pipes,151602.28
167.7,4,2,1,2,1,Medium,Medium,Medium,Medium,Medium,Medium,High,Medium,Medium,0,1,0,PVC Pipes,333043.37
103.5,3,1,1,1,1,High,High,Medium,Medium,High,Medium,Medium,High,High,0,1,1,PVC Pipes,222211.47
84.5,2,1,1,1,1,Low,Low,Medium,Medium,Low,Medium,Low,Low,Low,0,0,0,PPR Pipes,159122.05
82.4,2,1,1,1,1,High,Medium,High,High,High,High,High,High,High,1,1,1,PVC Pipes,202644.33
152.7,4,2,1,2,1,High,High,Medium,High,High,High,High,Medium,High,1,1,0,PVC Pipes,339771.36
115.4,3,2,1,2,1,High,Medium,High,Medium,Medium,High,High,High,Medium,1,1,1,PVC Pipes,275919.78
150.1,4,1,1,2,1,High,High,Medium,Medium,High,High,High,High,Medium,1,1,1,PVC Pipes,325114.39
167.8,4,2,1,2,1,Medium,Medium,Medium,Low,Low,High,Medium,Medium,Low,1,0,0,PVC Pipes,346802.97
165.4,4,1,1,2,1,Medium,Medium,Medium,High,Medium,Medium,Medium,Low,Medium,0,0,1,PPR Pipes,287425.56
115.8,2,1,1,1,1,High,Medium,High,High,Medium,High,High,Medium,Medium,1,1,0,PVC Pipes,232483.77
66.1,1,1,1,0,1,High,High,High,High,High,High,Medium,Medium,High,1,1,1,PVC Pipes,152219.45
85.1,2,1,1,0,1,Medium,Medium,Medium,Medium,Medium,Medium,Medium,Medium,High,1,1,0,PVC Pipes,191214.35
88.7,2,1,1,1,1,Medium,Medium,Medium,Medium,Medium,Medium,Medium,Medium,Low,1,1,1,PVC Pipes,192369.6
56.5,1,1,1,1,1,High,High,High,High,High,High,High,High,High,1,1,1,PVC Pipes,157669.07
98.5,2,1,1,1,1,Low,Low,Medium,Medium,Low,Low,Low,Low,Low,0,1,0,PPR Pipes,182876.83
145.7,3,2,1,1,1,Medium,Medium,Medium,Medium,Medium,Medium,Medium,Low,Medium,0,1,0,PPR Pipes,256068.43
82.2,2,1,1,0,1,Low,Low,Low,Low,Low,Low,Low,Low,Medium,0,1,0,PPR Pipes,147191.72
55.9,1,1,1,0,1,Medium,High,Medium,Low,Medium,High,Medium,High,High,0,1,0,PVC Pipes,116683.67
122.3,3,2,1,2,1,Low,Medium,Low,Low,Low,Medium,Low,Low,Medium,0,0,0,PPR Pipes,232985.93
142.6,3,2,1,1,1,High,High,High,High,High,High,Medium,Medium,High,1,1,1,PVC Pipes,331107.54
50.3,1,1,1,0,1,Medium,Medium,Medium,Medium,High,High,Low,Low,Medium,0,1,1,PPR Pipes,111240.16
117.4,3,1,1,2,1,Medium,High,Medium,Medium,Medium,Medium,Medium,Medium,Medium,0,0,0,PVC Pipes,218526.43
105.5,2,1,1,1,1,Medium,Low,Medium,Medium,Medium,Medium,Medium,Medium,Medium,1,1,1,PVC Pipes,207863.0
71.6,2,1,1,1,1,Low,Low,Medium,Medium,Medium,Low,Medium,Low,Low,0,0,0,PPR Pipes,142240.19
76.6,2,1,1,2,1,Medium,Medium,Medium,Medium,Low,Medium,Medium,Medium,Low,1,1,0,PVC Pipes,173506.86
156.2,4,1,1,1,1,Low,Medium,Low,Medium,Low,Medium,Low,Medium,Medium,0,0,0,PVC Pipes,249595.81
91.9,2,1,1,2,1,Medium,Medium,Medium,Medium,Medium,High,Medium,Medium,Medium,1,1,0,PVC Pipes,202302.27
126.7,3,2,1,1,1,Low,Medium,Low,Low,Low,Low,Low,Low,Low,0,1,0,PPR Pipes,234448.39
109.6,3,1,1,1,1,High,High,High,High,High,High,Medium,High,Medium,0,1,1,PVC Pipes,215398.1
166.6,4,2,1,2,1,Medium,Medium,Medium,Medium,Medium,Medium,Low,Medium,Low,0,0,0,PVC Pipes,281205.13
75.7,2,1,1,1,1,High,High,High,High,High,High,High,High,High,0,1,0,PVC Pipes,155950.07
84.5,2,1,1,0,1,Low,Low,Low,Low,Low,Medium,Low,Medium,Low,0,0,0,PVC Pipes,141555.6
137.3,3,1,1,1,1,High,Medium,High,High,Medium,Medium,Medium,Medium,Medium,1,1,1,PVC Pipes,295242.57
94.4,3,1,1,3,1,Low,Medium,Medium,Low,Medium,Low,Medium,Medium,Low,1,0,0,PVC Pipes,224130.73
189.7,5,3,1,1,2,Low,Medium,Low,Medium,Medium,Low,Low,Medium,Low,1,0,0,PVC Pipes,379761.32
75.4,2,1,1,0,1,High,High,High,High,High,Medium,Medium,High,High,1,1,1,PVC Pipes,179636.98
87.2,2,1,1,1,1,Medium,Medium,Medium,Medium,Medium,Medium,High,Medium,Medium,0,1,0,PVC Pipes,166783.47
105.3,3,2,1,2,1,Low,Medium,Low,Medium,Medium,Medium,Low,Low,Low,0,0,0,PPR Pipes,217014.79
117.0,3,2,1,1,1,Low,Medium,Medium,Low,Low,Low,Low,Low,Medium,0,0,0,PPR Pipes,227577.76
175.8,4,1,1,3,1,Low,Low,Low,Low,Low,Medium,Low,Low,Medium,0,0,0,PPR Pipes,307140.86
104.4,2,1,1,1,1,High,High,High,High,High,Medium,Medium,Medium,High,1,1,1,PVC Pipes,242487.33
140.2,3,2,1,3,1,High,Medium,Medium,High,Medium,High,High,High,High,0,1,0,PVC Pipes,279824.55
166.2,4,2,1,2,1,Low,Low,Low,Low,Low,Low,Low,Low,Medium,0,0,0,PPR Pipes,275627.81
88.4,2,1,1,2,1,High,High,Medium,High,Medium,Medium,High,High,High,1,1,1,PVC Pipes,214938.08
69.5,2,1,1,2,1,Medium,Medium,High,High,Medium,Medium,Medium,Medium,Low,0,0,1,PVC Pipes,146208.74
90.7,2,1,1,1,1,Low,Low,Low,Low,Low,Low,Medium,Low,Low,0,0,0,PPR Pipes,155351.95
84.2,2,1,1,0,1,Medium,High,Medium,Medium,Medium,Low,Medium,Medium,Medium,0,1,1,PVC Pipes,161720.1
131.8,3,2,1,1,1,Medium,Medium,Medium,Medium,Medium,Medium,High,Medium,Medium,1,0,1,PVC Pipes,289605.09
114.2,3,2,1,1,1,High,High,Medium,Medium,High,High,High,High,High,1,1,1,PVC Pipes,278960.84
83.8,2,1,1,0,1,Low,Low,Low,Medium,Low,Medium,Low,Low,Medium,0,0,0,PPR Pipes,150375.83
116.1,3,2,1,2,1,High,High,High,High,High,High,High,High,High,1,1,1,PVC Pipes,286774.4
113.9,3,1,1,1,1,Medium,High,Low,Medium,Medium,Medium,High,Medium,Medium,0,1,0,PVC Pipes,200951.73
105.6,3,1,1,1,1,Low,Medium,Medium,Medium,Low,Low,Medium,Low,Low,0,0,1,PPR Pipes,210895.11
134.3,3,2,1,3,1,Low,Low,Low,Low,Low,Medium,Low,Medium,Low,0,0,0,PVC Pipes,244327.9
93.0,2,1,1,0,1,Low,Medium,Low,Medium,Medium,Low,Low,Medium,Low,0,0,0,PVC Pipes,158804.19
131.6,3,2,1,3,1,Low,Medium,Low,Medium,Medium,Low,Low,Low,Medium,0,0,0,PPR Pipes,252277.51
172.9,4,1,1,1,1,Medium,Medium,Medium,High,Low,Medium,Medium,Medium,Medium,1,0,1,PVC Pipes,355619.79
109.0,3,1,1,1,1,Low,Low,Low,Medium,Low,Low,Low,Low,Low,0,0,0,PPR Pipes,180111.75
170.2,4,1,1,1,1,Low,Low,Medium,Medium,Low,Low,Low,Low,Low,0,0,0,PPR Pipes,300141.59
163.7,4,2,1,3,1,Medium,Medium,Medium,Medium,High,Medium,Medium,High,Medium,0,1,0,PVC Pipes,307867.59
98.6,2,1,1,2,1,Medium,Low,Medium,Medium,Medium,Medium,High,Medium,Low,1,1,0,PVC Pipes,205561.88
85.5,2,1,1,2,1,Medium,Low,Low,Medium,High,Medium,Medium,Low,Medium,1,0,1,PPR Pipes,200356.66
91.2,2,1,1,0,1,Medium,Medium,Medium,Medium,High,Medium,High,Medium,Medium,0,0,1,PVC Pipes,184381.05
75.4,2,1,1,1,1,Low,Low,Low,Medium,Low,Low,Medium,Low,Low,0,0,1,PPR Pipes,145964.73
95.2,2,1,1,0,1,Low,Medium,Low,Medium,Low,Low,Low,Low,Medium,0,0,0,PPR Pipes,157125.33
86.2,2,1,1,0,1,Medium,Medium,Medium,Medium,Medium,Medium,High,Low,High,0,0,1,PPR Pipes,173283.4
186.2,4,2,1,3,1,Medium,Medium,Medium,Medium,High,Medium,Medium,Medium,Medium,0,1,1,PVC Pipes,356428.85
193.2,4,2,1,2,2,Low,Low,Low,Low,Low,Medium,Low,Low,Low,0,0,0,PPR Pipes,327887.54
166.5,4,2,1,1,1,High,High,High,Medium,High,High,High,High,Medium,1,1,1,PVC Pipes,362363.31
119.4,3,2,1,2,1,Low,Low,Low,Low,Low,Medium,Low,Low,Low,0,0,0,PPR Pipes,214360.56
84.3,2,1,1,1,1,Medium,Medium,High,Medium,Low,Low,Medium,Low,Medium,1,0,0,PPR Pipes,183323.38
153.4,4,2,1,1,1,High,High,Medium,High,High,High,High,High,High,0,1,1,PVC Pipes,325758.93
111.5,3,1,1,1,1,Medium,Medium,Medium,Medium,Medium,Low,Low,Medium,Medium,1,1,1,PVC Pipes,229033.21
85.1,2,1,1,1,1,High,High,Medium,High,Medium,Medium,High,High,High,1,1,1,PVC Pipes,203667.88
109.6,3,2,1,2,1,Low,Low,Medium,Low,Low,Low,Low,Low,Low,0,0,0,PPR Pipes,214680.98
110.6,3,2,1,1,1,Low,Low,Low,Medium,Medium,Low,Medium,Medium,Medium,0,0,0,PVC Pipes,207841.88
155.3,4,1,1,1,1,Medium,Medium,Low,Low,Low,Medium,Medium,Medium,Low,1,1,1,PVC Pipes,295847.35
65.4,2,1,1,1,1,Medium,Medium,Medium,Medium,Medium,Medium,High,Medium,Medium,0,1,1,PVC Pipes,142553.02
169.9,4,2,1,2,1,Low,Low,Low,Low,Low,Low,Low,Low,Medium,0,0,0,PPR Pipes,296032.38
147.9,4,2,1,1,1,Low,Low,Low,Low,Medium,Medium,Medium,Low,Low,0,0,0,PPR Pipes,259573.3
125.3,3,2,1,2,1,Medium,Medium,Medium,Low,Low,Medium,Medium,Medium,Low,0,1,0,PVC Pipes,238910.87
129.5,3,1,1,2,1,Medium,Medium,Medium,Medium,Medium,Medium,High,High,Medium,0,0,1,PVC Pipes,258768.27
157.5,4,1,1,2,1,Low,Medium,Medium,Low,Medium,Medium,Low,Medium,Medium,0,0,1,PVC Pipes,300011.13
218.1,5,2,1,2,1,Medium,Medium,Medium,Medium,Medium,Medium,Medium,High,Medium,0,0,1,PVC Pipes,398297.62
77.1,2,1,1,2,1,High,High,High,High,High,High,High,Medium,High,1,0,1,PVC Pipes,200721.27
108.9,2,1,1,0,1,Medium,Medium,Medium,Medium,High,Medium,Medium,Medium,Medium,1,1,0,PVC Pipes,220116.31
206.8,5,3,1,1,1,Low,Medium,Medium,Low,Low,Low,Medium,Low,Low,0,0,0,PPR Pipes,392270.04
90.3,2,1,1,1,1,Medium,Medium,Medium,Low,Low,Medium,Medium,High,Medium,0,1,0,PVC Pipes,162527.78
81.4,2,1,1,0,1,Medium,Medium,Medium,Medium,Medium,Medium,Medium,Medium,Medium,0,1,0,PVC Pipes,144443.71
148.9,3,2,1,1,1,Low,Low,Low,Low,Low,Low,Low,Medium,Low,0,0,0,PVC Pipes,248852.71
50.0,1,1,1,0,1,High,High,High,High,Medium,High,High,High,Medium,1,1,1,PVC Pipes,135327.08
79.7,2,1,1,1,1,High,High,High,High,High,High,High,High,High,1,0,1,PVC Pipes,208127.83
164.2,4,1,1,1,1,Medium,High,Medium,Medium,High,Medium,High,Medium,Medium,1,1,0,PVC Pipes,352047.24
126.9,3,2,1,2,1,Medium,Medium,Medium,Medium,Medium,Medium,Medium,Medium,Medium,0,0,1,PVC Pipes,255147.23
148.8,4,1,1,2,1,Low,Low,Low,Low,Low,Low,Low,Medium,Low,1,1,0,PVC Pipes,287136.75
94.0,2,1,1,1,1,Low,Low,Medium,Low,Medium,Medium,Medium,Low,Low,0,0,0,PPR Pipes,175203.91
106.8,3,2,1,2,1,Low,Medium,Low,Low,Low,Medium,Medium,Low,Low,0,0,1,PPR Pipes,221927.7
110.1,3,2,1,1,1,High,High,Medium,High,High,High,High,High,High,1,1,1,PVC Pipes,284863.81
146.3,4,2,1,1,1,High,High,Medium,High,Medium,High,Medium,High,High,0,1,1,PVC Pipes,291478.14
100.5,2,1,1,0,1,High,Medium,High,High,High,Medium,Medium,High,High,1,1,1,PVC Pipes,224771.82
75.8,2,1,1,0,1,High,High,Medium,Medium,High,High,High,High,Medium,1,1,1,PVC Pipes,181496.34
68.5,2,1,1,2,1,Low,Medium,Low,Low,Low,Low,Low,Low,Low,0,0,0,PPR Pipes,135631.89
125.7,3,2,1,3,1,Medium,Medium,Low,High,Medium,High,Medium,Low,High,0,0,0,PPR Pipes,264790.06
127.5,3,1,1,2,1,High,Medium,High,High,High,Medium,High,Medium,High,1,1,0,PVC Pipes,283442.66
170.3,4,2,1,3,1,High,High,High,High,High,Medium,High,High,High,1,1,1,PVC Pipes,388847.79
116.8,3,2,1,1,1,Low,Medium,Low,Low,Low,Medium,Low,Medium,Low,0,0,0,PVC Pipes,215611.29
90.4,2,1,1,0,1,Medium,Medium,High,Low,Medium,Low,Low,High,Medium,0,0,0,PVC Pipes,156269.5
206.5,5,3,1,2,1,Medium,Medium,Medium,Medium,Low,Medium,Medium,Medium,High,1,0,0,PVC Pipes,435269.12
86.1,2,1,1,1,1,Medium,Medium,Medium,Medium,Medium,Medium,Medium,Medium,Medium,0,0,0,PVC Pipes,163877.47
214.7,5,2,1,1,2,Medium,High,Medium,Low,Medium,High,Medium,Medium,Low,1,0,1,PVC Pipes,463780.26
133.6,3,2,1,1,1,High,High,High,High,Medium,High,Medium,High,Medium,0,1,0,PVC Pipes,258995.97
107.1,2,1,1,1,1,High,High,High,High,High,Medium,High,High,High,1,1,1,PVC Pipes,250565.68
128.0,3,2,1,2,1,Low,Low,Medium,Low,Low,Low,Medium,Medium,Low,1,0,0,PVC Pipes,272959.25
141.5,4,2,1,2,1,Medium,Low,Medium,Medium,Medium,Medium,Medium,Medium,Medium,0,0,0,PVC Pipes,281800.03
181.1,4,1,1,2,1,High,Medium,High,Medium,High,Medium,High,High,High,1,1,1,PVC Pipes,366979.57
130.2,3,2,1,1,1,High,High,High,High,High,High,High,High,High,1,1,1,PVC Pipes,317500.91
88.3,3,2,1,2,1,Medium,Medium,Medium,High,High,Medium,Low,Medium,High,1,0,1,PVC Pipes,230595.16
74.6,2,1,1,1,1,High,Medium,High,High,High,High,Medium,Medium,Medium,0,1,1,PVC Pipes,167155.03
69.1,2,1,1,1,1,Low,Medium,Low,Medium,Low,Low,Medium,Low,Low,0,0,0,PVC Pipes,126659.26
98.1,2,1,1,2,1,High,Medium,Medium,High,High,Medium,High,High,High,1,1,1,PVC Pipes,229372.55
179.7,4,2,1,2,1,Low,Low,Low,Medium,Low,Low,Medium,Medium,Low,0,0,0,PVC Pipes,319630.96
133.6,4,2,1,2,1,Medium,Medium,Medium,Medium,Medium,Medium,Medium,Medium,Medium,0,0,0,PVC Pipes,263521.75
177.5,5,3,1,1,1,Medium,Low,Medium,Low,Medium,Low,Medium,Low,Medium,0,0,1,PPR Pipes,346197.54
75.8,1,1,1,1,1,Medium,High,Medium,Low,Medium,High,Medium,Medium,Medium,1,0,0,PVC Pipes,167992.08
119.6,3,2,1,2,1,Low,Low,Low,Low,Low,Low,Low,Low,Low,0,0,0,PPR Pipes,209503.37
111.0,3,2,1,1,1,High,High,High,High,Medium,High,High,High,High,1,0,1,PVC Pipes,263479.76
128.8,3,1,1,2,1,Low,Low,Low,Low,Medium,Low,Low,Low,Low,0,0,1,PVC Pipes,221779.29
108.0,3,1,1,1,1,Medium,Medium,Medium,High,Medium,Low,High,High,Low,0,0,1,PVC Pipes,211577.94
62.8,2,1,1,1,1,Low,Medium,Low,Low,Low,Medium,Low,Low,Low,0,0,0,PPR Pipes,119448.67
112.5,3,2,1,2,1,High,High,High,Medium,Medium,High,High,High,High,1,1,1,PVC Pipes,293002.0
122.1,3,1,1,1,1,Medium,High,Medium,Medium,High,Low,Medium,High,Medium,0,1,0,PVC Pipes,230512.62
50.0,1,1,1,1,1,Medium,Medium,Medium,Medium,High,Medium,Medium,High,Medium,0,0,1,PVC Pipes,117749.06
128.8,3,2,1,1,1,Medium,Medium,Medium,Medium,Medium,Low,Medium,Medium,Medium,0,0,0,PVC Pipes,233289.98
93.6,2,1,1,0,1,Low,Medium,Low,Low,Low,Low,Low,Low,Low,0,0,0,PPR Pipes,168704.8
82.3,2,1,1,1,1,Medium,High,Medium,Low,High,Low,High,Medium,Medium,1,1,0,PVC Pipes,190352.59
72.5,2,1,1,1,1,Low,Low,Low,Low,Medium,Low,Low,Low,Low,0,0,0,PPR Pipes,138562.85
96.0,2,1,1,1,1,Medium,Medium,Medium,High,High,Medium,Medium,High,Medium,0,1,0,PVC Pipes,168618.51
88.0,3,1,1,2,1,High,Medium,High,High,Medium,Medium,Medium,High,High,0,0,1,PVC Pipes,192281.08
172.4,4,2,1,2,1,High,High,High,High,High,High,High,Medium,High,1,1,1,PVC Pipes,418681.8
84.8,2,1,1,0,1,Medium,Medium,Medium,Medium,High,Medium,Medium,Medium,Medium,1,1,0,PVC Pipes,171745.91
207.6,5,3,1,3,1,Low,Low,Low,Low,Medium,Low,Low,Medium,Low,0,0,0,PVC Pipes,365939.37
95.1,2,1,1,1,1,Medium,Medium,Medium,Medium,High,Medium,Medium,Medium,High,0,0,1,PVC Pipes,182065.61
91.9,2,1,1,0,1,Medium,Medium,Low,Medium,High,Medium,Medium,Low,Medium,0,0,1,PPR Pipes,165332.59
120.0,3,2,1,2,1,Low,Medium,Low,Low,Medium,Low,Low,Low,Low,0,1,0,PPR Pipes,234179.75
127.1,3,1,1,1,1,Low,Medium,Medium,Low,Low,Low,Low,Medium,Low,0,0,0,PVC Pipes,208899.11
137.0,3,2,1,2,1,Low,Low,Medium,Medium,Medium,Low,Low,Low,Low,0,0,0,PPR Pipes,244746.71
119.6,3,2,1,2,1,Medium,Medium,Low,Medium,Medium,Medium,Medium,Medium,Medium,0,0,1,PVC Pipes,243032.81
146.3,4,1,1,3,1,Medium,Medium,Medium,Medium,Medium,Medium,Medium,Medium,Medium,1,0,0,PVC Pipes,323883.12
205.2,5,3,1,2,2,Low,Low,Low,Low,Low,Low,Low,Low,Medium,0,0,0,PPR Pipes,370504.21
162.2,4,2,1,1,1,Medium,Medium,High,High,Medium,Medium,High,Medium,Medium,1,0,1,PVC Pipes,354674.37
123.5,3,2,1,0,1,Medium,High,Low,Medium,Medium,Medium,Medium,Medium,High,0,1,1,PVC Pipes,247921.44
101.7,2,1,1,1,1,Medium,Medium,Low,Medium,Medium,Medium,Medium,Medium,Medium,1,0,0,PVC Pipes,208745.78
101.9,3,1,1,2,1,High,Medium,Medium,High,High,Medium,High,High,Medium,0,1,1,PVC Pipes,205372.18
82.9,2,1,1,1,1,Low,Medium,Low,Medium,Low,Low,Medium,Low,Low,1,0,0,PPR Pipes,186661.78
76.4,2,1,1,2,1,Low,Low,Low,Low,Low,Low,Medium,Low,Low,0,0,0,PPR Pipes,163213.84
71.5,2,1,1,2,1,Low,Low,Medium,Low,Medium,Low,Medium,Low,Low,0,0,0,PPR Pipes,157088.75
159.2,4,2,1,2,1,High,Medium,High,High,High,Medium,High,High,High,1,1,1,PVC Pipes,352290.5
171.5,4,1,1,3,1,Low,Low,Low,Low,Medium,Medium,Low,Medium,Low,0,1,0,PVC Pipes,288665.6
93.2,2,1,1,1,1,Low,Low,Low,Low,Medium,Medium,Low,Low,Low,0,0,1,PPR Pipes,174471.02
143.9,4,1,1,2,1,Low,Medium,Medium,Low,Low,Medium,Low,Low,Low,0,0,0,PPR Pipes,275006.0
88.7,2,1,1,1,1,Medium,Low,Medium,Medium,Medium,High,Low,High,Medium,1,1,1,PVC Pipes,183667.29
125.5,3,2,1,0,1,Low,Low,Low,Low,Low,Low,Low,Low,Low,0,0,1,PPR Pipes,214389.11
107.0,3,2,1,1,1,Low,Medium,Medium,Medium,Medium,Low,Low,Medium,Low,0,0,0,PVC Pipes,209424.33
180.1,4,2,1,2,2,High,High,High,High,Medium,High,High,Medium,High,1,1,1,PVC Pipes,412295.42
75.4,2,1,1,2,1,Low,Low,Low,Low,Low,Low,Low,Low,Low,0,0,1,PPR Pipes,151767.71
98.8,3,2,1,3,1,Medium,Medium,Medium,Medium,Medium,Medium,Low,Medium,Medium,1,1,1,PVC Pipes,242859.29
85.1,2,1,1,1,1,Low,Low,Low,Low,Low,Low,Low,Low,Low,1,0,0,PPR Pipes,167524.91
134.1,3,1,1,1,1,Medium,High,High,High,Medium,Medium,Medium,High,Medium,1,0,0,PVC Pipes,271649.26
157.6,4,1,1,3,1,Medium,Low,Medium,Medium,High,Medium,Medium,Medium,High,0,1,0,PVC Pipes,268408.27
102.2,3,2,1,1,1,Medium,High,Medium,High,Medium,Medium,Medium,Medium,Medium,1,0,0,PVC Pipes,247643.48
142.1,3,2,1,2,1,High,High,High,High,High,High,High,High,High,0,0,1,PVC Pipes,290029.84
95.7,2,1,1,0,1,Medium,Medium,Medium,Medium,Medium,Low,Medium,Medium,Medium,1,0,1,PVC Pipes,202615.98
119.6,3,2,1,2,1,Medium,Medium,Medium,High,Low,Low,High,Medium,Medium,1,1,1,PVC Pipes,289972.6
133.1,3,1,1,1,1,Medium,Medium,Low,Low,Medium,Medium,Medium,Medium,Medium,1,1,1,PVC Pipes,275681.06
76.2,2,1,1,1,1,Low,Low,Medium,Low,Low,Medium,Medium,Low,Medium,0,0,0,PPR Pipes,158475.25
116.4,3,1,1,2,1,High,High,Medium,High,High,High,High,High,High,1,1,0,PVC Pipes,266676.68
84.4,2,1,1,1,1,High,Medium,Medium,High,High,High,High,High,High,1,1,1,PVC Pipes,202291.38
158.8,4,2,1,2,1,Medium,Medium,Low,Low,High,Low,Medium,Medium,High,1,0,0,PVC Pipes,341326.24
89.3,2,1,1,1,1,Medium,Medium,Medium,Medium,Medium,Low,Medium,Medium,Medium,0,0,1,PVC Pipes,180950.2
124.9,3,2,1,0,1,Medium,Medium,High,Low,Medium,Medium,Medium,Medium,Medium,1,0,1,PVC Pipes,274496.48
63.1,2,1,1,2,1,Low,Low,Low,Medium,Low,Low,Medium,Medium,Medium,0,0,0,PVC Pipes,125146.89
89.2,2,1,1,2,1,Medium,Medium,Medium,High,High,Medium,Medium,Medium,High,1,1,1,PVC Pipes,211547.94
79.0,2,1,1,0,1,Low,Low,Low,Medium,Medium,Low,Medium,Low,Low,1,0,0,PPR Pipes,160266.02
144.2,4,1,1,2,1,Medium,High,Medium,Low,Medium,Low,Medium,Medium,Medium,0,1,1,PVC Pipes,270982.96
81.2,2,1,1,1,1,Low,Low,Medium,Low,Low,Low,Low,Low,Low,0,0,0,PPR Pipes,154641.61
75.4,2,1,1,0,1,Medium,Medium,Low,Medium,High,Medium,Medium,Medium,Low,0,0,1,PVC Pipes,132107.86
131.0,3,1,1,3,1,Medium,Medium,Low,Medium,Low,Medium,Low,Low,High,1,1,1,PPR Pipes,261722.0
145.8,4,1,1,1,1,Low,Low,Low,Low,Low,Low,Medium,Low,Low,0,0,0,PPR Pipes,258800.59
113.6,3,1,1,0,1,Medium,Medium,Medium,Medium,Low,Medium,Medium,Medium,Medium,1,1,1,PVC Pipes,236446.43
106.1,2,1,1,0,1,Low,Low,Low,Low,Low,Medium,Medium,Medium,Low,1,0,0,PVC Pipes,196509.42
125.0,3,1,1,2,1,Low,Low,Medium,Medium,Low,Medium,Medium,Medium,Medium,0,0,0,PVC Pipes,247091.51
111.5,3,1,1,2,1,Medium,Medium,Medium,Medium,Medium,Medium,Medium,Medium,Medium,0,0,0,PVC Pipes,211878.31
95.4,2,1,1,1,1,High,High,High,High,High,High,High,Medium,High,1,1,1,PVC Pipes,231833.42
165.5,4,1,1,1,1,High,High,High,High,Medium,High,High,High,Medium,1,1,0,PVC Pipes,325492.32
108.1,3,1,1,1,1,Medium,Medium,Low,Medium,Low,Low,Low,Medium,Low,1,0,0,PVC Pipes,205401.55
115.2,3,2,1,2,1,High,High,High,Medium,Medium,High,Medium,Medium,High,1,1,1,PVC Pipes,277389.5
74.1,2,1,1,0,1,Medium,Medium,Medium,Medium,Medium,Medium,High,Medium,Low,1,1,0,PVC Pipes,172438.2
148.5,4,2,1,3,1,High,Medium,Medium,High,Medium,High,High,High,High,0,1,1,PVC Pipes,320057.35
82.4,2,1,1,0,1,High,High,Medium,High,Medium,Medium,High,High,High,1,1,1,PVC Pipes,190342.16
93.3,2,1,1,1,1,Medium,High,Low,High,Medium,High,Medium,High,Medium,0,1,1,PVC Pipes,192154.7
110.7,3,2,1,2,1,High,Medium,High,High,High,High,High,High,Medium,1,1,1,PVC Pipes,297509.68
110.8,3,2,1,1,1,Medium,Medium,Low,Medium,Medium,Low,Medium,High,Medium,1,0,0,PVC Pipes,241670.29
111.0,3,1,1,2,1,Medium,Medium,Medium,Medium,Medium,High,Medium,Medium,Medium,0,1,0,PVC Pipes,196317.61
97.6,2,1,1,2,1,Low,Low,Low,Medium,Low,Low,Low,Low,Low,0,0,0,PPR Pipes,169859.3
196.1,5,3,1,2,2,High,High,High,Medium,Medium,High,High,High,High,1,1,1,PVC Pipes,462133.24
128.1,3,2,1,1,1,Low,Medium,Low,Low,Medium,Low,Low,Low,Low,0,0,0,PPR Pipes,229811.6
134.7,3,1,1,1,1,High,High,High,High,High,High,High,Medium,High,0,1,1,PVC Pipes,282027.74
158.1,4,2,1,2,1,High,High,High,High,Medium,High,Medium,High,High,1,1,1,PVC Pipes,375651.35
72.1,2,1,1,1,1,Medium,Medium,Medium,Low,Low,High,Medium,Medium,Medium,1,1,1,PVC Pipes,160100.74
106.4,2,1,1,0,1,Medium,Medium,Medium,Medium,Low,High,Medium,Medium,Medium,1,0,1,PVC Pipes,202847.06
99.2,2,1,1,1,1,Medium,Low,Medium,High,Medium,Medium,Medium,Medium,High,1,1,1,PVC Pipes,199035.87
164.7,4,1,1,1,1,Low,Low,Low,Medium,Low,Low,Low,Medium,Low,0,0,0,PVC Pipes,258183.63
103.8,2,1,1,2,1,Medium,Medium,Medium,High,Low,Medium,Medium,Medium,Medium,1,0,0,PVC Pipes,214160.51
119.6,3,1,1,1,1,Medium,Medium,Medium,Medium,Medium,Medium,Medium,High,Medium,0,0,0,PVC Pipes,220916.51
118.0,3,2,1,0,1,Low,Low,Low,Low,Low,Medium,Low,Low,Medium,0,0,0,PVC Pipes,217685.47
110.6,3,1,1,1,1,Medium,Medium,Medium,Medium,Medium,Low,High,Medium,Medium,1,1,0,PVC Pipes,240290.33
154.7,4,2,1,2,1,High,High,Medium,High,High,High,Medium,Medium,High,1,1,0,PVC Pipes,351395.71
83.0,2,1,1,0,1,Medium,Medium,Medium,Medium,Medium,Low,Medium,High,Medium,0,1,0,PVC Pipes,156542.0
180.6,4,2,1,2,1,Medium,Medium,Medium,Medium,Medium,Medium,Medium,Medium,Medium,1,1,0,PVC Pipes,352559.58
115.7,3,2,1,2,1,High,Medium,High,High,High,Medium,Medium,High,High,1,0,1,PVC Pipes,279440.78
116.7,3,1,1,2,1,Medium,Medium,Low,Low,High,Low,Medium,High,Medium,0,1,1,PVC Pipes,207207.3
162.6,4,1,1,3,1,Low,Medium,Medium,Medium,Medium,Medium,Low,Low,Low,0,1,0,PVC Pipes,284775.84
115.8,3,2,1,2,1,Medium,Medium,Medium,Medium,High,Medium,Low,Medium,Low,1,0,0,PVC Pipes,246432.07
163.0,4,2,1,0,1,High,Medium,Medium,High,Medium,High,Medium,High,High,1,1,1,PVC Pipes,360208.6
132.9,3,2,1,1,1,Medium,Medium,High,Medium,Medium,Medium,Medium,Low,Medium,0,0,1,PPR Pipes,270006.82
171.5,4,2,1,2,1,Medium,Medium,Medium,Medium,Medium,Medium,High,High,Medium,1,1,1,PVC Pipes,362731.5
112.5,3,1,1,2,1,Low,Low,Low,Medium,Low,Low,Low,Medium,Low,0,0,0,PVC Pipes,195369.31
117.5,3,1,1,1,1,Medium,Low,Medium,Medium,Medium,High,Medium,Medium,Low,0,1,1,PVC Pipes,206129.64
113.6,3,1,1,2,1,Low,Medium,Medium,Low,Low,Low,Low,Low,Low,0,0,0,PPR Pipes,210901.93
50.0,1,1,1,1,1,Low,Low,Medium,Medium,Medium,Low,Low,Low,Low,1,0,0,PPR Pipes,113398.32
115.1,3,2,1,2,1,High,High,High,High,High,Medium,High,High,High,1,1,1,PVC Pipes,299258.22
64.6,2,1,1,1,1,Medium,Medium,Medium,Medium,Medium,Medium,Medium,Medium,High,1,1,0,PVC Pipes,158583.53
113.3,3,2,1,3,1,Medium,High,High,Medium,High,Medium,Medium,High,Medium,1,0,0,PVC Pipes,273172.9
50.0,1,1,1,0,1,Medium,High,Medium,Medium,Low,Medium,Medium,Medium,Medium,0,1,1,PVC Pipes,106862.64
166.9,4,2,1,1,1,Medium,Medium,Medium,High,Medium,Medium,Medium,Medium,Medium,0,0,0,PVC Pipes,312266.75
74.3,2,1,1,1,1,Medium,High,Medium,Low,Medium,High,Low,Low,High,1,1,0,PPR Pipes,168266.56
121.8,3,2,1,3,1,Medium,Medium,Low,Medium,Medium,Medium,High,Medium,Low,1,0,1,PVC Pipes,273739.42
91.7,2,1,1,1,1,Low,Medium,Low,Low,Low,Low,Low,Low,Low,0,0,0,PPR Pipes,173846.52
157.5,4,1,1,2,1,Medium,Medium,Medium,Low,Medium,High,Low,Medium,Medium,0,1,1,PVC Pipes,295892.24
155.4,4,2,1,2,1,Medium,Medium,Medium,Medium,Low,Medium,Low,Medium,Medium,0,1,1,PVC Pipes,293096.03
87.8,2,1,1,0,1,Medium,Medium,Medium,Medium,High,Medium,High,Low,Medium,1,0,1,PPR Pipes,184073.29
169.7,4,1,1,3,1,High,High,High,High,High,Medium,Medium,High,High,1,1,0,PVC Pipes,373941.32
63.6,2,1,1,2,1,Low,Low,Low,Medium,Medium,Low,Low,Low,Low,0,0,0,PPR Pipes,138329.35
144.0,4,2,1,2,1,High,Medium,High,High,High,High,High,High,High,1,1,1,PVC Pipes,340880.24
135.7,3,2,1,2,1,Low,Low,Low,Low,Low,Medium,Medium,Low,Low,0,0,0,PPR Pipes,236169.26
197.7,5,2,1,3,2,Low,Low,Low,Medium,Low,Medium,Low,Low,Low,0,0,0,PPR Pipes,358810.36
96.2,3,2,1,1,1,Medium,Medium,High,Medium,Medium,Medium,Low,Medium,Medium,1,0,1,PVC Pipes,219709.58
117.1,3,1,1,2,1,Medium,High,Medium,High,Low,Medium,Medium,Medium,Medium,1,0,1,PVC Pipes,252165.23
74.0,2,1,1,1,1,Low,Low,Low,Low,Medium,Low,Low,Low,Medium,0,0,1,PPR Pipes,139959.44
82.4,2,1,1,1,1,Medium,Low,Medium,Medium,Low,High,High,Medium,Medium,0,0,1,PVC Pipes,163216.51
66.6,2,1,1,0,1,Low,Low,Low,Medium,Low,Medium,Low,Medium,Low,0,0,0,PVC Pipes,125663.02
109.6,2,1,1,0,1,High,High,Medium,Medium,High,High,Medium,Medium,High,1,1,1,PVC Pipes,227468.94
115.5,3,2,1,1,1,High,High,High,High,Medium,High,High,High,Medium,1,1,1,PVC Pipes,285828.79
50.0,1,1,1,0,1,Medium,Medium,Medium,Medium,Medium,High,Medium,Low,Medium,1,0,1,PPR Pipes,117045.39
168.3,3,1,1,1,1,High,High,High,High,Medium,High,Medium,High,High,1,1,1,PVC Pipes,341458.86
55.1,1,1,1,0,1,Low,Medium,Low,Low,Medium,Medium,Low,Low,Medium,1,0,0,PPR Pipes,123827.29
152.9,4,2,1,2,1,Medium,Medium,Medium,Medium,Medium,Low,Medium,Medium,Medium,0,0,0,PVC Pipes,286096.82
166.5,4,1,1,1,1,Medium,Medium,Medium,Medium,Medium,High,High,Low,Medium,1,0,1,PPR Pipes,347991.62
77.9,2,1,1,0,1,Low,Low,Low,Medium,Low,Medium,Low,Medium,Medium,0,0,0,PVC Pipes,147796.98
68.5,2,1,1,2,1,Medium,Low,Medium,Low,Medium,Medium,Medium,Medium,Medium,0,0,0,PVC Pipes,142415.11
83.8,2,1,1,0,1,Low,Medium,Medium,Medium,Low,Low,Low,Medium,Low,1,0,0,PVC Pipes,167745.36
130.5,3,1,1,0,1,Low,Medium,Medium,Medium,Low,Medium,Low,Low,Low,0,0,0,PPR Pipes,222166.01
129.2,3,1,1,2,1,Low,Medium,Low,Medium,Low,Low,Low,Low,Medium,0,0,0,PPR Pipes,209572.93
170.8,4,1,1,1,1,Medium,High,High,High,Low,Medium,Low,Medium,Medium,1,1,0,PVC Pipes,333312.84
160.5,4,1,1,3,1,Low,Low,Low,Low,Medium,Medium,Low,Medium,Low,0,0,0,PVC Pipes,260741.9
64.4,2,1,1,0,1,Low,Low,Low,Low,Low,Low,Low,Low,Medium,0,0,0,PPR Pipes,119294.77
115.9,3,2,1,3,1,High,High,High,High,High,Medium,High,Medium,High,1,1,1,PVC Pipes,316672.62
118.4,3,2,1,1,1,Medium,Medium,Medium,Medium,Medium,High,Medium,Medium,High,1,0,0,PVC Pipes,246209.6
60.6,2,1,1,1,1,Medium,Medium,Medium,High,Medium,Medium,Medium,Medium,Medium,0,1,0,PVC Pipes,138961.96
87.0,2,1,1,1,1,High,High,Medium,High,High,Medium,Medium,High,Medium,1,1,1,PVC Pipes,211224.46
127.9,3,2,1,1,1,Medium,High,Medium,Medium,Medium,Medium,Medium,Medium,Low,0,1,1,PVC Pipes,232502.51
168.0,4,2,1,1,1,Medium,Medium,Medium,Medium,Low,Medium,Medium,Medium,Low,0,1,0,PVC Pipes,289921.97
165.5,4,2,1,2,1,Medium,High,Low,Medium,High,Low,High,Medium,High,0,0,1,PVC Pipes,330277.53
86.3,2,1,1,2,1,Low,Medium,Low,Low,Low,Low,Low,Low,Low,0,1,0,PPR Pipes,167847.84
141.7,3,2,1,2,1,High,High,High,High,Medium,High,High,High,High,1,1,1,PVC Pipes,342730.63
130.0,3,2,1,1,1,Medium,Medium,Medium,Low,Medium,High,Medium,Medium,Medium,0,1,0,PVC Pipes,250230.79
213.1,5,3,1,3,2,Medium,High,Medium,Low,Medium,Medium,Low,Medium,Medium,1,0,0,PVC Pipes,484679.56
108.6,2,1,1,1,1,High,High,High,High,High,High,High,High,High,0,1,1,PVC Pipes,214137.0
74.1,2,1,1,1,1,Low,Low,Low,Medium,Medium,Low,Medium,Low,Medium,0,0,0,PPR Pipes,138381.85
93.9,2,1,1,2,1,High,Medium,High,Medium,High,High,High,Medium,High,1,1,1,PVC Pipes,218916.78
104.9,2,1,1,0,1,Low,Low,Medium,Medium,Low,Medium,Low,Low,Low,1,0,0,PPR Pipes,205971.84
74.7,2,1,1,1,1,Low,Medium,Low,Medium,Low,Low,Low,Low,Medium,0,0,0,PPR Pipes,145347.13
220.2,5,3,1,2,2,Low,Low,Medium,Low,Low,Low,Low,Medium,Medium,0,0,0,PVC Pipes,386728.57
83.5,2,1,1,2,1,High,High,High,High,High,High,High,Medium,High,1,1,0,PVC Pipes,209064.42
111.0,3,2,1,2,1,Low,Low,Low,Medium,Medium,Low,Low,Low,Low,0,0,0,PVC Pipes,217622.77
118.3,3,2,1,1,1,Low,Low,Medium,Medium,Low,Low,Medium,Low,Low,0,0,0,PPR Pipes,218061.66
97.5,3,2,1,2,1,Medium,Medium,Medium,Medium,High,Medium,Low,Low,Medium,1,0,0,PPR Pipes,225297.72
167.7,4,1,1,1,1,Low,Low,Low,Low,Low,Low,Low,Low,Medium,0,0,0,PPR Pipes,284486.79
114.7,3,2,1,2,1,Medium,Low,High,Medium,High,Medium,Medium,Medium,Medium,0,0,0,PVC Pipes,232182.11
98.1,2,1,1,2,1,Medium,Medium,Medium,Medium,Medium,Medium,Low,Low,Medium,0,1,1,PPR Pipes,183433.07
106.8,3,1,1,3,1,High,High,High,Medium,High,High,High,High,High,1,1,1,PVC Pipes,261886.77
115.1,3,1,1,1,1,High,High,High,High,Medium,High,High,Medium,High,1,1,1,PVC Pipes,266155.85
75.2,2,1,1,1,1,Low,Low,Low,Low,Low,Low,Medium,Low,Low,0,0,0,PPR Pipes,139500.18
209.9,5,3,1,1,2,Medium,Medium,Medium,Medium,Medium,Medium,High,Medium,Low,1,1,0,PVC Pipes,431642.3
156.1,4,2,1,1,1,High,High,Medium,Medium,High,High,Medium,High,High,1,1,0,PVC Pipes,341420.84
114.5,3,2,1,1,1,Low,Low,Low,Low,Low,Low,Medium,Low,Medium,0,0,0,PPR Pipes,200887.67
148.9,4,1,1,3,1,Medium,Medium,Medium,High,High,High,Medium,Medium,Medium,0,1,1,PVC Pipes,284727.88
164.3,4,2,1,0,1,Low,Low,Low,Low,Low,Medium,Low,Medium,Low,1,0,0,PVC Pipes,316718.88
144.8,3,2,1,0,1,Medium,Low,Medium,Low,Low,Medium,Medium,Medium,Medium,0,1,1,PVC Pipes,248781.16
108.8,2,1,1,1,1,Low,Low,Low,Low,Low,Medium,Low,Low,Low,0,0,0,PPR Pipes,183399.38
142.7,4,1,1,3,1,Low,Low,Low,Medium,Medium,Medium,Low,Medium,Medium,0,0,0,PVC Pipes,252174.95
178.7,4,2,1,1,1,High,High,High,High,High,High,High,High,High,1,1,1,PVC Pipes,423214.93
112.6,2,1,1,1,1,High,High,High,Medium,Medium,Medium,Medium,High,High,1,1,1,PVC Pipes,250355.01
133.8,3,2,1,1,1,Medium,Medium,Medium,Medium,Medium,Medium,Medium,Medium,Medium,1,0,0,PVC Pipes,290806.59
108.7,2,1,1,1,1,Low,Low,Medium,Medium,Low,Low,Low,Low,Low,0,0,0,PPR Pipes,182036.52
137.6,4,1,1,2,1,Medium,Medium,Medium,Medium,Medium,Medium,Medium,Medium,Medium,0,0,1,PVC Pipes,237832.32
191.3,5,3,1,3,1,Medium,Medium,Medium,Medium,Low,Medium,Medium,Medium,Medium,1,0,0,PVC Pipes,397729.67
64.0,2,1,1,1,1,Medium,Medium,Medium,Medium,Medium,Medium,Medium,Low,Medium,1,1,1,PVC Pipes,156774.66
142.1,3,2,1,3,1,Medium,High,Medium,Medium,Low,Medium,High,Medium,Medium,0,0,1,PVC Pipes,291175.43
157.8,4,1,1,2,1,Medium,Medium,Low,Medium,Medium,Medium,Medium,Medium,Medium,1,0,1,PVC Pipes,309074.88
137.5,4,1,1,1,1,High,Medium,High,Medium,High,High,High,High,Medium,1,1,1,PVC Pipes,291943.32
103.6,3,2,1,1,1,Low,Low,Low,Medium,Low,Medium,Low,Low,Low,0,0,1,PPR Pipes,191016.4
120.6,3,1,1,2,1,Medium,Medium,Medium,Medium,Medium,Low,Medium,High,Medium,0,1,1,PVC Pipes,240092.44
95.2,3,2,1,1,1,Medium,Medium,Medium,Low,Medium,Medium,Medium,Low,Medium,1,1,1,PPR Pipes,233809.08
106.4,3,2,1,0,1,Medium,Medium,High,Low,Medium,Medium,Medium,Medium,Medium,0,1,1,PVC Pipes,213604.52
82.5,2,1,1,2,1,Medium,Low,Medium,High,Medium,Medium,Medium,Medium,Medium,0,1,0,PVC Pipes,160556.25
133.1,3,1,1,1,1,Low,Medium,Low,Low,Medium,Low,Low,Low,Medium,0,0,0,PPR Pipes,226709.31
93.0,2,1,1,0,1,High,Medium,High,High,High,Medium,High,High,High,1,0,1,PVC Pipes,211430.46
51.8,1,1,1,0,1,High,High,Medium,Medium,High,Medium,High,High,High,1,0,1,PVC Pipes,132294.04
112.0,3,2,1,2,1,Low,Low,Low,Low,Low,Low,Low,Low,Low,0,0,0,PPR Pipes,219808.63
177.5,4,1,1,2,1,Medium,Medium,Medium,High,High,Medium,Low,High,Medium,1,0,0,PVC Pipes,339629.65
115.0,3,2,1,1,1,Medium,Medium,Medium,Medium,Medium,Medium,High,High,Medium,1,0,1,PVC Pipes,264694.06
68.7,2,1,1,0,1,High,High,Medium,Medium,High,Medium,Medium,Medium,High,1,1,1,PVC Pipes,167094.9
175.0,4,2,1,1,1,Medium,Medium,Medium,High,Low,Medium,Medium,Medium,High,1,0,0,PVC Pipes,382556.88
78.6,2,1,1,2,1,Medium,Medium,Medium,Medium,Low,Medium,Medium,Medium,Medium,0,1,1,PVC Pipes,167805.45
94.7,3,1,1,2,1,Medium,High,Medium,High,Low,Medium,Low,Medium,Low,0,0,1,PVC Pipes,194431.93
96.7,2,1,1,1,1,Low,Low,Medium,Medium,Medium,Low,Low,Low,Low,0,0,0,PPR Pipes,185155.21
119.3,3,2,1,2,1,Medium,Low,High,Medium,Low,Medium,Medium,Medium,Low,1,0,0,PVC Pipes,273429.74
82.6,2,1,1,0,1,Low,Low,Medium,Medium,Medium,Low,Low,Medium,Low,0,1,0,PVC Pipes,156506.03
75.6,2,1,1,0,1,High,High,Medium,Medium,High,High,Medium,Medium,High,1,1,1,PVC Pipes,189309.5
104.1,3,2,1,1,1,Low,Low,Medium,Low,Low,Low,Medium,Low,Low,0,0,0,PPR Pipes,201974.06
95.5,3,1,1,2,1,Medium,Low,Medium,Medium,High,High,High,Low,Medium,0,0,0,PPR Pipes,193911.69
73.3,2,1,1,1,1,Low,Medium,Low,Low,Medium,Low,Low,Low,Low,0,1,0,PPR Pipes,141171.12
139.7,3,2,1,1,1,Medium,Medium,Medium,Medium,Low,Low,Medium,Medium,Medium,0,1,0,PVC Pipes,253976.58
197.5,5,2,1,3,1,Medium,Medium,Medium,Medium,Medium,High,Medium,Medium,Low,1,0,0,PVC Pipes,397118.51
99.3,2,1,1,1,1,High,High,Medium,High,High,High,High,High,Medium,1,1,0,PVC Pipes,221811.68
90.2,2,1,1,1,1,High,Medium,High,High,High,High,High,High,Medium,1,1,1,PVC Pipes,217650.96
122.3,3,2,1,2,1,Low,Medium,Low,Medium,Low,Low,Medium,Medium,Low,0,1,0,PVC Pipes,241676.67
98.4,2,1,1,0,1,Medium,Medium,High,Medium,High,Medium,Medium,Medium,Medium,0,0,0,PVC Pipes,167871.78
87.9,2,1,1,1,1,Medium,High,Medium,Low,Low,Medium,Medium,High,Low,1,0,0,PVC Pipes,194273.54
85.3,2,1,1,2,1,High,High,High,High,High,High,High,High,High,0,1,1,PVC Pipes,198446.24
96.0,2,1,1,2,1,Low,Low,Low,Low,Medium,Low,Low,Low,Medium,0,0,0,PPR Pipes,174997.36
85.3,2,1,1,1,1,Low,Low,Medium,Low,Medium,Low,Low,Medium,Medium,0,0,0,PVC Pipes,168498.53
115.7,3,2,1,2,1,Medium,Medium,High,Low,Low,Medium,Medium,Medium,Medium,0,0,0,PVC Pipes,217671.44
88.9,2,1,1,1,1,High,High,High,High,High,High,High,Medium,Medium,0,1,1,PVC Pipes,193495.02
123.0,3,1,1,3,1,Medium,High,Medium,Medium,High,Low,Medium,Medium,Medium,1,0,0,PVC Pipes,276686.01
88.8,2,1,1,0,1,High,High,High,High,High,Medium,High,High,Medium,1,1,1,PVC Pipes,211450.34
61.0,1,1,1,0,1,Medium,High,Medium,Medium,Medium,Medium,High,Low,High,0,1,1,PPR Pipes,129500.71
203.2,5,3,1,3,1,Medium,Medium,Medium,Low,Medium,Low,Medium,Medium,High,1,1,1,PVC Pipes,452931.14
171.4,4,2,1,2,1,Medium,High,High,Medium,Medium,High,Medium,Medium,Low,1,1,1,PVC Pipes,383841.25
134.1,3,1,1,1,1,Medium,Low,Medium,Medium,High,High,High,High,Medium,1,1,1,PVC Pipes,274467.03
121.2,3,2,1,2,1,Low,Medium,Low,Low,Low,Low,Low,Low,Low,0,0,0,PPR Pipes,230863.71
103.1,2,1,1,0,1,High,High,Medium,High,High,High,High,Medium,High,1,1,1,PVC Pipes,228674.6
80.0,2,1,1,1,1,Low,Low,Medium,Low,Medium,Low,Medium,Low,Low,0,0,0,PPR Pipes,163547.58
99.8,3,2,1,3,1,Low,Low,Low,Low,Low,Low,Low,Medium,Low,0,0,0,PVC Pipes,195078.26
102.3,2,1,1,2,1,Low,Low,Low,Low,Medium,Low,Low,Low,Medium,0,0,0,PPR Pipes,179544.84
200.3,5,3,1,3,2,Medium,Medium,Medium,High,Medium,Medium,Medium,Medium,High,0,1,1,PVC Pipes,392207.0
153.9,4,2,1,1,1,Medium,Medium,Medium,Medium,Medium,Medium,Low,Medium,High,1,1,1,PVC Pipes,337537.37
88.5,2,1,1,0,1,Low,Low,Low,Low,Low,Low,Low,Low,Medium,0,0,0,PPR Pipes,158400.39
93.4,2,1,1,1,1,Medium,Medium,Low,Medium,High,Medium,Medium,Low,Low,1,1,1,PPR Pipes,186242.53
133.6,3,2,1,1,1,Medium,Low,Medium,Medium,Low,Medium,Medium,Medium,Medium,0,1,0,PVC Pipes,245785.44
105.9,3,2,1,1,1,Medium,Medium,Medium,Medium,High,Medium,High,High,Medium,0,1,0,PVC Pipes,225160.61
54.2,1,1,1,1,1,Medium,Medium,High,Medium,Medium,Low,Medium,Medium,High,0,1,0,PVC Pipes,123500.41
117.6,3,2,1,2,1,Medium,Medium,Low,Medium,Medium,Medium,High,Medium,Medium,1,0,0,PVC Pipes,256412.67
112.5,3,2,1,2,1,Low,Low,Low,Medium,Low,Medium,Low,Low,Low,0,0,0,PPR Pipes,225431.41
96.2,2,1,1,0,1,High,High,Medium,Medium,High,Medium,High,High,Medium,1,1,1,PVC Pipes,225620.93
144.6,3,2,1,1,1,Low,Low,Medium,Low,Low,Low,Low,Low,Medium,0,0,0,PPR Pipes,269699.25
58.1,2,1,1,0,1,Medium,Medium,Low,Medium,Medium,Low,Low,Medium,Medium,0,0,0,PVC Pipes,119962.78
92.9,2,1,1,1,1,Medium,High,Medium,Medium,Medium,High,High,Low,Medium,0,1,1,PPR Pipes,183966.37
71.9,2,1,1,1,1,Medium,Medium,Medium,Medium,Medium,Medium,Low,Medium,High,1,1,0,PVC Pipes,169585.75
82.2,2,1,1,1,1,Low,Low,Low,Low,Medium,Low,Medium,Low,Medium,0,1,0,PPR Pipes,153354.65
88.7,3,1,1,0,1,Low,Low,Medium,Medium,Low,Low,Low,Low,Medium,0,0,0,PPR Pipes,165580.97
94.7,2,1,1,1,1,High,High,High,High,High,High,High,High,Medium,1,1,1,PVC Pipes,221739.91
101.1,2,1,1,0,1,Medium,Medium,Medium,Medium,Medium,Low,Medium,Low,Low,1,1,0,PPR Pipes,192932.87
97.2,2,1,1,1,1,Medium,Medium,Medium,Medium,Medium,High,High,Medium,Low,0,1,0,PVC Pipes,188918.81
112.1,3,2,1,0,1,High,High,High,High,High,High,Medium,High,High,0,0,1,PVC Pipes,235398.9
111.0,3,1,1,2,1,Medium,Medium,Medium,Medium,Medium,High,Medium,Medium,Low,1,1,1,PVC Pipes,239687.5
127.2,3,2,1,1,1,Low,Medium,Low,Low,Low,Low,Low,Medium,Medium,0,0,0,PVC Pipes,218455.06
80.2,2,1,1,0,1,Medium,Low,Medium,Low,Medium,Medium,Low,Medium,High,0,0,1,PVC Pipes,153999.29
78.2,2,1,1,2,1,Medium,Low,Medium,High,Medium,Medium,Medium,Medium,Low,1,1,0,PVC Pipes,174146.84
165.2,4,2,1,1,1,Low,Low,Medium,Low,Low,Low,Low,Low,Low,0,0,0,PPR Pipes,298073.33
110.7,2,1,1,0,1,Low,Low,Low,Medium,Low,Low,Low,Low,Low,0,0,0,PPR Pipes,188225.44
91.5,2,1,1,2,1,High,High,Medium,High,Medium,High,Medium,Medium,High,1,0,1,PVC Pipes,223053.93
155.4,4,2,1,2,1,Low,Medium,Low,Low,Low,Low,Low,Medium,Low,0,0,0,PVC Pipes,284685.98
117.5,3,2,1,2,1,Medium,Medium,Low,Medium,Medium,High,High,Medium,Medium,1,1,1,PVC Pipes,285093.95
78.7,2,1,1,0,1,Medium,Medium,Medium,Medium,Medium,Medium,Medium,Medium,Medium,0,0,0,PVC Pipes,146057.85
82.4,2,1,1,2,1,Low,Medium,Low,Medium,Medium,Low,Low,Medium,Low,0,0,0,PVC Pipes,158563.5
131.5,3,2,1,2,1,Medium,Medium,Medium,High,Medium,Medium,Medium,Low,High,1,1,0,PPR Pipes,275967.66
102.9,2,1,1,0,1,High,High,High,High,Medium,High,High,High,Medium,1,0,1,PVC Pipes,217654.69
112.8,3,2,1,2,1,Low,Low,Low,Low,Low,Medium,Low,Low,Low,0,0,0,PPR Pipes,198968.34
75.2,2,1,1,2,1,High,High,High,High,High,High,High,High,Medium,1,1,1,PVC Pipes,199849.57
150.6,4,1,1,3,1,Low,Low,Low,Low,Low,Medium,Low,Low,Medium,0,0,0,PPR Pipes,261778.57
129.4,3,1,1,0,1,Low,Low,Medium,Low,Medium,Low,Medium,Medium,Low,1,0,0,PVC Pipes,247838.39
126.7,3,1,1,3,1,Low,Low,Low,Low,Low,Low,Low,Medium,Medium,0,0,0,PVC Pipes,222855.93
117.9,3,1,1,2,1,Low,Low,Low,Medium,Low,Low,Low,Low,Low,0,0,0,PPR Pipes,202186.56
112.2,3,2,1,1,1,Low,Low,Low,Low,Medium,Low,Low,Low,Low,1,0,0,PPR Pipes,227702.19
200.7,5,3,1,3,1,Medium,Medium,Medium,Medium,Medium,Medium,Medium,High,Medium,1,0,1,PVC Pipes,433164.32
89.8,2,1,1,1,1,Low,Low,Low,Low,Low,Low,Medium,Low,Low,0,0,0,PPR Pipes,174764.95
123.0,3,2,1,1,1,Medium,Medium,Medium,Low,Medium,High,Medium,High,Medium,1,0,0,PVC Pipes,256380.32
156.7,4,2,1,2,1,Medium,Medium,Medium,Low,Medium,Medium,Low,High,Low,1,1,0,PVC Pipes,320251.11
153.1,4,1,1,1,1,High,High,High,High,High,Medium,High,Medium,High,1,1,0,PVC Pipes,334143.37
79.3,2,1,1,1,1,High,Medium,Medium,High,High,Medium,Medium,Medium,High,1,1,1,PVC Pipes,192533.16
171.5,4,2,1,2,1,Medium,Medium,Medium,Medium,Medium,Medium,Medium,Low,Medium,1,0,1,PPR Pipes,372908.95
149.0,4,2,1,1,1,Medium,Medium,Medium,Medium,Medium,High,High,High,Medium,1,1,1,PVC Pipes,357403.67
202.0,5,3,1,3,2,Medium,Medium,Low,Medium,High,High,Low,High,Medium,0,1,1,PVC Pipes,384043.22
52.5,1,1,1,1,1,Medium,Low,Low,Medium,Low,Medium,Medium,Low,Low,1,1,0,PPR Pipes,114389.38
90.2,2,1,1,0,1,Low,Low,Medium,Low,Low,Low,Low,Medium,Low,0,0,0,PVC Pipes,156987.87
123.6,3,2,1,1,1,Medium,Medium,Medium,Medium,Low,Medium,Medium,Medium,High,1,1,1,PVC Pipes,292089.69
75.5,2,1,1,1,1,Medium,Medium,Medium,Medium,Low,Medium,Medium,Medium,Medium,0,1,1,PVC Pipes,160852.28
133.2,3,2,1,1,1,Low,Low,Medium,Low,Low,Low,Medium,Low,Low,0,0,0,PPR Pipes,251562.87
84.4,2,1,1,0,1,Low,Low,Medium,Low,Medium,Low,Low,Low,Medium,0,0,0,PPR Pipes,150695.21
121.9,3,1,1,3,1,Low,Low,Low,Medium,Low,Low,Low,Medium,Low,0,0,0,PVC Pipes,223991.05
78.3,2,1,1,0,1,Medium,Medium,Medium,Low,Medium,Low,Medium,Medium,Medium,1,0,1,PVC Pipes,176381.59
100.2,3,2,1,2,1,Low,Low,Low,Medium,Low,Low,Low,Medium,Low,0,0,0,PVC Pipes,183227.89
108.1,2,1,1,0,1,High,Medium,Medium,Medium,High,High,High,High,Medium,1,1,1,PVC Pipes,228011.48
146.0,4,2,1,1,1,Medium,Medium,Medium,Medium,Medium,Medium,Low,Medium,High,0,0,1,PVC Pipes,303720.59
104.1,3,2,1,2,1,Medium,Low,Low,Medium,High,High,Medium,High,High,0,1,1,PVC Pipes,234022.82
163.9,4,2,1,2,1,Low,Low,Low,Medium,Medium,Low,Low,Low,Low,0,0,0,PPR Pipes,295721.98
142.2,3,1,1,1,1,Medium,Medium,High,Medium,Medium,Low,Medium,Medium,Medium,0,0,0,PVC Pipes,236036.09
106.0,3,1,1,1,1,Low,Low,Low,Low,Low,Low,Low,Low,Low,0,0,0,PPR Pipes,180511.12
155.3,4,2,1,2,1,High,High,Medium,High,High,High,High,High,Medium,1,0,0,PVC Pipes,358477.3
117.5,3,1,1,1,1,Low,Low,Low,Low,Low,Medium,Low,Low,Medium,0,0,0,PPR Pipes,188257.08
118.8,3,2,1,1,1,Medium,Medium,Medium,Medium,Medium,Medium,Medium,Low,Medium,1,1,1,PPR Pipes,254667.1
161.2,4,2,1,2,1,Medium,Medium,Low,Low,Medium,Medium,Medium,Medium,Medium,0,1,0,PVC Pipes,313094.78
122.5,3,2,1,2,1,Medium,Medium,Low,Medium,High,Medium,Medium,Medium,Medium,0,0,0,PVC Pipes,228847.05
84.2,2,1,1,2,1,Medium,Medium,Medium,Low,Medium,Medium,Low,Medium,Medium,1,1,1,PVC Pipes,188984.31
57.2,1,1,1,1,1,Low,Low,Medium,Low,Low,Medium,Low,Low,Low,0,0,0,PVC Pipes,114419.47
148.2,3,2,1,1,1,High,High,High,High,High,High,Medium,High,Medium,1,1,1,PVC Pipes,350320.34
117.5,3,1,1,1,1,High,High,High,Medium,High,Medium,High,High,High,0,1,1,PVC Pipes,245373.57
162.5,4,1,1,2,1,Medium,Medium,Medium,Medium,High,Medium,Medium,Medium,Medium,1,1,1,PVC Pipes,346363.96
117.6,3,1,1,1,1,High,Medium,High,Medium,High,High,High,High,Medium,1,1,1,PVC Pipes,244152.21
89.1,2,1,1,2,1,Medium,Medium,Medium,Medium,Medium,Low,Medium,Medium,Medium,0,1,1,PVC Pipes,185629.27
50.0,1,1,1,0,1,Medium,Medium,Medium,Medium,Medium,Medium,High,Medium,Low,1,0,1,PVC Pipes,120393.0
186.2,4,2,1,1,2,Medium,Medium,High,Low,Medium,High,Medium,Medium,High,1,1,1,PVC Pipes,375389.27
89.2,2,1,1,0,1,Medium,Medium,Medium,Medium,Medium,Medium,High,Medium,Medium,0,1,0,PVC Pipes,162739.39
128.6,3,2,1,1,1,Medium,High,Medium,Medium,Low,Medium,High,Medium,Medium,0,1,0,PVC Pipes,255806.65
91.6,2,1,1,0,1,Low,Low,Low,Medium,Low,Medium,Low,Medium,Medium,0,0,0,PVC Pipes,162071.2
160.2,4,1,1,1,1,Low,Low,Medium,Low,Low,Low,Medium,Medium,Low,0,0,0,PVC Pipes,282208.78
54.1,1,1,1,0,1,High,High,High,Medium,High,High,High,Medium,High,1,1,1,PVC Pipes,147107.11
172.4,4,2,1,1,1,High,High,High,High,High,High,High,High,High,1,1,1,PVC Pipes,391162.97
113.8,2,1,1,0,1,High,High,High,High,Medium,Medium,Medium,High,High,0,1,0,PVC Pipes,197078.04
72.0,2,1,1,1,1,High,High,High,Medium,High,High,High,High,High,1,1,1,PVC Pipes,185066.16
127.0,3,1,1,1,1,High,High,High,High,High,High,Medium,Medium,High,1,1,1,PVC Pipes,298531.97
122.8,3,2,1,2,1,Medium,Medium,Medium,Medium,High,Medium,Medium,Low,Medium,1,1,0,PPR Pipes,285738.67
143.7,3,1,1,1,1,Medium,High,Medium,Medium,Medium,Medium,Low,High,Medium,0,1,0,PVC Pipes,261803.04
164.7,4,2,1,2,1,Medium,Medium,Low,Medium,Low,High,Medium,Medium,Medium,0,1,0,PVC Pipes,320492.4
182.5,4,2,1,3,2,Medium,High,Medium,Medium,Medium,Low,Medium,Medium,Medium,1,0,1,PVC Pipes,419577.62
202.4,5,2,1,3,2,Medium,Medium,Medium,Medium,Medium,Medium,Medium,Medium,Medium,1,1,1,PVC Pipes,450710.09
151.9,4,2,1,3,1,High,High,High,Medium,High,Medium,High,High,Medium,1,0,1,PVC Pipes,355291.6
50.0,1,1,1,2,1,High,High,High,High,High,High,High,High,Medium,1,0,1,PVC Pipes,145621.36
72.1,1,1,1,1,1,Low,Medium,Medium,Medium,Low,Low,Low,Low,Medium,0,0,0,PPR Pipes,139002.46
134.2,4,1,1,1,1,Medium,Medium,Low,Medium,High,Medium,Medium,Low,Medium,0,0,1,PPR Pipes,234194.51
85.0,2,1,1,0,1,Low,Low,Low,Low,Low,Low,Low,Low,Low,0,0,0,PPR Pipes,144372.29
93.4,2,1,1,2,1,Medium,Medium,Medium,Medium,Medium,Medium,Low,Medium,Medium,0,1,1,PVC Pipes,184733.49
121.2,3,2,1,2,1,Medium,Medium,Medium,Medium,Medium,Medium,Medium,Medium,Medium,1,0,0,PVC Pipes,275587.1
146.8,4,2,1,2,1,Medium,Medium,Medium,Medium,Medium,Low,Medium,Medium,Medium,0,1,1,PVC Pipes,294243.82
99.6,2,1,1,0,1,Low,Low,Low,Low,Medium,Low,Medium,Low,Low,0,0,0,PPR Pipes,169122.57
141.3,3,1,1,2,1,High,Medium,High,Medium,High,High,High,High,High,1,1,1,PVC Pipes,302226.43
116.5,3,2,1,2,1,Low,Low,Low,Low,Low,Low,Low,Low,Low,0,0,0,PPR Pipes,226362.13
116.2,3,1,1,2,1,Medium,Medium,Medium,Medium,Medium,Low,Medium,High,Medium,1,1,1,PVC Pipes,255408.03
75.2,2,1,1,0,1,Low,Medium,Low,Low,Medium,Low,Low,Medium,Low,0,1,0,PVC Pipes,144398.42
74.2,2,1,1,0,1,Medium,Medium,Medium,Medium,High,Medium,Medium,Low,High,0,0,1,PPR Pipes,158814.54
87.5,2,1,1,1,1,Low,Low,Medium,Low,Medium,Medium,Medium,Medium,Medium,0,0,0,PVC Pipes,159245.73
115.3,3,2,1,1,1,High,Medium,High,High,High,High,High,High,High,1,1,1,PVC Pipes,272292.83
119.8,3,2,1,2,1,High,High,High,High,High,High,High,Medium,High,1,1,0,PVC Pipes,301859.47
97.9,2,1,1,1,1,Low,Medium,Low,Low,Low,Low,Low,Low,Low,0,0,1,PPR Pipes,187981.7
142.2,4,1,1,3,1,High,High,High,Medium,High,High,High,Medium,High,0,1,1,PVC Pipes,291209.07
103.0,2,1,1,0,1,Low,Low,Low,Low,Low,Medium,Low,Low,Low,0,0,0,PPR Pipes,167491.12
116.5,3,1,1,1,1,High,High,High,High,Medium,Medium,High,Medium,High,1,0,1,PVC Pipes,264834.6
101.6,3,2,1,1,1,Low,Low,Medium,Low,Low,Low,Low,Low,Low,0,0,0,PPR Pipes,186628.09
91.3,2,1,1,1,1,Medium,Medium,Medium,Medium,High,Low,High,Low,Medium,1,0,1,PPR Pipes,201516.35
113.3,2,1,1,0,1,Medium,High,Low,High,Low,Low,Medium,Low,Medium,1,1,0,PPR Pipes,211694.88
118.7,3,1,1,3,1,High,Medium,High,High,High,High,High,High,High,1,1,1,PVC Pipes,273129.02
132.0,3,1,1,1,1,Medium,Medium,Medium,Medium,Low,Medium,Medium,High,Medium,1,0,1,PVC Pipes,268152.85
147.4,4,2,1,1,1,High,Medium,High,High,High,Medium,High,High,Medium,1,1,1,PVC Pipes,324803.57
69.1,2,1,1,1,1,Medium,Low,Medium,Low,Medium,Medium,High,High,Medium,1,0,0,PVC Pipes,156875.3
123.0,3,1,1,1,1,High,High,High,Medium,High,Medium,High,High,High,1,1,1,PVC Pipes,284311.34
91.7,2,1,1,0,1,Low,Low,Low,Medium,Low,Low,Low,Low,Low,1,0,1,PPR Pipes,169724.46
166.3,4,2,1,3,1,Medium,Medium,Low,Medium,Medium,Medium,Medium,Medium,Medium,1,0,1,PVC Pipes,352480.44
135.4,3,1,1,1,1,Low,Low,Low,Low,Low,Low,Low,Low,Low,0,0,0,PPR Pipes,222648.71
151.9,4,1,1,3,1,Low,Low,Low,Low,Low,Low,Low,Low,Low,0,0,0,PPR Pipes,272480.63
138.8,3,2,1,1,1,Medium,Medium,Low,High,Medium,Medium,High,Medium,High,0,0,1,PVC Pipes,296935.57
79.5,2,1,1,0,1,Medium,Medium,Medium,Medium,Medium,High,Medium,Medium,Low,1,0,1,PVC Pipes,175257.34
71.7,2,1,1,2,1,High,Medium,High,High,High,High,High,High,High,1,1,1,PVC Pipes,190554.95
128.0,3,2,1,3,1,Medium,Medium,Low,Medium,Medium,Low,Medium,Medium,Medium,0,1,1,PVC Pipes,260730.65
114.9,2,1,1,1,1,Medium,Medium,High,Medium,Medium,Medium,Medium,Medium,High,0,0,0,PVC Pipes,206618.14
95.6,2,1,1,2,1,Medium,Medium,Medium,Medium,Medium,Medium,High,Medium,Low,0,0,1,PVC Pipes,190111.83
111.2,3,2,1,1,1,Low,Low,Medium,Low,Low,Low,Low,Medium,Low,0,0,1,PVC Pipes,224406.44
83.9,2,1,1,0,1,High,High,Medium,Medium,Medium,Medium,High,Medium,High,1,1,1,PVC Pipes,203593.96
107.8,3,2,1,3,1,Medium,Medium,Low,Medium,Medium,Medium,Low,Medium,Medium,1,1,1,PVC Pipes,249694.97
78.1,2,1,1,1,1,Medium,Medium,Medium,Low,High,High,Medium,High,Medium,0,1,1,PVC Pipes,151598.64
166.4,4,2,1,1,1,Medium,Medium,Medium,High,Medium,Medium,Low,Medium,High,0,0,1,PVC Pipes,309773.63
96.8,2,1,1,1,1,High,High,Medium,High,High,High,Medium,Medium,Medium,1,1,1,PVC Pipes,205576.17
54.6,1,1,1,1,1,Medium,Medium,High,Medium,Low,Medium,Medium,Low,Medium,0,0,1,PPR Pipes,117893.86
50.0,1,1,1,2,1,Medium,Medium,Low,Low,Medium,Medium,Medium,Medium,Medium,0,0,1,PVC Pipes,117778.47
57.0,2,1,1,2,1,Medium,Medium,Medium,Medium,Medium,Medium,Medium,Medium,Medium,1,0,1,PVC Pipes,151603.4
67.5,1,1,1,1,1,Medium,Medium,Medium,Medium,Medium,High,Low,Medium,Medium,1,0,1,PVC Pipes,147407.07
94.2,2,1,1,1,1,Low,Medium,Low,Low,Medium,Low,Low,Low,Low,0,0,0,PPR Pipes,170476.72
205.7,5,3,1,3,1,Low,Medium,Medium,Medium,Low,Low,Low,Medium,Low,0,0,0,PVC Pipes,406607.12
160.2,4,2,1,3,1,Low,Low,Low,Low,Medium,Low,Low,Low,Medium,0,1,0,PPR Pipes,301522.91
99.9,2,1,1,1,1,Medium,Medium,Medium,Low,Medium,Medium,High,Low,High,0,1,1,PPR Pipes,191046.1
135.4,3,2,1,2,1,High,High,High,High,High,Medium,High,Medium,High,1,1,1,PVC Pipes,328447.26
119.0,3,2,1,1,1,Low,Low,Medium,Low,Medium,Low,Low,Low,Low,0,0,0,PPR Pipes,226777.41
165.5,4,1,1,2,1,High,High,High,Medium,High,High,High,High,High,1,0,0,PVC Pipes,363750.79
117.8,3,2,1,2,1,High,High,High,Medium,Medium,High,High,High,High,1,1,1,PVC Pipes,291417.5
121.2,3,2,1,0,1,Medium,Medium,High,Low,Medium,High,High,High,High,0,1,1,PVC Pipes,259589.76
96.5,3,2,1,2,1,Medium,Medium,Medium,Medium,Medium,Medium,Medium,Medium,Medium,1,0,1,PVC Pipes,227691.96
128.1,3,2,1,3,1,High,High,High,High,High,High,High,High,High,1,1,1,PVC Pipes,340456.45
134.7,3,2,1,2,1,Low,Medium,Low,Low,Low,Low,Low,Low,Medium,1,0,0,PPR Pipes,293077.07
118.8,3,1,1,1,1,Medium,Medium,Medium,Medium,High,Medium,High,Medium,Medium,0,1,1,PVC Pipes,228720.74
171.5,4,1,1,1,1,Low,Low,Low,Low,Low,Low,Medium,Medium,Low,0,1,0,PVC Pipes,281117.27
168.7,4,2,1,3,1,Low,Medium,Low,Medium,Low,Low,Low,Medium,Low,0,0,0,PVC Pipes,307465.17
85.8,2,1,1,0,1,Low,Low,Low,Low,Low,Low,Medium,Low,Low,0,0,0,PPR Pipes,157802.59
106.1,3,2,1,2,1,Low,Low,Low,Medium,Low,Low,Low,Low,Medium,0,0,0,PPR Pipes,216402.29
131.1,3,2,1,2,1,Medium,Medium,Medium,Medium,Medium,Medium,Medium,High,Low,1,0,0,PVC Pipes,293968.09
116.2,3,1,1,1,1,Medium,Medium,Medium,Medium,Low,Medium,High,Low,Medium,1,1,1,PVC Pipes,236611.02
116.0,3,2,1,2,1,High,High,High,High,High,Medium,High,High,Medium,1,1,1,PVC Pipes,287060.89
105.3,3,2,1,1,1,Medium,Low,Low,Medium,Medium,Low,High,Medium,Low,0,1,0,PVC Pipes,203703.95
115.3,3,2,1,2,1,Low,Low,Low,Medium,Low,Low,Low,Low,Medium,0,0,0,PPR Pipes,231584.93
71.6,1,1,1,1,1,High,High,High,Medium,High,Medium,Medium,High,Medium,0,1,1,PVC Pipes,151499.37
126.2,3,1,1,2,1,High,High,Medium,High,High,High,Medium,High,High,1,1,1,PVC Pipes,285700.31
120.5,3,2,1,2,1,High,High,High,Medium,Medium,High,High,High,High,1,1,1,PVC Pipes,310866.38
131.1,3,1,1,2,1,Low,Low,Low,Low,Low,Low,Medium,Low,Medium,0,0,0,PPR Pipes,251878.85
102.4,2,1,1,1,1,Medium,Medium,Medium,Medium,Medium,Medium,Medium,High,Low,1,1,0,PVC Pipes,202034.15
50.0,1,1,1,1,1,Low,Low,Medium,Low,Low,Medium,Low,Low,Medium,0,0,0,PPR Pipes,112179.98
166.5,4,2,1,0,1,High,High,Medium,High,High,High,Medium,High,High,1,1,1,PVC Pipes,382177.63
158.6,4,1,1,1,1,Low,Medium,Low,Low,Low,Medium,Low,Low,Low,0,0,0,PPR Pipes,250818.44
167.3,4,2,1,2,1,Low,Medium,Medium,Low,Low,Medium,Low,Medium,Low,0,1,0,PVC Pipes,312032.01
83.8,2,1,1,1,1,Medium,Medium,Medium,Medium,Low,Medium,Medium,High,Medium,0,1,0,PVC Pipes,159728.13
171.2,4,1,1,2,1,Medium,Medium,Low,Medium,Medium,Medium,Medium,Medium,Medium,0,1,0,PVC Pipes,299707.95
123.8,3,2,1,2,1,Low,Low,Low,Low,Medium,Medium,Low,Low,Low,0,0,0,PPR Pipes,226098.2
154.2,4,1,1,3,1,Low,Medium,Low,Medium,Low,Low,Low,Medium,Low,0,0,0,PVC Pipes,265097.14
87.3,2,1,1,2,1,Medium,Medium,Low,Medium,Medium,Medium,Medium,Medium,High,1,0,1,PVC Pipes,201095.86
153.6,4,2,1,1,1,Medium,Medium,Medium,Medium,Medium,Medium,Low,Medium,Medium,0,0,0,PVC Pipes,281143.02
124.8,3,2,1,2,1,High,Medium,High,Medium,Medium,High,Medium,High,High,1,1,0,PVC Pipes,277846.35
81.4,2,1,1,0,1,Medium,Medium,Medium,Medium,Medium,Medium,High,Medium,Medium,0,1,0,PVC Pipes,161872.89
81.9,2,1,1,0,1,Medium,Medium,Medium,Medium,Medium,Medium,High,Medium,Medium,0,1,0,PVC Pipes,157257.39
85.2,2,1,1,2,1,Low,Low,Medium,Low,Medium,Low,Low,Low,Medium,0,0,0,PPR Pipes,166745.37
83.5,2,1,1,0,1,Medium,Medium,Medium,Low,Medium,Medium,Medium,Medium,Medium,0,1,1,PVC Pipes,163321.42
67.0,2,1,1,2,1,High,High,Medium,High,Medium,High,Medium,Medium,High,1,1,1,PVC Pipes,174058.96
164.4,4,1,1,1,1,Low,Medium,Low,Low,Low,Low,Medium,Medium,Low,0,1,0,PVC Pipes,259699.71
140.5,3,2,1,0,1,Low,Low,Low,Low,Medium,Low,Low,Low,Low,0,0,0,PPR Pipes,230643.72
138.0,3,2,1,2,1,Low,Medium,Medium,Low,Low,Medium,Medium,Low,Low,0,0,0,PPR Pipes,263061.08
65.9,2,1,1,1,1,Medium,Medium,High,Medium,Medium,High,Medium,Medium,Medium,0,1,1,PVC Pipes,145155.56
100.7,2,1,1,1,1,Medium,Medium,Low,Low,Medium,Medium,High,Medium,Medium,1,1,1,PVC Pipes,215065.22
83.8,2,1,1,1,1,Low,Low,Low,Low,Low,Medium,Medium,Low,Low,0,0,0,PPR Pipes,146154.99
94.8,2,1,1,1,1,Medium,Medium,Medium,Medium,High,High,Medium,Medium,Medium,1,1,1,PVC Pipes,211735.21
125.4,3,2,1,1,1,High,Medium,Medium,High,High,High,High,High,Medium,1,1,1,PVC Pipes,284366.3
159.0,4,2,1,3,1,Medium,Low,Medium,Medium,Medium,Medium,Medium,Medium,Medium,0,1,1,PVC Pipes,317140.48
117.2,3,1,1,1,1,Low,Low,Low,Medium,Medium,Low,Low,Low,Low,0,0,0,PPR Pipes,202833.33
100.4,3,2,1,0,1,Low,Low,Low,Low,Low,Medium,Medium,Low,Medium,0,0,0,PPR Pipes,206523.15
119.5,3,1,1,2,1,Medium,High,Low,Low,Medium,High,Low,Medium,Medium,1,1,1,PVC Pipes,261289.0
107.5,3,2,1,1,1,Low,Medium,Low,Medium,Low,Low,Medium,Medium,Low,0,0,0,PVC Pipes,221171.32
83.4,2,1,1,2,1,Low,Low,Medium,Low,Medium,Low,Medium,Low,Low,0,0,0,PPR Pipes,171218.94
188.7,5,2,1,2,1,Low,Medium,Low,Medium,Low,Low,Low,Low,Low,0,0,0,PPR Pipes,338265.35
78.8,2,1,1,1,1,Low,Low,Low,Low,Medium,Medium,Low,Low,Low,0,1,0,PPR Pipes,151667.64
96.4,2,1,1,0,1,Low,Medium,Medium,Low,Medium,Medium,Low,Low,Low,0,0,1,PPR Pipes,160385.04
50.0,1,1,1,1,1,Low,Low,Low,Low,Low,Low,Low,Low,Low,0,0,0,PVC Pipes,101553.53
106.6,3,2,1,2,1,High,High,High,High,High,High,Medium,Medium,Medium,1,1,1,PVC Pipes,280529.28
170.4,4,1,1,1,1,Low,Medium,Medium,Low,Medium,Medium,Low,Low,Low,0,0,0,PPR Pipes,297996.99
125.6,3,2,1,1,1,High,High,Medium,High,High,High,High,High,High,1,1,1,PVC Pipes,308401.95
135.4,3,2,1,1,1,Medium,High,Medium,Medium,High,Medium,Medium,Medium,High,1,1,1,PVC Pipes,302965.57
169.4,4,1,1,2,1,High,High,High,High,Medium,High,High,High,Medium,1,1,1,PVC Pipes,390844.17
166.6,4,2,1,3,1,Medium,Medium,High,High,Medium,Low,Medium,Medium,Medium,1,0,1,PVC Pipes,366127.88
83.0,2,1,1,0,1,Low,Medium,Medium,Medium,Medium,Low,Low,Low,Low,0,0,0,PPR Pipes,152872.37
131.9,3,1,1,2,1,High,High,High,High,High,Medium,High,Medium,High,1,1,1,PVC Pipes,302716.5
111.7,3,2,1,3,1,Low,Medium,Low,Low,Low,Medium,Low,Low,Low,0,0,0,PVC Pipes,211840.9
110.7,3,2,1,0,1,High,High,Medium,High,High,High,Medium,High,High,1,1,1,PVC Pipes,250435.78
97.3,2,1,1,1,1,Low,Low,Medium,Medium,Low,Medium,Low,Low,Medium,0,0,0,PPR Pipes,169382.07
127.2,3,2,1,1,1,Low,Low,Low,Low,Low,Low,Low,Low,Medium,0,0,1,PPR Pipes,217609.67
57.7,1,1,1,0,1,Low,Medium,Low,Low,Medium,Low,Medium,Low,Medium,0,0,0,PPR Pipes,108369.06
105.7,3,1,1,1,1,High,High,High,High,High,Medium,High,High,Medium,1,1,1,PVC Pipes,250179.16
108.3,3,1,1,3,1,High,High,Medium,Medium,High,High,High,Medium,High,1,1,1,PVC Pipes,283535.59
109.5,3,2,1,0,1,Low,Medium,Low,Low,Medium,Medium,Low,Low,Low,0,0,0,PPR Pipes,197114.01
113.9,3,1,1,1,1,Low,Low,Low,Low,Low,Low,Medium,Low,Low,0,1,0,PPR Pipes,190315.78
50.0,1,1,1,0,1,Low,Low,Low,Low,Medium,Low,Low,Low,Low,0,0,0,PPR Pipes,95485.66
202.6,5,3,1,3,1,High,High,High,High,Medium,High,Medium,High,High,1,1,1,PVC Pipes,496488.72
81.1,2,1,1,1,1,Low,Medium,Low,Medium,Low,Medium,Low,Low,Low,0,0,1,PPR Pipes,151948.21
172.5,4,2,1,1,1,Low,Medium,Low,Medium,Low,Low,Medium,Low,Low,0,0,0,PPR Pipes,313044.9
81.1,2,1,1,0,1,Low,Medium,Low,Low,Low,Medium,Low,Low,Medium,1,0,0,PPR Pipes,169082.28
86.7,3,1,1,1,1,Medium,Medium,Medium,Medium,Low,High,Medium,Medium,Medium,0,1,1,PVC Pipes,175986.52
134.3,3,1,1,2,1,High,Medium,High,High,High,High,High,High,High,1,1,1,PVC Pipes,293214.72
83.8,2,1,1,0,1,High,High,High,High,Medium,High,High,High,High,1,1,0,PVC Pipes,191092.19
214.2,5,2,1,1,1,Medium,High,High,Medium,Medium,Medium,High,Medium,Medium,1,1,0,PVC Pipes,457925.23
115.0,3,1,1,2,1,High,High,High,High,High,High,Medium,High,High,1,1,1,PVC Pipes,269709.14
86.4,2,1,1,1,1,Medium,Medium,Medium,Low,Low,Low,Medium,Medium,Medium,0,0,1,PVC Pipes,172370.55
97.1,2,1,1,0,1,Medium,Medium,High,Medium,Medium,Medium,Medium,Medium,Medium,0,1,1,PVC Pipes,174338.46
94.4,3,2,1,3,1,Low,Low,Medium,Low,Medium,Low,Medium,Low,Medium,0,1,0,PPR Pipes,213720.68
76.3,2,1,1,1,1,Low,Low,Low,Low,Low,Low,Low,Low,Low,0,0,0,PPR Pipes,148967.88
77.4,2,1,1,1,1,High,High,High,High,High,High,High,High,High,1,0,1,PVC Pipes,199673.04
77.3,2,1,1,0,1,Low,Low,Medium,Low,Medium,Low,Low,Medium,Low,0,0,1,PVC Pipes,151641.82
108.6,2,1,1,2,1,Medium,Medium,Low,Medium,Medium,Medium,High,Medium,Medium,0,0,0,PVC Pipes,204846.29
103.6,3,2,1,3,1,High,High,High,High,High,Medium,High,Medium,Medium,1,1,1,PVC Pipes,261542.61
89.2,3,2,1,1,1,Low,Medium,Medium,Low,Low,Low,Medium,Low,Low,0,0,0,PPR Pipes,184063.52
133.5,3,1,1,2,1,Low,Low,Medium,Medium,Low,Medium,Low,Low,Medium,1,1,0,PPR Pipes,246327.57
124.5,3,1,1,0,1,Low,Low,Low,Low,Low,Medium,Low,Low,Low,0,1,1,PPR Pipes,211931.68
112.4,3,2,1,2,1,Low,Low,Low,Low,Low,Medium,Low,Medium,Low,1,0,0,PVC Pipes,231888.68
94.5,2,1,1,1,1,Medium,Medium,Medium,Medium,Medium,Medium,High,Medium,Medium,1,0,1,PVC Pipes,209809.38
103.6,3,1,1,2,1,High,High,High,High,Medium,Medium,High,Medium,High,1,1,0,PVC Pipes,237194.69
161.5,4,2,1,2,1,Medium,Medium,Medium,High,Medium,Medium,Medium,Medium,Medium,0,1,1,PVC Pipes,299627.61
118.9,3,2,1,1,1,High,High,High,High,High,High,High,Medium,High,1,1,1,PVC Pipes,291072.97
68.2,2,1,1,0,1,Medium,High,High,Medium,Medium,Medium,Medium,High,Medium,0,0,1,PVC Pipes,135823.0
106.1,3,1,1,3,1,Medium,Medium,High,Low,Medium,Low,High,Low,Medium,1,1,1,PPR Pipes,255084.79
124.9,3,2,1,2,1,Low,Low,Low,Medium,Low,Medium,Medium,Medium,Low,0,0,0,PVC Pipes,245877.78
78.4,2,1,1,0,1,High,Medium,High,High,High,High,High,High,High,1,0,1,PVC Pipes,190618.88
83.1,2,1,1,1,1,Medium,Low,Medium,Medium,Medium,Medium,Medium,Medium,Medium,0,1,0,PVC Pipes,162022.71
68.4,2,1,1,1,1,High,High,Medium,High,High,High,High,Medium,Medium,0,1,1,PVC Pipes,151782.52
99.4,2,1,1,0,1,High,High,Medium,Medium,High,High,High,High,High,1,1,1,PVC Pipes,216494.25
124.2,3,1,1,1,1,Low,Medium,Medium,Low,Low,Medium,Low,Medium,Low,0,0,0,PVC Pipes,225327.85
165.0,4,2,1,2,1,Low,Medium,Low,Low,Low,Low,Medium,Low,Medium,0,0,0,PPR Pipes,284733.6
69.3,1,1,1,0,1,Medium,Medium,Medium,High,Medium,Medium,Medium,Medium,Low,0,1,0,PVC Pipes,125191.43
100.4,2,1,1,2,1,Medium,Medium,Medium,Medium,Medium,Low,Medium,Medium,Medium,0,1,1,PVC Pipes,180916.46
87.5,2,1,1,0,1,Low,Low,Low,Low,Medium,Low,Low,Low,Low,0,0,0,PPR Pipes,150078.93
87.4,2,1,1,2,1,Medium,Medium,Medium,Medium,Low,Medium,Low,Medium,Medium,0,1,0,PVC Pipes,174621.74
127.9,3,2,1,3,1,Medium,Medium,Medium,Medium,Medium,Medium,Medium,High,Medium,1,1,1,PVC Pipes,291895.11
105.0,2,1,1,1,1,Medium,Medium,Medium,High,Medium,Medium,Medium,Low,Medium,1,1,1,PPR Pipes,234391.56
153.5,4,2,1,2,1,Low,Low,Medium,Low,Low,Low,Low,Low,Low,0,0,0,PPR Pipes,279723.44
116.5,3,1,1,0,1,Medium,High,Medium,Medium,Medium,Medium,Medium,Medium,Medium,1,0,0,PVC Pipes,239656.44
105.4,3,2,1,3,1,High,High,High,High,Medium,High,High,High,High,0,1,1,PVC Pipes,251593.82
201.4,5,3,1,1,1,Medium,Medium,Medium,Medium,Medium,Medium,Medium,High,Medium,1,1,0,PVC Pipes,448320.75
156.5,3,1,1,2,1,Medium,Medium,Medium,Medium,Medium,Medium,High,Medium,Medium,0,0,1,PVC Pipes,282658.08
155.0,4,2,1,2,1,High,High,Medium,High,High,High,High,High,High,1,1,0,PVC Pipes,370129.98
128.3,3,1,1,2,1,High,Medium,High,Medium,Medium,High,Medium,High,Medium,1,1,1,PVC Pipes,256840.02
50.0,1,1,1,2,1,Medium,Medium,Medium,Medium,Medium,Medium,Low,Low,High,1,1,0,PPR Pipes,129384.28
58.6,2,1,1,2,1,Low,Low,Medium,Medium,Medium,Low,Medium,Medium,Low,0,0,0,PVC Pipes,136945.16
124.6,3,2,1,2,1,Low,Low,Low,Medium,Medium,Low,Low,Medium,Low,0,0,0,PVC Pipes,232692.81
156.9,4,1,1,2,1,Low,Medium,Low,Low,Medium,Low,Medium,Low,Medium,0,0,1,PPR Pipes,268210.23
191.4,5,3,1,1,1,Medium,Medium,Medium,Medium,Medium,High,High,Medium,Medium,1,0,1,PVC Pipes,426481.29
58.5,2,1,1,1,1,Low,Low,Low,Low,Medium,Medium,Low,Low,Medium,0,1,0,PPR Pipes,128619.52
83.5,2,1,1,2,1,Medium,Medium,Low,Medium,Medium,Medium,Medium,High,Low,1,1,1,PVC Pipes,175081.21
127.8,3,1,1,0,1,High,High,Medium,High,Medium,High,Medium,High,High,1,1,1,PVC Pipes,272220.08
173.2,4,1,1,2,1,High,Medium,High,High,High,Medium,High,Medium,Medium,1,1,1,PVC Pipes,371166.37
144.3,4,2,1,3,1,Low,Medium,Low,Low,Low,Medium,Medium,Low,Medium,0,0,0,PPR Pipes,296169.63
91.2,2,1,1,0,1,Medium,High,Medium,Medium,Medium,Medium,High,High,Medium,1,0,1,PVC Pipes,198685.56
154.0,4,1,1,2,1,Low,Low,Low,Low,Low,Medium,Low,Low,Medium,0,0,0,PPR Pipes,253280.25
94.3,2,1,1,2,1,Medium,Medium,Medium,Medium,Medium,Medium,Medium,Medium,Medium,0,1,0,PVC Pipes,178918.88
66.4,2,1,1,1,1,Medium,Low,Medium,Medium,Medium,Medium,Medium,Medium,Medium,1,0,1,PVC Pipes,155798.33
83.0,2,1,1,1,1,Medium,Medium,High,Medium,Medium,High,Medium,Medium,Medium,0,1,0,PVC Pipes,158529.68
173.1,4,1,1,1,1,Low,Low,Low,Low,Low,Low,Low,Low,Low,0,0,0,PPR Pipes,278220.49
114.4,3,2,1,2,1,Low,Medium,Low,Medium,Low,Low,Medium,Low,Low,0,0,0,PPR Pipes,222773.21
137.8,3,1,1,2,1,Low,Medium,Low,Low,Low,Low,Medium,Low,Low,0,0,0,PPR Pipes,249839.32
162.7,4,2,1,2,1,Medium,Low,Medium,Medium,Medium,Medium,Medium,Low,Medium,1,1,1,PPR Pipes,327273.31
112.4,3,2,1,0,1,Low,Low,Low,Low,Medium,Low,Low,Low,Low,0,0,0,PPR Pipes,208149.44
156.5,4,2,1,1,1,Medium,High,Medium,Medium,High,High,Medium,Medium,Medium,1,1,1,PVC Pipes,339674.45
90.8,2,1,1,0,1,High,Medium,Medium,Medium,High,High,High,High,Medium,1,1,1,PVC Pipes,199093.88
178.6,4,2,1,2,1,Medium,Low,Medium,Low,High,Medium,Medium,Medium,Low,0,0,0,PVC Pipes,309920.12
75.0,2,1,1,0,1,Medium,Medium,Medium,Medium,Medium,High,Medium,Medium,Medium,1,1,1,PVC Pipes,170066.44
89.7,2,1,1,1,1,High,High,High,Medium,High,High,Medium,Medium,High,1,0,1,PVC Pipes,200332.66
106.0,2,1,1,1,1,Low,Medium,Low,Medium,Low,Low,Low,Medium,Low,0,0,1,PVC Pipes,186985.4
118.9,3,2,1,2,1,Medium,High,Medium,Medium,Medium,Medium,Medium,Medium,Medium,1,0,1,PVC Pipes,277339.06
147.4,4,2,1,2,1,Low,Low,Medium,Low,Low,Medium,Low,Low,Medium,0,0,0,PVC Pipes,280410.45
119.2,3,1,1,1,1,Medium,Medium,Medium,High,High,Low,Medium,Medium,Medium,0,1,0,PVC Pipes,230735.04
100.1,2,1,1,1,1,High,High,High,High,High,High,High,Medium,High,1,1,1,PVC Pipes,239855.02
206.7,5,2,1,3,1,Medium,Low,Medium,Medium,Medium,High,Medium,Medium,Medium,1,0,1,PVC Pipes,387591.7
80.8,2,1,1,0,1,Medium,Medium,Medium,Medium,Medium,Low,Low,Medium,Low,1,1,1,PVC Pipes,173875.42
101.1,3,1,1,1,1,High,Medium,High,Medium,High,High,Medium,Medium,High,1,1,1,PVC Pipes,223467.19
174.1,4,2,1,0,1,Low,Medium,Medium,Low,Low,Medium,Low,Low,Low,0,1,0,PPR Pipes,292646.73
125.9,3,2,1,1,1,High,High,High,High,Medium,Medium,High,High,High,1,1,1,PVC Pipes,286087.18
76.7,2,1,1,1,1,Medium,Medium,Low,Medium,Medium,Medium,Medium,Medium,Medium,1,0,0,PVC Pipes,165918.06
93.3,2,1,1,1,1,High,High,High,High,High,High,Medium,High,Medium,1,1,1,PVC Pipes,210352.25
149.4,4,2,1,2,1,Low,Low,Low,Medium,Low,Low,Low,Low,Low,1,0,0,PPR Pipes,293923.19
92.1,2,1,1,0,1,High,High,High,High,High,High,High,High,High,0,1,0,PVC Pipes,174446.89
105.4,3,1,1,1,1,Medium,Medium,Medium,Medium,High,Medium,Medium,Medium,High,1,1,0,PVC Pipes,228357.16
117.6,4,2,1,2,1,Medium,Medium,Medium,High,Medium,Medium,Medium,Low,Medium,1,1,1,PPR Pipes,279180.17
82.1,2,1,1,2,1,Low,Medium,Low,Low,Low,Medium,Low,Low,Medium,0,0,0,PPR Pipes,154778.28
87.9,2,1,1,1,1,High,High,Medium,High,Medium,High,High,High,High,0,1,1,PVC Pipes,181022.74
67.9,1,1,1,0,1,Medium,Medium,Medium,Low,Medium,Medium,Low,Medium,Medium,1,1,0,PVC Pipes,135582.41
93.5,2,1,1,2,1,Low,Low,Low,Low,Low,Low,Medium,Medium,Medium,0,0,0,PVC Pipes,175294.4
55.9,2,1,1,1,1,Medium,Medium,Medium,Low,Medium,Medium,Medium,Medium,Medium,0,1,1,PVC Pipes,130753.92
93.1,2,1,1,0,1,High,Medium,High,High,Medium,High,High,High,Medium,1,1,0,PVC Pipes,202253.29
121.2,3,1,1,1,1,Medium,Medium,High,High,Medium,Medium,Medium,Medium,Medium,1,1,1,PVC Pipes,255080.51
105.9,3,1,1,1,1,Low,Low,Low,Low,Low,Medium,Medium,Low,Low,0,0,0,PPR Pipes,182337.27
122.0,3,2,1,1,1,Medium,High,Medium,Medium,Medium,High,Medium,Medium,Medium,0,0,0,PVC Pipes,218375.27
189.8,4,1,1,3,2,Medium,Low,Medium,Medium,High,Medium,Medium,Medium,Medium,0,1,0,PVC Pipes,334800.25
116.4,3,2,1,2,1,Medium,Medium,High,Low,Medium,Medium,Medium,Medium,Medium,0,1,0,PVC Pipes,246573.9
115.4,3,2,1,2,1,Medium,Medium,Medium,Medium,Medium,Medium,Low,Low,Medium,0,1,0,PPR Pipes,237343.02
129.1,3,2,1,1,1,Medium,Medium,Low,High,Medium,Medium,Medium,Low,Medium,0,0,0,PPR Pipes,233149.34
183.7,4,1,1,3,1,Low,Low,Low,Low,Low,Low,Medium,Low,Medium,0,0,1,PPR Pipes,341668.4
111.6,3,2,1,3,1,Low,Low,Low,Low,Low,Medium,Low,Low,Medium,1,0,0,PPR Pipes,253037.34
90.1,2,1,1,2,1,Low,Low,Medium,Low,Low,Medium,Low,Low,Low,0,0,1,PPR Pipes,181797.11
160.4,4,1,1,1,1,High,Medium,High,Medium,High,High,High,Medium,High,1,1,1,PVC Pipes,339275.43
130.1,3,2,1,1,1,High,Medium,High,Medium,Medium,Medium,High,High,High,1,1,1,PVC Pipes,289948.09
130.4,3,1,1,2,1,High,High,High,High,Medium,Medium,High,High,High,0,1,1,PVC Pipes,277403.7
151.4,4,2,1,3,1,High,High,High,Medium,High,High,Medium,High,Medium,1,1,1,PVC Pipes,355394.7
60.3,1,1,1,1,1,Medium,High,High,High,Medium,High,Medium,Medium,High,1,0,1,PVC Pipes,151074.1
143.1,4,1,1,1,1,Medium,High,Medium,Medium,Medium,Medium,High,High,Medium,1,1,0,PVC Pipes,296648.34
141.6,3,2,1,2,1,Low,Low,Low,Low,Low,Medium,Medium,Low,Medium,0,1,0,PVC Pipes,257857.15
108.5,2,1,1,2,1,Low,Low,Low,Low,Low,Low,Low,Low,Medium,0,0,0,PPR Pipes,190812.07
143.9,4,2,1,1,1,Low,Low,Medium,Medium,Low,Low,Medium,Medium,Low,0,0,0,PVC Pipes,277835.82
86.5,2,1,1,0,1,Medium,Medium,Medium,Medium,High,Medium,High,Medium,Medium,0,1,1,PVC Pipes,175620.31
92.6,2,1,1,2,1,Medium,Medium,Medium,Medium,Low,Low,High,Medium,Medium,1,1,1,PVC Pipes,214400.96
166.6,4,1,1,1,1,Medium,Medium,Medium,Medium,Medium,Medium,Low,High,Medium,0,1,1,PVC Pipes,267876.67
131.9,3,2,1,2,1,Low,Low,Low,Low,Medium,Medium,Medium,Low,Low,0,0,0,PPR Pipes,244458.57
85.0,2,1,1,1,1,High,High,High,Medium,High,High,Medium,High,High,0,1,1,PVC Pipes,184214.56
110.3,2,1,1,1,1,Medium,High,High,Medium,Medium,Low,Medium,Low,Medium,1,1,1,PPR Pipes,255843.9
152.5,4,2,1,0,1,Medium,Medium,High,High,Low,High,Medium,Medium,Medium,0,0,1,PVC Pipes,286552.54
90.3,2,1,1,2,1,High,High,High,Medium,Medium,High,High,Medium,Medium,1,1,1,PVC Pipes,221688.38
82.2,2,1,1,0,1,Medium,Low,Medium,Low,Medium,Medium,Medium,Low,Medium,1,1,1,PPR Pipes,164425.04
128.8,3,2,1,2,1,High,Medium,Medium,High,High,High,High,High,Medium,1,1,1,PVC Pipes,307937.88
132.4,3,1,1,3,1,Medium,Medium,High,Medium,Low,Medium,Medium,Medium,Medium,1,0,1,PVC Pipes,272250.66
132.0,3,2,1,1,1,Medium,Medium,High,Medium,Medium,High,Medium,Medium,Medium,1,1,0,PVC Pipes,279683.4
157.0,4,2,1,2,1,Medium,Medium,Medium,Medium,Medium,Medium,Low,High,Medium,0,0,0,PVC Pipes,280584.28
83.0,2,1,1,0,1,Medium,Medium,Medium,Medium,Medium,Low,Medium,High,Medium,0,1,0,PVC Pipes,155752.53
153.2,4,2,1,3,1,High,High,Medium,Medium,Medium,High,Medium,High,Medium,1,1,1,PVC Pipes,355111.32
71.1,2,1,1,2,1,Low,Low,Low,Medium,Low,Low,Low,Low,Low,0,0,1,PPR Pipes,137047.06
182.8,4,2,1,2,1,Medium,High,Medium,Low,Medium,Medium,Medium,Low,Medium,1,0,0,PPR Pipes,397742.12
65.2,2,1,1,1,1,Low,Medium,Low,Medium,Low,Medium,Low,Low,Low,0,0,0,PPR Pipes,130592.44
136.9,3,2,1,3,1,Medium,High,Medium,Medium,Medium,Medium,Low,Medium,Medium,1,1,0,PVC Pipes,306354.64
119.5,3,1,1,2,1,Medium,Medium,Low,Medium,Medium,Low,Medium,Medium,Low,1,1,1,PVC Pipes,244652.29
57.0,2,1,1,1,1,Medium,Low,Medium,Medium,Medium,Medium,Low,Medium,Medium,0,0,0,PVC Pipes,121503.64
204.3,5,2,1,2,2,Low,Medium,Medium,Medium,Low,Low,Low,Low,Low,0,0,0,PPR Pipes,348082.21
78.2,2,1,1,1,1,Medium,Medium,Medium,Medium,Medium,Medium,Medium,Medium,Medium,1,0,1,PVC Pipes,184757.56
114.0,3,2,1,1,1,Low,Low,Medium,Low,Low,Low,Medium,Low,Low,0,0,0,PPR Pipes,236013.82
143.0,4,2,1,0,1,High,Medium,Medium,Medium,High,Medium,Medium,High,High,1,1,0,PVC Pipes,309635.03
147.5,3,2,1,2,1,Medium,High,Medium,Medium,Medium,Medium,High,Low,Medium,1,1,1,PPR Pipes,333625.3
94.0,2,1,1,0,1,Medium,Low,Low,High,Medium,Medium,High,High,Medium,0,1,1,PVC Pipes,183541.31
76.6,2,1,1,1,1,Medium,Medium,Medium,High,Medium,Medium,Medium,Medium,Medium,1,1,1,PVC Pipes,182464.13
168.5,4,2,1,2,1,Medium,Medium,Medium,Medium,Medium,Medium,Medium,Medium,Medium,1,0,0,PVC Pipes,356791.26
165.5,4,1,1,3,1,High,High,Medium,Medium,High,High,Medium,High,High,1,1,1,PVC Pipes,351440.71
142.9,4,2,1,1,1,High,High,High,High,High,Medium,High,High,High,1,1,1,PVC Pipes,341287.6
66.3,2,1,1,1,1,Medium,Medium,Low,Medium,Low,Low,Medium,Low,High,1,1,0,PPR Pipes,146521.25
95.3,2,1,1,1,1,Medium,Medium,Medium,Medium,Medium,Medium,Low,Medium,Medium,1,1,0,PVC Pipes,194263.24
115.6,3,2,1,1,1,Medium,Medium,High,Medium,Medium,Low,Medium,High,Medium,1,0,0,PVC Pipes,266222.92
132.4,3,2,1,3,1,Medium,Medium,Medium,Low,Medium,Medium,Medium,Low,Medium,0,0,1,PPR Pipes,258328.21
119.5,3,1,1,0,1,Low,Low,Medium,Low,Medium,Low,Low,Low,Low,0,1,0,PPR Pipes,198404.18
231.2,5,2,1,1,2,Medium,Medium,Medium,Medium,Medium,Medium,Medium,High,Medium,0,1,1,PVC Pipes,395487.43
91.7,2,1,1,0,1,Medium,Medium,Medium,Medium,Medium,Medium,High,Medium,Medium,1,0,0,PVC Pipes,187852.76
124.4,3,1,1,3,1,Medium,Medium,Medium,Medium,Low,Medium,Medium,Medium,Low,0,1,1,PVC Pipes,242811.06
75.9,2,1,1,2,1,Medium,High,Medium,Medium,Medium,Low,Medium,Medium,Medium,0,0,0,PVC Pipes,164509.85
68.8,2,1,1,0,1,Low,Low,Low,Low,Medium,Low,Medium,Low,Medium,0,0,0,PPR Pipes,133965.29
115.1,3,2,1,2,1,Low,Medium,Low,Low,Low,Low,Medium,Low,Low,0,0,0,PPR Pipes,229663.66
119.4,3,2,1,2,1,Medium,Medium,Medium,Medium,Medium,Medium,Medium,Medium,Medium,1,0,0,PVC Pipes,269830.53
140.4,3,2,1,1,1,High,High,Medium,High,High,Medium,High,High,High,1,0,0,PVC Pipes,304362.27
50.0,1,1,1,1,1,High,Medium,Medium,Medium,High,High,Medium,High,High,0,1,1,PVC Pipes,125496.03
122.2,3,2,1,0,1,Medium,Medium,Low,Medium,Low,Medium,High,Low,Low,0,0,1,PPR Pipes,236203.06
193.6,5,3,1,3,1,Medium,High,Medium,Low,Low,Medium,Medium,Medium,Medium,0,1,1,PVC Pipes,408914.91
103.3,2,1,1,0,1,High,High,High,High,High,High,High,High,Medium,0,1,1,PVC Pipes,194664.24
133.9,3,2,1,2,1,High,Medium,Medium,High,High,High,High,High,High,0,1,1,PVC Pipes,272994.48
209.5,5,3,1,3,1,Low,Low,Low,Low,Medium,Medium,Medium,Low,Low,0,0,0,PPR Pipes,392802.13
78.5,2,1,1,1,1,High,Medium,High,High,High,Medium,High,High,High,0,1,0,PVC Pipes,164022.99
130.4,3,2,1,3,1,Medium,Medium,Medium,Medium,High,Medium,High,Medium,Medium,0,0,1,PVC Pipes,266084.95
115.6,3,2,1,0,1,Medium,Low,Medium,Medium,Medium,High,Medium,Medium,Medium,1,1,0,PVC Pipes,228428.59
196.7,5,2,1,3,2,Medium,Medium,Medium,Medium,High,High,Medium,Medium,Low,1,1,1,PVC Pipes,425244.79
130.0,3,2,1,1,1,Medium,Medium,Medium,Medium,Medium,Medium,Medium,Medium,High,0,0,0,PVC Pipes,249511.45
126.5,3,2,1,1,1,High,High,Medium,High,Medium,High,Medium,Medium,High,1,1,1,PVC Pipes,309316.88
105.6,3,2,1,1,1,High,High,High,High,High,High,High,High,High,1,1,0,PVC Pipes,254741.54
107.3,3,1,1,1,1,Medium,Medium,Medium,Medium,High,High,Low,Low,High,1,1,0,PPR Pipes,220528.17
77.2,2,1,1,2,1,High,High,High,Medium,Medium,High,High,High,High,1,1,0,PVC Pipes,187380.1
107.1,3,2,1,1,1,Low,Low,Medium,Low,Low,Low,Low,Low,Medium,0,0,0,PPR Pipes,202271.33
88.2,2,1,1,1,1,Low,Low,Low,Low,Medium,Low,Low,Low,Low,0,0,0,PPR Pipes,163245.18
139.5,3,2,1,2,1,Medium,Medium,Medium,Medium,Medium,Medium,Medium,Low,Medium,0,1,0,PPR Pipes,279057.74
162.5,4,1,1,1,1,High,High,Medium,High,Medium,Medium,High,Medium,Medium,1,1,1,PVC Pipes,358589.58
83.0,2,1,1,1,1,Medium,Medium,Medium,Medium,Low,Medium,Medium,High,Medium,1,1,1,PVC Pipes,204183.62
97.3,2,1,1,1,1,Low,Low,Low,Medium,Low,Low,Low,Medium,Low,0,0,0,PVC Pipes,159915.61
161.8,4,1,1,3,1,Medium,Medium,Medium,Medium,Medium,Medium,Medium,Medium,High,1,0,0,PVC Pipes,320748.12
173.8,4,1,1,2,1,Low,Medium,Medium,Medium,Low,Low,Medium,Low,Medium,0,0,0,PPR Pipes,286656.4
69.6,2,1,1,1,1,High,High,High,High,High,Medium,High,High,High,1,1,1,PVC Pipes,176210.44
91.8,2,1,1,1,1,Low,Low,Low,Medium,Low,Low,Low,Low,Low,1,0,0,PPR Pipes,180797.31
82.5,2,1,1,1,1,Low,Low,Medium,Low,Low,Low,Low,Medium,Low,0,0,0,PVC Pipes,146552.53
102.3,2,1,1,1,1,High,High,High,High,Medium,High,High,High,High,0,1,1,PVC Pipes,210058.74
71.4,2,1,1,0,1,Medium,Medium,Low,Medium,Medium,Low,High,Medium,Medium,1,0,0,PVC Pipes,154034.26
160.3,4,2,1,3,1,Medium,Medium,High,Medium,Medium,High,Medium,Medium,Medium,1,1,1,PVC Pipes,349339.38
74.2,2,1,1,1,1,Low,Medium,Low,Low,Low,Low,Medium,Low,Medium,0,1,0,PPR Pipes,149547.02
141.8,3,2,1,3,1,High,High,High,High,Medium,High,High,High,High,1,1,1,PVC Pipes,358435.27
195.8,5,2,1,3,1,High,Medium,High,Medium,Medium,High,High,High,High,1,1,1,PVC Pipes,448913.55
69.0,2,1,1,0,1,Low,Low,Medium,Low,Low,Low,Low,Low,Low,0,0,0,PPR Pipes,127015.49
165.1,4,2,1,1,1,Low,Low,Low,Low,Medium,Low,Medium,Low,Low,0,0,0,PPR Pipes,288880.92
138.4,4,2,1,2,1,High,Medium,Medium,High,High,High,High,High,Medium,1,1,1,PVC Pipes,319523.32
89.7,2,1,1,1,1,Medium,Medium,Medium,Medium,Medium,Low,Medium,Low,Medium,1,0,1,PPR Pipes,195778.75
118.5,3,1,1,2,1,Medium,Medium,High,Medium,Medium,Low,Medium,Medium,Medium,0,1,1,PVC Pipes,230254.42
142.6,4,2,1,2,1,Medium,Low,Medium,Medium,Medium,Medium,Medium,Medium,Medium,0,1,1,PVC Pipes,290721.09
118.8,3,2,1,0,1,Low,Medium,Low,Low,Low,Medium,Medium,Low,Medium,0,0,0,PPR Pipes,233607.18
104.0,3,1,1,1,1,Low,Medium,Low,Low,Low,Low,Low,Medium,Low,0,0,0,PVC Pipes,173359.49
109.9,2,1,1,1,1,Medium,Medium,Low,Medium,Medium,Medium,Medium,Medium,High,1,0,1,PVC Pipes,237812.71
127.3,3,2,1,0,1,High,High,Medium,High,Medium,Medium,High,Medium,High,1,1,1,PVC Pipes,297441.32
95.9,2,1,1,0,1,High,Medium,High,High,Medium,High,High,High,Medium,1,1,1,PVC Pipes,212907.42
110.4,2,1,1,2,1,Medium,Medium,Low,Medium,Medium,Medium,Low,Low,Medium,0,0,1,PPR Pipes,201829.8
86.1,2,1,1,1,1,High,High,High,High,Medium,Medium,High,High,High,1,0,1,PVC Pipes,210452.61
86.1,2,1,1,1,1,Low,Medium,Low,Medium,Medium,Low,Medium,Low,Low,0,0,0,PPR Pipes,157392.5
124.2,3,2,1,3,1,High,High,High,High,Medium,Medium,High,High,High,1,1,1,PVC Pipes,326613.8
79.2,2,1,1,0,1,Medium,High,Medium,Medium,Medium,Medium,High,High,High,1,1,0,PVC Pipes,179102.89
118.5,3,1,1,0,1,High,Medium,Medium,Medium,High,High,Medium,Medium,Medium,1,1,1,PVC Pipes,244418.09
113.4,3,2,1,1,1,Medium,High,Medium,Medium,Low,Medium,High,Medium,Low,1,0,0,PVC Pipes,266473.59
102.9,3,2,1,0,1,High,High,Medium,High,High,High,High,High,High,1,1,1,PVC Pipes,258221.95
105.5,3,1,1,0,1,Medium,High,Medium,High,Medium,Medium,Medium,Medium,Medium,0,1,1,PVC Pipes,202938.69
82.3,2,1,1,2,1,Medium,Medium,Medium,Medium,Low,Medium,Medium,Medium,Medium,0,1,1,PVC Pipes,162259.73
103.3,3,1,1,1,1,Low,Low,Medium,Low,Low,Low,Medium,Low,Low,0,0,0,PPR Pipes,185883.48
162.6,4,2,1,1,1,Low,Low,Medium,Medium,Low,Low,Low,Low,Low,0,0,0,PPR Pipes,280986.76
153.7,4,1,1,2,1,High,Medium,High,Medium,High,High,Medium,High,Medium,0,1,1,PVC Pipes,276777.13
118.3,3,1,1,1,1,Medium,High,Medium,Medium,Medium,Medium,Medium,Medium,Medium,1,0,1,PVC Pipes,260254.77
141.6,3,1,1,2,1,Low,Low,Low,Low,Low,Low,Low,Low,Low,0,0,0,PPR Pipes,229384.79
99.0,3,2,1,0,1,Medium,Medium,Medium,Medium,Low,Medium,Low,Medium,High,0,0,1,PVC Pipes,194088.97
80.6,2,1,1,1,1,Medium,Low,Medium,Medium,Medium,Medium,Medium,High,Medium,1,0,0,PVC Pipes,173522.38
128.9,3,2,1,2,1,High,Medium,High,High,High,Medium,High,High,High,1,1,1,PVC Pipes,309219.94
113.5,3,2,1,0,1,Medium,Medium,Medium,Medium,Medium,Medium,Medium,High,High,1,0,0,PVC Pipes,258702.56
71.4,2,1,1,1,1,Medium,Medium,Low,Medium,Medium,High,Medium,Medium,Medium,1,1,1,PVC Pipes,171570.66
78.9,2,1,1,0,1,Low,Low,Low,Medium,Low,Medium,Medium,Low,Low,0,0,0,PPR Pipes,147940.52
162.3,4,1,1,1,1,High,High,High,High,High,High,Medium,High,Medium,0,1,1,PVC Pipes,306107.22
86.0,2,1,1,0,1,Medium,Medium,Low,Medium,Low,Medium,Medium,High,Medium,0,0,1,PVC Pipes,157427.88
153.3,4,2,1,3,1,Low,Medium,Low,Low,Low,Low,Low,Medium,Low,0,0,0,PVC Pipes,274684.86
105.6,2,1,1,1,1,Medium,Medium,Medium,Medium,Medium,High,Medium,Medium,Low,0,1,0,PVC Pipes,193678.96
133.5,3,2,1,3,1,Low,Low,Medium,Low,Low,Low,Medium,Low,Low,1,0,1,PPR Pipes,289310.68
73.8,2,1,1,0,1,Low,Low,Low,Medium,Medium,Low,Low,Medium,Low,0,0,0,PVC Pipes,135061.34
152.4,4,1,1,1,1,Medium,Medium,Medium,Medium,High,Medium,Medium,Medium,Medium,0,0,1,PVC Pipes,273890.58
163.0,4,1,1,1,1,Low,Low,Low,Low,Low,Low,Low,Medium,Low,0,0,1,PVC Pipes,270902.5
109.6,3,2,1,0,1,High,Medium,High,High,High,High,Medium,High,High,0,0,0,PVC Pipes,212340.49
169.5,4,2,1,3,1,Low,Low,Low,Low,Low,Low,Medium,Low,Medium,0,0,0,PPR Pipes,305275.17
162.5,4,2,1,2,1,Medium,Medium,Medium,High,Low,Low,Low,Medium,Medium,0,1,1,PVC Pipes,309144.5
126.7,4,1,1,2,1,Low,Low,Medium,Low,Low,Low,Low,Medium,Low,0,0,1,PVC Pipes,235144.78
152.4,4,1,1,2,1,Medium,Medium,Medium,High,Medium,Medium,Low,Medium,Low,1,1,0,PVC Pipes,295177.78
131.0,3,1,1,2,1,Medium,Medium,Medium,High,Low,Medium,Low,High,Medium,1,0,1,PVC Pipes,259806.79
110.1,2,1,1,2,1,Medium,Medium,High,Medium,Medium,Low,Medium,Medium,Medium,1,1,1,PVC Pipes,242423.97
157.4,4,1,1,1,1,High,Medium,Medium,High,Medium,Medium,High,High,Medium,1,1,1,PVC Pipes,342085.34
76.8,1,1,1,1,1,Low,Low,Low,Low,Low,Medium,Medium,Medium,Low,0,0,0,PVC Pipes,137163.69
159.3,4,1,1,2,1,Low,Low,Medium,Low,Low,Medium,Low,Low,Low,1,0,0,PPR Pipes,298789.93
173.6,4,2,1,3,1,High,Medium,High,High,High,High,High,High,High,1,1,1,PVC Pipes,409238.77
147.6,4,2,1,2,1,Low,Medium,Low,Medium,Medium,Medium,Low,Low,Medium,0,0,0,PPR Pipes,274832.93
118.4,3,2,1,2,1,Medium,Medium,Medium,Medium,Medium,Low,Medium,High,High,0,0,1,PVC Pipes,236927.04
119.0,3,1,1,0,1,Low,Low,Low,Low,Low,Medium,Low,Low,Low,0,0,0,PPR Pipes,194095.56
209.5,5,3,1,2,1,High,High,Medium,High,High,High,High,Medium,High,1,1,1,PVC Pipes,488108.01
55.2,1,1,1,2,1,Medium,Medium,Low,Medium,Medium,Medium,High,Medium,Medium,1,1,0,PVC Pipes,139482.95
87.2,2,1,1,1,1,Medium,Low,Medium,Medium,Low,Medium,Medium,Medium,Medium,0,1,0,PVC Pipes,161865.58
146.6,4,2,1,1,1,Low,Medium,Low,Low,Low,Low,Low,Low,Medium,0,0,0,PPR Pipes,266415.62
84.8,2,1,1,1,1,Low,Medium,Low,Medium,Low,Medium,Low,Low,Low,0,0,0,PPR Pipes,160169.39
181.6,4,2,1,2,1,Medium,Medium,Medium,Medium,Medium,Medium,Medium,Medium,Medium,0,0,1,PVC Pipes,330083.37
120.3,3,2,1,1,1,High,High,High,High,Medium,Medium,High,High,High,1,1,1,PVC Pipes,296290.99
109.3,2,1,1,1,1,Medium,Low,Medium,Low,Medium,Medium,Low,Medium,Medium,0,0,1,PVC Pipes,189798.68
140.4,4,1,1,2,1,Medium,High,Medium,Medium,Medium,Medium,Medium,High,Medium,1,1,0,PVC Pipes,297034.47
166.6,4,2,1,1,1,Low,Low,Low,Low,Low,Low,Medium,Medium,Low,0,0,1,PVC Pipes,320251.98
108.2,3,1,1,0,1,Medium,Medium,Low,Medium,Medium,Medium,Medium,High,Medium,0,1,0,PVC Pipes,200901.27
100.4,2,1,1,1,1,Medium,High,Medium,Medium,Medium,High,Medium,Medium,Medium,1,1,1,PVC Pipes,225134.22
112.5,3,2,1,1,1,Medium,Medium,Low,Medium,High,Medium,Low,Medium,Medium,1,1,0,PVC Pipes,244254.27
125.7,3,2,1,1,1,Medium,Medium,Medium,Medium,Medium,Medium,Low,Medium,Medium,0,0,0,PVC Pipes,237323.62
128.8,3,1,1,2,1,Medium,Medium,Medium,Low,Medium,Medium,Medium,High,High,1,1,1,PVC Pipes,271509.07
160.7,4,1,1,2,1,Low,Low,Low,Low,Low,Low,Medium,Low,Low,0,0,1,PPR Pipes,281391.01
114.3,3,1,1,1,1,Low,Medium,Medium,Low,Low,Medium,Low,Low,Low,0,0,0,PPR Pipes,210082.2
89.5,2,1,1,2,1,Low,Medium,Low,Low,Low,Low,Low,Low,Low,0,0,0,PPR Pipes,164613.32
79.4,2,1,1,1,1,Medium,Medium,Low,High,Medium,Medium,Medium,Medium,Medium,0,0,0,PVC Pipes,145247.02
151.4,3,1,1,2,1,High,High,Medium,Medium,High,High,High,High,Medium,1,1,1,PVC Pipes,343475.59
144.0,3,2,1,3,1,High,Medium,Medium,High,High,Medium,High,High,Medium,1,0,1,PVC Pipes,347593.92
65.8,1,1,1,0,1,Medium,Medium,Medium,Medium,Medium,Low,Low,Medium,Medium,1,1,0,PVC Pipes,143142.75
131.5,3,1,1,0,1,Medium,Medium,Medium,Medium,Medium,Medium,Medium,Medium,Medium,1,0,0,PVC Pipes,261976.7
166.9,4,2,1,2,1,Medium,Medium,Medium,Medium,Medium,Medium,Medium,Medium,Medium,1,1,1,PVC Pipes,352883.63
121.2,3,1,1,3,1,Medium,Medium,Medium,Medium,High,Medium,Medium,Medium,Medium,1,0,1,PVC Pipes,256812.94
71.3,1,1,1,0,1,Medium,Low,High,Medium,Medium,Medium,Medium,Medium,High,1,0,0,PVC Pipes,149321.51
174.6,4,2,1,3,1,Medium,High,High,Medium,Low,Medium,Medium,Low,Medium,1,0,1,PPR Pipes,390606.64
92.7,3,2,1,1,1,Medium,High,Medium,Medium,Medium,High,High,Medium,Low,0,1,0,PVC Pipes,202197.26
127.3,3,1,1,1,1,Low,Low,Low,Medium,Medium,Medium,Low,Low,Low,0,0,0,PPR Pipes,225645.94
168.5,4,2,1,1,1,High,High,Medium,High,High,High,High,High,Medium,1,1,1,PVC Pipes,347886.81
121.0,3,1,1,1,1,Medium,Low,High,Medium,High,Medium,Medium,Medium,High,1,0,1,PVC Pipes,239016.26
112.1,3,1,1,1,1,Medium,Medium,High,Medium,Medium,Medium,Medium,Low,Medium,0,1,0,PPR Pipes,214037.55
90.5,2,1,1,1,1,High,High,Medium,High,High,Medium,High,Medium,High,1,1,1,PVC Pipes,223668.37
114.6,3,2,1,2,1,Low,Medium,Low,Low,Low,Low,Low,Low,Low,1,0,0,PPR Pipes,234813.33
132.4,3,2,1,0,1,Medium,Medium,Medium,Medium,High,Medium,High,Medium,Medium,1,0,1,PVC Pipes,287713.45
109.1,3,2,1,2,1,Low,Medium,Low,Low,Low,Low,Low,Low,Medium,1,0,0,PPR Pipes,243468.81
152.7,4,2,1,2,1,Low,Medium,Medium,Low,Low,Low,Medium,Medium,Medium,0,0,0,PVC Pipes,300403.83
84.2,2,1,1,2,1,Medium,Medium,Low,High,Medium,Medium,Medium,Medium,Low,1,0,1,PVC Pipes,182904.78
83.0,2,1,1,1,1,High,High,High,High,High,High,High,High,Medium,1,1,1,PVC Pipes,190998.82
138.7,3,2,1,0,1,High,Medium,High,Medium,High,High,High,Medium,High,1,1,1,PVC Pipes,309530.71
124.8,3,1,1,0,1,Medium,Medium,High,Medium,Low,Medium,Medium,Medium,Medium,1,0,1,PVC Pipes,256859.3
136.5,3,2,1,0,1,Low,Low,Low,Low,Low,Low,Low,Low,Low,0,0,0,PPR Pipes,238320.86
182.0,4,1,1,3,1,Medium,Medium,Medium,Low,Medium,Medium,Medium,Medium,Low,0,0,0,PVC Pipes,336562.84
117.5,3,2,1,2,1,Low,Medium,Low,Medium,Low,Low,Low,Low,Low,0,0,0,PPR Pipes,224371.33
62.9,2,1,1,0,1,Low,Low,Low,Low,Low,Low,Medium,Low,Low,0,0,0,PPR Pipes,119234.66
174.6,4,2,1,1,1,Medium,Medium,Medium,High,Medium,Medium,Medium,High,Medium,0,1,0,PVC Pipes,333652.74
185.8,5,2,1,3,1,Low,Low,Low,Low,Medium,Medium,Low,Low,Low,0,0,1,PPR Pipes,347709.25
204.2,5,3,1,1,2,Medium,Medium,Medium,Medium,Medium,Low,Medium,Medium,Medium,0,0,1,PVC Pipes,379570.61
59.5,2,1,1,0,1,Low,Medium,Low,Low,Medium,Low,Low,Low,Low,0,0,0,PPR Pipes,123373.3
79.0,2,1,1,0,1,Medium,Low,Medium,Low,Medium,Medium,Medium,Medium,High,0,0,0,PVC Pipes,141727.64
140.6,3,2,1,0,1,Medium,Medium,High,Medium,Medium,Medium,Medium,Low,Medium,0,1,1,PPR Pipes,250173.7
150.5,4,1,1,2,1,High,High,High,High,Medium,High,Medium,High,High,1,1,1,PVC Pipes,330925.1
153.2,4,1,1,2,1,Low,Medium,Low,Low,Low,Low,Medium,Low,Low,0,0,0,PPR Pipes,255876.85
162.3,4,2,1,1,1,Low,Low,Low,Low,Low,Low,Low,Low,Low,0,0,0,PPR Pipes,283524.42
137.3,3,2,1,3,1,Medium,Medium,Low,Low,Medium,Medium,Low,Medium,Medium,0,0,1,PVC Pipes,249931.34
74.5,2,1,1,1,1,Low,Medium,Low,Low,Low,Low,Low,Medium,Low,0,0,0,PVC Pipes,137159.21
71.0,2,1,1,2,1,High,High,Medium,Medium,High,High,High,High,Medium,0,1,1,PVC Pipes,174197.85
118.4,3,1,1,2,1,Medium,Medium,Low,Medium,Medium,Medium,High,Medium,Medium,0,1,0,PVC Pipes,230977.28
104.6,3,1,1,3,1,Medium,Medium,Medium,Medium,Medium,High,Low,Medium,Medium,0,1,1,PVC Pipes,204958.99
126.9,3,2,1,1,1,Medium,High,Medium,Low,Medium,Low,Medium,Medium,High,1,0,0,PVC Pipes,286743.86
168.7,4,2,1,3,1,High,High,High,High,High,High,High,High,High,1,1,1,PVC Pipes,406670.88
84.3,2,1,1,2,1,Medium,Medium,High,Medium,Medium,Medium,High,High,Medium,1,1,1,PVC Pipes,205761.48
167.7,4,2,1,2,1,Medium,Medium,High,High,Medium,Medium,Medium,Medium,High,1,1,1,PVC Pipes,379493.52
62.5,2,1,1,1,1,Medium,Low,Medium,Low,Medium,Medium,Medium,High,Medium,1,0,1,PVC Pipes,149331.55
167.3,4,2,1,2,1,Low,Low,Low,Medium,Low,Low,Low,Low,Medium,0,0,0,PPR Pipes,292769.61
86.8,2,1,1,0,1,Medium,Medium,Medium,Medium,Medium,Medium,Low,Medium,Low,1,1,0,PVC Pipes,188198.39
109.8,3,2,1,1,1,Medium,Medium,Low,Medium,High,High,Medium,Medium,Medium,0,1,1,PVC Pipes,212645.85
104.0,3,2,1,0,1,Medium,Medium,High,Medium,Medium,High,Medium,Medium,Medium,0,1,1,PVC Pipes,230434.36
50.0,1,1,1,0,1,Low,Low,Low,Medium,Low,Medium,Medium,Low,Medium,0,0,1,PVC Pipes,100697.11
191.1,5,3,1,1,2,High,Medium,High,High,High,High,High,High,Medium,1,1,1,PVC Pipes,455061.43
116.4,3,2,1,0,1,Medium,Medium,High,Medium,Low,Medium,Medium,High,Medium,1,1,1,PVC Pipes,248620.94
78.2,2,1,1,1,1,High,High,High,High,Medium,High,High,Medium,High,1,1,1,PVC Pipes,190069.78
156.2,4,1,1,2,1,Low,Low,Low,Medium,Low,Low,Low,Low,Low,0,0,0,PPR Pipes,259535.31
185.6,4,2,1,1,2,Medium,Medium,Medium,Medium,Low,High,Medium,Medium,Low,0,0,1,PVC Pipes,330776.92
181.2,4,2,1,2,1,High,High,High,Medium,High,High,Medium,High,High,1,1,0,PVC Pipes,411279.66
139.6,4,1,1,1,1,Medium,Medium,Medium,Medium,Low,Medium,Medium,Medium,Low,0,1,1,PVC Pipes,249970.97
104.4,3,2,1,0,1,Medium,Medium,Medium,High,High,High,Medium,High,Medium,1,1,1,PVC Pipes,237593.42
72.6,1,1,1,1,1,Medium,High,High,High,Low,Medium,Medium,Medium,Medium,0,1,0,PVC Pipes,142970.28
108.5,3,2,1,1,1,Low,Low,Low,Low,Low,Low,Medium,Low,Low,0,0,0,PVC Pipes,213991.5
130.0,3,2,1,1,1,Low,Medium,Low,Low,Medium,Low,Medium,Low,Low,0,0,0,PPR Pipes,234220.51
171.1,4,2,1,1,1,Medium,Medium,Medium,Medium,Medium,Medium,Medium,Medium,High,1,1,1,PVC Pipes,364478.26
117.4,3,2,1,2,1,High,High,High,High,High,Medium,High,Medium,Medium,1,0,1,PVC Pipes,298565.44
151.2,4,2,1,1,1,Low,Low,Low,Medium,Low,Medium,Low,Low,Medium,0,0,0,PVC Pipes,256153.78
132.8,3,2,1,1,1,Medium,Medium,Low,Medium,Medium,Medium,Medium,Medium,Low,0,1,0,PVC Pipes,241586.42
113.5,3,2,1,2,1,High,High,High,Medium,High,High,High,Medium,High,1,1,0,PVC Pipes,276852.67
98.6,2,1,1,1,1,High,High,High,High,Medium,High,High,High,High,1,1,0,PVC Pipes,217190.17
129.1,3,1,1,1,1,Medium,Medium,Medium,Medium,Medium,Low,Medium,Low,Medium,1,1,1,PPR Pipes,278481.83
105.6,3,2,1,1,1,Low,Low,Low,Medium,Low,Low,Low,Low,Low,0,0,0,PPR Pipes,207621.77
181.9,4,2,1,2,2,High,High,High,High,High,High,High,Medium,High,1,0,0,PVC Pipes,413713.18
108.0,3,1,1,1,1,Medium,Medium,Medium,High,Medium,Medium,Medium,Medium,Low,0,0,1,PVC Pipes,196534.36
116.6,3,2,1,1,1,Low,Low,Medium,Low,Low,Low,Low,Low,Low,0,0,0,PPR Pipes,228002.44
159.2,4,1,1,3,1,Low,Low,Medium,Low,Low,Low,Low,Low,Low,0,0,0,PPR Pipes,273078.24
157.8,4,1,1,2,1,Low,Low,Low,Low,Low,Low,Low,Low,Low,0,0,0,PPR Pipes,251760.11
175.9,4,1,1,1,1,Medium,High,Medium,Medium,Low,Medium,Medium,Medium,Low,1,0,0,PVC Pipes,360564.64
85.5,2,1,1,1,1,Low,Low,Medium,Medium,Low,Medium,Medium,Low,Medium,0,0,0,PPR Pipes,172557.35
100.8,2,1,1,1,1,Medium,Medium,High,High,Medium,Medium,Medium,Medium,Low,1,0,1,PVC Pipes,213242.56
136.6,3,1,1,1,1,High,High,High,Medium,High,Medium,High,High,High,1,1,1,PVC Pipes,313249.6
104.4,3,2,1,1,1,Medium,Medium,Medium,High,Low,Low,Low,High,Medium,1,1,1,PVC Pipes,238628.29
78.4,2,1,1,1,1,Medium,Low,Medium,Medium,High,Medium,Medium,Low,Low,1,1,1,PPR Pipes,177666.84
50.0,1,1,1,0,1,Medium,Medium,Medium,Medium,Medium,Medium,Medium,Low,Medium,1,0,0,PPR Pipes,115344.75
151.8,4,1,1,1,1,High,Medium,High,High,High,High,High,Medium,High,1,1,0,PVC Pipes,343039.53
69.2,2,1,1,0,1,Medium,Medium,Medium,Medium,Medium,Medium,Low,Medium,Medium,0,0,0,PVC Pipes,132724.2
122.7,3,2,1,1,1,Low,Low,Low,Medium,Low,Low,Medium,Low,Low,0,0,0,PPR Pipes,230509.61
65.6,2,1,1,1,1,High,High,High,Medium,High,High,High,High,Medium,0,1,1,PVC Pipes,152370.38
152.1,4,1,1,2,1,High,High,Medium,Medium,High,Medium,Medium,High,Medium,1,1,0,PVC Pipes,315645.75
97.9,2,1,1,0,1,Medium,Low,Medium,Medium,Medium,High,Medium,Medium,High,1,1,1,PVC Pipes,193013.58
159.8,4,2,1,2,1,Low,Low,Medium,Low,Medium,Low,Medium,Medium,Medium,1,0,0,PVC Pipes,355547.92
92.6,2,1,1,0,1,Medium,Medium,Medium,Medium,Medium,High,Low,Medium,Medium,0,1,1,PVC Pipes,171571.91
94.3,2,1,1,0,1,Medium,Medium,Medium,Medium,Medium,Medium,High,High,Low,0,0,1,PVC Pipes,165875.09
82.7,2,1,1,1,1,Medium,Medium,High,Medium,Medium,Low,Medium,Medium,Medium,0,0,0,PVC Pipes,164111.12
106.6,3,1,1,1,1,Medium,Medium,Medium,Medium,Medium,Medium,High,Medium,Low,1,0,0,PVC Pipes,239446.64
91.6,2,1,1,1,1,Low,Low,Low,Low,Medium,Low,Low,Low,Low,0,0,0,PPR Pipes,159604.26
113.8,2,1,1,1,1,Medium,Medium,Medium,High,Medium,Medium,High,Medium,Medium,1,1,1,PVC Pipes,252279.49
81.4,2,1,1,0,1,Medium,Medium,Medium,Medium,High,Medium,Medium,Medium,Medium,0,1,1,PVC Pipes,166229.86
103.5,3,2,1,1,1,Low,Medium,Low,Low,Low,Low,Medium,Low,Low,0,0,0,PVC Pipes,200536.87
129.1,3,2,1,1,1,Low,Medium,Low,Low,Low,Medium,Low,Low,Medium,0,0,0,PPR Pipes,231396.25
133.0,3,1,1,1,1,Medium,Medium,Medium,Medium,Low,Medium,Medium,Medium,Medium,1,0,0,PVC Pipes,276429.73
167.5,4,2,1,2,1,Medium,Medium,Medium,Medium,Medium,Medium,Medium,Medium,Medium,0,1,0,PVC Pipes,315839.57
143.4,4,2,1,3,1,Medium,Medium,Medium,Low,Medium,Medium,Medium,Medium,Medium,1,1,0,PVC Pipes,320692.4
83.4,2,1,1,2,1,Low,Low,Medium,Low,Medium,Low,Low,Medium,Low,0,0,0,PVC Pipes,164561.7
83.8,3,1,1,3,1,Low,Low,Medium,Low,Low,Medium,Medium,Medium,Medium,0,0,0,PVC Pipes,169791.28
134.3,3,2,1,1,1,High,Medium,High,Medium,High,High,High,High,High,1,1,1,PVC Pipes,322417.47
84.9,2,1,1,2,1,Medium,Low,Medium,Medium,Medium,Low,Medium,Medium,Medium,0,1,0,PVC Pipes,166595.78
75.5,2,1,1,1,1,Medium,Medium,Medium,High,Medium,Medium,Medium,Medium,Medium,1,0,0,PVC Pipes,169627.4
87.1,2,1,1,2,1,Low,Low,Low,Low,Low,Medium,Low,Low,Low,0,0,0,PPR Pipes,156923.36
123.4,3,2,1,0,1,Low,Low,Medium,Medium,Medium,Low,Low,Low,Low,0,0,0,PPR Pipes,220623.99
77.1,1,1,1,1,1,Low,Medium,Low,Low,Medium,Low,Medium,Low,Medium,0,0,0,PPR Pipes,141266.07
157.5,4,2,1,2,1,Medium,High,High,Low,Low,Medium,High,Medium,Medium,1,1,1,PVC Pipes,371535.64
108.2,2,1,1,2,1,High,High,Medium,High,High,Medium,High,High,Medium,1,1,1,PVC Pipes,256511.97
72.8,2,1,1,2,1,High,High,High,High,High,High,High,High,High,1,1,1,PVC Pipes,196297.63
68.4,2,1,1,1,1,High,High,High,High,Medium,High,High,High,High,0,1,1,PVC Pipes,159810.6
130.1,3,1,1,3,1,High,High,High,Medium,High,High,High,High,High,1,1,1,PVC Pipes,307972.18
117.6,3,1,1,0,1,Medium,Medium,Medium,Medium,Medium,Medium,Medium,Medium,Medium,1,1,0,PVC Pipes,237388.54
130.1,3,2,1,1,1,Low,Low,Low,Low,Low,Low,Medium,Low,Low,1,0,0,PPR Pipes,255040.09
105.8,3,1,1,2,1,High,High,Medium,High,High,High,High,High,High,1,1,1,PVC Pipes,243571.83
126.4,3,2,1,0,1,Medium,High,Medium,Medium,Medium,Low,Medium,Medium,Medium,0,1,1,PVC Pipes,244107.77
121.3,3,2,1,1,1,High,High,Medium,Medium,High,High,High,High,High,0,1,0,PVC Pipes,242657.81
177.2,4,1,1,2,1,Low,Low,Low,Low,Low,Medium,Low,Low,Low,0,0,0,PVC Pipes,263978.41
152.2,4,2,1,2,1,Low,Medium,Low,Low,Low,Medium,Low,Low,Medium,0,0,0,PPR Pipes,273673.12
83.0,2,1,1,1,1,Medium,Low,Medium,Medium,Medium,Low,High,Medium,Medium,0,0,0,PVC Pipes,168799.49
134.7,3,2,1,1,1,High,High,High,Medium,High,High,High,Medium,Medium,1,1,1,PVC Pipes,322903.56
123.7,3,2,1,1,1,High,High,Medium,High,High,High,High,Medium,High,1,1,1,PVC Pipes,317023.63
122.1,3,2,1,1,1,Medium,Medium,Low,Medium,Low,Medium,Medium,Medium,Low,1,1,1,PVC Pipes,265409.28
115.4,3,2,1,2,1,Medium,Medium,Medium,Medium,Medium,Low,Medium,High,Medium,0,0,0,PVC Pipes,219830.27
168.5,4,1,1,2,1,Medium,Medium,Medium,Medium,Medium,Medium,High,Medium,Medium,0,1,1,PVC Pipes,308054.34
73.2,2,1,1,1,1,Medium,Medium,Medium,Low,Medium,Medium,Medium,Medium,Medium,0,0,0,PVC Pipes,153106.26
148.4,4,2,1,3,1,Medium,Medium,Medium,Medium,Medium,Medium,High,Medium,Medium,1,1,1,PVC Pipes,338458.64
152.4,4,2,1,1,1,Medium,Medium,Medium,Low,Medium,Medium,High,Low,Medium,1,1,0,PPR Pipes,348231.46
137.4,4,1,1,1,1,Medium,Medium,Medium,Medium,Medium,Medium,Medium,Medium,Medium,1,0,1,PVC Pipes,273220.14
120.9,3,1,1,1,1,Medium,Medium,Medium,Low,Medium,Medium,Medium,High,Medium,0,1,1,PVC Pipes,223195.36
59.5,1,1,1,0,1,Medium,Medium,Medium,Medium,Low,Medium,Medium,High,Medium,0,0,1,PVC Pipes,115902.55
184.7,5,2,1,1,1,Low,Low,Low,Medium,Low,Low,Low,Low,Low,0,0,0,PPR Pipes,315422.61
134.7,3,2,1,1,1,High,High,High,High,High,High,High,High,High,1,1,1,PVC Pipes,328864.17
75.5,2,1,1,2,1,Medium,Medium,Medium,Medium,Medium,Medium,Medium,Medium,Medium,0,0,1,PVC Pipes,158995.63
113.3,3,1,1,2,1,Medium,Medium,Low,High,Low,Low,Medium,Medium,Medium,1,1,0,PVC Pipes,245991.02
118.9,3,1,1,1,1,High,High,Medium,Medium,High,High,High,Medium,High,1,0,1,PVC Pipes,272138.75
115.3,3,1,1,1,1,Medium,High,High,Low,Low,Medium,Medium,Medium,Medium,1,0,1,PVC Pipes,253019.44
174.7,4,2,1,3,1,Low,Low,Medium,Low,Low,Low,Low,Low,Medium,1,0,0,PPR Pipes,351905.47
199.0,5,2,1,3,1,Medium,Medium,Medium,Medium,Medium,High,Medium,Medium,Medium,1,0,1,PVC Pipes,416087.53
112.1,3,2,1,1,1,Medium,Medium,Medium,Low,Medium,Medium,Medium,Medium,Medium,0,1,1,PVC Pipes,231332.98
216.8,5,3,1,3,1,Low,Medium,Medium,Low,Low,Medium,Low,Low,Low,1,0,0,PPR Pipes,453551.07
117.6,3,2,1,0,1,High,High,Medium,High,High,Medium,High,High,High,1,1,0,PVC Pipes,279148.48
97.3,2,1,1,1,1,High,High,High,High,Medium,High,Medium,Medium,High,1,1,1,PVC Pipes,224595.01
77.5,2,1,1,1,1,Low,Low,Low,Low,Medium,Low,Low,Low,Medium,1,0,0,PPR Pipes,155009.96
203.3,5,2,1,1,1,High,Medium,High,Medium,High,High,High,Medium,High,1,1,0,PVC Pipes,431501.67
69.6,2,1,1,1,1,Low,Low,Medium,Low,Medium,Low,Low,Low,Medium,0,1,0,PPR Pipes,132687.73
113.3,3,2,1,1,1,Medium,Low,High,High,Medium,Medium,Medium,Medium,High,0,1,1,PVC Pipes,232863.61
126.6,3,1,1,3,1,Medium,Medium,Medium,Medium,Medium,Medium,Medium,Medium,Medium,1,0,1,PVC Pipes,267177.32
101.2,2,1,1,1,1,Medium,Low,Medium,Medium,Medium,Medium,Medium,Medium,Low,1,0,1,PVC Pipes,196382.09
76.1,2,1,1,1,1,Medium,Medium,Medium,Medium,Low,Medium,High,Medium,Medium,0,0,1,PVC Pipes,162389.86
76.3,2,1,1,2,1,Low,Low,Medium,Low,Medium,Medium,Low,Medium,Low,0,0,0,PVC Pipes,150945.39
116.0,3,2,1,1,1,Low,Medium,Low,Low,Low,Low,Low,Low,Low,0,0,1,PPR Pipes,216881.59
150.3,4,2,1,1,1,Medium,Medium,Medium,High,Medium,Medium,Medium,Medium,Medium,1,1,0,PVC Pipes,296084.31
50.0,1,1,1,1,1,Medium,Medium,Medium,Medium,High,Medium,Low,Medium,Medium,1,1,1,PVC Pipes,127383.81
140.8,3,1,1,2,1,Low,Low,Low,Low,Low,Medium,Low,Medium,Medium,0,1,0,PVC Pipes,236649.09
116.9,3,2,1,3,1,Low,Low,Low,Medium,Low,Low,Medium,Medium,Low,0,0,0,PVC Pipes,232331.23
112.5,3,2,1,1,1,High,High,Medium,High,High,High,Medium,High,High,1,1,0,PVC Pipes,270560.35
127.3,3,2,1,0,1,Low,Low,Low,Medium,Medium,Low,Low,Medium,Low,0,1,0,PVC Pipes,232382.28
113.3,3,1,1,1,1,Medium,Medium,Medium,Medium,Medium,Low,Low,High,Medium,0,0,0,PVC Pipes,188366.21
71.0,2,1,1,2,1,Low,Low,Low,Low,Medium,Low,Low,Medium,Low,0,0,0,PVC Pipes,144517.47
136.0,3,1,1,1,1,High,Medium,Medium,High,Medium,High,High,Medium,High,1,1,1,PVC Pipes,310271.02
156.5,4,2,1,1,1,Medium,Medium,Medium,Medium,High,Medium,Low,Medium,Medium,1,1,0,PVC Pipes,312409.12
147.2,4,1,1,1,1,Low,Medium,Medium,Low,Low,Medium,Low,Low,Low,0,0,0,PPR Pipes,246687.83
138.1,4,2,1,3,1,Low,Medium,Low,Low,Medium,Medium,Medium,Medium,Low,0,1,0,PVC Pipes,263069.53
170.3,4,2,1,0,1,Medium,Medium,Low,Medium,Medium,Medium,Low,Medium,High,1,1,0,PVC Pipes,346839.02
72.9,2,1,1,0,1,Medium,Medium,Medium,Medium,Medium,Medium,Low,High,Medium,1,0,0,PVC Pipes,156533.22
67.5,2,1,1,1,1,Medium,Medium,Medium,Medium,Low,High,Medium,Medium,Low,0,0,1,PVC Pipes,147195.48
169.1,4,1,1,1,1,High,High,High,High,Medium,High,High,Medium,High,1,1,1,PVC Pipes,368470.52
78.3,2,1,1,1,1,Low,Low,Medium,Medium,Low,Medium,Low,Low,Low,0,0,0,PPR Pipes,144868.43
97.4,3,2,1,2,1,Low,Low,Low,Low,Low,Low,Low,Medium,Low,1,0,0,PVC Pipes,226754.77
117.0,3,2,1,3,1,Low,Medium,Low,Low,Low,Low,Low,Medium,Low,0,0,0,PVC Pipes,229957.79
108.0,3,2,1,0,1,Medium,Medium,Low,Medium,Medium,Low,High,Medium,Medium,0,0,0,PVC Pipes,223377.54
117.0,3,1,1,2,1,Medium,High,Medium,Medium,Medium,Medium,Medium,High,Medium,0,1,1,PVC Pipes,232154.07
130.2,3,2,1,2,1,Medium,Medium,High,High,Medium,Medium,Medium,Medium,Low,0,0,1,PVC Pipes,248489.59
164.2,4,2,1,2,1,Medium,Medium,Medium,High,Medium,Low,Medium,Medium,Low,0,0,1,PVC Pipes,329565.25
76.1,2,1,1,1,1,Medium,Medium,Medium,Medium,Medium,Medium,Medium,High,Low,1,0,1,PVC Pipes,168501.8
131.5,3,2,1,1,1,Medium,Medium,High,Medium,Medium,Low,Medium,Low,Medium,0,1,0,PPR Pipes,261265.4
143.0,3,1,1,2,1,Medium,High,Medium,Medium,Medium,Medium,Medium,Medium,Medium,1,0,1,PVC Pipes,312845.21
126.5,3,1,1,1,1,Low,Low,Medium,Medium,Low,Low,Low,Low,Low,0,0,1,PPR Pipes,229759.73
114.4,3,1,1,1,1,Medium,High,High,Low,Low,Medium,Low,Medium,Medium,0,0,1,PVC Pipes,204342.32
92.6,3,2,1,3,1,Medium,Medium,Medium,Medium,High,Low,Medium,High,High,1,0,0,PVC Pipes,241561.4
140.8,4,1,1,2,1,Medium,Medium,Low,Low,High,Medium,Low,Medium,High,1,0,1,PVC Pipes,282273.37
50.0,1,1,1,0,1,Medium,Medium,Medium,Low,Medium,Medium,Medium,Medium,Low,1,1,0,PVC Pipes,112165.19
106.2,3,1,1,2,1,Medium,Medium,Medium,Medium,Medium,Medium,Low,Medium,Medium,0,0,1,PVC Pipes,204077.3
121.4,3,2,1,1,1,High,High,Medium,Medium,Medium,Medium,Medium,Medium,High,1,1,1,PVC Pipes,288762.29
135.0,3,1,1,2,1,Medium,Low,High,Low,Medium,Medium,High,Medium,Medium,1,1,0,PVC Pipes,264923.92
177.4,4,2,1,1,1,Medium,High,High,Medium,High,Medium,Medium,Low,Medium,1,1,1,PPR Pipes,386916.34
75.9,2,1,1,1,1,High,Medium,High,High,High,High,High,High,High,1,1,1,PVC Pipes,190687.37
68.5,2,1,1,2,1,Medium,High,Medium,Medium,High,Medium,Medium,Medium,Medium,1,0,0,PVC Pipes,173844.47
120.5,3,2,1,1,1,Medium,Medium,Medium,Medium,Medium,Low,Medium,Medium,Medium,0,1,1,PVC Pipes,237908.66
154.3,4,1,1,2,1,Medium,Medium,Medium,High,Low,Medium,Medium,Medium,Medium,0,1,0,PVC Pipes,297288.56
104.1,2,1,1,1,1,Medium,Medium,Medium,Medium,Medium,High,Low,Low,Medium,0,1,1,PPR Pipes,177561.49
118.7,3,1,1,2,1,High,High,High,Medium,High,Medium,High,Medium,High,0,1,1,PVC Pipes,241186.13
128.7,3,2,1,1,1,Medium,Medium,Medium,Low,Medium,Medium,Medium,Medium,Low,1,1,0,PVC Pipes,257720.05
174.7,4,1,1,3,1,Medium,Medium,High,Low,Medium,Low,Low,Medium,Medium,0,1,1,PVC Pipes,318676.74
79.6,2,1,1,1,1,Medium,Medium,Medium,Medium,Medium,Medium,Medium,Low,Medium,0,0,1,PPR Pipes,164815.5
101.9,3,2,1,1,1,Low,Low,Medium,Low,Low,Medium,Low,Low,Medium,0,0,0,PPR Pipes,202024.18
50.0,1,1,1,0,1,Medium,Medium,Medium,Medium,Low,Low,High,Low,Medium,0,1,1,PPR Pipes,107789.83
128.6,3,2,1,0,1,Low,Medium,Low,Medium,Low,Medium,Low,Low,Medium,0,0,0,PPR Pipes,235656.58
122.8,3,1,1,2,1,Medium,Medium,Medium,Medium,Medium,Medium,Medium,Low,Medium,0,0,1,PPR Pipes,236667.4
142.2,3,1,1,2,1,Low,Low,Low,Low,Low,Low,Low,Low,Low,0,0,0,PPR Pipes,223012.76
119.5,3,2,1,2,1,High,High,High,High,Medium,High,Medium,High,High,0,1,1,PVC Pipes,247736.51
140.6,4,2,1,3,1,Medium,Medium,Medium,Medium,Medium,Medium,Medium,Low,Low,0,0,1,PPR Pipes,282020.19
197.7,5,3,1,3,1,Low,Medium,Medium,Low,Low,Low,Low,Low,Low,0,0,0,PVC Pipes,380371.73
67.4,2,1,1,1,1,Low,Medium,Low,Low,Low,Low,Low,Low,Low,0,0,0,PPR Pipes,132167.23
112.3,3,2,1,2,1,High,High,High,High,High,High,High,High,High,0,1,1,PVC Pipes,258412.3
89.3,2,1,1,2,1,Medium,Low,Medium,Medium,Medium,Medium,Medium,Medium,High,1,0,1,PVC Pipes,201480.52
131.5,3,2,1,1,1,Low,Low,Low,Low,Low,Low,Low,Low,Low,0,0,0,PPR Pipes,239744.56
153.2,4,2,1,3,1,Medium,Medium,Medium,Low,High,Medium,Low,Medium,Medium,0,0,0,PVC Pipes,279540.8
145.8,4,2,1,3,1,High,High,High,Medium,Medium,High,High,Medium,High,1,1,1,PVC Pipes,352597.03
136.9,3,2,1,3,1,Medium,Medium,Medium,High,Medium,Medium,Medium,Medium,Medium,1,1,1,PVC Pipes,310608.68
162.1,4,2,1,1,1,High,Medium,Medium,High,High,High,High,High,Medium,0,1,1,PVC Pipes,325418.94
81.6,2,1,1,2,1,High,High,High,High,High,Medium,High,High,High,1,1,1,PVC Pipes,208578.66
195.6,5,2,1,3,1,Medium,Low,High,High,Medium,Medium,High,Medium,High,1,0,0,PVC Pipes,407993.74
155.4,4,2,1,1,1,Medium,Medium,Medium,Medium,Low,Medium,Low,Medium,Low,0,0,0,PVC Pipes,264444.26
156.9,4,2,1,1,1,Medium,Low,Medium,Medium,Medium,High,Medium,Low,Low,1,0,0,PPR Pipes,311337.45
101.4,3,2,1,2,1,Medium,Low,Medium,High,Medium,Medium,Medium,Medium,Low,1,0,0,PVC Pipes,233999.41
71.3,2,1,1,2,1,High,Medium,Medium,High,High,High,Medium,High,High,1,1,1,PVC Pipes,191193.17
93.1,2,1,1,1,1,Low,Medium,Low,Low,Low,Low,Medium,Low,Low,0,0,0,PPR Pipes,174629.46
106.8,3,2,1,1,1,Medium,Medium,Medium,Low,Medium,Medium,High,High,Low,1,0,1,PVC Pipes,235517.66
131.6,3,1,1,1,1,Medium,Medium,Medium,Low,Medium,Medium,Medium,Medium,Medium,0,0,0,PVC Pipes,216286.26
145.0,4,1,1,3,1,High,High,Medium,High,High,High,Medium,Medium,High,0,0,1,PVC Pipes,276335.42
52.1,1,1,1,1,1,Low,Low,Medium,Low,Medium,Low,Low,Medium,Medium,0,0,0,PVC Pipes,110516.79
205.0,5,3,1,2,1,Medium,Medium,Medium,High,Medium,Medium,Low,Medium,Medium,1,0,0,PVC Pipes,429046.87
112.9,3,1,1,1,1,Medium,Medium,Low,Medium,Medium,Low,Medium,High,High,0,1,1,PVC Pipes,209495.24
119.2,3,1,1,1,1,Low,Low,Medium,Medium,Low,Low,Low,Medium,Low,0,0,0,PVC Pipes,205695.25
101.2,3,2,1,3,1,Medium,Medium,Medium,Medium,Medium,Medium,Low,Medium,Medium,0,1,0,PVC Pipes,217412.32
91.7,2,1,1,2,1,Low,Low,Low,Medium,Medium,Medium,Low,Medium,Low,0,1,0,PVC Pipes,167748.34
78.8,2,1,1,0,1,Medium,Medium,High,High,Medium,Medium,Medium,Medium,Medium,1,1,0,PVC Pipes,177404.27
128.1,4,1,1,2,1,Low,Low,Low,Medium,Low,Low,Low,Low,Low,0,0,0,PPR Pipes,215273.88
80.6,2,1,1,1,1,Medium,High,High,Medium,Medium,Medium,Medium,Medium,Medium,0,0,0,PVC Pipes,165199.61
106.4,3,1,1,1,1,Medium,Medium,High,Medium,High,Medium,Medium,Low,Medium,0,0,1,PPR Pipes,200858.81
111.3,3,2,1,0,1,Low,Medium,Low,Medium,Medium,Low,Low,Low,Low,0,1,0,PPR Pipes,215404.69
136.7,3,2,1,1,1,Medium,Medium,Medium,Medium,Medium,Medium,High,Low,Medium,0,1,0,PPR Pipes,253489.74
159.3,4,1,1,2,1,Low,Low,Low,Low,Low,Medium,Medium,Low,Medium,0,0,0,PVC Pipes,278184.0
156.3,4,1,1,1,1,High,High,Medium,Medium,Medium,Medium,High,High,Medium,1,0,1,PVC Pipes,329181.34
72.6,2,1,1,0,1,Medium,Medium,Medium,Medium,Medium,Medium,Medium,Medium,High,1,1,0,PVC Pipes,157062.43
63.4,2,1,1,2,1,Low,Low,Low,Medium,Medium,Medium,Low,Low,Medium,0,0,0,PPR Pipes,138181.15
50.0,1,1,1,1,1,Low,Low,Low,Low,Low,Medium,Medium,Low,Medium,1,0,0,PPR Pipes,113138.51
118.6,3,1,1,1,1,Low,Medium,Medium,Medium,Low,Medium,Medium,Low,Low,0,0,0,PPR Pipes,216159.49
153.9,4,1,1,1,1,Low,Low,Medium,Low,Low,Medium,Medium,Low,Medium,0,0,0,PPR Pipes,266594.99
136.0,3,2,1,1,1,Medium,Medium,Medium,Medium,Medium,High,High,Low,Medium,1,1,0,PPR Pipes,294138.12
93.8,2,1,1,0,1,Medium,Medium,High,Low,Medium,Medium,Medium,Medium,Medium,0,0,1,PVC Pipes,172555.95
124.8,3,2,1,1,1,Medium,Medium,Low,High,Low,High,Low,High,Medium,1,0,1,PVC Pipes,262519.28
116.0,3,2,1,1,1,High,Medium,High,High,High,High,Medium,High,Medium,1,1,1,PVC Pipes,274434.04
116.7,3,2,1,1,1,Low,Medium,Medium,Medium,Medium,Low,Medium,Low,Low,0,0,0,PPR Pipes,235521.57
76.4,2,1,1,1,1,Medium,Medium,High,Medium,Medium,High,Medium,Low,High,1,0,1,PPR Pipes,187055.68
169.4,4,2,1,2,1,High,High,Medium,High,High,Medium,Medium,High,High,1,1,0,PVC Pipes,397418.77
146.3,3,2,1,2,1,Low,Medium,Low,Medium,Low,Low,Low,Medium,Low,0,0,0,PVC Pipes,266890.98
50.0,1,1,1,0,1,Low,Low,Low,Low,Low,Low,Low,Medium,Low,0,0,0,PVC Pipes,95424.72
176.3,4,2,1,2,1,Medium,Medium,Medium,High,Low,Medium,High,Medium,Medium,0,1,0,PVC Pipes,332085.86
115.5,3,1,1,1,1,Medium,Medium,Medium,Medium,Medium,Medium,Medium,Medium,Medium,1,0,1,PVC Pipes,249689.08
106.5,2,1,1,1,1,Low,Low,Low,Medium,Low,Medium,Low,Low,Low,0,0,0,PPR Pipes,176924.91
166.8,4,2,1,3,1,High,High,High,High,High,Medium,High,High,High,1,1,1,PVC Pipes,404065.16
119.5,3,1,1,1,1,High,High,High,High,High,Medium,High,High,High,1,1,1,PVC Pipes,295927.36
79.3,2,1,1,0,1,Low,Low,Medium,Medium,Medium,Low,Low,Low,Medium,1,0,0,PPR Pipes,159295.59
127.8,3,1,1,1,1,High,High,Medium,High,High,Medium,High,High,High,1,1,1,PVC Pipes,279987.29
135.7,3,1,1,1,1,High,High,Medium,High,High,High,Medium,Medium,Medium,1,1,1,PVC Pipes,290677.19
177.6,4,2,1,2,1,High,High,Medium,Medium,High,Medium,Medium,Medium,High,0,1,1,PVC Pipes,331972.12
169.0,4,2,1,1,1,Low,Low,Low,Low,Medium,Medium,Low,Low,Low,0,0,0,PPR Pipes,296334.73
162.6,4,1,1,1,1,Low,Medium,Medium,Low,Low,Medium,Low,Low,Low,1,0,0,PPR Pipes,307265.1
140.2,4,1,1,1,1,Medium,Medium,Medium,Medium,Medium,High,Medium,Medium,Medium,1,0,1,PVC Pipes,277296.34
106.7,3,1,1,2,1,Medium,Medium,Medium,High,Medium,High,Medium,Medium,High,1,0,1,PVC Pipes,247815.1
110.7,3,1,1,1,1,Low,Low,Low,Low,Low,Low,Medium,Low,Low,1,1,0,PPR Pipes,222119.23
83.3,2,1,1,2,1,Low,Low,Low,Low,Low,Medium,Low,Low,Medium,0,0,1,PPR Pipes,163468.83
116.3,3,2,1,1,1,High,High,High,High,High,Medium,High,High,High,1,1,1,PVC Pipes,283541.07
82.0,1,1,1,0,1,Low,Low,Low,Low,Low,Medium,Medium,Medium,Low,1,0,0,PVC Pipes,158790.54
52.1,1,1,1,0,1,Low,Low,Low,Low,Low,Low,Low,Low,Low,0,0,0,PPR Pipes,94192.45
94.6,2,1,1,1,1,Low,Medium,Low,Medium,Low,Low,Low,Low,Low,0,0,0,PPR Pipes,170146.6
86.8,2,1,1,2,1,Medium,Medium,Low,Low,Medium,High,High,Medium,Medium,1,0,1,PVC Pipes,189579.09
145.5,4,2,1,1,1,High,High,High,Medium,High,High,High,Medium,Medium,1,1,1,PVC Pipes,344171.9
99.0,2,1,1,2,1,Medium,Medium,Medium,Medium,Medium,Medium,Medium,Medium,Medium,1,0,1,PVC Pipes,209636.89
50.0,1,1,1,2,1,High,High,High,High,Medium,Medium,High,Medium,High,1,0,1,PVC Pipes,150849.22
158.4,4,1,1,2,1,Medium,High,Medium,Medium,Medium,Medium,Medium,Medium,Medium,1,0,0,PVC Pipes,333169.2
166.1,4,2,1,2,1,Medium,High,Medium,Medium,Low,High,Medium,Medium,Medium,0,1,0,PVC Pipes,288676.17
121.0,3,1,1,2,1,High,Medium,High,Medium,Medium,High,High,High,High,1,1,1,PVC Pipes,281214.6
150.1,4,2,1,2,1,Medium,Medium,Medium,Medium,Medium,Low,Medium,Medium,Medium,1,0,1,PVC Pipes,341932.16
116.3,3,1,1,3,1,High,Medium,Medium,High,High,Medium,Medium,High,High,1,1,1,PVC Pipes,274380.19
107.6,3,2,1,0,1,Medium,Medium,Medium,High,Medium,High,Low,Medium,Low,1,1,0,PVC Pipes,233793.15
131.0,3,2,1,1,1,Medium,Low,Medium,Medium,Low,Low,Medium,Medium,High,1,1,0,PVC Pipes,270248.74
115.1,3,2,1,0,1,Medium,Medium,Medium,Medium,Medium,Medium,Medium,Medium,Medium,1,0,0,PVC Pipes,235830.2
110.9,3,1,1,1,1,High,Medium,Medium,High,High,High,High,Medium,High,1,1,1,PVC Pipes,258033.44
188.5,5,3,1,1,2,High,High,High,Medium,High,High,High,High,High,1,1,1,PVC Pipes,466241.3
72.1,2,1,1,2,1,High,High,High,High,Medium,High,Medium,Medium,Medium,1,1,0,PVC Pipes,175058.62
94.5,2,1,1,1,1,Medium,Medium,Medium,High,Medium,Low,Medium,Medium,Medium,1,1,1,PVC Pipes,202948.7
179.1,5,3,1,1,1,Medium,Medium,Medium,Low,Medium,Medium,Low,Medium,Medium,0,1,1,PVC Pipes,343959.8
196.1,5,2,1,2,1,High,High,Medium,High,High,Medium,High,High,High,1,1,1,PVC Pipes,438445.19
159.3,4,2,1,2,1,Medium,Medium,Medium,Medium,High,Medium,Medium,Medium,Medium,1,0,1,PVC Pipes,334269.75
111.7,3,1,1,1,1,Low,Low,Low,Low,Low,Low,Low,Medium,Low,0,0,0,PVC Pipes,187102.65
165.1,4,2,1,0,1,Low,Low,Medium,Medium,Low,Low,Medium,Low,Medium,0,0,1,PPR Pipes,300188.52
50.4,1,1,1,1,1,Low,Low,Medium,Low,Low,Low,Medium,Low,Low,0,0,0,PPR Pipes,106952.48
116.1,3,2,1,2,1,Medium,Low,High,Medium,High,Medium,Medium,Medium,Medium,0,0,1,PVC Pipes,249712.54
86.6,2,1,1,2,1,High,High,High,High,High,High,High,High,High,1,1,1,PVC Pipes,217497.9
145.4,4,2,1,3,1,High,High,Medium,High,High,Medium,Medium,High,High,1,1,0,PVC Pipes,337812.18
114.3,3,1,1,0,1,Low,Low,Low,Low,Low,Medium,Low,Low,Medium,0,0,0,PPR Pipes,198356.55
109.0,2,1,1,2,1,High,High,High,High,Medium,Medium,Medium,Medium,High,1,1,1,PVC Pipes,248769.35
104.7,2,1,1,2,1,Low,Low,Low,Low,Medium,Medium,Low,Low,Medium,0,0,0,PPR Pipes,189745.02
119.1,3,2,1,1,1,High,Medium,Medium,High,Medium,High,High,High,Medium,1,0,1,PVC Pipes,294203.49
138.0,3,1,1,1,1,Medium,Medium,Medium,Medium,Medium,Medium,Medium,Medium,Medium,0,0,1,PVC Pipes,249410.7
112.4,2,1,1,2,1,Medium,Low,Medium,Medium,Medium,Medium,High,Medium,Medium,1,0,0,PVC Pipes,226941.17
102.9,3,2,1,2,1,Low,Low,Low,Low,Low,Low,Low,Low,Medium,0,0,1,PPR Pipes,211758.19
160.5,4,2,1,1,1,Medium,Medium,Medium,Medium,Medium,Medium,Medium,Medium,Low,0,1,1,PVC Pipes,291250.47
92.2,2,1,1,1,1,Medium,Low,Medium,Low,Medium,Medium,Medium,Medium,Medium,1,0,1,PVC Pipes,184839.08
76.9,1,1,1,0,1,Low,Medium,Low,Low,Low,Low,Low,Low,Medium,0,0,0,PPR Pipes,137013.84
134.9,3,2,1,2,1,High,High,High,High,High,High,Medium,Medium,Medium,0,0,0,PVC Pipes,266493.01
105.4,3,2,1,1,1,Medium,Medium,High,Medium,Low,Medium,Medium,Medium,Medium,1,0,1,PVC Pipes,253784.55
125.0,3,1,1,1,1,Medium,Medium,Medium,Medium,Medium,High,Medium,Medium,Medium,1,1,0,PVC Pipes,249874.81
154.8,4,1,1,2,1,Low,Low,Low,Medium,Low,Low,Low,Low,Low,0,0,0,PPR Pipes,259617.07
119.6,3,2,1,1,1,Medium,High,Medium,Medium,Medium,Medium,Medium,Low,Medium,1,0,1,PPR Pipes,267152.08
222.5,5,3,1,1,1,Medium,High,Medium,Medium,Low,Low,Medium,Medium,Medium,1,1,1,PVC Pipes,460301.68
87.4,2,1,1,0,1,Medium,Medium,Medium,Medium,Medium,Medium,Medium,Medium,Low,1,1,0,PVC Pipes,176888.95
59.3,1,1,1,1,1,Low,Low,Low,Medium,Medium,Low,Medium,Low,Low,0,0,0,PPR Pipes,116675.29
122.4,3,2,1,2,1,Low,Low,Medium,Medium,Low,Low,Low,Low,Low,0,0,0,PPR Pipes,236733.52
114.7,3,1,1,1,1,Low,Low,Low,Low,Low,Low,Low,Low,Low,0,0,0,PPR Pipes,193736.57
50.0,1,1,1,0,1,Medium,Medium,Medium,Medium,Low,High,Low,Medium,Medium,0,0,1,PVC Pipes,104264.86
117.9,3,2,1,2,1,High,High,High,High,High,Medium,High,High,High,0,1,1,PVC Pipes,250013.95
184.2,4,2,1,0,1,Low,Low,Low,Low,Low,Low,Low,Low,Low,0,0,0,PPR Pipes,312767.39
83.1,2,1,1,0,1,Low,Medium,Low,Low,Low,Medium,Low,Low,Low,1,0,0,PPR Pipes,172040.01
61.7,2,1,1,0,1,Medium,Medium,Medium,Medium,Medium,Medium,High,Medium,Medium,0,0,1,PVC Pipes,136796.8
160.4,4,2,1,3,1,Medium,Medium,Medium,Medium,Medium,Medium,Medium,Medium,Medium,0,1,1,PVC Pipes,298907.32
114.4,3,1,1,2,1,Low,Medium,Low,Low,Low,Low,Medium,Low,Low,0,0,0,PVC Pipes,208897.73
150.9,4,2,1,1,1,Medium,Low,Medium,Medium,Medium,Medium,Medium,Medium,High,0,1,0,PVC Pipes,276354.2
160.2,4,2,1,0,1,High,Medium,Medium,High,High,Medium,High,High,High,0,1,0,PVC Pipes,301343.85
117.0,3,2,1,1,1,High,High,High,High,High,Medium,High,High,High,1,1,1,PVC Pipes,297214.0
77.2,2,1,1,1,1,Medium,Low,Medium,Medium,Medium,Medium,Medium,Medium,Low,0,1,0,PVC Pipes,147607.4
105.9,3,2,1,2,1,Low,Low,Medium,Low,Low,Low,Medium,Medium,Medium,0,1,0,PVC Pipes,225214.77
157.5,4,2,1,1,1,Medium,High,Low,Medium,Medium,High,Medium,Medium,Medium,1,0,0,PVC Pipes,327067.33
168.5,4,2,1,2,1,Medium,Medium,Medium,Medium,Medium,Medium,High,Medium,Medium,1,1,1,PVC Pipes,350240.61
157.8,4,1,1,1,1,High,High,Medium,Medium,Medium,Medium,High,High,High,1,1,1,PVC Pipes,360607.97
147.4,4,2,1,2,1,Medium,Medium,Medium,High,Medium,Medium,Medium,Medium,Medium,1,1,1,PVC Pipes,330447.13
118.4,3,2,1,1,1,Medium,Medium,Medium,Medium,Medium,Medium,Medium,Low,Low,0,1,1,PVC Pipes,244529.46
183.9,4,1,1,2,2,Medium,Medium,Medium,Medium,Medium,Medium,Low,Medium,High,1,0,0,PVC Pipes,339662.83
86.9,2,1,1,0,1,Medium,High,Medium,Medium,Medium,Medium,Low,High,Low,0,0,1,PVC Pipes,155802.14
99.7,3,2,1,1,1,Medium,Medium,Medium,Medium,Low,Medium,Medium,Medium,High,0,0,1,PVC Pipes,208429.36
90.1,2,1,1,1,1,Medium,Medium,High,Medium,Medium,Low,Medium,Medium,Medium,1,1,0,PVC Pipes,201408.61
99.7,2,1,1,1,1,Low,Low,Low,Medium,Low,Low,Low,Low,Low,0,0,0,PPR Pipes,169522.35
111.4,3,1,1,2,1,High,High,High,High,Medium,High,High,High,Medium,0,1,1,PVC Pipes,215965.94
215.2,5,3,1,1,1,Medium,Medium,Medium,Medium,Medium,Low,Medium,Medium,Medium,0,1,0,PVC Pipes,388558.07
110.7,3,1,1,2,1,High,Medium,High,High,High,Medium,High,High,Medium,1,1,1,PVC Pipes,258537.88
108.3,3,2,1,1,1,Low,Low,Medium,Low,Low,Low,Medium,Low,Low,0,0,0,PPR Pipes,222408.51
129.2,3,1,1,3,1,Medium,High,Medium,Medium,Medium,Medium,Medium,Low,Medium,1,0,0,PPR Pipes,289164.21
58.1,2,1,1,1,1,Medium,Medium,Medium,Medium,Medium,Medium,Low,Medium,Medium,0,0,0,PVC Pipes,122862.03
169.4,4,1,1,2,1,Medium,High,Medium,Medium,Medium,High,Medium,Medium,Medium,1,0,0,PVC Pipes,329018.71
147.5,4,2,1,2,1,High,High,High,Medium,High,High,High,High,High,1,1,1,PVC Pipes,365165.48
112.6,3,2,1,1,1,High,High,High,High,High,Medium,High,High,High,0,1,1,PVC Pipes,253751.94
91.9,2,1,1,1,1,Medium,Medium,Medium,Medium,Medium,High,Medium,High,Medium,1,1,0,PVC Pipes,191300.72
115.1,3,2,1,2,1,Low,Low,Low,Low,Low,Low,Low,Low,Low,0,0,1,PVC Pipes,221970.34
83.9,2,1,1,1,1,Medium,Medium,Medium,High,Medium,Medium,Medium,Medium,Medium,1,1,1,PVC Pipes,184659.62
80.0,2,1,1,2,1,High,High,High,High,High,High,High,High,Medium,0,1,1,PVC Pipes,181368.93
70.2,2,1,1,1,1,Medium,Low,Low,High,Medium,Medium,Medium,High,Medium,0,0,0,PVC Pipes,133875.59
95.1,2,1,1,1,1,Low,Low,Medium,Medium,Low,Low,Medium,Low,Low,0,0,0,PPR Pipes,186499.39
123.3,3,1,1,0,1,High,High,High,High,High,High,High,High,High,1,0,1,PVC Pipes,269283.44
73.9,2,1,1,2,1,Medium,Medium,Medium,Medium,Medium,Low,High,Medium,Medium,1,1,0,PVC Pipes,172164.85
124.0,3,2,1,1,1,Medium,Medium,Medium,Medium,Medium,Medium,Medium,Medium,Low,0,1,0,PVC Pipes,224571.64
114.0,3,2,1,2,1,Medium,Medium,Medium,High,Medium,Medium,Low,Low,Low,0,0,0,PPR Pipes,232251.71
128.5,3,2,1,2,1,Medium,Medium,Medium,High,Low,Medium,High,High,Medium,0,1,1,PVC Pipes,260948.38
125.4,3,2,1,1,1,High,High,Medium,Medium,High,High,Medium,High,High,0,0,1,PVC Pipes,259591.64
167.7,4,1,1,2,1,High,Medium,Medium,High,High,High,High,High,High,1,1,1,PVC Pipes,371223.07
119.9,3,1,1,1,1,Low,Low,Low,Medium,Low,Low,Medium,Low,Low,1,0,0,PPR Pipes,229215.39
185.0,4,2,1,2,1,Medium,Medium,Medium,High,Medium,Low,Medium,Medium,High,0,1,0,PVC Pipes,339210.55
133.3,3,2,1,2,1,Medium,Medium,Low,Medium,Medium,High,Medium,Medium,Medium,1,1,1,PVC Pipes,304113.43
148.4,4,2,1,1,1,Medium,Low,Medium,Medium,Medium,Medium,Medium,Medium,Medium,1,0,1,PVC Pipes,308368.51
164.1,4,2,1,2,1,Low,Low,Medium,Low,Low,Low,Low,Medium,Low,0,0,0,PVC Pipes,294667.16
119.9,3,2,1,2,1,Low,Low,Low,Medium,Low,Medium,Low,Low,Low,0,0,0,PPR Pipes,211393.08
136.1,3,2,1,1,1,High,High,High,High,Medium,Medium,High,High,High,1,1,1,PVC Pipes,313873.0
191.2,5,3,1,2,1,Low,Low,Medium,Medium,Low,Medium,Low,Low,Medium,0,0,0,PPR Pipes,352204.73
183.7,4,1,1,2,1,High,High,Medium,High,High,High,High,Medium,Medium,1,0,1,PVC Pipes,382963.02
122.0,3,2,1,2,1,Medium,Medium,Medium,Medium,Medium,Medium,Medium,Medium,Medium,1,0,0,PVC Pipes,274909.76
82.6,2,1,1,2,1,High,High,High,High,High,High,Medium,Medium,Medium,1,0,1,PVC Pipes,197281.63
150.6,4,1,1,1,1,Medium,Medium,Low,Low,Medium,Low,Low,Medium,High,0,1,0,PVC Pipes,252909.65
55.9,1,1,1,1,1,Medium,Medium,Medium,High,High,Medium,Medium,Medium,Medium,1,1,1,PVC Pipes,142246.45
100.4,3,2,1,2,1,Medium,Medium,Medium,High,Medium,Low,Medium,Medium,Medium,1,1,1,PVC Pipes,242649.15
102.6,2,1,1,1,1,Medium,Medium,Medium,High,Medium,Medium,Medium,Medium,Low,0,0,1,PVC Pipes,200966.5
76.8,2,1,1,0,1,Medium,Medium,Medium,High,Medium,Medium,Medium,Low,Medium,0,0,0,PPR Pipes,153004.54
125.4,3,1,1,2,1,High,High,Medium,High,Medium,High,Medium,High,Medium,1,1,1,PVC Pipes,272088.51
50.0,1,1,1,0,1,High,Medium,Medium,High,High,High,High,High,Medium,1,1,1,PVC Pipes,130546.11
84.5,2,1,1,0,1,Medium,Medium,Medium,Medium,Medium,Medium,High,Medium,Medium,0,0,0,PVC Pipes,160500.68
99.9,2,1,1,0,1,High,Medium,High,High,High,Medium,High,High,Medium,0,1,1,PVC Pipes,206597.94
129.2,3,2,1,1,1,Medium,Medium,Medium,Medium,Medium,High,Low,Medium,Medium,1,0,1,PVC Pipes,267909.62
107.6,3,1,1,2,1,Medium,Medium,Medium,Medium,Medium,Medium,Medium,Medium,High,1,1,0,PVC Pipes,226217.39
77.9,2,1,1,1,1,Medium,Medium,Medium,Medium,High,Medium,Medium,High,Medium,0,0,0,PVC Pipes,153968.46
100.3,3,2,1,1,1,Low,Low,Low,Low,Low,Low,Low,Medium,Low,0,1,0,PVC Pipes,190904.42
120.2,3,2,1,2,1,Low,Low,Low,Medium,Low,Low,Low,Low,Low,0,0,0,PPR Pipes,228695.71
50.0,1,1,1,0,1,Low,Low,Medium,Low,Medium,Low,Medium,Low,Medium,0,0,0,PPR Pipes,110237.28
212.4,5,3,1,3,1,High,Medium,High,Medium,Medium,Medium,Medium,High,High,1,1,1,PVC Pipes,469179.71
157.5,3,1,1,0,1,Medium,Medium,High,Medium,Low,Low,Medium,Medium,Medium,0,0,0,PVC Pipes,261305.45
149.3,4,2,1,1,1,Low,Low,Medium,Low,Low,Low,Medium,Medium,Medium,0,0,0,PVC Pipes,281961.45
196.9,5,2,1,3,2,Medium,High,Medium,Medium,Medium,Medium,Medium,Medium,Medium,1,0,0,PVC Pipes,451697.28
89.3,3,1,1,2,1,Low,Low,Low,Low,Medium,Low,Low,Low,Low,0,0,0,PPR Pipes,157522.07
156.6,4,1,1,1,1,Low,Low,Low,Low,Low,Low,Medium,Low,Medium,0,0,0,PPR Pipes,275090.85
159.2,4,2,1,1,1,High,High,High,High,Medium,High,High,High,Medium,1,1,0,PVC Pipes,355303.56
110.3,3,1,1,0,1,Medium,Low,Low,Medium,Medium,Medium,Low,Medium,Low,1,1,0,PVC Pipes,200639.04
146.9,3,1,1,1,1,High,Medium,High,Medium,Medium,High,High,High,Medium,1,0,1,PVC Pipes,308574.4
142.8,3,2,1,1,1,Medium,Low,Medium,Medium,Medium,Medium,Medium,Low,Medium,0,0,0,PPR Pipes,265431.5
123.1,3,2,1,2,1,Medium,Medium,Medium,Low,Medium,Medium,Medium,Medium,Medium,0,1,0,PVC Pipes,235828.72
106.3,3,2,1,2,1,Low,Low,Low,Low,Low,Low,Low,Low,Low,0,0,0,PPR Pipes,198464.59
83.9,2,1,1,1,1,Low,Low,Medium,Low,Low,Medium,Low,Low,Low,0,0,0,PPR Pipes,146651.43
124.1,3,1,1,1,1,Medium,Medium,Medium,Medium,Medium,Medium,Medium,Medium,Medium,0,1,1,PVC Pipes,233611.98
84.6,2,1,1,1,1,Medium,Medium,Medium,Low,Medium,Medium,Low,Medium,Medium,0,1,0,PVC Pipes,157811.82
84.7,2,1,1,1,1,Medium,Medium,Medium,Low,Medium,Medium,Medium,Medium,Medium,0,1,1,PVC Pipes,165916.15
113.9,3,1,1,2,1,Medium,Low,Medium,Medium,High,Low,Low,Medium,Low,1,0,1,PVC Pipes,239293.49
71.0,2,1,1,1,1,Low,Low,Low,Medium,Medium,Medium,Low,Low,Low,0,0,0,PPR Pipes,135435.06
154.4,4,2,1,3,1,High,High,High,High,Medium,High,High,High,High,1,1,1,PVC Pipes,384604.89
114.9,3,1,1,2,1,High,High,High,High,High,High,High,High,Medium,1,1,1,PVC Pipes,260597.5
120.0,3,1,1,0,1,Low,Medium,Medium,Low,Medium,Low,Medium,Low,Low,0,0,0,PPR Pipes,206961.73
166.0,4,2,1,1,1,High,Medium,High,Medium,High,High,High,High,High,0,1,1,PVC Pipes,322008.76
75.8,2,1,1,1,1,Medium,High,High,Medium,Medium,Medium,Medium,Medium,Medium,1,1,1,PVC Pipes,186305.39
86.2,2,1,1,1,1,High,High,Medium,High,High,High,Medium,High,Medium,1,0,1,PVC Pipes,209188.86
104.6,2,1,1,1,1,Medium,Medium,High,Medium,Medium,Medium,High,Medium,Medium,1,0,0,PVC Pipes,226987.47
84.9,3,1,1,1,1,Low,Low,Low,Medium,Low,Low,Medium,Low,Low,0,0,0,PPR Pipes,173633.41
75.9,2,1,1,1,1,Medium,Medium,Medium,Medium,Medium,Medium,Medium,Medium,Low,0,0,1,PVC Pipes,158823.08
173.2,4,1,1,1,1,Low,Low,Low,Medium,Medium,Low,Low,Medium,Medium,0,0,0,PVC Pipes,279879.84
135.1,3,1,1,2,1,Low,Low,Medium,Low,Medium,Low,Low,Medium,Medium,1,0,0,PVC Pipes,251123.13
148.1,4,2,1,2,1,Medium,Medium,High,Medium,Medium,Medium,Medium,Medium,High,0,1,1,PVC Pipes,296501.75
95.4,3,2,1,1,1,High,Medium,High,High,High,High,High,Medium,High,1,1,1,PVC Pipes,253097.52
158.8,4,2,1,0,1,Medium,Medium,Medium,High,Low,High,Medium,Medium,High,0,1,1,PVC Pipes,306527.03
117.2,3,2,1,1,1,Medium,Medium,Medium,Medium,Medium,Medium,High,High,Low,0,0,0,PVC Pipes,241846.52
50.0,1,1,1,1,1,Medium,Medium,Medium,Medium,Low,Medium,Medium,Medium,Medium,1,1,0,PVC Pipes,121863.47
78.8,2,1,1,2,1,Medium,Medium,Medium,High,Low,Medium,Low,Medium,Medium,1,1,1,PVC Pipes,185974.93
129.4,3,2,1,1,1,Medium,Medium,Medium,Medium,Medium,Medium,Medium,Medium,Low,0,1,0,PVC Pipes,250603.76
90.1,2,1,1,1,1,High,High,Medium,Medium,High,High,High,High,Medium,1,0,1,PVC Pipes,200912.78
145.1,4,2,1,3,1,Low,Low,Medium,Medium,Low,Medium,Medium,Low,Low,0,0,0,PPR Pipes,306554.1
212.4,5,2,1,2,2,Medium,Medium,Medium,Medium,High,Low,Medium,High,Medium,0,1,0,PVC Pipes,371612.73
106.3,2,1,1,0,1,Medium,Medium,Medium,Medium,Medium,Low,Low,Medium,Medium,0,1,1,PVC Pipes,192683.88
83.0,2,1,1,1,1,High,High,High,High,High,High,High,High,High,1,1,1,PVC Pipes,212700.92
72.9,2,1,1,2,1,Low,Low,Medium,Low,Low,Low,Medium,Low,Low,0,0,0,PPR Pipes,147280.31
170.6,4,2,1,3,1,Low,Low,Medium,Medium,Medium,Low,Medium,Medium,Medium,0,0,0,PVC Pipes,309129.94
67.3,2,1,1,0,1,Medium,Medium,Medium,Medium,Low,High,Medium,Medium,Medium,1,0,0,PVC Pipes,148638.09
94.9,2,1,1,2,1,Medium,Medium,High,Medium,Medium,Low,Low,Medium,Medium,0,1,0,PVC Pipes,184791.02
87.2,2,1,1,0,1,Low,Low,Low,Medium,Medium,Low,Low,Low,Low,1,0,0,PPR Pipes,163155.65
55.9,2,1,1,0,1,Medium,Medium,High,High,Medium,Medium,Medium,Medium,Medium,0,1,1,PVC Pipes,130116.44
180.7,5,2,1,2,1,Low,Low,Medium,Low,Low,Low,Low,Low,Medium,0,0,0,PVC Pipes,313388.28
101.9,2,1,1,2,1,Medium,High,Medium,Low,Medium,Medium,Medium,Medium,Low,0,1,0,PVC Pipes,182608.88
115.1,3,2,1,2,1,Medium,Medium,Low,High,Medium,Medium,Medium,Medium,Low,1,0,1,PVC Pipes,264090.63
91.0,2,1,1,1,1,Low,Low,Low,Low,Low,Medium,Low,Medium,Low,0,0,0,PVC Pipes,157370.88
146.5,4,2,1,2,1,High,Medium,High,High,High,High,Medium,High,High,1,1,1,PVC Pipes,359122.32
101.3,3,1,1,3,1,High,High,High,High,Medium,Medium,High,High,Medium,1,1,1,PVC Pipes,264396.26
86.2,2,1,1,1,1,Low,Low,Medium,Low,Low,Low,Medium,Low,Low,0,0,0,PPR Pipes,166580.91
85.8,2,1,1,1,1,Medium,Medium,Medium,Medium,Medium,Medium,Medium,Medium,Low,1,1,1,PVC Pipes,188723.07
65.0,2,1,1,2,1,High,High,Medium,High,Medium,High,High,Medium,High,1,0,1,PVC Pipes,178375.51
119.4,3,1,1,1,1,Medium,Low,Medium,High,Low,Medium,Medium,Medium,High,0,0,0,PVC Pipes,213519.69
169.1,4,2,1,1,1,High,High,High,High,High,High,High,High,Medium,1,1,1,PVC Pipes,383164.16
128.1,3,2,1,1,1,Medium,Medium,Medium,Low,Medium,Medium,Low,Medium,Medium,1,0,0,PVC Pipes,275007.0
141.4,3,2,1,0,1,High,High,High,High,Medium,High,High,High,High,1,1,1,PVC Pipes,330012.65
52.6,1,1,1,0,1,Low,Low,Low,Low,Low,Low,Medium,Low,Low,0,0,0,PPR Pipes,101271.74
160.6,4,2,1,0,1,High,High,High,Medium,High,High,Medium,Medium,High,1,1,1,PVC Pipes,358191.83
170.7,4,1,1,0,1,Medium,Medium,Medium,Medium,Low,Low,Medium,Medium,Medium,1,0,0,PVC Pipes,329477.44
122.0,3,1,1,0,1,Medium,Medium,Low,Medium,Medium,Medium,Low,Low,Medium,0,1,0,PPR Pipes,207790.52
87.2,2,1,1,1,1,Medium,High,High,Low,High,Medium,Medium,Medium,Low,1,1,1,PVC Pipes,194235.95
116.8,3,2,1,2,1,Low,Low,Low,Low,Low,Low,Low,Medium,Low,0,0,0,PVC Pipes,206277.56
50.0,1,1,1,1,1,Low,Medium,Low,Low,Low,Low,Low,Medium,Low,0,0,0,PVC Pipes,100197.23
104.7,3,2,1,0,1,High,High,High,High,High,Medium,Medium,High,High,0,1,0,PVC Pipes,224890.89
118.9,3,1,1,2,1,Low,Low,Low,Low,Low,Low,Low,Medium,Low,0,0,0,PVC Pipes,195914.78
62.7,1,1,1,1,1,Medium,Medium,High,Medium,Medium,Medium,High,Medium,Low,0,1,0,PVC Pipes,127325.25
84.3,2,1,1,1,1,High,Medium,High,High,High,High,Medium,High,Medium,1,1,1,PVC Pipes,198215.04
115.1,3,1,1,1,1,Medium,Medium,Medium,Medium,Medium,Medium,Medium,High,Medium,1,0,0,PVC Pipes,243625.75
119.4,3,1,1,1,1,High,Medium,High,High,High,Medium,High,High,Medium,1,1,1,PVC Pipes,284908.73
159.5,4,2,1,2,1,Low,Low,Medium,Low,Low,Low,Medium,Low,Medium,0,0,0,PPR Pipes,294503.78
121.9,3,2,1,2,1,Medium,Medium,Medium,High,Medium,Medium,Medium,Medium,Medium,1,0,0,PVC Pipes,281763.61
69.3,2,1,1,1,1,Low,Low,Low,Low,Low,Low,Low,Low,Medium,0,0,0,PPR Pipes,130245.87
69.0,2,1,1,1,1,High,High,Medium,High,High,Medium,Medium,High,High,1,1,0,PVC Pipes,165399.51
50.0,1,1,1,0,1,Medium,Medium,Medium,Medium,Low,Medium,Low,Low,Medium,1,0,0,PPR Pipes,105979.91
163.1,4,2,1,2,1,Low,Low,Medium,Low,Medium,Low,Low,Low,Medium,0,0,0,PPR Pipes,291630.07
115.3,3,2,1,2,1,Medium,Medium,Medium,High,Medium,High,Medium,Medium,Medium,1,1,0,PVC Pipes,259955.64
204.8,5,2,1,3,2,Medium,Medium,High,Medium,High,Medium,Medium,Medium,Low,1,1,1,PVC Pipes,432952.56
82.0,2,1,1,2,1,Medium,Medium,Medium,Medium,High,Medium,Medium,Medium,High,0,1,0,PVC Pipes,165517.01
172.1,4,1,1,1,1,High,High,High,High,Medium,High,High,High,High,1,1,0,PVC Pipes,351672.21
124.7,3,2,1,1,1,High,High,High,Medium,High,High,High,Medium,High,1,1,1,PVC Pipes,290950.13
140.2,4,2,1,2,1,Medium,Medium,Medium,Medium,Medium,Low,High,Low,Low,0,1,0,PPR Pipes,265737.9
111.0,2,1,1,2,1,Low,Low,Medium,Low,Medium,Medium,Low,Medium,Low,1,0,0,PVC Pipes,204422.16
77.2,2,1,1,2,1,High,Medium,Medium,Medium,High,High,High,Medium,Medium,1,1,1,PVC Pipes,187193.23
112.8,2,1,1,1,1,Low,Medium,Low,Low,Low,Low,Medium,Low,Low,0,0,0,PPR Pipes,206214.07
126.0,3,1,1,1,1,Medium,Medium,Medium,Medium,Medium,Medium,Medium,Medium,Medium,0,0,0,PVC Pipes,223192.67
80.5,2,1,1,2,1,Low,Low,Low,Low,Low,Medium,Low,Low,Low,0,0,0,PPR Pipes,160238.73
169.3,4,2,1,3,1,High,High,High,High,High,Medium,High,High,High,1,0,1,PVC Pipes,405501.5
169.8,4,2,1,2,1,Low,Low,Medium,Low,Low,Medium,Low,Medium,Medium,0,0,0,PVC Pipes,308552.15
80.8,2,1,1,2,1,Medium,Medium,Medium,Medium,Medium,Low,Medium,Medium,Medium,0,1,1,PVC Pipes,170829.78
84.2,2,1,1,0,1,Low,Medium,Medium,Low,Medium,Medium,Low,Medium,Low,0,0,0,PVC Pipes,149404.16
136.8,3,1,1,1,1,High,High,High,Medium,Medium,High,High,Medium,High,1,1,1,PVC Pipes,315438.71
175.2,5,3,1,3,1,High,High,Medium,High,High,High,High,Medium,High,1,1,1,PVC Pipes,435459.67
74.0,2,1,1,1,1,Medium,Medium,Low,Medium,Medium,Medium,High,Medium,Medium,0,1,1,PVC Pipes,149199.55
119.1,3,2,1,3,1,Medium,High,High,Medium,High,Low,Medium,Medium,Medium,0,1,0,PVC Pipes,265940.67
153.6,3,1,1,2,1,Medium,Medium,Medium,Medium,Low,Low,Medium,Medium,Medium,0,0,0,PVC Pipes,278863.29
108.3,2,1,1,1,1,Medium,Medium,Medium,Low,Medium,Medium,Medium,High,High,0,0,1,PVC Pipes,193067.92
133.9,3,1,1,1,1,Medium,Medium,Medium,Medium,Low,Medium,Medium,Medium,High,1,0,1,PVC Pipes,284559.43
120.4,3,2,1,1,1,Medium,High,Medium,Low,Medium,Medium,Medium,Medium,High,0,0,1,PVC Pipes,246375.9
146.8,3,2,1,1,1,Low,Medium,Low,Medium,Low,Low,Low,Low,Medium,0,0,0,PPR Pipes,261505.42
161.4,4,2,1,2,1,High,High,Medium,High,High,Medium,High,High,High,1,1,0,PVC Pipes,371693.91
85.5,2,1,1,1,1,Medium,Medium,Medium,Medium,Medium,Medium,Medium,High,Low,0,0,1,PVC Pipes,164172.35
111.8,3,2,1,1,1,Medium,Medium,High,High,Medium,Medium,Medium,Medium,Medium,1,0,0,PVC Pipes,240834.05
123.8,3,2,1,0,1,Medium,Medium,Medium,High,Medium,Medium,High,Medium,Medium,0,0,0,PVC Pipes,240952.57
112.4,3,2,1,2,1,Medium,Low,High,High,High,High,Low,Medium,Medium,0,1,1,PVC Pipes,232352.4
166.1,4,2,1,2,1,Low,Low,Low,Medium,Low,Low,Low,Medium,Low,0,0,0,PVC Pipes,303222.26
63.1,1,1,1,0,1,Medium,High,High,Medium,Medium,High,High,Medium,Low,1,0,0,PVC Pipes,141196.23
126.0,3,1,1,3,1,Low,Medium,Medium,Low,Medium,Low,Low,Low,Low,0,0,0,PPR Pipes,230672.29
125.6,3,1,1,2,1,High,Medium,Medium,High,Medium,Medium,High,High,High,1,1,1,PVC Pipes,289024.54
124.6,3,1,1,1,1,Medium,Medium,Medium,High,Medium,Medium,Medium,Low,Medium,0,1,0,PPR Pipes,233464.94
90.7,2,1,1,2,1,Medium,Medium,Medium,Medium,Medium,High,Medium,Medium,High,1,0,1,PVC Pipes,209126.47
178.4,4,1,1,1,1,Medium,High,Medium,Medium,Medium,Medium,Medium,Low,Low,0,0,0,PPR Pipes,326395.15
106.4,3,2,1,2,1,Low,Low,Medium,Low,Low,Low,Low,Low,Medium,0,0,0,PPR Pipes,213665.14
104.6,2,1,1,1,1,Medium,Low,Medium,Low,Medium,Medium,High,Medium,High,0,0,0,PVC Pipes,200592.52
82.1,2,1,1,0,1,High,High,High,High,High,High,High,Medium,High,1,1,1,PVC Pipes,193742.7
163.6,4,1,1,3,1,Medium,Low,Low,Medium,High,Medium,Medium,Medium,High,0,1,0,PVC Pipes,287331.67
113.1,3,2,1,2,1,Low,Medium,Low,Low,Low,Low,Low,Low,Low,0,0,0,PPR Pipes,208516.04
120.2,3,2,1,2,1,Medium,Medium,High,Medium,Medium,Medium,Low,Medium,High,1,0,1,PVC Pipes,284330.32
119.9,3,2,1,2,1,Medium,Medium,Medium,Medium,Medium,Medium,Low,Medium,Medium,0,1,1,PVC Pipes,256644.85
168.5,4,1,1,1,1,Low,Low,Low,Low,Low,Low,Medium,Low,Low,0,0,0,PPR Pipes,303520.77
92.5,2,1,1,0,1,Medium,Medium,Low,Medium,High,Medium,Medium,Medium,Medium,1,0,1,PVC Pipes,187773.96
122.8,3,2,1,2,1,Medium,Medium,Medium,Medium,Medium,Low,Medium,Medium,Medium,0,0,1,PVC Pipes,249783.85
89.8,2,1,1,2,1,Low,Low,Low,Low,Low,Medium,Low,Medium,Medium,0,0,0,PVC Pipes,164642.77
116.4,3,2,1,0,1,Medium,Medium,Medium,Medium,Medium,High,Medium,High,High,1,1,0,PVC Pipes,256077.26
117.6,3,2,1,2,1,Low,Low,Medium,Low,Low,Low,Low,Low,Low,0,0,0,PPR Pipes,227879.37
89.1,2,1,1,0,1,Low,Low,Medium,Low,Medium,Low,Medium,Low,Low,0,0,1,PPR Pipes,161264.66
77.4,2,1,1,1,1,Medium,Low,Medium,Medium,Medium,Medium,Medium,High,Medium,1,1,1,PVC Pipes,173189.78
73.6,2,1,1,2,1,Low,Low,Low,Medium,Low,Medium,Low,Low,Low,0,0,0,PPR Pipes,145391.52
114.3,3,2,1,1,1,Medium,Medium,Medium,Medium,Low,Low,Low,Medium,Low,0,1,0,PVC Pipes,210907.95
156.1,4,2,1,1,1,Low,Low,Low,Low,Low,Medium,Medium,Low,Low,0,0,0,PPR Pipes,278670.1
169.1,4,2,1,3,1,Medium,High,Medium,High,Low,Medium,Medium,Medium,Medium,0,1,0,PVC Pipes,313525.23
85.2,3,1,1,2,1,Low,Low,Low,Low,Low,Medium,Low,Low,Low,0,0,0,PPR Pipes,172743.38
90.7,2,1,1,2,1,High,High,Medium,High,High,Medium,High,High,Medium,0,1,1,PVC Pipes,194632.12
143.8,3,1,1,3,1,High,Medium,High,High,High,High,High,High,High,0,0,1,PVC Pipes,285832.18
96.8,2,1,1,1,1,Low,Low,Low,Low,Low,Low,Low,Medium,Medium,0,0,0,PVC Pipes,178781.86
118.7,3,2,1,0,1,Medium,Medium,High,Low,Medium,High,Low,Medium,Medium,0,1,0,PVC Pipes,225593.56
104.5,2,1,1,0,1,High,High,High,High,High,Medium,High,Medium,High,1,1,1,PVC Pipes,250156.65
126.4,3,2,1,0,1,Medium,Medium,Medium,Medium,Medium,High,Medium,Medium,Medium,0,0,0,PVC Pipes,241282.74
136.1,3,2,1,3,1,High,High,Medium,Medium,High,High,High,Medium,Medium,1,1,1,PVC Pipes,325558.32
161.4,4,1,1,0,1,Medium,Medium,Medium,Medium,Medium,Low,Medium,Low,Medium,0,0,1,PPR Pipes,264827.3
127.9,3,2,1,1,1,High,High,High,Medium,Medium,High,High,High,High,0,0,1,PVC Pipes,254880.4
147.5,4,1,1,0,1,Medium,Medium,Medium,Medium,High,High,Medium,Medium,Medium,1,1,1,PVC Pipes,312008.41
114.7,3,2,1,1,1,Low,Low,Low,Low,Low,Low,Low,Low,Medium,0,0,0,PPR Pipes,217330.92
100.4,2,1,1,1,1,Low,Medium,Medium,Medium,Low,Low,Low,Medium,Low,0,0,0,PVC Pipes,175129.27
146.9,4,2,1,1,1,High,High,High,High,High,Medium,High,High,High,0,1,0,PVC Pipes,291355.47
95.2,2,1,1,0,1,Low,Medium,Medium,Medium,Low,Medium,Low,Medium,Medium,0,0,0,PVC Pipes,165904.74
50.0,1,1,1,1,1,High,High,High,High,Medium,High,Medium,Medium,High,1,1,1,PVC Pipes,149940.53
103.9,3,1,1,1,1,High,High,Medium,High,High,Medium,High,High,Medium,0,1,0,PVC Pipes,204630.73
117.2,3,2,1,2,1,Medium,Medium,Low,Medium,High,Medium,Medium,Medium,Medium,1,1,0,PVC Pipes,264732.41
96.0,2,1,1,2,1,Medium,Low,High,Medium,High,Medium,Medium,Medium,Medium,0,0,0,PVC Pipes,172271.7
109.1,3,2,1,0,1,High,Medium,High,High,Medium,High,High,Medium,Medium,1,1,1,PVC Pipes,248635.58
81.4,2,1,1,0,1,Medium,High,Medium,Medium,Medium,High,Medium,Medium,Medium,1,1,0,PVC Pipes,177397.05
68.7,2,1,1,0,1,Medium,Low,Medium,Low,Medium,Medium,High,Low,Medium,0,0,0,PPR Pipes,138757.36
73.1,1,1,1,0,1,High,Medium,Medium,Medium,High,High,High,Medium,High,1,1,1,PVC Pipes,171803.12
114.4,3,2,1,2,1,Low,Low,Low,Medium,Low,Low,Low,Medium,Low,0,0,1,PVC Pipes,228558.2
86.9,2,1,1,2,1,Medium,Medium,High,High,High,Medium,Medium,Low,Medium,1,0,0,PPR Pipes,195182.19
164.0,4,1,1,0,1,Low,Medium,Low,Low,Medium,Low,Medium,Low,Medium,0,0,0,PPR Pipes,254389.76
73.4,2,1,1,1,1,Low,Medium,Low,Low,Low,Low,Low,Low,Low,0,0,0,PPR Pipes,143125.85
155.7,4,2,1,2,1,Low,Low,Low,Low,Low,Low,Low,Low,Low,0,0,0,PPR Pipes,297430.94
114.4,3,1,1,1,1,Low,Low,Low,Low,Low,Low,Low,Medium,Medium,0,0,0,PVC Pipes,193267.96
76.0,2,1,1,0,1,High,Medium,High,High,Medium,High,High,High,High,1,1,1,PVC Pipes,188919.77
134.0,3,2,1,3,1,Medium,Medium,Low,Medium,Low,Medium,Medium,Medium,Medium,1,0,0,PVC Pipes,307324.88
174.0,4,2,1,2,1,Medium,Medium,Medium,Medium,Medium,Medium,High,Medium,Low,0,0,0,PVC Pipes,339747.87
116.3,3,2,1,1,1,Medium,Medium,Medium,Medium,Medium,Medium,Medium,High,Medium,0,0,1,PVC Pipes,236516.84
88.5,2,1,1,1,1,Medium,Medium,Medium,High,Medium,Medium,High,Medium,Medium,0,0,1,PVC Pipes,178629.54
143.8,4,1,1,1,1,Low,Low,Low,Low,Medium,Low,Medium,Low,Low,0,0,0,PPR Pipes,253236.35
139.3,4,2,1,1,1,High,High,High,High,Medium,High,Medium,High,Medium,1,1,1,PVC Pipes,327264.73
121.6,3,1,1,1,1,Low,Low,Medium,Medium,Medium,Low,Low,Low,Low,0,1,0,PPR Pipes,216317.25
111.4,3,1,1,2,1,Low,Low,Medium,Medium,Low,Low,Medium,Medium,Medium,0,0,0,PVC Pipes,202345.09
60.7,1,1,1,1,1,High,High,Medium,Medium,High,High,High,High,High,1,1,1,PVC Pipes,163320.96
130.0,3,2,1,2,1,High,High,Medium,Medium,Medium,High,High,High,High,1,1,1,PVC Pipes,294478.26
103.4,3,1,1,0,1,Medium,Low,Low,Medium,Medium,Low,Low,Medium,Medium,1,0,0,PVC Pipes,197359.67
105.7,2,1,1,0,1,High,High,Medium,High,Medium,High,Medium,High,Medium,1,1,1,PVC Pipes,232765.73
93.4,2,1,1,1,1,Medium,Medium,Medium,Medium,Low,Medium,Low,Medium,Medium,0,1,1,PVC Pipes,166125.26
74.8,2,1,1,2,1,Medium,Low,Medium,Medium,Medium,Medium,Medium,High,Medium,0,1,0,PVC Pipes,158058.86
149.6,4,2,1,1,1,Low,Low,Medium,Low,Low,Medium,Low,Low,Low,0,0,0,PPR Pipes,260895.2
88.0,2,1,1,1,1,Medium,Medium,Medium,High,Medium,Medium,Medium,Medium,Medium,1,0,0,PVC Pipes,194106.64
198.7,5,3,1,3,1,Medium,Low,Medium,Medium,Medium,High,Medium,High,Medium,0,1,1,PVC Pipes,365098.34
94.1,2,1,1,1,1,Medium,Medium,Medium,Medium,Low,Medium,Medium,High,Medium,0,0,1,PVC Pipes,183309.77
105.5,2,1,1,0,1,Medium,Medium,Medium,Low,Low,Medium,Medium,Medium,Medium,0,1,0,PVC Pipes,182292.12
50.0,1,1,1,1,1,Medium,High,Medium,Low,Medium,High,Medium,Medium,Medium,1,0,1,PVC Pipes,132070.89
83.8,2,1,1,2,1,Low,Low,Low,Low,Low,Low,Low,Low,Low,1,0,0,PPR Pipes,169821.41
91.7,2,1,1,1,1,Medium,Medium,Medium,Medium,Medium,Medium,Medium,High,Medium,1,0,0,PVC Pipes,206395.19
104.5,2,1,1,0,1,Medium,Medium,Medium,Medium,Medium,Low,Medium,Medium,High,0,1,1,PVC Pipes,188782.44
88.9,2,1,1,0,1,Low,Low,Medium,Low,Medium,Low,Low,Medium,Low,1,1,1,PVC Pipes,179785.18
169.7,4,1,1,3,1,Medium,Medium,Medium,Medium,Medium,Medium,Low,Medium,Medium,0,1,0,PVC Pipes,301735.85
52.6,1,1,1,1,1,Low,Low,Low,Low,Low,Low,Low,Low,Medium,0,0,0,PPR Pipes,111125.63
121.5,3,1,1,1,1,Medium,High,Medium,Medium,Medium,Medium,Medium,Medium,Medium,0,0,0,PVC Pipes,209114.77
165.0,4,1,1,1,1,Low,Low,Low,Medium,Medium,Medium,Medium,Medium,Medium,0,0,0,PVC Pipes,267252.77
110.0,3,2,1,1,1,Low,Low,Low,Low,Low,Medium,Low,Low,Low,0,0,0,PPR Pipes,193322.95
126.4,3,2,1,2,1,High,High,Medium,High,Medium,High,High,High,High,1,1,1,PVC Pipes,328233.65
107.3,2,1,1,0,1,Low,Medium,Medium,Medium,Low,Low,Low,Medium,Low,0,0,0,PVC Pipes,178308.37
137.9,4,1,1,1,1,High,Medium,High,High,High,Medium,High,High,High,1,1,1,PVC Pipes,307375.96
77.8,2,1,1,1,1,Low,Low,Medium,Medium,Low,Low,Medium,Low,Low,1,0,0,PPR Pipes,170327.38
157.8,4,2,1,3,1,Medium,Low,Medium,Medium,Low,Medium,Medium,High,Low,0,1,1,PVC Pipes,291215.93
90.5,2,1,1,1,1,Low,Low,Medium,Low,Medium,Low,Low,Medium,Low,0,0,0,PVC Pipes,171797.84
55.7,2,1,1,1,1,Medium,Medium,Medium,Medium,Medium,High,High,Low,Medium,0,1,0,PPR Pipes,134854.42
123.2,3,1,1,2,1,High,Medium,Medium,High,High,High,High,High,High,1,1,1,PVC Pipes,279784.46
109.2,2,1,1,1,1,High,High,High,Medium,High,Medium,Medium,Medium,High,1,1,1,PVC Pipes,246139.32
83.5,2,1,1,1,1,Low,Low,Low,Low,Low,Medium,Low,Low,Medium,0,1,0,PPR Pipes,150602.38
78.3,2,1,1,0,1,High,High,High,High,High,Medium,High,High,High,1,1,1,PVC Pipes,191315.75
83.1,2,1,1,0,1,Low,Low,Low,Low,Medium,Low,Low,Medium,Low,0,0,0,PVC Pipes,148919.32
166.9,4,2,1,1,1,Medium,Medium,Medium,Medium,Medium,Medium,High,Medium,Medium,1,0,0,PVC Pipes,355490.51
117.2,3,1,1,1,1,High,High,Medium,High,High,High,High,High,High,1,0,1,PVC Pipes,278307.05
85.5,2,1,1,2,1,Low,Low,Low,Low,Low,Low,Low,Low,Medium,1,0,0,PPR Pipes,166516.85
93.8,2,1,1,0,1,High,High,High,High,High,Medium,High,High,High,0,1,0,PVC Pipes,188171.02
127.2,3,1,1,2,1,High,Medium,High,High,High,Medium,High,Medium,High,1,1,1,PVC Pipes,305489.11
77.9,2,1,1,2,1,Medium,Medium,Medium,Medium,Medium,Medium,Medium,Medium,High,0,1,0,PVC Pipes,159652.99
67.3,2,1,1,1,1,Medium,Low,High,Medium,Medium,Medium,Medium,Low,Medium,1,1,0,PPR Pipes,156492.58
114.4,3,2,1,1,1,Medium,Medium,High,Medium,Low,Medium,Medium,Medium,Medium,0,1,1,PVC Pipes,238958.67
122.4,3,1,1,1,1,Medium,Medium,Low,Low,Low,Medium,High,High,Medium,1,0,1,PVC Pipes,252799.3
165.6,4,2,1,1,1,Low,Low,Low,Medium,Low,Low,Medium,Medium,Medium,0,0,0,PVC Pipes,293420.58
132.9,3,2,1,1,1,Low,Low,Low,Low,Low,Low,Low,Low,Low,1,0,0,PVC Pipes,262788.38
76.7,1,1,1,0,1,Medium,Medium,Medium,Medium,Medium,Medium,Low,Medium,Medium,1,0,0,PVC Pipes,158717.2
209.1,5,2,1,1,1,Medium,High,Medium,Medium,Low,Medium,Medium,Medium,Medium,1,0,0,PVC Pipes,420635.76
94.2,2,1,1,1,1,Low,Low,Low,Low,Low,Low,Low,Medium,Medium,0,0,0,PVC Pipes,173741.95
101.4,3,1,1,3,1,Low,Low,Medium,Low,Low,Medium,Medium,Low,Medium,0,0,0,PPR Pipes,199961.04
103.3,2,1,1,1,1,Low,Medium,Low,Low,Low,Medium,Medium,Low,Low,0,0,0,PPR Pipes,175007.31
154.5,4,2,1,0,1,High,High,High,High,High,High,High,High,High,1,1,1,PVC Pipes,362143.43
78.5,2,1,1,1,1,Medium,Low,Low,Medium,Medium,Low,High,Medium,Medium,1,1,0,PVC Pipes,164569.75
201.5,5,3,1,1,2,Low,Low,Medium,Low,Low,Medium,Low,Medium,Low,1,0,0,PVC Pipes,402383.18
118.0,3,2,1,3,1,Low,Low,Low,Low,Low,Low,Low,Low,Low,0,0,0,PPR Pipes,235541.03
106.7,3,2,1,1,1,Medium,Medium,Low,High,Medium,Medium,Medium,Medium,Low,1,1,1,PVC Pipes,232145.9
98.0,2,1,1,0,1,Low,Low,Medium,Low,Low,Medium,Low,Low,Medium,0,0,0,PPR Pipes,165004.32
74.9,2,1,1,0,1,Medium,Medium,Low,Medium,High,Low,Medium,Medium,Medium,1,0,0,PVC Pipes,160158.1
83.0,2,1,1,0,1,High,Medium,High,Medium,High,Medium,High,High,High,1,1,1,PVC Pipes,193471.24
80.8,2,1,1,1,1,Low,Low,Low,Medium,Low,Low,Medium,Low,Low,0,0,0,PPR Pipes,154788.24
131.8,3,2,1,2,1,Medium,Low,Medium,Medium,Medium,Medium,Medium,Medium,Medium,0,1,0,PVC Pipes,264462.04
170.4,4,1,1,1,1,Low,Low,Low,Low,Low,Medium,Low,Medium,Low,0,0,0,PVC Pipes,247066.99
82.1,2,1,1,2,1,High,High,High,High,High,High,High,High,High,1,0,1,PVC Pipes,207471.4
102.5,3,2,1,0,1,High,High,High,High,Medium,High,Medium,High,High,1,1,1,PVC Pipes,245603.58
121.4,3,2,1,1,1,Medium,Medium,Medium,Medium,Medium,Medium,Medium,Medium,Medium,1,1,0,PVC Pipes,283115.49
143.8,4,2,1,2,1,Medium,High,Low,Medium,Medium,Medium,High,Medium,Low,1,0,0,PVC Pipes,316144.07
160.0,4,2,1,2,1,Medium,Medium,Medium,Low,Medium,Medium,Medium,Medium,Medium,1,1,1,PVC Pipes,349699.38
50.0,1,1,1,1,1,Medium,Medium,Medium,Low,Medium,High,Low,Medium,Low,1,0,0,PVC Pipes,116921.3
122.9,3,1,1,1,1,Medium,Medium,Medium,High,Medium,High,Medium,Medium,Medium,1,0,1,PVC Pipes,242413.74
155.6,4,2,1,0,1,Medium,Low,Medium,Low,Medium,Medium,Medium,Low,Medium,1,0,1,PPR Pipes,306352.68
96.8,2,1,1,2,1,Low,Medium,Low,Low,Low,Low,Low,Low,Low,0,0,1,PPR Pipes,169913.37
127.1,3,1,1,3,1,Low,Low,Low,Low,Low,Low,Medium,Low,Low,1,0,0,PPR Pipes,258352.06
90.4,2,1,1,1,1,Medium,Medium,Medium,Medium,Medium,Medium,Medium,Medium,High,0,0,0,PVC Pipes,167279.29
83.9,2,1,1,1,1,Low,Medium,Low,Low,Low,Low,Low,Low,Low,0,0,0,PPR Pipes,161137.99
111.1,3,2,1,3,1,Low,Low,Medium,Low,Medium,Low,Low,Low,Medium,0,0,0,PPR Pipes,232222.91
72.6,2,1,1,0,1,Medium,Medium,Low,Medium,Medium,Medium,Low,Medium,Medium,1,1,1,PVC Pipes,161328.12
50.0,1,1,1,0,1,Low,Low,Low,Low,Low,Low,Medium,Low,Low,0,0,0,PPR Pipes,99311.62
83.2,2,1,1,0,1,Medium,Medium,Medium,Low,Medium,Low,Medium,Medium,High,1,1,0,PVC Pipes,182171.75
86.2,2,1,1,0,1,High,Medium,High,High,Medium,High,High,Medium,Medium,0,1,1,PVC Pipes,172364.21
75.1,2,1,1,0,1,Medium,High,Low,Medium,Medium,Low,Medium,Medium,Medium,0,0,1,PVC Pipes,144924.65
100.9,2,1,1,2,1,Medium,Medium,High,Medium,Medium,Medium,Medium,Medium,High,0,0,0,PVC Pipes,195759.38
65.3,2,1,1,1,1,Medium,Medium,Medium,Medium,Medium,Medium,Medium,Medium,Medium,0,1,0,PVC Pipes,139419.95
64.4,2,1,1,2,1,Low,Medium,Low,Low,Low,Low,Low,Low,Low,0,0,0,PPR Pipes,139384.93
101.4,2,1,1,0,1,Medium,Low,Medium,Medium,Medium,Medium,Medium,Medium,Medium,1,0,0,PVC Pipes,209905.48
94.1,2,1,1,1,1,Medium,Medium,Medium,Medium,Medium,Low,Medium,Medium,Medium,0,1,1,PVC Pipes,184695.75
102.5,2,1,1,2,1,High,High,High,High,High,Medium,Medium,High,High,1,1,1,PVC Pipes,248130.37
128.1,3,1,1,1,1,Medium,Medium,Medium,Medium,High,Low,Medium,Medium,Medium,0,0,1,PVC Pipes,230170.0
80.5,2,1,1,1,1,Medium,Medium,Medium,Medium,Medium,High,Low,Medium,Medium,0,0,1,PVC Pipes,167301.41
98.1,3,1,1,2,1,Medium,Medium,High,Medium,Medium,Medium,Medium,Low,Low,1,1,1,PPR Pipes,223024.46
136.2,3,1,1,2,1,High,Medium,Medium,Medium,High,High,High,High,Medium,1,1,1,PVC Pipes,285171.52
127.7,3,2,1,2,1,Low,Low,Low,Low,Low,Medium,Low,Low,Low,0,0,0,PPR Pipes,230643.91
145.8,3,2,1,3,1,Medium,Medium,High,Medium,Medium,Low,Medium,High,Medium,0,1,1,PVC Pipes,284611.2
91.8,2,1,1,1,1,Low,Medium,Low,Medium,Low,Low,Medium,Low,Medium,0,0,0,PPR Pipes,168662.49
103.0,3,1,1,0,1,Low,Low,Medium,Low,Low,Low,Low,Low,Medium,0,0,0,PPR Pipes,178671.7
115.3,3,2,1,1,1,Low,Medium,Low,Low,Low,Low,Low,Medium,Low,0,0,0,PVC Pipes,208468.72
50.0,1,1,1,0,1,Low,Low,Low,Low,Medium,Low,Medium,Low,Low,0,0,0,PPR Pipes,102286.81
99.8,3,1,1,1,1,Medium,Medium,Medium,Medium,Low,Medium,Medium,Medium,High,0,0,1,PVC Pipes,200183.47
75.1,2,1,1,1,1,High,High,Medium,High,Medium,High,High,High,High,1,0,1,PVC Pipes,188339.95
94.1,2,1,1,1,1,Medium,Medium,Medium,Medium,Medium,High,Low,Medium,Medium,1,0,0,PVC Pipes,199280.01
89.4,2,1,1,1,1,Low,Low,Low,Low,Low,Medium,Low,Low,Low,0,0,0,PPR Pipes,157232.13
196.3,5,2,1,1,1,Medium,Medium,Medium,Medium,Medium,Medium,Medium,Low,Medium,1,1,1,PPR Pipes,420400.8
128.6,3,1,1,2,1,Medium,Low,Low,Medium,Medium,Medium,Medium,High,Medium,0,0,0,PVC Pipes,230948.17
175.3,4,2,1,1,1,Low,Medium,Low,Low,Low,Medium,Low,Medium,Low,0,0,0,PVC Pipes,294020.41
96.2,2,1,1,1,1,Low,Low,Low,Low,Medium,Low,Low,Low,Low,0,0,0,PPR Pipes,164235.74
53.6,1,1,1,0,1,Low,Medium,Low,Low,Low,Low,Low,Medium,Low,1,0,0,PVC Pipes,115101.81
173.8,4,2,1,3,1,Medium,High,Medium,Low,Medium,High,Medium,Low,Medium,1,0,0,PPR Pipes,384302.67
106.3,3,1,1,2,1,Medium,Medium,Medium,Medium,High,Medium,High,Medium,High,1,0,1,PVC Pipes,241484.1
74.9,2,1,1,2,1,High,Medium,High,Medium,High,High,High,High,High,1,1,1,PVC Pipes,199700.3
137.7,4,2,1,2,1,Medium,High,Medium,Low,High,Medium,Medium,Low,Medium,1,0,0,PVC Pipes,313533.59
209.4,5,2,1,2,1,Medium,Medium,Medium,Medium,High,Low,Medium,Medium,Medium,0,0,0,PVC Pipes,366134.35
96.5,3,2,1,1,1,High,High,Medium,High,High,High,High,Medium,High,1,1,1,PVC Pipes,259692.34
83.4,2,1,1,1,1,High,High,High,Medium,Medium,High,Medium,Medium,High,1,0,1,PVC Pipes,202670.13
167.7,4,2,1,2,1,Medium,Medium,Medium,Medium,Medium,Medium,Medium,Medium,High,0,0,0,PVC Pipes,291404.7
165.4,4,2,1,2,1,Medium,Medium,Medium,Medium,Medium,Medium,Medium,Low,Medium,1,1,0,PPR Pipes,351723.1
146.8,4,2,1,2,1,Medium,High,Medium,Low,Medium,High,Low,Medium,Medium,0,0,0,PVC Pipes,294197.77
127.5,3,2,1,2,1,Medium,Medium,High,Medium,Medium,High,Medium,Medium,Medium,1,0,0,PVC Pipes,263402.14
141.6,3,2,1,2,1,High,High,High,High,High,Medium,High,High,Medium,1,1,1,PVC Pipes,331088.21
105.7,3,2,1,1,1,Medium,High,Medium,Low,Medium,High,Medium,Medium,Medium,1,1,0,PVC Pipes,241802.47
187.2,5,2,1,3,1,High,High,High,High,High,Medium,High,Medium,Medium,1,1,1,PVC Pipes,423487.14
121.2,3,1,1,3,1,High,High,High,Medium,High,High,High,High,High,1,1,1,PVC Pipes,294360.88
122.5,3,2,1,1,1,High,High,High,High,High,Medium,High,High,High,1,1,0,PVC Pipes,285899.49
158.5,3,2,1,1,1,Medium,Low,Medium,High,Medium,Medium,Medium,Medium,Medium,0,1,0,PVC Pipes,280147.58
157.7,4,2,1,1,1,High,High,High,High,High,High,Medium,High,High,1,1,1,PVC Pipes,347332.21
127.9,3,2,1,2,1,High,High,Medium,High,High,High,High,High,High,0,0,1,PVC Pipes,260769.94
96.4,2,1,1,0,1,High,Medium,Medium,Medium,High,High,High,Medium,High,1,1,1,PVC Pipes,212946.73
96.3,2,1,1,1,1,High,High,Medium,High,High,High,High,High,High,1,1,1,PVC Pipes,226431.74
163.4,4,2,1,2,1,Medium,Medium,Medium,Medium,Medium,Medium,Medium,Medium,Low,0,0,0,PVC Pipes,282390.82
86.0,2,1,1,0,1,Low,Medium,Medium,Low,Low,Low,Low,Medium,Low,0,0,0,PVC Pipes,160785.2
132.8,3,1,1,2,1,Medium,Medium,Medium,Medium,Medium,Medium,Low,Medium,Low,0,1,0,PVC Pipes,221649.87
94.2,2,1,1,1,1,Low,Medium,Medium,Low,Low,Medium,Medium,Low,Low,0,0,0,PPR Pipes,164434.72
85.0,2,1,1,1,1,Medium,Medium,Medium,Medium,Medium,Medium,High,Medium,Medium,0,0,1,PVC Pipes,168258.84
163.2,4,2,1,3,1,High,High,High,Medium,High,High,High,Medium,High,1,1,1,PVC Pipes,383056.78
80.9,2,1,1,1,1,High,Medium,High,High,Medium,High,High,High,High,1,1,1,PVC Pipes,188907.22
171.9,4,1,1,1,1,High,Medium,High,High,High,High,Medium,High,High,0,1,1,PVC Pipes,304519.97
107.6,2,1,1,2,1,Low,Low,Medium,Low,Low,Low,Low,Low,Low,1,0,0,PVC Pipes,224981.22
130.8,3,2,1,2,1,Medium,Medium,Low,Medium,Low,Medium,Medium,Medium,Low,0,1,0,PVC Pipes,242790.53
114.9,3,1,1,3,1,High,Medium,Medium,High,Medium,High,High,Medium,Medium,1,1,1,PVC Pipes,276872.43
113.8,3,2,1,2,1,Medium,Medium,Medium,Medium,Low,Low,Medium,Low,Medium,1,0,1,PPR Pipes,244723.17
93.9,2,1,1,0,1,Medium,Medium,Medium,High,Medium,Medium,Medium,High,Medium,0,0,1,PVC Pipes,164793.12
118.5,3,1,1,1,1,High,High,High,High,Medium,Medium,Medium,Medium,Medium,1,1,1,PVC Pipes,262757.29
87.5,2,1,1,1,1,High,High,Medium,High,High,High,High,High,High,1,1,1,PVC Pipes,211633.26
108.2,3,2,1,1,1,Medium,Low,Low,Medium,Medium,Medium,Medium,High,High,0,0,1,PVC Pipes,234351.78
82.1,2,1,1,1,1,Medium,Medium,Medium,High,Low,Medium,High,High,Low,1,0,1,PVC Pipes,192990.83
100.4,3,2,1,1,1,High,High,Medium,High,High,High,High,Medium,High,1,1,0,PVC Pipes,251887.36
91.9,2,1,1,1,1,Medium,Medium,Medium,Medium,Medium,Medium,High,Medium,Low,1,0,0,PVC Pipes,202749.57
172.8,4,2,1,1,1,Low,Medium,Medium,Low,Medium,Low,Low,Low,Medium,0,0,0,PPR Pipes,311411.69
97.3,2,1,1,0,1,High,High,High,High,High,High,High,High,High,1,1,1,PVC Pipes,225202.91
65.3,2,1,1,0,1,Medium,Medium,Medium,Medium,Low,Medium,Medium,Medium,Medium,0,1,0,PVC Pipes,135057.47
78.4,2,1,1,0,1,High,High,High,High,High,High,Medium,High,High,1,1,0,PVC Pipes,185748.63
127.8,3,1,1,1,1,Medium,Medium,Low,Medium,High,Medium,High,Medium,Medium,0,0,0,PVC Pipes,222557.55
145.7,4,2,1,1,1,Medium,Medium,Medium,Medium,Medium,Medium,Low,Medium,Medium,0,0,0,PVC Pipes,254276.27
78.3,2,1,1,2,1,Low,Low,Low,Low,Medium,Medium,Medium,Low,Low,1,0,0,PPR Pipes,174186.83
157.1,4,1,1,1,1,Medium,Low,Low,Medium,Low,Medium,Low,Medium,Medium,0,0,0,PVC Pipes,271826.12
121.3,3,2,1,3,1,Medium,Medium,Medium,Low,Medium,Medium,Medium,Medium,Low,0,0,0,PVC Pipes,245622.04
175.3,4,2,1,2,1,High,High,High,High,High,Medium,Medium,Medium,High,1,1,1,PVC Pipes,380681.91
123.3,3,1,1,1,1,Medium,Medium,Medium,Medium,Medium,Medium,High,High,Medium,0,1,0,PVC Pipes,221108.1
128.6,3,2,1,1,1,High,Medium,High,Medium,High,Medium,High,Medium,High,0,1,1,PVC Pipes,266599.16
153.7,4,2,1,3,1,Low,Medium,Low,Low,Low,Medium,Low,Medium,Medium,0,0,1,PVC Pipes,280240.71
165.8,4,2,1,3,1,High,High,Medium,High,High,High,Medium,High,High,1,1,1,PVC Pipes,366822.75
122.2,3,2,1,1,1,Low,Low,Medium,Low,Low,Low,Low,Low,Low,0,0,1,PPR Pipes,223394.11
105.3,2,1,1,1,1,High,Medium,Medium,High,High,High,High,Medium,Medium,1,1,1,PVC Pipes,227668.0
160.3,4,2,1,1,1,Medium,High,Medium,Medium,High,Medium,Medium,Low,Medium,1,1,0,PPR Pipes,337297.3
129.8,3,2,1,1,1,Low,Low,Low,Low,Low,Low,Medium,Low,Medium,0,1,0,PPR Pipes,255202.78
90.0,2,1,1,2,1,Low,Low,Medium,Low,Medium,Low,Low,Low,Medium,0,1,0,PPR Pipes,174812.42
119.0,3,1,1,0,1,High,High,High,High,High,High,Medium,Medium,High,1,0,1,PVC Pipes,262617.18
108.4,3,2,1,1,1,Medium,Medium,High,Medium,Low,Medium,Low,Medium,Medium,1,1,0,PVC Pipes,245636.6
91.0,2,1,1,2,1,Medium,Medium,Medium,Medium,Medium,Medium,Medium,Medium,Medium,0,1,1,PVC Pipes,191708.27
68.6,2,1,1,1,1,High,Medium,High,High,High,Medium,High,High,High,1,1,1,PVC Pipes,181190.07
92.0,2,1,1,1,1,High,High,High,High,High,Medium,Medium,High,High,1,1,1,PVC Pipes,217206.05
87.4,2,1,1,1,1,High,High,High,High,High,High,High,High,High,1,1,1,PVC Pipes,223716.22
107.4,2,1,1,1,1,Low,Low,Medium,Low,Low,Low,Medium,Low,Low,0,0,1,PVC Pipes,195831.34
102.7,2,1,1,2,1,High,Medium,Medium,Medium,High,High,High,High,High,1,1,1,PVC Pipes,233869.25
85.1,2,1,1,0,1,Medium,Medium,Medium,Medium,Medium,Low,High,Medium,Low,0,1,1,PVC Pipes,160428.3
123.3,3,2,1,1,1,Medium,Medium,Medium,High,Medium,High,Medium,Medium,Medium,1,1,0,PVC Pipes,280369.14
93.3,2,1,1,0,1,Low,Medium,Low,Low,Low,Medium,Low,Low,Low,0,0,0,PPR Pipes,160765.62
96.8,3,2,1,1,1,Medium,Medium,Low,Medium,Medium,High,Medium,Medium,Medium,0,1,1,PVC Pipes,222245.4
122.3,3,2,1,3,1,Medium,Medium,Medium,High,Medium,Low,Medium,Medium,Low,1,0,0,PVC Pipes,277893.88
60.0,1,1,1,0,1,Medium,Medium,Medium,Medium,High,High,Medium,Medium,Low,0,0,1,PVC Pipes,114196.0
112.9,3,2,1,1,1,Medium,Medium,Medium,Medium,Medium,High,Medium,Medium,Low,1,0,1,PVC Pipes,244919.9
105.9,3,2,1,0,1,Low,Medium,Low,Medium,Low,Low,Low,Low,Low,0,1,1,PVC Pipes,192704.79
91.1,2,1,1,0,1,Medium,Medium,Medium,Medium,Medium,High,Medium,Medium,Medium,0,0,1,PVC Pipes,161010.49
138.1,3,1,1,1,1,High,High,Medium,High,High,High,High,Medium,High,0,1,1,PVC Pipes,260671.2
64.8,1,1,1,2,1,Medium,High,Medium,Medium,Medium,Low,High,Medium,Medium,0,1,1,PVC Pipes,145844.62
158.7,4,2,1,2,1,Medium,Medium,Low,Medium,Medium,Medium,Medium,Medium,Medium,0,0,1,PVC Pipes,291411.7
70.5,2,1,1,1,1,Medium,Medium,Low,Medium,Medium,Low,Low,High,Medium,1,0,1,PVC Pipes,155069.86
66.4,2,1,1,0,1,Low,Low,Low,Low,Low,Low,Low,Medium,Low,0,0,0,PVC Pipes,124316.94
136.5,3,2,1,1,1,Low,Low,Low,Low,Medium,Medium,Low,Low,Medium,1,0,0,PPR Pipes,267686.53
141.2,4,2,1,2,1,Low,Medium,Low,Low,Medium,Low,Low,Medium,Medium,0,0,0,PVC Pipes,272992.99
78.2,2,1,1,1,1,Medium,Medium,Medium,Medium,High,Medium,Low,Medium,Low,0,0,0,PVC Pipes,151691.04
104.5,3,2,1,1,1,Medium,Medium,High,Medium,Medium,Medium,Low,Medium,Medium,0,0,0,PVC Pipes,207986.61
75.8,2,1,1,0,1,Low,Low,Low,Medium,Low,Low,Low,Low,Medium,0,0,0,PPR Pipes,131449.63
74.5,2,1,1,2,1,High,High,Medium,High,High,Medium,High,High,Medium,0,0,1,PVC Pipes,166034.19
90.4,3,2,1,1,1,High,High,High,High,High,High,High,Medium,Medium,1,1,1,PVC Pipes,235662.64
158.3,4,2,1,0,1,Medium,Low,Low,Medium,Low,High,Medium,Medium,Medium,1,0,1,PVC Pipes,326230.36
65.3,2,1,1,0,1,Medium,Medium,Low,Medium,Low,Medium,Medium,High,Medium,0,1,0,PVC Pipes,122918.01
109.6,3,2,1,2,1,Low,Low,Low,Medium,Low,Low,Medium,Low,Low,0,0,0,PPR Pipes,225070.17
170.4,4,1,1,1,1,Medium,Medium,Medium,High,Medium,Medium,Low,Medium,High,0,1,0,PVC Pipes,279169.53
122.7,3,2,1,2,1,Low,Low,Low,Medium,Low,Low,Medium,Low,Medium,0,0,0,PPR Pipes,246874.41
159.6,4,1,1,1,1,Medium,Medium,Medium,Medium,High,High,Medium,Medium,Medium,1,1,0,PVC Pipes,329283.32
111.0,3,2,1,3,1,Medium,Medium,Low,Medium,Medium,Medium,Medium,High,Medium,1,1,1,PVC Pipes,269169.98
113.6,3,1,1,0,1,Medium,Medium,High,Medium,Medium,Low,Medium,Medium,Medium,1,1,0,PVC Pipes,225179.95
109.6,2,1,1,0,1,High,Medium,High,High,High,High,High,Medium,High,1,1,1,PVC Pipes,249045.92
92.4,2,1,1,2,1,High,High,High,High,Medium,High,High,Medium,High,1,1,1,PVC Pipes,224274.85
62.2,1,1,1,0,1,Low,Medium,Low,Low,Low,Low,Low,Low,Low,1,0,0,PPR Pipes,132835.59
127.6,3,2,1,2,1,Medium,Medium,Medium,Medium,Medium,Medium,Medium,Medium,Low,0,0,0,PVC Pipes,244888.38
59.3,2,1,1,1,1,Medium,Medium,Medium,Medium,Medium,Low,Medium,Medium,Medium,1,0,0,PVC Pipes,143445.34
123.4,3,2,1,0,1,Low,Medium,Low,Low,Medium,Low,Medium,Low,Low,0,1,0,PPR Pipes,232441.42
116.5,3,2,1,0,1,Medium,Low,High,High,Medium,High,Medium,Medium,High,0,1,0,PVC Pipes,229880.99
88.3,2,1,1,1,1,Medium,Low,Medium,Medium,Medium,Medium,Medium,Medium,Medium,0,1,0,PVC Pipes,162022.17
99.7,2,1,1,1,1,Medium,Medium,Medium,Medium,Low,Medium,Medium,Medium,Medium,0,0,1,PVC Pipes,179524.74
121.5,3,1,1,2,1,Medium,High,Medium,Medium,High,Medium,Medium,Medium,Medium,0,1,0,PVC Pipes,232283.89
89.5,2,1,1,2,1,Medium,Medium,Low,Low,High,Medium,Medium,Medium,High,1,0,0,PVC Pipes,189933.57
147.8,4,1,1,2,1,High,High,High,Medium,Medium,High,High,High,High,1,1,1,PVC Pipes,337383.0
122.6,3,1,1,3,1,Medium,Medium,Low,Medium,Medium,Medium,High,High,Low,1,1,1,PVC Pipes,279173.02
116.2,3,2,1,3,1,High,Medium,High,High,High,Medium,High,High,Medium,1,1,1,PVC Pipes,286784.7
127.0,3,1,1,1,1,High,Medium,High,High,High,Medium,Medium,High,High,1,0,1,PVC Pipes,278332.91
119.1,3,2,1,2,1,High,High,High,Medium,High,Medium,High,High,High,1,1,1,PVC Pipes,297916.52
97.0,2,1,1,2,1,High,High,High,High,High,High,High,High,Medium,0,1,1,PVC Pipes,212941.85
81.2,2,1,1,2,1,Medium,Medium,Low,Low,Low,Medium,Low,Medium,High,1,1,1,PVC Pipes,187862.29
132.5,4,1,1,3,1,High,Medium,High,High,High,High,High,High,Medium,1,1,1,PVC Pipes,317557.88
74.5,2,1,1,0,1,Medium,Medium,Medium,Medium,Medium,Medium,Medium,Medium,High,0,1,0,PVC Pipes,153729.85
73.3,2,1,1,2,1,Medium,Medium,Medium,Medium,Medium,Medium,Medium,High,Low,0,1,0,PVC Pipes,160996.2
60.5,1,1,1,1,1,Medium,Medium,High,Medium,Low,Medium,High,Medium,Medium,1,0,0,PVC Pipes,141463.62
99.4,2,1,1,1,1,Medium,High,High,High,Medium,Medium,Medium,Medium,Low,1,1,1,PVC Pipes,220591.08
121.9,3,2,1,1,1,Medium,Low,High,Medium,Medium,Medium,Medium,Medium,Medium,0,1,1,PVC Pipes,238634.95
79.5,1,1,1,1,1,Medium,Medium,High,Medium,Low,Medium,High,High,Medium,0,0,0,PVC Pipes,153121.94
121.2,3,2,1,2,1,Low,Low,Low,Low,Low,Low,Low,Low,Low,0,0,0,PPR Pipes,231546.54
120.9,3,1,1,1,1,Low,Medium,Low,Low,Low,Low,Medium,Medium,Low,0,0,0,PVC Pipes,221908.02
179.3,4,2,1,1,1,High,High,Medium,High,High,High,High,High,Medium,0,1,1,PVC Pipes,335427.28
115.7,3,2,1,2,1,Medium,High,Medium,Medium,Low,Low,Medium,Low,Medium,0,0,0,PPR Pipes,235647.78
146.0,4,1,1,3,1,Low,Medium,Low,Low,Medium,Medium,Low,Low,Medium,0,0,0,PPR Pipes,257288.21
132.1,3,2,1,1,1,Low,Low,Low,Low,Medium,Low,Low,Low,Low,0,0,0,PPR Pipes,230109.71
109.1,2,1,1,1,1,Low,Medium,Low,Low,Low,Low,Low,Low,Low,0,0,0,PPR Pipes,192676.3
56.2,1,1,1,2,1,Low,Medium,Low,Medium,Low,Low,Low,Medium,Low,0,0,0,PVC Pipes,114793.14
110.9,2,1,1,1,1,Low,Low,Medium,Medium,Low,Low,Low,Low,Medium,0,0,0,PVC Pipes,191503.89
69.3,2,1,1,0,1,Medium,Medium,Medium,Medium,Medium,High,Medium,Medium,Medium,0,1,0,PVC Pipes,141318.35
121.4,2,1,1,2,1,High,High,Medium,Medium,High,High,High,Medium,High,1,1,1,PVC Pipes,276245.01
86.3,2,1,1,1,1,High,Medium,High,Medium,High,High,Medium,High,Medium,0,1,1,PVC Pipes,180794.53
197.4,4,2,1,1,2,Medium,Medium,Medium,Low,Medium,Low,Medium,Low,Medium,0,0,1,PPR Pipes,350853.97
68.3,1,1,1,1,1,High,High,High,Medium,Medium,Medium,Medium,Medium,High,0,0,1,PVC Pipes,155655.99
130.7,3,2,1,1,1,Low,Low,Low,Low,Low,Low,Low,Low,Low,0,1,0,PPR Pipes,226621.56
164.8,4,2,1,1,1,High,High,High,High,High,High,Medium,High,High,1,1,1,PVC Pipes,382780.08
113.8,3,2,1,1,1,Medium,Medium,Medium,Medium,Medium,Medium,Medium,Medium,Low,1,0,1,PVC Pipes,244301.1
74.0,1,1,1,0,1,Medium,High,Medium,Medium,Medium,Low,Medium,Medium,High,1,0,0,PVC Pipes,169056.54
124.9,3,2,1,1,1,High,High,High,High,Medium,High,High,Medium,High,1,1,1,PVC Pipes,301544.83
90.6,2,1,1,2,1,Low,Low,Low,Low,Medium,Low,Medium,Low,Low,0,0,0,PPR Pipes,173703.02
135.6,3,1,1,2,1,Low,Low,Medium,Low,Low,Medium,Low,Low,Medium,0,0,0,PPR Pipes,222698.58
119.5,3,1,1,2,1,Low,Medium,Medium,Low,Low,Low,Low,Low,Low,0,0,0,PPR Pipes,222303.29
82.6,2,1,1,1,1,Medium,Medium,Medium,Low,Medium,Medium,Low,Medium,Medium,0,1,0,PVC Pipes,156746.23
157.6,4,1,1,3,1,Medium,Medium,Medium,Low,Medium,Medium,Medium,Medium,Medium,1,1,1,PVC Pipes,307916.4
107.6,3,1,1,1,1,Low,Medium,Low,Medium,Medium,Medium,Low,Low,Low,0,0,0,PPR Pipes,203685.88
167.6,4,2,1,3,1,Medium,Medium,Medium,Medium,Medium,Low,High,Medium,Medium,0,1,1,PVC Pipes,332090.42
119.7,3,1,1,1,1,Medium,Medium,Medium,High,Low,Medium,Medium,Medium,Medium,0,1,0,PVC Pipes,217660.82
132.6,3,2,1,1,1,Low,Low,Medium,Low,Low,Medium,Low,Low,Medium,0,0,0,PPR Pipes,227673.58
171.9,4,2,1,1,1,Medium,Medium,High,Medium,Medium,Medium,Medium,Medium,Medium,0,0,1,PVC Pipes,333851.97
127.6,3,2,1,1,1,Low,Low,Low,Low,Low,Low,Low,Low,Low,1,0,0,PPR Pipes,259851.42
79.1,2,1,1,0,1,Medium,Low,Medium,Medium,Medium,Medium,Medium,Medium,Medium,0,0,1,PVC Pipes,153324.86
131.3,3,2,1,1,1,High,High,High,High,High,High,Medium,High,High,1,1,1,PVC Pipes,295514.97
147.5,4,1,1,3,1,High,High,Medium,High,High,High,High,Medium,High,1,1,1,PVC Pipes,347579.35
192.3,4,1,1,2,1,Low,Medium,Medium,Low,Low,Medium,Medium,Medium,Low,0,0,0,PVC Pipes,322738.54
83.9,2,1,1,1,1,High,High,High,Medium,High,High,High,High,Medium,1,1,1,PVC Pipes,192092.75
137.6,3,2,1,1,1,Low,Medium,Low,Low,Low,Low,Low,Low,Medium,1,0,1,PPR Pipes,280138.61
83.0,2,1,1,1,1,Low,Low,Low,Low,Low,Low,Low,Medium,Medium,0,0,0,PVC Pipes,154108.74
88.3,2,1,1,0,1,High,Medium,High,Medium,High,High,High,Medium,High,1,1,1,PVC Pipes,213107.81
183.3,4,1,1,2,1,Low,Medium,Low,Low,Low,Low,Low,Low,Low,0,0,0,PPR Pipes,305833.01
50.0,1,1,1,0,1,High,High,High,Medium,High,High,High,Medium,High,1,1,1,PVC Pipes,132306.94
123.0,3,2,1,2,1,Medium,Medium,Medium,Medium,Low,Medium,Medium,Medium,Low,0,1,1,PVC Pipes,242065.78
119.7,3,2,1,0,1,Low,Low,Low,Low,Low,Low,Low,Medium,Low,0,0,0,PVC Pipes,225893.37
97.9,3,1,1,1,1,Low,Low,Medium,Low,Medium,Medium,Low,Medium,Medium,0,0,0,PVC Pipes,181907.63
108.2,2,1,1,2,1,Medium,Medium,Medium,Medium,High,Medium,Medium,Medium,Medium,1,0,1,PVC Pipes,238920.38
110.1,3,1,1,2,1,Medium,Medium,Medium,Medium,Medium,Medium,Low,Medium,Medium,1,1,0,PVC Pipes,215234.71
78.9,2,1,1,0,1,Medium,Medium,Medium,Medium,Medium,Medium,Medium,Medium,High,0,1,1,PVC Pipes,170080.33
99.4,2,1,1,1,1,Low,Low,Low,Low,Low,Low,Low,Medium,Medium,0,0,0,PVC Pipes,174379.07
211.0,5,3,1,1,1,Low,Low,Low,Low,Low,Medium,Low,Low,Medium,1,0,0,PPR Pipes,422000.83
53.3,1,1,1,1,1,Medium,Medium,Medium,Medium,Medium,Medium,Medium,Medium,Low,1,1,1,PVC Pipes,131995.29
122.2,3,1,1,1,1,Medium,Medium,Medium,Medium,Low,Medium,Medium,Medium,Medium,1,0,1,PVC Pipes,251773.71
135.5,3,2,1,1,1,Medium,Medium,Medium,Medium,Low,Medium,Medium,Medium,Medium,1,1,1,PVC Pipes,278109.61
169.8,4,1,1,2,1,Medium,Medium,High,Low,Medium,Medium,Medium,High,Medium,0,1,1,PVC Pipes,291295.93
132.7,3,1,1,1,1,Low,Medium,Medium,Medium,Medium,Medium,Low,Low,Low,0,0,0,PPR Pipes,234646.46
158.6,4,2,1,1,1,High,Medium,Medium,Medium,High,High,Medium,High,High,1,1,1,PVC Pipes,354944.14
62.3,1,1,1,0,1,High,High,High,Medium,Medium,High,High,High,Medium,1,0,1,PVC Pipes,148879.43
76.5,2,1,1,2,1,Low,Low,Low,Medium,Low,Low,Low,Low,Low,0,1,0,PPR Pipes,142107.08
111.1,3,1,1,1,1,Medium,Medium,Medium,Low,Medium,Low,Medium,Low,Medium,0,0,0,PPR Pipes,203931.45
181.2,4,1,1,3,2,Medium,Medium,Medium,Medium,Medium,Low,Medium,Medium,High,0,0,0,PVC Pipes,331614.12
84.9,2,1,1,2,1,High,High,Medium,Medium,Medium,Medium,High,High,High,1,1,1,PVC Pipes,203948.79
123.3,3,2,1,2,1,Medium,Medium,Medium,Medium,Medium,Medium,Medium,Medium,Medium,1,1,1,PVC Pipes,276105.57
134.8,3,2,1,1,1,High,Medium,Medium,High,Medium,High,High,High,Medium,1,1,1,PVC Pipes,310605.36
122.6,3,2,1,0,1,Medium,Medium,Low,High,Medium,Medium,Medium,Medium,Medium,0,1,1,PVC Pipes,229980.38
202.2,5,3,1,2,1,High,Medium,High,Medium,Medium,High,Medium,High,Medium,1,1,1,PVC Pipes,418781.74
124.5,3,1,1,2,1,Low,Low,Low,Low,Medium,Low,Medium,Low,Low,0,0,0,PPR Pipes,234911.28
118.1,3,1,1,1,1,Medium,Low,Medium,Medium,Medium,Medium,High,Medium,High,0,0,1,PVC Pipes,231829.46
150.4,4,1,1,1,1,Low,Low,Medium,Low,Low,Low,Low,Medium,Low,0,0,0,PVC Pipes,249628.23
121.2,3,2,1,1,1,High,High,High,Medium,High,Medium,Medium,Medium,High,0,1,0,PVC Pipes,251041.76
155.9,4,2,1,2,1,Low,Low,Medium,Low,Medium,Low,Low,Low,Medium,0,0,0,PPR Pipes,286272.25
117.2,3,2,1,3,1,Medium,Low,Medium,Medium,Medium,Medium,Medium,Medium,Medium,1,1,0,PVC Pipes,249524.67
78.5,2,1,1,2,1,Medium,Low,High,Medium,Medium,Medium,Medium,Medium,Medium,0,0,1,PVC Pipes,174828.7
80.4,2,1,1,1,1,Medium,High,Medium,High,Medium,Medium,Medium,Medium,Medium,0,0,0,PVC Pipes,148815.87
114.8,3,2,1,1,1,Medium,Medium,Medium,High,Medium,Low,Medium,Medium,Low,1,0,1,PVC Pipes,254742.13
60.7,1,1,1,2,1,Medium,Medium,Medium,Medium,Medium,Medium,Medium,Low,Medium,1,1,1,PPR Pipes,157031.12
106.5,3,2,1,1,1,High,Medium,Medium,High,High,Medium,High,High,Medium,1,0,1,PVC Pipes,249406.59
97.3,2,1,1,1,1,Medium,Medium,Low,Medium,High,Medium,Medium,High,Medium,0,0,0,PVC Pipes,180564.33
111.2,3,1,1,0,1,Medium,Medium,Low,High,Medium,Medium,Medium,Medium,Medium,0,0,0,PVC Pipes,192201.56
124.4,3,1,1,2,1,Medium,Medium,Medium,Medium,Medium,Medium,Medium,Medium,Medium,1,0,0,PVC Pipes,255409.0
148.9,3,2,1,0,1,Medium,Medium,Medium,Medium,High,Medium,High,Medium,Medium,0,0,0,PVC Pipes,276332.46
112.0,3,2,1,2,1,Medium,Low,Medium,Medium,High,Medium,Medium,High,Medium,1,0,0,PVC Pipes,250263.5
120.1,3,2,1,0,1,Medium,Medium,Medium,Medium,Medium,Low,Medium,Medium,Medium,1,0,0,PVC Pipes,229381.86
82.0,2,1,1,0,1,Low,Medium,Medium,Low,Low,Low,Medium,Low,Medium,0,0,0,PPR Pipes,160725.5
80.0,2,1,1,2,1,Medium,Medium,Medium,Medium,Medium,Medium,Medium,Low,Medium,1,1,0,PPR Pipes,180181.31
196.6,5,3,1,3,2,Medium,Medium,Medium,Medium,Medium,Medium,Medium,Medium,High,0,0,1,PVC Pipes,410933.41
56.6,1,1,1,0,1,High,Medium,High,High,High,High,High,High,High,1,1,1,PVC Pipes,148038.85
129.3,3,2,1,2,1,High,High,High,High,High,High,Medium,High,High,1,1,1,PVC Pipes,334656.38
84.2,2,1,1,0,1,Medium,Medium,Low,Medium,Low,Medium,Medium,Low,Medium,0,0,1,PPR Pipes,161471.21
146.8,4,2,1,1,1,Medium,High,Medium,Low,Medium,Medium,Medium,Medium,Medium,1,1,0,PVC Pipes,338615.12
83.2,2,1,1,2,1,Low,Medium,Low,Low,Low,Medium,Low,Low,Low,0,0,0,PPR Pipes,165995.32
100.1,2,1,1,2,1,High,High,Medium,Medium,High,High,High,Medium,High,1,1,1,PVC Pipes,239838.95
68.2,2,1,1,1,1,Medium,Medium,Medium,Medium,Low,High,Medium,Medium,Low,0,0,0,PVC Pipes,134936.2
159.2,4,1,1,2,1,High,Medium,Medium,High,High,High,Medium,Medium,High,1,1,1,PVC Pipes,333044.83
133.8,3,1,1,1,1,Low,Medium,Medium,Low,Low,Low,Low,Low,Low,0,0,0,PPR Pipes,221049.07
93.0,2,1,1,0,1,High,High,High,High,Medium,High,High,Medium,High,0,0,1,PVC Pipes,195608.18
118.5,3,1,1,3,1,Low,Low,Medium,Low,Low,Medium,Low,Low,Medium,0,0,0,PPR Pipes,228728.67
51.7,1,1,1,1,1,Medium,Medium,Low,Medium,High,Low,Medium,Medium,Medium,1,0,0,PVC Pipes,122501.33
118.2,3,2,1,1,1,Medium,Medium,Medium,High,Medium,Medium,Medium,Medium,High,1,1,1,PVC Pipes,278786.95
81.4,2,1,1,0,1,High,High,High,High,Medium,High,High,High,High,1,1,0,PVC Pipes,186922.05
120.7,3,2,1,1,1,Medium,Medium,Medium,Low,Medium,Medium,Medium,Medium,Low,1,0,1,PVC Pipes,269149.54
77.3,1,1,1,2,1,Low,Medium,Medium,Low,Low,Low,Low,Low,Low,0,0,0,PPR Pipes,144240.53
154.9,4,2,1,3,1,High,High,High,High,Medium,Medium,High,High,High,1,1,1,PVC Pipes,367585.54
115.3,3,1,1,1,1,High,Medium,Medium,Medium,Medium,Medium,High,High,High,1,0,1,PVC Pipes,262218.91
120.0,3,1,1,1,1,Low,Low,Low,Low,Medium,Low,Medium,Medium,Low,0,0,0,PVC Pipes,226064.6
117.7,3,1,1,3,1,Low,Low,Medium,Low,Medium,Low,Medium,Medium,Low,0,0,0,PVC Pipes,217190.47
113.6,3,1,1,2,1,Medium,Medium,High,Medium,Medium,Medium,Medium,Medium,Medium,0,0,1,PVC Pipes,226861.52
133.3,4,2,1,1,1,High,High,High,High,High,Medium,High,High,High,0,1,0,PVC Pipes,263990.96
103.9,2,1,1,0,1,Low,Low,Low,Low,Low,Low,Low,Low,Medium,0,0,0,PVC Pipes,167471.0
116.4,3,2,1,3,1,Medium,Medium,Medium,High,Medium,High,Medium,Medium,Medium,0,1,0,PVC Pipes,252343.86
151.2,4,2,1,2,1,High,High,High,High,High,High,High,High,High,1,0,1,PVC Pipes,359238.07
97.7,2,1,1,1,1,Medium,Low,Medium,Medium,Medium,Low,Medium,Medium,Low,0,0,1,PVC Pipes,184212.84
144.0,4,2,1,1,1,Low,Low,Medium,Medium,Medium,Medium,Medium,Low,Low,1,0,0,PVC Pipes,311183.08
50.0,1,1,1,2,1,High,High,Medium,High,High,High,Medium,Medium,Medium,1,0,0,PVC Pipes,126890.89
129.8,3,2,1,2,1,Medium,High,High,Medium,High,High,Low,Medium,Medium,0,0,1,PVC Pipes,242811.74
157.2,4,2,1,3,1,Medium,Medium,Medium,Low,Medium,Low,High,Medium,High,0,0,1,PVC Pipes,327571.23
87.7,2,1,1,0,1,High,High,High,High,High,Medium,High,High,High,1,1,1,PVC Pipes,209369.55
72.8,2,1,1,1,1,Medium,Medium,Medium,High,High,Medium,Medium,Medium,Medium,1,0,1,PVC Pipes,166640.46
112.7,3,1,1,0,1,Low,Low,Medium,Low,Low,Low,Low,Low,Low,0,0,0,PPR Pipes,197408.43
70.5,2,1,1,1,1,Low,Low,Low,Medium,Low,Low,Low,Medium,Low,0,0,0,PVC Pipes,134512.09
120.9,3,2,1,1,1,Medium,Medium,Medium,Medium,Medium,High,Medium,Medium,Medium,0,0,0,PVC Pipes,242184.69
119.0,3,2,1,0,1,Medium,Medium,Medium,Medium,Medium,Medium,High,Medium,High,0,1,0,PVC Pipes,245594.76
110.4,2,1,1,1,1,Medium,High,Medium,Medium,Medium,Medium,Low,Medium,Low,0,1,1,PVC Pipes,195260.6
74.1,2,1,1,1,1,High,High,High,High,Medium,High,High,High,High,1,1,1,PVC Pipes,192323.09
116.9,3,2,1,2,1,Low,Medium,Medium,Low,Low,Medium,Low,Low,Low,0,0,1,PPR Pipes,239665.66
115.8,3,2,1,2,1,Medium,Medium,High,Medium,Medium,Medium,Medium,Medium,Medium,1,1,0,PVC Pipes,265233.12
112.6,3,2,1,0,1,Low,Low,Low,Low,Low,Low,Medium,Medium,Medium,0,0,0,PVC Pipes,214824.23
74.1,2,1,1,1,1,High,High,Medium,Medium,High,High,High,Medium,Medium,1,0,1,PVC Pipes,185195.27
128.6,3,2,1,3,1,High,Medium,High,Medium,High,High,High,High,High,1,1,1,PVC Pipes,317755.21
154.6,4,2,1,3,1,Medium,Medium,Low,Medium,Medium,Medium,Low,Medium,Medium,0,0,1,PVC Pipes,280268.37
163.9,4,2,1,0,1,Low,Low,Medium,Low,Low,Low,Low,Medium,Medium,0,0,0,PVC Pipes,275066.69
75.7,1,1,1,0,1,High,High,High,High,Medium,High,High,High,High,1,1,0,PVC Pipes,167586.49
139.4,3,2,1,1,1,Medium,Medium,High,Medium,Medium,Medium,Medium,High,Medium,1,0,0,PVC Pipes,296371.04
206.9,5,3,1,2,1,Low,Low,Low,Low,Medium,Low,Medium,Medium,Low,0,0,1,PVC Pipes,360634.06
50.0,1,1,1,1,1,Medium,Low,Medium,Medium,High,Low,Medium,Medium,Low,1,1,1,PVC Pipes,120702.61
86.7,2,1,1,1,1,Low,Low,Low,Low,Low,Medium,Medium,Medium,Low,0,1,0,PVC Pipes,153129.74
117.8,3,2,1,3,1,Low,Low,Low,Low,Low,Low,Low,Low,Low,0,0,0,PPR Pipes,234347.15
93.2,2,1,1,0,1,High,High,High,Medium,Medium,High,Medium,High,High,1,1,1,PVC Pipes,209518.12
100.3,3,2,1,1,1,Low,Low,Low,Low,Low,Low,Low,Low,Low,0,0,0,PPR Pipes,194892.27
110.4,3,2,1,0,1,Low,Low,Medium,Low,Low,Low,Low,Medium,Low,0,0,0,PVC Pipes,200508.95
50.0,1,1,1,0,1,Medium,Medium,Medium,Low,Medium,Medium,Medium,Low,Medium,1,0,1,PPR Pipes,121983.61
126.8,3,2,1,1,1,Medium,Low,Medium,Medium,Medium,Medium,Medium,Medium,Low,0,1,0,PVC Pipes,243239.96
172.3,4,2,1,1,1,High,Medium,High,Medium,High,Medium,Medium,High,High,1,0,1,PVC Pipes,387794.11
178.5,4,2,1,1,1,Medium,Medium,Low,Low,Medium,High,Medium,Medium,High,1,0,1,PVC Pipes,373888.62
125.7,3,2,1,3,1,High,High,Medium,Medium,High,Medium,Medium,Medium,Medium,1,1,1,PVC Pipes,300540.02
66.8,2,1,1,1,1,Medium,Medium,High,High,Low,Medium,Medium,Medium,Medium,0,1,1,PVC Pipes,143353.58
90.1,2,1,1,2,1,Medium,Low,Medium,Low,Medium,Medium,Low,Medium,Medium,1,0,0,PVC Pipes,180547.68
106.5,3,1,1,3,1,Low,Low,Low,Low,Medium,Low,Medium,Low,Medium,0,0,0,PPR Pipes,199090.45
164.9,4,1,1,1,1,High,High,High,Medium,High,High,High,High,Medium,1,1,1,PVC Pipes,337623.36
98.1,2,1,1,2,1,Medium,Medium,Medium,Medium,Medium,Medium,Medium,High,Medium,1,0,1,PVC Pipes,222096.58
86.3,2,1,1,1,1,Low,Medium,Medium,Low,Medium,Low,Low,Medium,Low,0,0,0,PVC Pipes,158861.29
96.2,2,1,1,1,1,Low,Low,Low,Low,Low,Medium,Medium,Medium,Medium,0,0,0,PVC Pipes,165967.49
80.0,2,1,1,0,1,Low,Low,Medium,Medium,Low,Low,Low,Low,Medium,0,1,1,PPR Pipes,144923.43
85.1,2,1,1,2,1,High,High,Medium,Medium,High,High,High,Medium,High,1,0,1,PVC Pipes,209671.76
142.7,4,2,1,2,1,High,High,Medium,High,High,High,High,High,High,1,1,1,PVC Pipes,331292.14
115.2,3,2,1,1,1,High,High,Medium,Medium,High,High,High,High,High,1,0,1,PVC Pipes,278330.82
125.7,3,2,1,2,1,Medium,Medium,Medium,Medium,Medium,Medium,High,Medium,Medium,0,0,0,PVC Pipes,257992.41
127.9,3,2,1,0,1,Medium,Medium,Medium,High,Medium,Medium,High,Medium,Medium,1,0,0,PVC Pipes,285890.64
196.1,5,3,1,2,1,Low,Medium,Low,Low,Low,Low,Medium,Low,Low,0,0,0,PPR Pipes,378426.35
166.3,4,1,1,1,1,Medium,Medium,High,Medium,Medium,Low,Low,Low,Low,0,0,1,PPR Pipes,268031.16
159.9,4,2,1,1,1,Low,Low,Medium,Low,Medium,Medium,Low,Medium,Low,0,0,0,PVC Pipes,262261.11
135.0,3,2,1,1,1,Medium,High,High,Low,Medium,Low,Medium,Low,Medium,0,0,1,PPR Pipes,259961.27
98.8,2,1,1,1,1,Low,Medium,Low,Medium,Low,Medium,Low,Low,Low,1,0,0,PPR Pipes,193275.62
73.6,2,1,1,1,1,Medium,High,Medium,Medium,Low,Medium,Medium,High,Medium,1,1,1,PVC Pipes,179490.78
97.4,3,2,1,1,1,Low,Low,Low,Low,Low,Medium,Medium,Medium,Low,0,0,0,PVC Pipes,188158.88
101.2,3,2,1,3,1,Medium,Medium,Medium,Medium,Medium,Medium,Medium,High,Medium,0,0,0,PVC Pipes,219058.6
116.9,2,1,1,1,1,High,Medium,High,Medium,Medium,High,Medium,High,High,1,1,1,PVC Pipes,248155.31
116.1,3,2,1,0,1,Low,Low,Low,Medium,Low,Low,Low,Low,Low,0,0,0,PPR Pipes,194361.82
189.0,5,3,1,1,2,Low,Low,Low,Medium,Low,Low,Low,Low,Medium,0,0,0,PPR Pipes,357038.73
206.4,5,2,1,1,2,Low,Medium,Low,Low,Low,Low,Medium,Medium,Low,0,0,0,PVC Pipes,331186.31
60.7,2,1,1,1,1,Low,Low,Low,Low,Low,Low,Low,Low,Low,0,0,0,PPR Pipes,122926.8
188.3,5,3,1,2,1,High,High,High,High,High,High,High,High,High,1,1,1,PVC Pipes,431356.41
133.4,3,1,1,1,1,High,High,High,Medium,High,High,Medium,High,High,1,1,1,PVC Pipes,292529.94
107.0,3,2,1,1,1,Medium,Medium,High,Medium,Low,Medium,Medium,Medium,Medium,1,0,0,PVC Pipes,243291.9
178.8,4,1,1,1,1,Medium,Medium,Medium,Medium,Medium,Medium,Medium,Medium,Medium,0,0,0,PVC Pipes,307703.62
169.1,4,2,1,1,1,High,High,Medium,High,High,Medium,High,Medium,High,1,1,1,PVC Pipes,387198.8
117.6,3,2,1,1,1,Medium,Low,Medium,Low,Low,Medium,Medium,Low,Medium,1,1,1,PPR Pipes,257885.74
113.3,3,2,1,3,1,Medium,High,Medium,High,Medium,Medium,High,Medium,Medium,0,0,0,PVC Pipes,249029.43
167.0,5,2,1,2,1,Low,Medium,Low,Low,Low,Low,Low,Low,Low,0,0,0,PPR Pipes,288229.26
74.8,2,1,1,1,1,Low,Low,Medium,Low,Low,Low,Low,Low,Low,0,0,0,PPR Pipes,143686.97
103.2,2,1,1,2,1,Medium,Medium,Medium,Medium,Medium,Low,Medium,High,Medium,0,1,1,PVC Pipes,208661.41
91.8,2,1,1,1,1,High,High,High,High,High,Medium,High,Medium,High,1,1,1,PVC Pipes,227789.35
92.5,2,1,1,0,1,High,Medium,Medium,High,Medium,High,Medium,Medium,High,1,1,1,PVC Pipes,196862.51
131.5,3,1,1,3,1,Medium,Medium,Low,High,Medium,Medium,Medium,Low,Medium,1,1,1,PPR Pipes,267769.3
176.4,5,2,1,2,1,Medium,Medium,High,High,Medium,Low,High,Low,High,1,0,0,PPR Pipes,397874.26
174.4,4,2,1,3,1,High,High,High,Medium,High,High,High,High,High,1,1,1,PVC Pipes,398246.54
118.1,3,2,1,1,1,Medium,Medium,High,High,Medium,Medium,Medium,Medium,Medium,1,0,0,PVC Pipes,265930.13
91.8,2,1,1,1,1,Medium,Medium,High,High,Medium,Medium,Medium,High,Low,0,0,1,PVC Pipes,183134.12
69.6,2,1,1,1,1,High,Medium,High,Medium,High,High,High,Medium,High,1,1,1,PVC Pipes,180366.11
95.3,2,1,1,1,1,Medium,Medium,High,Low,Medium,Low,Medium,Low,Low,1,1,1,PPR Pipes,210811.59
103.6,3,2,1,1,1,Low,Low,Low,Medium,Low,Low,Medium,Low,Low,0,0,0,PPR Pipes,203491.82
168.6,4,2,1,3,1,Low,Low,Low,Low,Medium,Low,Medium,Medium,Low,0,0,0,PVC Pipes,311538.39
133.8,4,1,1,1,1,High,High,Medium,High,High,Medium,High,High,Medium,1,1,0,PVC Pipes,294992.45
151.6,4,1,1,2,1,Medium,Medium,Medium,Medium,Medium,Medium,High,Low,Medium,0,1,0,PPR Pipes,275465.27
118.7,3,2,1,2,1,Medium,High,Low,Medium,Medium,Medium,Medium,Medium,Medium,1,0,0,PVC Pipes,276751.32
122.4,3,2,1,3,1,Low,Low,Low,Low,Medium,Medium,Low,Medium,Low,0,0,0,PVC Pipes,216628.78
107.1,2,1,1,1,1,Medium,Medium,Medium,Medium,Low,Medium,Medium,Low,Medium,1,1,0,PVC Pipes,216615.65
155.9,4,1,1,3,1,High,High,High,Medium,Medium,High,Medium,Medium,High,1,1,1,PVC Pipes,344619.62
157.8,4,1,1,2,1,Medium,Medium,Medium,Medium,Medium,Medium,Medium,High,Medium,0,1,1,PVC Pipes,299755.98
172.9,4,1,1,0,1,Medium,Medium,Medium,Medium,Medium,Medium,Medium,Medium,Medium,0,1,0,PVC Pipes,287269.78
125.1,3,2,1,1,1,High,High,High,High,High,High,Medium,High,High,1,1,1,PVC Pipes,313367.35
77.5,2,1,1,1,1,Medium,Medium,Medium,Medium,Medium,Medium,Medium,Medium,Medium,1,0,0,PVC Pipes,163718.35
150.2,4,2,1,2,1,Medium,Medium,Medium,Medium,Medium,Medium,Medium,Medium,Low,1,0,0,PVC Pipes,332541.33
116.5,3,2,1,2,1,High,Medium,High,High,High,High,High,High,Medium,1,0,1,PVC Pipes,273934.8
56.4,2,1,1,0,1,Low,Low,Low,Low,Low,Medium,Low,Low,Low,0,1,0,PPR Pipes,108863.18
91.2,2,1,1,1,1,Medium,Medium,Medium,Medium,Medium,Medium,High,Medium,Low,0,1,1,PVC Pipes,182919.52
117.2,3,1,1,1,1,Medium,Low,Low,Medium,Medium,High,Medium,Low,Medium,1,1,1,PPR Pipes,240517.83
50.5,1,1,1,0,1,Low,Low,Low,Low,Medium,Low,Low,Low,Low,0,0,0,PPR Pipes,94614.01
124.3,3,2,1,1,1,Low,Low,Low,Low,Low,Medium,Low,Low,Low,0,0,1,PPR Pipes,216122.92
166.3,4,2,1,2,1,Low,Low,Low,Medium,Low,Low,Low,Low,Medium,0,0,0,PPR Pipes,290470.04
108.4,3,2,1,1,1,High,High,Medium,High,Medium,High,High,High,High,0,1,1,PVC Pipes,255735.97
87.5,2,1,1,2,1,Low,Low,Low,Low,Low,Medium,Medium,Low,Low,1,0,0,PPR Pipes,177906.14
105.1,2,1,1,1,1,Medium,Medium,Medium,Medium,Low,High,High,Medium,Medium,0,0,0,PVC Pipes,187704.2
111.1,3,2,1,2,1,Medium,High,Low,Low,Medium,Medium,High,Medium,Medium,0,1,0,PVC Pipes,231457.21
175.1,4,1,1,2,1,High,High,High,High,High,Medium,Medium,Medium,High,1,0,1,PVC Pipes,377789.44
104.4,3,1,1,2,1,High,Medium,High,High,Medium,Medium,High,High,Medium,1,1,1,PVC Pipes,238965.95
167.6,4,1,1,0,1,High,High,High,High,High,Medium,Medium,High,High,1,1,0,PVC Pipes,334656.74
182.6,4,1,1,3,1,High,High,Medium,High,High,High,Medium,High,Medium,0,1,1,PVC Pipes,346911.05
121.8,3,1,1,3,1,High,Medium,High,High,High,High,High,High,High,1,1,1,PVC Pipes,276822.82
117.3,3,2,1,0,1,Low,Medium,Low,Low,Low,Low,Low,Medium,Low,0,0,0,PVC Pipes,205558.13
116.6,3,1,1,3,1,Low,Low,Low,Medium,Low,Low,Low,Medium,Low,0,0,0,PVC Pipes,204153.15
154.2,4,2,1,3,1,High,High,High,Medium,Medium,High,High,High,Medium,0,1,1,PVC Pipes,309536.42
68.9,2,1,1,0,1,Medium,Medium,Medium,Medium,Medium,High,Medium,Medium,Medium,0,1,0,PVC Pipes,138117.44
159.5,4,2,1,2,1,Low,Low,Low,Low,Low,Low,Low,Medium,Low,0,0,0,PVC Pipes,274897.26
117.7,3,2,1,3,1,High,High,Medium,High,High,High,High,Medium,Medium,1,1,1,PVC Pipes,298336.33
124.5,3,2,1,1,1,Medium,Medium,Medium,Medium,Low,Low,Low,Medium,Medium,1,1,0,PVC Pipes,264226.21
133.0,3,1,1,2,1,Low,Low,Low,Medium,Medium,Low,Medium,Low,Low,0,0,0,PPR Pipes,243720.4
66.7,2,1,1,1,1,Medium,High,Medium,Medium,High,High,Medium,Medium,High,0,1,0,PVC Pipes,142730.03
111.7,3,2,1,0,1,Medium,Low,Medium,Medium,Medium,Medium,High,High,High,1,0,0,PVC Pipes,241346.06
122.9,3,2,1,2,1,High,High,Medium,High,Medium,High,High,High,Medium,1,0,1,PVC Pipes,296702.01
61.0,1,1,1,1,1,Low,Low,Low,Low,Medium,Low,Low,Medium,Low,0,0,1,PVC Pipes,120771.77
129.5,3,2,1,3,1,High,Medium,High,High,High,Medium,Medium,Medium,High,1,0,1,PVC Pipes,318899.11
122.3,3,1,1,0,1,Low,Low,Medium,Low,Medium,Medium,Low,Low,Medium,1,0,0,PPR Pipes,231476.98
93.7,2,1,1,1,1,Low,Low,Low,Low,Low,Low,Medium,Low,Low,0,1,0,PPR Pipes,167315.32
91.7,2,1,1,1,1,Medium,Medium,Low,Medium,Medium,Medium,Medium,Medium,Medium,0,1,1,PVC Pipes,179110.3
137.3,4,1,1,3,1,Medium,Medium,Medium,Medium,Medium,Medium,Low,Low,Medium,0,1,0,PPR Pipes,261077.04
84.1,2,1,1,0,1,Low,Medium,Low,Low,Medium,Medium,Low,Low,Medium,0,0,0,PPR Pipes,145376.66
90.9,2,1,1,0,1,High,High,High,High,High,High,High,High,High,1,1,1,PVC Pipes,217896.96
115.7,3,2,1,3,1,Low,Low,Low,Medium,Low,Low,Low,Low,Low,0,0,0,PPR Pipes,231877.6
112.7,3,1,1,1,1,High,High,High,High,High,Medium,Medium,High,High,1,1,1,PVC Pipes,270035.57
97.8,3,2,1,1,1,Low,Low,Medium,Low,Medium,Low,Medium,Low,Low,0,0,0,PPR Pipes,195763.18
140.3,3,2,1,3,1,Medium,Medium,Low,Medium,Medium,High,Low,Medium,Medium,0,0,0,PVC Pipes,253197.2
96.1,3,2,1,1,1,High,High,High,High,High,High,Medium,High,High,0,1,1,PVC Pipes,216593.87
190.4,5,2,1,3,2,Low,Low,Low,Low,Low,Low,Medium,Medium,Low,0,0,0,PVC Pipes,326579.78
193.9,5,3,1,2,1,Low,Low,Low,Low,Medium,Low,Low,Medium,Medium,0,1,0,PVC Pipes,352650.36
94.1,2,1,1,2,1,Medium,High,Low,Medium,Medium,Medium,Low,Medium,Medium,1,0,1,PVC Pipes,196777.27
61.4,2,1,1,1,1,Medium,Medium,Medium,Medium,Medium,Medium,Medium,Medium,Low,0,1,0,PVC Pipes,134117.77
181.3,4,1,1,2,2,Low,Medium,Low,Low,Low,Low,Medium,Low,Low,0,1,0,PPR Pipes,313952.64
113.2,3,2,1,2,1,Medium,Low,Medium,Medium,Medium,Low,Medium,Medium,High,0,0,0,PVC Pipes,237450.91
68.9,2,1,1,0,1,High,High,High,High,High,High,High,High,High,1,1,1,PVC Pipes,172922.31
85.5,3,1,1,1,1,Low,Low,Medium,Medium,Medium,Low,Low,Low,Low,0,0,0,PPR Pipes,166777.15
155.3,4,2,1,1,1,Low,Medium,Low,Low,Low,Medium,Low,Low,Medium,0,0,0,PPR Pipes,264430.42
89.7,3,1,1,1,1,Medium,Medium,Medium,Medium,Medium,Medium,Medium,High,Medium,1,1,1,PVC Pipes,199149.51
161.2,4,2,1,1,1,Low,Low,Medium,Medium,Low,Medium,Low,Medium,Low,0,0,0,PVC Pipes,286494.41
131.7,3,2,1,2,1,High,Medium,Medium,High,High,High,High,High,High,1,0,1,PVC Pipes,305067.09
129.6,4,2,1,2,1,Low,Low,Medium,Low,Low,Low,Low,Medium,Low,0,0,0,PVC Pipes,241031.76
175.0,4,2,1,3,1,Medium,Medium,Low,High,Medium,Medium,Medium,Medium,Medium,1,0,0,PVC Pipes,370543.92
165.0,4,2,1,1,1,Medium,Medium,Medium,High,Medium,Medium,Medium,Medium,Medium,1,1,1,PVC Pipes,340701.19
122.2,3,1,1,1,1,High,Medium,Medium,High,Medium,High,Medium,Medium,High,1,1,0,PVC Pipes,239649.43
65.2,2,1,1,0,1,Medium,Medium,Medium,Medium,Medium,Medium,High,Low,Medium,0,0,0,PPR Pipes,134375.99
154.2,4,2,1,3,1,Low,Low,Medium,Low,Low,Medium,Low,Low,Low,0,0,0,PPR Pipes,274541.68
112.0,3,2,1,1,1,High,Medium,High,High,High,Medium,High,High,High,0,1,1,PVC Pipes,259644.8
111.4,3,2,1,1,1,Medium,Medium,Low,High,High,Medium,Medium,Medium,High,1,0,0,PVC Pipes,246593.99
161.6,4,2,1,2,1,High,High,High,High,Medium,Medium,High,High,High,1,1,1,PVC Pipes,391027.61
52.9,2,1,1,2,1,Medium,High,Medium,Low,Medium,Medium,Low,Medium,Medium,0,1,0,PVC Pipes,130149.3
103.2,2,1,1,0,1,Medium,Medium,Medium,Medium,High,High,Medium,Medium,Medium,0,0,1,PVC Pipes,191679.93
109.7,3,1,1,1,1,Low,Low,Medium,Low,Medium,Medium,Medium,Low,Low,1,0,0,PPR Pipes,224992.62
110.2,3,2,1,0,1,Low,Low,Medium,Medium,Low,Low,Low,Low,Medium,0,0,1,PPR Pipes,211141.44
122.1,3,1,1,2,1,High,High,High,High,High,High,Medium,High,High,1,1,1,PVC Pipes,290271.45
129.2,3,2,1,2,1,Medium,Medium,Medium,Medium,Medium,High,Medium,Medium,Medium,1,1,1,PVC Pipes,308926.77
128.9,3,2,1,1,1,Medium,Medium,Medium,High,Medium,Low,Low,High,High,0,1,0,PVC Pipes,249895.3
92.0,2,1,1,1,1,Medium,High,Medium,Medium,Low,Medium,Medium,Medium,Medium,1,1,0,PVC Pipes,209911.98
111.8,3,1,1,1,1,Medium,High,Medium,Low,Low,Medium,High,Medium,Medium,0,1,1,PVC Pipes,210543.6
173.6,4,2,1,1,1,Medium,Medium,Medium,Medium,Low,Medium,High,Medium,Low,0,1,0,PVC Pipes,306931.85
84.5,2,1,1,1,1,Medium,Medium,Medium,Medium,Medium,Medium,High,High,High,0,0,0,PVC Pipes,166581.18
156.8,4,2,1,3,1,High,Medium,High,High,High,High,High,High,High,1,1,1,PVC Pipes,358357.57
157.4,4,1,1,1,1,High,High,High,Medium,High,High,Medium,High,High,1,1,1,PVC Pipes,345088.89
119.8,3,2,1,1,1,Low,Low,Medium,Low,Medium,Low,Medium,Low,Medium,0,0,0,PPR Pipes,236192.51
128.7,3,2,1,2,1,High,High,Medium,Medium,Medium,Medium,High,Medium,High,1,1,1,PVC Pipes,305194.85
128.2,3,2,1,0,1,Low,Medium,Low,Low,Low,Low,Low,Low,Low,0,0,0,PPR Pipes,218888.12
146.6,4,2,1,1,1,Medium,Medium,Medium,Medium,Medium,Medium,Low,Medium,Medium,0,0,0,PVC Pipes,268402.95
73.3,2,1,1,1,1,Medium,Medium,Medium,High,Medium,Medium,High,Medium,Low,1,0,0,PVC Pipes,162307.55
125.3,3,1,1,2,1,Low,Low,Medium,Low,Medium,Low,Low,Low,Low,0,0,0,PPR Pipes,230801.64
116.5,3,2,1,0,1,High,High,High,High,High,High,High,Medium,Medium,0,1,1,PVC Pipes,250371.89
167.8,4,2,1,2,1,Low,Low,Low,Medium,Low,Medium,Medium,Medium,Medium,0,0,0,PVC Pipes,291132.01
145.0,3,2,1,1,1,Low,Low,Low,Low,Low,Low,Medium,Low,Low,0,0,1,PPR Pipes,267587.8
154.4,4,2,1,1,1,Medium,High,High,High,Medium,High,Medium,Medium,Medium,0,1,1,PVC Pipes,300786.28
112.7,3,2,1,2,1,Medium,Medium,Medium,Low,Low,Medium,Medium,Medium,Low,0,0,1,PVC Pipes,243066.17
54.7,1,1,1,1,1,Medium,Medium,High,Medium,Low,Medium,High,Medium,Medium,1,1,0,PVC Pipes,137007.61
98.6,3,2,1,1,1,Medium,High,Medium,Medium,Medium,Medium,Medium,Medium,High,1,1,1,PVC Pipes,254926.63
86.7,2,1,1,2,1,High,High,High,High,High,High,High,Medium,High,0,1,0,PVC Pipes,182458.17
191.0,5,2,1,3,1,Low,Low,Low,Medium,Low,Low,Low,Medium,Medium,0,0,0,PVC Pipes,333341.63
75.4,2,1,1,1,1,High,High,High,High,Medium,Medium,High,High,Medium,1,1,1,PVC Pipes,196937.96
127.6,3,2,1,2,1,Low,Medium,Low,Medium,Medium,Low,Low,Medium,Low,1,0,0,PVC Pipes,267835.75
141.8,4,2,1,3,1,High,High,High,High,High,Medium,Medium,High,High,1,1,1,PVC Pipes,318784.79
83.9,2,1,1,2,1,Medium,Medium,Medium,High,Medium,Medium,Medium,Medium,High,0,0,1,PVC Pipes,187867.61
127.5,3,2,1,1,1,Low,Low,Medium,Low,Low,Low,Medium,Low,Medium,0,0,0,PPR Pipes,232922.33
159.3,4,2,1,1,1,Low,Medium,Medium,Low,Medium,Medium,Low,Medium,Medium,0,1,0,PVC Pipes,278664.07
167.6,4,1,1,2,1,Low,Low,Low,Medium,Medium,Low,Low,Medium,Low,0,0,0,PVC Pipes,273467.29
126.7,3,2,1,1,1,Medium,Medium,Medium,Medium,Low,Medium,High,High,Low,1,0,1,PVC Pipes,285988.48
158.1,4,1,1,3,1,Low,Low,Low,Medium,Medium,Low,Low,Medium,Low,0,0,0,PVC Pipes,267747.82
86.6,2,1,1,1,1,Low,Medium,Low,Low,Medium,Medium,Low,Medium,Low,0,0,0,PVC Pipes,159590.25
118.0,3,2,1,2,1,High,High,High,High,Medium,High,Medium,High,High,1,1,1,PVC Pipes,290529.4
89.0,2,1,1,0,1,Medium,Medium,Medium,Medium,Medium,Medium,Low,Low,Medium,1,1,0,PPR Pipes,176768.89
178.4,4,1,1,1,1,High,High,Medium,High,High,High,Medium,High,High,1,1,1,PVC Pipes,365811.31
142.1,3,1,1,1,1,Low,Low,Low,Low,Low,Low,Low,Medium,Low,0,0,1,PVC Pipes,238970.38
149.3,3,1,1,3,1,High,High,High,High,High,Medium,Medium,High,High,1,1,1,PVC Pipes,320067.81
197.7,5,3,1,2,1,Medium,Medium,Medium,Medium,Medium,High,Medium,Low,High,0,1,0,PPR Pipes,366389.98
163.7,4,2,1,2,1,High,High,High,Medium,High,High,High,High,High,1,1,0,PVC Pipes,375601.69
78.4,2,1,1,1,1,Medium,High,Low,Medium,Medium,Medium,Medium,High,Medium,0,0,0,PVC Pipes,160340.36
165.5,4,2,1,3,1,High,High,High,Medium,High,High,High,High,High,0,1,1,PVC Pipes,341054.87
87.2,2,1,1,2,1,Low,Low,Medium,Low,Low,Medium,Low,Low,Medium,0,0,0,PPR Pipes,173525.38
106.4,3,2,1,1,1,Low,Low,Low,Low,Low,Medium,Low,Medium,Low,0,0,0,PVC Pipes,200014.86
165.5,4,1,1,1,1,Medium,Medium,Medium,Medium,Medium,High,Medium,Medium,Medium,0,1,1,PVC Pipes,272858.56
59.9,2,1,1,1,1,Medium,High,Medium,Low,Medium,High,Low,Medium,Low,1,0,1,PVC Pipes,141749.36
51.8,1,1,1,0,1,Low,Medium,Low,Low,Medium,Medium,Low,Medium,Medium,1,0,0,PVC Pipes,114053.11
81.4,2,1,1,0,1,Medium,Low,High,Medium,Medium,Medium,Medium,Low,Medium,0,1,0,PPR Pipes,146669.31
114.9,3,2,1,2,1,High,High,High,Medium,Medium,High,High,High,High,1,1,1,PVC Pipes,286478.71
119.4,3,2,1,2,1,Low,Medium,Low,Low,Medium,Medium,Low,Medium,Low,0,0,0,PVC Pipes,226299.15
98.6,3,1,1,1,1,High,High,High,Medium,High,Medium,High,High,High,1,1,1,PVC Pipes,239305.01
68.8,2,1,1,2,1,Medium,Medium,Low,Low,Medium,Medium,Medium,Medium,Medium,1,1,1,PVC Pipes,165311.97
103.5,3,2,1,2,1,High,High,Medium,High,High,High,Medium,High,High,1,1,1,PVC Pipes,260480.16
80.2,2,1,1,1,1,Medium,High,Low,Medium,Medium,Medium,Medium,Medium,Low,1,1,0,PVC Pipes,179314.89
77.5,2,1,1,2,1,Medium,Medium,Medium,Medium,Medium,Medium,Medium,Medium,Medium,0,1,1,PVC Pipes,170105.98
65.4,1,1,1,0,1,High,High,High,High,Medium,High,High,High,Medium,1,1,1,PVC Pipes,153615.0
145.6,4,2,1,1,1,Medium,Low,Medium,Medium,High,Medium,Medium,Medium,Medium,1,0,0,PVC Pipes,304797.95
156.8,4,2,1,1,1,High,Medium,High,High,High,High,High,High,Medium,1,1,1,PVC Pipes,360234.58
74.0,2,1,1,1,1,Medium,High,Medium,Medium,Medium,Medium,High,High,High,0,1,0,PVC Pipes,151134.85
119.3,3,1,1,0,1,Low,Low,Medium,Low,Medium,Low,Low,Low,Low,0,0,0,PPR Pipes,212198.01
153.1,4,1,1,0,1,High,Medium,Medium,High,High,High,High,Medium,High,1,1,1,PVC Pipes,317370.77
126.1,3,2,1,2,1,Low,Low,Medium,Medium,Medium,Low,Low,Medium,Low,0,0,1,PVC Pipes,234719.31
50.0,1,1,1,1,1,Medium,Medium,Medium,Medium,Medium,High,High,High,High,0,1,1,PVC Pipes,126282.86
126.5,3,2,1,0,1,High,High,Medium,Medium,High,High,High,Medium,High,0,1,0,PVC Pipes,239022.3
165.0,4,2,1,0,1,Medium,Medium,Medium,Medium,Medium,Low,Medium,Medium,Medium,1,1,1,PVC Pipes,346908.22
181.0,4,2,1,2,1,Low,Low,Low,Low,Medium,Low,Low,Low,Low,0,0,0,PPR Pipes,306647.4
99.0,2,1,1,1,1,Medium,Medium,High,Medium,Medium,Medium,Medium,Medium,Low,0,1,0,PVC Pipes,179733.76
177.1,4,2,1,3,1,High,Medium,High,High,High,High,Medium,High,High,1,1,1,PVC Pipes,399589.9
56.4,1,1,1,0,1,Medium,Medium,Medium,High,Low,Low,Medium,Medium,Medium,1,0,1,PVC Pipes,131458.46
125.0,3,2,1,1,1,Medium,Medium,Medium,Medium,Medium,Low,Medium,High,Medium,1,0,0,PVC Pipes,264930.14
131.3,4,2,1,1,1,Medium,Medium,Medium,Medium,Low,Medium,Medium,Medium,Medium,1,0,0,PVC Pipes,295668.98
189.7,4,2,1,2,2,Low,Low,Low,Low,Low,Low,Low,Medium,Medium,1,0,0,PVC Pipes,367837.63
106.3,3,1,1,1,1,High,Medium,High,Medium,Medium,High,High,High,Medium,1,1,0,PVC Pipes,239214.04
124.6,3,1,1,1,1,Medium,Medium,Medium,Medium,Low,Medium,Low,Low,High,0,0,1,PPR Pipes,232885.25
81.8,2,1,1,2,1,High,High,High,Medium,High,High,Medium,Medium,High,1,1,1,PVC Pipes,213429.33
198.6,5,3,1,2,1,Low,Low,Low,Low,Low,Medium,Low,Medium,Medium,0,0,0,PVC Pipes,335090.31
122.0,3,1,1,1,1,High,High,High,High,Medium,High,High,High,Medium,1,1,1,PVC Pipes,256083.18
72.5,2,1,1,2,1,Medium,Medium,High,Medium,Medium,Low,High,Medium,Medium,0,0,1,PVC Pipes,166883.49
78.9,2,1,1,1,1,Medium,Low,Medium,Medium,Medium,Medium,Medium,Low,Medium,1,1,0,PPR Pipes,163274.9
65.5,1,1,1,1,1,Low,Low,Low,Low,Low,Medium,Low,Medium,Low,0,0,0,PVC Pipes,119074.72
192.7,5,2,1,2,1,Low,Low,Low,Low,Medium,Low,Low,Low,Medium,0,1,0,PPR Pipes,343070.86
114.6,3,1,1,0,1,High,High,Medium,Medium,Medium,High,High,High,High,1,1,1,PVC Pipes,259022.01
89.6,2,1,1,2,1,Medium,Medium,High,High,Medium,Medium,Medium,Medium,Medium,0,1,0,PVC Pipes,179136.33
50.0,1,1,1,1,1,Low,Low,Low,Medium,Low,Low,Medium,Low,Low,0,0,0,PPR Pipes,102349.87
100.6,3,1,1,1,1,Low,Low,Low,Low,Low,Low,Low,Medium,Low,0,0,0,PVC Pipes,174544.59
153.2,4,1,1,2,1,Medium,Medium,Medium,Medium,Low,Medium,Low,Medium,Medium,0,0,1,PVC Pipes,281349.23
97.6,3,2,1,2,1,Medium,Low,Medium,Medium,Medium,Low,High,Medium,Medium,1,0,1,PVC Pipes,243603.02
121.8,3,1,1,1,1,Medium,Low,Medium,Low,Medium,Medium,Low,High,Medium,0,1,0,PVC Pipes,223439.26
161.6,4,2,1,0,1,Low,Low,Low,Medium,Medium,Low,Medium,Medium,Low,0,0,0,PVC Pipes,285474.53
233.9,5,3,1,3,2,High,High,High,High,High,High,High,High,High,1,1,1,PVC Pipes,535930.62
89.0,2,1,1,2,1,Low,Low,Low,Low,Low,Low,Medium,Low,Low,0,0,1,PPR Pipes,170121.53
114.7,3,2,1,2,1,Medium,Medium,High,Medium,Medium,Low,Medium,Medium,Medium,1,1,1,PVC Pipes,273527.31
122.7,3,1,1,1,1,High,Medium,High,High,Medium,High,High,High,High,0,1,1,PVC Pipes,236112.77
157.1,4,2,1,1,1,High,Medium,High,High,High,High,High,Medium,High,1,1,1,PVC Pipes,361736.35
109.4,3,2,1,0,1,Low,Low,Low,Low,Low,Medium,Low,Low,Medium,0,0,0,PPR Pipes,204475.61
77.1,2,1,1,1,1,Medium,Medium,High,High,High,Medium,Medium,Medium,Medium,0,0,0,PVC Pipes,164393.2
174.2,4,2,1,0,1,Medium,High,Medium,Medium,Medium,Medium,Medium,Low,Medium,0,0,1,PPR Pipes,330063.83
133.0,3,2,1,2,1,Low,Medium,Low,Medium,Low,Low,Low,Low,Medium,0,0,0,PPR Pipes,261012.31
110.7,3,2,1,1,1,Low,Low,Low,Medium,Low,Low,Low,Low,Low,0,1,0,PPR Pipes,217765.3
116.5,3,2,1,3,1,Medium,Low,Medium,Medium,High,Medium,High,Medium,High,1,1,0,PVC Pipes,267292.54
69.9,2,1,1,1,1,Medium,Medium,High,Medium,Low,Medium,Medium,High,Medium,1,0,0,PVC Pipes,163294.24
130.8,3,2,1,2,1,Low,Low,Low,Low,Low,Medium,Low,Medium,Medium,0,1,1,PVC Pipes,245133.97
123.7,3,2,1,3,1,Medium,Medium,Medium,Medium,Medium,High,Medium,High,Medium,1,1,1,PVC Pipes,278409.59
123.7,3,1,1,2,1,Low,Medium,Low,Low,Low,Low,Low,Low,Medium,1,0,0,PPR Pipes,248412.11
100.3,2,1,1,1,1,Low,Low,Low,Low,Medium,Low,Low,Low,Low,0,0,1,PPR Pipes,175204.61
107.0,3,2,1,2,1,Medium,Medium,High,Medium,Low,High,Low,Medium,Medium,0,0,0,PVC Pipes,210768.19
98.9,2,1,1,1,1,Medium,Medium,Medium,Low,Medium,Medium,Medium,Medium,High,0,0,0,PVC Pipes,190360.15
202.8,5,2,1,1,1,High,Medium,High,High,High,Medium,High,High,High,0,1,0,PVC Pipes,389862.76
103.3,2,1,1,1,1,Medium,Medium,High,Medium,Medium,High,High,Medium,Medium,1,0,1,PVC Pipes,227746.79
139.5,4,2,1,1,1,High,High,High,Medium,High,High,High,Medium,High,1,1,1,PVC Pipes,340507.01
92.8,2,1,1,1,1,Low,Low,Low,Low,Medium,Low,Low,Medium,Low,0,0,0,PVC Pipes,164834.86
83.8,2,1,1,1,1,Medium,High,High,Medium,Medium,Medium,Medium,Medium,Medium,0,1,0,PVC Pipes,172183.38
120.6,3,2,1,2,1,Low,Low,Low,Medium,Low,Low,Low,Low,Medium,0,0,0,PPR Pipes,240558.65
175.3,4,2,1,2,1,Low,Medium,Low,Low,Medium,Medium,Low,Medium,Low,0,0,0,PVC Pipes,311338.95
204.5,5,3,1,1,2,Medium,Medium,Medium,Medium,Low,High,Low,Medium,Medium,1,1,1,PVC Pipes,420662.88
170.8,4,2,1,1,1,Low,Low,Medium,Medium,Low,Low,Low,Low,Low,0,0,0,PPR Pipes,304868.74
124.9,3,1,1,2,1,Medium,Medium,Medium,Medium,Medium,Medium,Medium,Low,Medium,0,1,0,PPR Pipes,239967.38
183.0,4,1,1,2,1,Medium,Medium,Medium,Medium,Medium,Low,Medium,Medium,High,0,1,0,PVC Pipes,315227.15
145.1,4,2,1,1,1,High,Medium,High,High,High,High,High,High,High,1,1,1,PVC Pipes,335200.77
114.0,3,1,1,1,1,Low,Low,Low,Low,Low,Low,Low,Low,Low,0,0,0,PPR Pipes,205676.83
96.4,3,2,1,2,1,Medium,Medium,Medium,Medium,High,Medium,Medium,Medium,Medium,1,1,0,PVC Pipes,241231.29
84.5,2,1,1,0,1,Low,Medium,Low,Medium,Medium,Medium,Low,Low,Low,0,0,0,PVC Pipes,146221.8
150.3,4,1,1,2,1,High,High,High,High,High,High,Medium,Medium,High,1,1,0,PVC Pipes,323702.94
142.1,3,2,1,0,1,Low,Low,Medium,Medium,Low,Low,Low,Low,Medium,0,0,0,PPR Pipes,244894.32
173.2,4,2,1,2,1,Low,Medium,Low,Low,Low,Low,Low,Low,Low,1,0,0,PPR Pipes,360979.53
141.0,4,1,1,2,1,Medium,Medium,Medium,Medium,Medium,Medium,High,Medium,Medium,0,0,1,PVC Pipes,280683.07
106.6,3,2,1,3,1,Medium,Low,Medium,Low,Medium,Medium,High,Medium,Medium,0,0,0,PVC Pipes,221025.38
92.9,2,1,1,0,1,Low,Medium,Low,Medium,Low,Medium,Low,Low,Low,0,0,0,PPR Pipes,160673.43
82.4,2,1,1,0,1,High,High,High,Medium,High,High,High,High,High,0,1,1,PVC Pipes,176575.73
88.7,2,1,1,1,1,Low,Low,Low,Low,Low,Medium,Low,Low,Low,1,0,0,PPR Pipes,182118.49
50.0,1,1,1,1,1,Low,Low,Medium,Low,Low,Low,Low,Low,Low,0,0,0,PPR Pipes,104798.61
54.5,1,1,1,0,1,Low,Low,Low,Low,Low,Low,Low,Low,Medium,1,0,0,PPR Pipes,113248.19
121.8,3,2,1,3,1,Medium,Medium,High,Medium,Medium,High,Medium,Medium,Medium,1,1,1,PVC Pipes,297129.46
127.8,3,2,1,0,1,Low,Low,Low,Low,Low,Low,Medium,Medium,Medium,0,0,0,PVC Pipes,237056.23
126.3,3,1,1,0,1,Medium,Medium,Medium,Medium,Medium,Low,Medium,Medium,Medium,1,0,0,PVC Pipes,256751.53
165.0,4,1,1,1,1,High,High,Medium,Medium,High,High,High,High,Medium,1,1,1,PVC Pipes,357293.88
117.0,3,1,1,1,1,Medium,Medium,Medium,Medium,Low,Medium,High,Medium,Medium,1,0,0,PVC Pipes,236217.45
128.9,3,1,1,2,1,High,High,High,Medium,High,High,Medium,Medium,Medium,1,1,1,PVC Pipes,295757.43
97.4,2,1,1,0,1,Low,Low,Low,Low,Low,Low,Low,Low,Low,0,0,0,PPR Pipes,166771.75
153.4,4,1,1,2,1,Medium,Medium,Medium,Medium,Medium,High,Medium,Medium,High,0,0,1,PVC Pipes,271579.78
50.6,1,1,1,0,1,Low,Low,Medium,Medium,Low,Medium,Low,Low,Low,0,0,0,PPR Pipes,103971.32
116.9,3,2,1,0,1,Low,Low,Low,Low,Low,Medium,Low,Low,Low,0,0,0,PPR Pipes,211459.98
122.3,3,2,1,3,1,Low,Low,Low,Medium,Low,Low,Medium,Medium,Low,0,0,0,PVC Pipes,246005.81
99.4,2,1,1,2,1,Low,Low,Low,Medium,Low,Low,Low,Low,Low,0,0,0,PPR Pipes,185357.77
199.9,5,3,1,3,1,High,High,Medium,High,High,High,Medium,High,High,1,1,1,PVC Pipes,473096.65
133.9,3,2,1,1,1,High,High,High,High,High,Medium,Medium,High,Medium,1,0,1,PVC Pipes,307267.95
123.9,3,1,1,1,1,Low,Medium,Medium,Low,Low,Low,Low,Low,Low,0,0,0,PPR Pipes,222044.96
120.9,3,2,1,1,1,Medium,Medium,Medium,Low,Medium,High,Medium,Medium,High,0,0,1,PVC Pipes,244155.14
79.2,2,1,1,0,1,Low,Low,Medium,Medium,Low,Medium,Low,Low,Low,0,0,0,PPR Pipes,142934.08
161.6,4,1,1,3,1,Medium,Medium,Medium,Medium,Medium,Medium,Medium,Medium,High,1,1,0,PVC Pipes,333780.15
174.1,4,2,1,1,1,High,High,Medium,Medium,High,Medium,High,High,High,1,1,1,PVC Pipes,384144.0
165.0,4,2,1,2,1,Medium,Medium,Low,Medium,Low,Medium,Medium,Medium,Low,0,1,1,PVC Pipes,291607.3
151.5,4,2,1,2,1,Low,Low,Low,Low,Low,Low,Medium,Low,Low,0,0,0,PPR Pipes,270200.76
122.8,3,2,1,1,1,Medium,High,Medium,Medium,Medium,Low,Medium,Medium,Medium,1,0,1,PVC Pipes,285809.05
152.6,4,1,1,2,1,High,High,Medium,High,High,High,High,High,High,0,1,1,PVC Pipes,297464.44
123.1,3,1,1,2,1,Medium,High,High,Medium,Medium,Medium,Medium,Medium,Medium,1,1,1,PVC Pipes,282891.84
110.2,3,2,1,2,1,Medium,Medium,High,Low,Low,Medium,High,Medium,Low,0,0,1,PVC Pipes,227675.84
79.8,2,1,1,1,1,Medium,High,Medium,High,Medium,Medium,Medium,High,Medium,1,0,0,PVC Pipes,185831.59
149.9,4,2,1,2,1,Medium,Medium,High,Low,Medium,Medium,Medium,Low,High,1,0,1,PPR Pipes,351927.7
145.9,3,2,1,2,1,High,High,High,High,Medium,High,Medium,High,High,1,0,0,PVC Pipes,328679.37
157.1,4,2,1,3,1,Medium,Medium,Medium,High,Medium,Medium,Medium,Medium,High,1,0,0,PVC Pipes,361107.93
112.2,3,2,1,2,1,High,High,Medium,High,Medium,High,High,High,High,1,0,1,PVC Pipes,285601.93
52.4,1,1,1,0,1,Low,Low,Medium,Medium,Low,Medium,Low,Medium,Low,0,0,0,PVC Pipes,97253.99
94.7,2,1,1,1,1,Medium,Medium,Medium,Low,Medium,Medium,Low,Medium,Low,1,1,1,PVC Pipes,206479.41
86.6,2,1,1,1,1,High,Medium,High,Medium,High,High,Medium,High,High,1,1,1,PVC Pipes,200036.12
50.0,1,1,1,1,1,Medium,Medium,High,High,Low,Medium,Medium,Medium,Medium,0,1,1,PVC Pipes,116858.72
51.8,2,1,1,2,1,High,High,Medium,High,Medium,High,High,High,High,1,1,1,PVC Pipes,159506.11
63.6,2,1,1,1,1,Medium,Low,High,High,Medium,High,High,Medium,Medium,1,0,1,PVC Pipes,157323.15
99.3,3,2,1,1,1,Medium,Medium,Low,High,High,Medium,High,Medium,Low,1,1,0,PVC Pipes,229973.09
131.9,4,2,1,3,1,Low,Medium,Medium,Low,Low,Low,Low,Low,Low,0,0,1,PVC Pipes,268634.74
111.9,3,2,1,2,1,Low,Medium,Low,Low,Low,Low,Medium,Low,Low,0,0,0,PPR Pipes,207017.62
66.1,2,1,1,1,1,High,Medium,High,High,High,High,High,High,High,1,1,1,PVC Pipes,182943.57
151.1,4,1,1,2,1,High,High,High,High,High,High,High,High,High,0,1,0,PVC Pipes,297771.9
100.8,3,2,1,2,1,Medium,Medium,Medium,Medium,Medium,Low,Medium,Medium,Low,0,0,0,PVC Pipes,218658.6
93.2,2,1,1,1,1,High,High,High,Medium,High,High,Medium,High,High,1,1,1,PVC Pipes,216864.93
123.3,3,2,1,1,1,Medium,Low,Medium,Medium,Medium,Medium,Medium,Medium,Medium,1,1,0,PVC Pipes,266366.4
146.9,4,1,1,1,1,Low,Medium,Low,Low,Low,Low,Low,Medium,Low,0,1,0,PVC Pipes,253710.51
182.6,5,2,1,2,2,Low,Low,Low,Low,Low,Low,Low,Low,Low,0,0,0,PPR Pipes,316829.95
171.9,4,1,1,1,1,Low,Low,Low,Low,Low,Medium,Medium,Low,Medium,1,0,0,PPR Pipes,327587.43
114.6,3,2,1,2,1,Medium,Medium,Medium,Medium,Medium,Medium,Medium,Medium,Low,0,0,1,PVC Pipes,245833.76
108.2,3,2,1,2,1,Low,Medium,Low,Medium,Medium,Medium,Low,Low,Low,0,0,0,PPR Pipes,219978.56
122.5,3,2,1,2,1,Medium,Medium,Medium,Medium,Medium,Medium,Medium,Medium,Low,1,0,1,PVC Pipes,280820.42
160.9,4,1,1,3,1,Low,Low,Low,Medium,Low,Low,Low,Low,Low,0,0,0,PPR Pipes,286811.45
119.1,3,2,1,2,1,Medium,Medium,Medium,Medium,Medium,Medium,Medium,Medium,Low,0,0,0,PVC Pipes,225601.56
110.9,3,2,1,2,1,Low,Low,Low,Medium,Low,Low,Medium,Low,Medium,0,0,1,PVC Pipes,229708.09
100.8,2,1,1,2,1,High,High,High,High,High,Medium,High,High,High,1,1,1,PVC Pipes,250264.53
102.9,3,2,1,2,1,Low,Low,Medium,Low,Low,Low,Low,Low,Low,0,0,0,PVC Pipes,196262.93
156.9,4,2,1,2,1,Low,Medium,Medium,Low,Low,Low,Low,Low,Low,0,0,0,PPR Pipes,289219.93
104.7,3,2,1,1,1,High,High,Medium,High,Medium,High,Medium,High,Medium,1,1,1,PVC Pipes,256286.61
173.9,4,2,1,1,1,High,High,High,High,High,High,High,High,High,1,1,1,PVC Pipes,411362.25
116.1,3,1,1,2,1,High,Medium,Medium,High,Medium,Medium,High,Medium,High,1,1,1,PVC Pipes,268714.88
117.9,3,2,1,0,1,Medium,High,Medium,Medium,Medium,Medium,Medium,High,Medium,0,1,0,PVC Pipes,227437.71
137.5,3,2,1,1,1,Medium,Low,Medium,Medium,Medium,Medium,High,Medium,Low,1,0,1,PVC Pipes,302252.76
177.1,4,2,1,1,1,High,Medium,High,High,Medium,High,Medium,High,High,1,1,1,PVC Pipes,374067.02
131.8,3,1,1,2,1,Low,Medium,Low,Medium,Medium,Low,Low,Medium,Low,0,0,0,PVC Pipes,236692.91
73.2,2,1,1,1,1,Medium,High,High,Medium,Medium,Medium,Medium,High,Medium,0,0,0,PVC Pipes,147584.33
76.9,2,1,1,0,1,Low,Low,Low,Medium,Medium,Medium,Low,Low,Low,0,0,0,PPR Pipes,147434.13
87.4,2,1,1,2,1,Low,Low,Low,Low,Low,Low,Low,Low,Medium,0,0,0,PPR Pipes,166740.89
55.0,1,1,1,1,1,Medium,High,Medium,High,Low,Medium,Medium,Medium,Medium,0,0,0,PVC Pipes,116896.18
124.7,3,2,1,1,1,Low,Low,Low,Low,Low,Medium,Low,Low,Low,0,1,0,PPR Pipes,231310.3
138.2,3,1,1,2,1,High,High,High,High,High,High,High,Medium,High,1,1,1,PVC Pipes,320699.39
152.9,4,2,1,2,1,Medium,Medium,Low,Medium,High,Medium,Medium,Medium,Medium,0,0,1,PVC Pipes,286824.25
137.3,3,2,1,3,1,High,High,Medium,High,High,Medium,High,High,High,1,1,1,PVC Pipes,323335.86
194.6,5,3,1,2,1,Low,Medium,Low,Low,Medium,Medium,Low,Low,Low,0,1,0,PPR Pipes,377447.98
108.6,3,2,1,3,1,Medium,Medium,High,High,Medium,High,High,Medium,High,1,0,1,PVC Pipes,283463.08
128.2,3,2,1,1,1,High,High,High,High,High,Medium,Medium,High,High,1,1,1,PVC Pipes,305093.76
84.0,2,1,1,1,1,High,High,Medium,High,High,High,High,High,High,1,1,1,PVC Pipes,204250.44
90.2,2,1,1,2,1,Medium,Medium,Medium,Medium,Medium,Medium,Medium,Medium,Medium,0,1,1,PVC Pipes,171668.24
90.2,2,1,1,1,1,High,High,High,High,High,High,Medium,Medium,High,1,1,1,PVC Pipes,210355.32
129.1,3,2,1,3,1,Low,Medium,Low,Low,Low,Low,Low,Low,Medium,0,1,0,PPR Pipes,249345.23
96.7,2,1,1,1,1,Medium,Medium,Medium,Medium,Medium,Medium,Medium,Low,Medium,0,0,1,PPR Pipes,180740.87
158.5,4,1,1,2,1,High,Medium,High,High,Medium,Medium,High,High,High,1,1,1,PVC Pipes,334711.17
79.0,2,1,1,0,1,Medium,Medium,Medium,High,Medium,Medium,Medium,Medium,High,1,0,0,PVC Pipes,178045.45
126.4,3,1,1,2,1,Medium,Medium,Medium,Low,Low,Medium,Medium,Medium,High,1,1,0,PVC Pipes,267488.72
104.6,3,2,1,1,1,High,Medium,High,High,Medium,Medium,High,Medium,High,1,1,1,PVC Pipes,265390.88
85.9,2,1,1,2,1,High,High,Medium,High,High,High,High,High,High,1,0,1,PVC Pipes,209320.31
125.6,3,2,1,1,1,High,High,Medium,High,Medium,High,High,High,Medium,1,1,1,PVC Pipes,294038.72
88.0,2,1,1,2,1,High,High,Medium,Medium,Medium,High,Medium,High,High,1,1,1,PVC Pipes,209690.07
152.7,4,1,1,1,1,Medium,High,Low,Medium,Medium,Low,Medium,Medium,Medium,1,1,0,PVC Pipes,288098.37
81.1,2,1,1,0,1,High,Medium,High,High,High,Medium,Medium,High,High,1,0,0,PVC Pipes,169957.7
196.2,5,2,1,3,2,Medium,High,Medium,High,Medium,Low,Low,Low,High,1,1,0,PPR Pipes,446282.07
134.5,3,2,1,1,1,Low,Low,Low,Low,Low,Medium,Low,Low,Low,0,0,0,PPR Pipes,231187.08
153.8,4,2,1,2,1,High,High,High,High,High,High,High,High,High,1,1,1,PVC Pipes,364949.04
125.0,3,1,1,0,1,Low,Low,Low,Medium,Low,Medium,Medium,Low,Low,0,1,0,PPR Pipes,201902.64
120.2,3,1,1,1,1,Medium,Medium,Medium,Medium,Medium,Medium,Medium,Medium,Medium,1,0,1,PVC Pipes,250925.8
60.1,1,1,1,1,1,Medium,Medium,Low,Low,Medium,Medium,Medium,Medium,High,0,0,1,PVC Pipes,127409.52
68.8,1,1,1,0,1,Medium,Medium,Medium,Low,Medium,Medium,Medium,Medium,Medium,0,0,0,PVC Pipes,124957.65
134.2,3,2,1,2,1,Medium,Medium,Medium,Medium,Low,Low,Medium,Medium,Low,1,0,1,PVC Pipes,280362.78
78.1,2,1,1,1,1,Medium,High,Medium,Low,Medium,Low,Medium,Medium,Medium,0,1,1,PVC Pipes,159423.89
166.8,4,1,1,2,1,High,Medium,Medium,High,High,High,High,High,High,1,1,1,PVC Pipes,360648.83
106.1,3,1,1,1,1,Low,Low,Low,Low,Low,Low,Low,Medium,Medium,0,1,0,PVC Pipes,189781.69
110.5,3,2,1,1,1,Low,Low,Medium,Low,Low,Low,Low,Low,Low,0,0,0,PPR Pipes,197730.23
147.1,4,1,1,3,1,Low,Medium,Low,Low,Medium,Low,Medium,Low,Low,0,0,0,PPR Pipes,277596.77
107.7,3,1,1,1,1,Medium,Medium,Medium,Low,Medium,Medium,Medium,Medium,Medium,1,0,1,PVC Pipes,244202.48
90.6,2,1,1,1,1,Low,Low,Low,Low,Medium,Low,Low,Low,Low,0,0,0,PPR Pipes,156202.88
105.1,2,1,1,1,1,Medium,Low,Medium,Medium,Medium,High,Low,Medium,Low,0,0,1,PVC Pipes,183414.75
122.3,3,2,1,1,1,Medium,Medium,High,Medium,Medium,Medium,Medium,Medium,High,0,0,0,PVC Pipes,250260.27
85.9,2,1,1,1,1,High,Medium,Medium,High,High,Medium,High,High,High,1,1,1,PVC Pipes,204664.81
63.9,2,1,1,1,1,Low,Low,Low,Medium,Low,Low,Low,Low,Medium,0,0,0,PPR Pipes,126963.27
108.9,3,1,1,1,1,High,Medium,Medium,High,High,High,High,High,High,0,1,1,PVC Pipes,229186.55
148.3,3,2,1,2,1,Medium,Medium,Low,Medium,Low,Low,High,Medium,High,0,0,1,PVC Pipes,282971.62
77.6,2,1,1,1,1,Medium,Low,Low,Medium,High,High,Medium,Medium,Medium,0,0,0,PVC Pipes,143748.77
113.7,3,2,1,2,1,Medium,Medium,Low,Medium,Medium,High,Medium,Medium,Medium,0,1,1,PVC Pipes,228049.28
92.6,2,1,1,2,1,Medium,High,Low,High,Medium,Medium,High,Medium,Medium,0,1,0,PVC Pipes,178657.83
127.6,3,2,1,2,1,Low,Low,Medium,Low,Low,Medium,Low,Medium,Low,0,0,0,PVC Pipes,238254.51
119.9,3,1,1,3,1,Low,Low,Medium,Low,Low,Medium,Medium,Low,Low,0,0,0,PPR Pipes,211158.55
91.5,2,1,1,0,1,High,High,High,Medium,High,Medium,High,High,High,1,1,0,PVC Pipes,203136.2
115.2,3,2,1,2,1,Medium,High,Medium,High,Medium,High,Medium,Medium,Low,1,1,0,PVC Pipes,277517.58
134.8,3,2,1,0,1,Low,Medium,Low,Medium,Low,Low,Medium,Low,Low,0,0,0,PPR Pipes,254214.39
136.9,3,2,1,2,1,Low,Medium,Medium,Low,Low,Low,Low,Low,Low,0,0,1,PPR Pipes,273591.11
131.7,3,2,1,2,1,Low,Low,Low,Medium,Low,Medium,Low,Low,Low,0,0,0,PPR Pipes,226458.98
114.8,3,1,1,1,1,High,High,Medium,Medium,Medium,High,High,High,High,1,1,1,PVC Pipes,269294.22
99.6,2,1,1,0,1,Low,Low,Low,Low,Medium,Low,Medium,Medium,Low,0,0,0,PVC Pipes,162097.63
99.7,3,2,1,1,1,Medium,Medium,High,Medium,High,Low,Medium,Medium,High,0,0,1,PVC Pipes,211134.35
163.0,4,2,1,2,1,Medium,Medium,High,Medium,Medium,Medium,Medium,Medium,Medium,0,1,1,PVC Pipes,319956.83
131.3,3,2,1,1,1,Medium,Low,Medium,Medium,Medium,Medium,Medium,Medium,Medium,1,1,1,PVC Pipes,275090.8
137.9,3,2,1,3,1,Low,Low,Low,Medium,Low,Low,Low,Medium,Low,0,0,0,PVC Pipes,256320.73
74.2,2,1,1,1,1,Low,Low,Low,Low,Medium,Medium,Low,Low,Low,0,0,1,PPR Pipes,141254.9
153.0,4,2,1,1,1,High,Medium,High,High,High,High,Medium,Medium,High,1,0,0,PVC Pipes,323826.26
135.7,3,2,1,0,1,Medium,Medium,Low,Medium,Medium,High,Low,High,Low,0,0,0,PVC Pipes,221570.95
94.0,2,1,1,0,1,High,Medium,High,High,Medium,Medium,High,Medium,High,1,0,1,PVC Pipes,221662.53
135.4,3,1,1,3,1,Low,Low,Low,Low,Low,Low,Medium,Medium,Low,0,0,0,PVC Pipes,233728.01
130.2,3,2,1,2,1,High,High,High,High,High,High,High,High,High,0,1,0,PVC Pipes,280211.92
107.2,2,1,1,0,1,Medium,Low,Medium,Medium,High,Medium,Medium,High,Medium,1,0,0,PVC Pipes,209708.3
118.1,3,1,1,0,1,Low,Low,Low,Low,Low,Low,Low,Medium,Medium,0,0,0,PVC Pipes,181020.37
128.4,3,2,1,2,1,Low,Low,Medium,Low,Low,Low,Low,Low,Low,0,1,0,PPR Pipes,246932.52
130.4,3,2,1,3,1,Medium,High,Medium,Low,High,Medium,Medium,Medium,Medium,1,1,0,PVC Pipes,304486.09
110.5,3,2,1,1,1,Medium,Medium,Medium,Medium,Medium,Medium,Medium,Medium,Low,1,0,1,PVC Pipes,249467.64
167.0,4,1,1,1,1,High,High,High,Medium,High,High,High,High,High,1,1,1,PVC Pipes,362031.51
69.4,2,1,1,1,1,Medium,Low,Medium,High,Medium,Medium,Medium,Low,Low,1,1,0,PPR Pipes,157371.88
58.2,1,1,1,1,1,High,High,High,Medium,High,High,Medium,Medium,High,1,1,1,PVC Pipes,150923.33
117.7,3,2,1,1,1,Medium,Medium,Medium,Medium,Medium,Medium,Medium,Medium,Low,1,1,1,PVC Pipes,261179.97
84.0,2,1,1,1,1,Medium,Low,Medium,Medium,Low,Medium,Medium,Medium,Medium,0,1,1,PVC Pipes,166894.97
159.4,4,2,1,2,1,High,High,High,High,Medium,High,High,High,Medium,1,1,1,PVC Pipes,376276.93
113.0,3,2,1,2,1,Low,Medium,Low,Low,Medium,Low,Low,Low,Medium,0,0,0,PPR Pipes,209720.5
207.4,5,3,1,3,1,High,Medium,Medium,High,Medium,High,High,High,High,0,1,0,PVC Pipes,415818.58
100.0,3,2,1,2,1,Low,Low,Medium,Low,Low,Low,Low,Medium,Medium,1,0,0,PVC Pipes,231004.79
113.7,3,2,1,1,1,Medium,Medium,Medium,Low,Medium,Low,Low,Medium,Low,0,1,1,PVC Pipes,224444.43
115.5,3,2,1,1,1,Low,Low,Medium,Low,Medium,Low,Low,Low,Medium,0,0,0,PPR Pipes,209668.3
140.6,3,1,1,1,1,High,Medium,High,High,Medium,High,High,Medium,High,1,0,1,PVC Pipes,306030.44
83.1,2,1,1,1,1,Medium,Medium,Low,High,Medium,High,High,Medium,Low,0,0,1,PVC Pipes,166458.87
50.0,1,1,1,1,1,Low,Low,Low,Medium,Medium,Medium,Low,Low,Low,1,0,1,PPR Pipes,115908.92
125.9,3,2,1,2,1,Medium,Medium,Low,Medium,Medium,High,Medium,Medium,Low,0,1,1,PVC Pipes,245918.47
70.4,2,1,1,2,1,Low,Low,Medium,Medium,Medium,Low,Medium,Low,Low,0,0,0,PPR Pipes,151100.68
160.3,4,2,1,1,1,Medium,Medium,Medium,Medium,Medium,High,Medium,Medium,High,0,0,1,PVC Pipes,308997.6
104.5,3,1,1,2,1,High,Medium,High,Medium,High,Medium,High,Medium,High,1,1,1,PVC Pipes,253057.74
164.5,4,1,1,1,1,Low,Low,Low,Low,Low,Low,Low,Low,Low,0,1,0,PPR Pipes,277384.23
113.8,3,2,1,2,1,High,High,High,High,High,Medium,High,High,High,1,0,1,PVC Pipes,290413.5
93.4,2,1,1,0,1,Medium,Medium,Low,High,Medium,Medium,Medium,Medium,Medium,0,1,1,PVC Pipes,175100.02
99.8,2,1,1,1,1,Medium,Low,Medium,Medium,Medium,Medium,Medium,Medium,Medium,0,0,0,PVC Pipes,175786.24
159.6,4,1,1,2,1,High,High,Medium,High,High,High,Medium,High,High,1,1,0,PVC Pipes,344577.65
64.8,2,1,1,0,1,Low,Medium,Low,Low,Medium,Low,Low,Medium,Low,1,0,0,PVC Pipes,144700.01
125.6,3,2,1,2,1,Medium,Medium,Medium,Medium,Medium,Medium,Medium,Medium,Medium,0,1,1,PVC Pipes,258001.43
132.7,3,1,1,2,1,High,Medium,High,Medium,Medium,High,Medium,High,Medium,1,1,1,PVC Pipes,271369.56
85.0,2,1,1,2,1,Medium,Medium,High,Medium,High,Medium,Medium,Medium,Low,0,1,0,PVC Pipes,171503.46
103.8,3,1,1,1,1,Medium,Medium,Medium,Low,Low,Low,Low,High,High,1,1,1,PVC Pipes,215925.11
88.1,2,1,1,2,1,High,High,High,High,Medium,High,Medium,High,High,1,1,1,PVC Pipes,213554.83
202.5,5,3,1,3,1,Low,Medium,Low,Low,Low,Low,Low,Low,Medium,0,0,0,PVC Pipes,369715.74
118.3,3,1,1,2,1,Low,Low,Low,Low,Low,Low,Low,Low,Low,0,0,0,PPR Pipes,201534.04
78.3,2,1,1,0,1,Low,Low,Low,Low,Low,Medium,Low,Medium,Medium,1,0,0,PVC Pipes,147720.06
102.9,2,1,1,2,1,High,High,Medium,Medium,High,High,High,High,High,1,1,0,PVC Pipes,233783.78
72.7,2,1,1,2,1,Medium,Medium,Medium,High,Medium,Medium,Low,Low,Low,0,0,1,PPR Pipes,147494.91
70.2,2,1,1,1,1,Medium,Medium,High,Medium,Medium,Low,Medium,Low,Medium,1,0,1,PPR Pipes,172252.82
184.6,4,2,1,2,1,Medium,Medium,Medium,Medium,Medium,Medium,Medium,High,High,0,0,1,PVC Pipes,327069.86
97.5,2,1,1,0,1,Medium,Medium,Low,Medium,Medium,Low,Medium,Low,Medium,1,1,1,PPR Pipes,207636.91
116.1,3,2,1,1,1,Medium,Medium,Medium,Medium,Low,High,Medium,Medium,High,0,1,0,PVC Pipes,230433.91
93.8,2,1,1,0,1,Medium,Medium,High,Low,Medium,Medium,Low,Medium,High,1,0,0,PVC Pipes,191135.17
152.2,4,1,1,3,1,Medium,Medium,Low,High,Medium,Medium,Medium,Medium,High,0,1,1,PVC Pipes,287308.14
125.6,3,1,1,3,1,High,High,Medium,Medium,Medium,High,High,High,Medium,1,1,1,PVC Pipes,296203.74
153.3,4,1,1,2,1,High,High,High,High,High,High,High,High,High,1,1,1,PVC Pipes,340806.79
115.2,3,2,1,2,1,Medium,Medium,Medium,Medium,Medium,Medium,Medium,Medium,Medium,0,0,1,PVC Pipes,242376.12
96.0,2,1,1,1,1,Medium,Medium,Medium,Medium,Low,Medium,Medium,Medium,High,0,0,0,PVC Pipes,171492.25
211.5,5,3,1,1,1,Medium,Medium,Low,Medium,Low,Medium,Low,Medium,Medium,1,1,1,PVC Pipes,439033.42
139.7,4,1,1,1,1,Medium,High,Medium,Medium,Medium,Low,Medium,High,High,1,0,1,PVC Pipes,316313.74
87.2,2,1,1,2,1,High,High,Medium,High,High,Medium,High,High,High,1,0,0,PVC Pipes,197054.38
103.6,2,1,1,0,1,Low,Medium,Low,Low,Low,Low,Low,Low,Low,0,0,0,PPR Pipes,168563.46
66.2,2,1,1,0,1,Low,Medium,Low,Low,Low,Low,Low,Medium,Low,0,0,0,PVC Pipes,122288.37
158.4,4,2,1,1,1,Medium,Medium,Medium,Medium,High,Medium,High,Medium,Medium,0,1,1,PVC Pipes,280580.46
138.5,4,2,1,0,1,Low,Low,Low,Medium,Low,Low,Medium,Low,Low,0,0,0,PPR Pipes,252480.74
105.6,2,1,1,1,1,Medium,High,Medium,High,Medium,High,Medium,Medium,Low,1,1,0,PVC Pipes,223869.92
221.2,5,2,1,3,1,High,High,High,High,High,High,High,High,Medium,0,1,1,PVC Pipes,434172.54
186.7,5,3,1,2,1,Low,Low,Low,Low,Medium,Low,Low,Medium,Low,0,0,0,PVC Pipes,343490.89
120.5,3,1,1,0,1,High,High,High,High,Medium,Medium,High,High,High,1,1,1,PVC Pipes,261842.24
140.2,4,2,1,3,1,Medium,Medium,High,High,Medium,Medium,Low,Medium,Medium,0,0,0,PVC Pipes,286818.88
132.9,3,1,1,2,1,High,High,Medium,High,High,Medium,High,High,High,0,0,0,PVC Pipes,258277.93
124.3,3,1,1,3,1,Medium,Medium,Medium,Medium,Medium,Medium,Medium,Medium,Low,0,0,0,PVC Pipes,243615.21
158.8,4,2,1,1,1,Medium,Medium,Medium,Medium,High,High,Medium,Medium,Medium,1,1,0,PVC Pipes,324510.89
113.4,3,2,1,2,1,Low,Low,Medium,Medium,Low,Low,Low,Medium,Low,0,0,0,PVC Pipes,226824.51
69.0,2,1,1,1,1,Low,Low,Medium,Medium,Low,Medium,Low,Low,Medium,0,0,0,PPR Pipes,135941.94
167.1,4,2,1,3,1,High,High,High,High,High,High,Medium,High,Medium,1,1,1,PVC Pipes,391933.09
202.0,5,3,1,3,1,Low,Medium,Low,Medium,Medium,Medium,Low,Low,Medium,0,0,0,PVC Pipes,363008.04
125.1,3,2,1,0,1,Medium,Medium,High,Medium,Medium,Medium,Medium,Medium,Low,1,1,1,PVC Pipes,270501.98
104.3,2,1,1,2,1,Medium,Medium,High,Medium,Medium,Medium,Medium,Medium,Medium,1,0,0,PVC Pipes,213728.83
90.8,2,1,1,0,1,High,Medium,High,High,High,High,High,High,Medium,1,1,1,PVC Pipes,194671.12
113.1,3,2,1,1,1,Low,Low,Low,Medium,Low,Medium,Low,Medium,Low,0,0,0,PVC Pipes,217716.35
96.1,3,1,1,2,1,High,High,High,High,High,Medium,High,Medium,High,1,0,1,PVC Pipes,251731.41
85.2,2,1,1,1,1,Medium,Medium,Medium,High,High,Medium,Medium,Low,Medium,0,1,0,PPR Pipes,171007.94
113.7,3,2,1,2,1,Low,Low,Low,Medium,Low,Low,Medium,Medium,Low,0,0,0,PVC Pipes,234603.79
50.0,2,1,1,0,1,Medium,High,Low,Medium,Low,Low,Medium,Medium,Medium,0,1,1,PVC Pipes,116021.28
89.8,2,1,1,1,1,Medium,Medium,Medium,Medium,Medium,Medium,Medium,Medium,High,1,1,0,PVC Pipes,203579.77
98.6,2,1,1,0,1,Medium,Low,Low,Medium,Medium,High,Medium,Medium,Medium,0,1,1,PVC Pipes,184646.55
81.3,2,1,1,1,1,Low,Low,Medium,Low,Low,Low,Low,Low,Medium,0,0,1,PPR Pipes,160067.18
111.6,3,2,1,1,1,High,High,High,High,Medium,High,High,High,High,1,1,1,PVC Pipes,272668.79
120.1,3,2,1,2,1,Low,Low,Low,Low,Low,Medium,Low,Low,Medium,0,0,0,PPR Pipes,215287.31
134.0,3,2,1,0,1,High,Medium,High,Medium,High,Medium,High,Medium,Medium,1,1,1,PVC Pipes,281056.18
67.1,2,1,1,2,1,Medium,Medium,Medium,Medium,Low,Medium,High,Medium,Medium,0,1,1,PVC Pipes,158485.96
97.7,2,1,1,1,1,Low,Low,Low,Medium,Low,Low,Low,Medium,Medium,0,0,0,PVC Pipes,159445.21
110.7,2,1,1,1,1,Medium,Medium,Medium,Medium,Medium,Low,Medium,Medium,Medium,0,0,0,PVC Pipes,195603.83
84.2,2,1,1,1,1,Low,Low,Medium,Low,Medium,Low,Medium,Low,Medium,0,0,0,PPR Pipes,157440.06
130.8,3,1,1,2,1,Low,Medium,Low,Low,Low,Low,Low,Low,Low,0,1,0,PPR Pipes,212314.5
74.5,2,1,1,1,1,Low,Low,Medium,Low,Low,Low,Low,Medium,Low,0,1,1,PVC Pipes,145069.81
59.5,2,1,1,1,1,Medium,Medium,Medium,Medium,Medium,High,High,Low,Medium,0,1,1,PPR Pipes,134070.38
104.8,3,2,1,2,1,Medium,Medium,Medium,Medium,Low,High,Medium,Medium,Medium,0,1,0,PVC Pipes,215319.45
105.7,3,1,1,2,1,Medium,Medium,Medium,Medium,Medium,Medium,Medium,Medium,High,1,0,1,PVC Pipes,244935.75
207.2,5,3,1,3,1,High,Medium,High,Medium,High,High,Medium,High,Medium,1,1,1,PVC Pipes,458732.27
201.7,5,3,1,2,1,High,High,High,High,High,Medium,High,High,Medium,1,0,1,PVC Pipes,481599.95
133.1,3,2,1,1,1,High,High,High,Medium,High,High,High,Medium,High,1,1,1,PVC Pipes,301523.12
80.1,2,1,1,2,1,Medium,Medium,Medium,Medium,Medium,Medium,Medium,Medium,Low,0,0,1,PVC Pipes,162788.07
128.1,3,2,1,1,1,Low,Low,Low,Low,Medium,Low,Low,Low,Low,0,1,0,PPR Pipes,234077.47
130.0,3,2,1,1,1,Medium,High,Medium,Medium,Low,Low,Medium,Medium,Medium,0,1,0,PVC Pipes,240361.29
87.7,2,1,1,1,1,Medium,Medium,Medium,High,Medium,Medium,Low,Low,Low,0,1,1,PPR Pipes,168212.52
109.9,3,1,1,3,1,Low,Low,Low,Low,Medium,Medium,Low,Low,Low,0,1,0,PPR Pipes,198155.86
175.3,4,1,1,1,1,Medium,Medium,Medium,High,High,Medium,Medium,Low,Medium,1,1,0,PPR Pipes,340861.31
221.1,5,3,1,1,2,Low,Low,Medium,Low,Medium,Medium,Low,Medium,Low,0,1,0,PVC Pipes,380836.78
69.0,2,1,1,1,1,Medium,Medium,Low,Medium,Medium,Medium,High,Medium,Medium,0,0,0,PVC Pipes,133087.17
82.9,2,1,1,1,1,High,High,High,High,High,High,Medium,High,High,1,0,0,PVC Pipes,193159.21
78.3,2,1,1,1,1,Medium,Medium,Medium,Medium,Medium,Medium,Low,High,Low,0,1,1,PVC Pipes,146122.97
95.0,3,1,1,1,1,High,Medium,High,High,Medium,Medium,High,Medium,High,1,1,1,PVC Pipes,230423.99
105.6,3,2,1,2,1,Medium,Medium,Medium,Medium,Medium,Medium,Medium,Medium,Medium,1,1,1,PVC Pipes,264446.08
64.8,2,1,1,1,1,Medium,Medium,Medium,Medium,High,Medium,Medium,Medium,Medium,1,0,1,PVC Pipes,158588.53
118.7,3,2,1,1,1,High,High,High,High,High,High,High,High,Medium,1,1,1,PVC Pipes,285680.91
166.9,4,2,1,2,1,Medium,Low,High,Medium,Medium,Medium,Medium,Medium,Medium,1,0,1,PVC Pipes,355995.77
125.8,3,2,1,2,1,Low,Medium,Low,Medium,Medium,Medium,Medium,Low,Low,0,0,0,PPR Pipes,239925.97
136.8,3,1,1,0,1,Medium,Medium,Medium,Medium,Medium,Medium,Medium,Medium,Medium,1,0,0,PVC Pipes,263432.77
103.0,2,1,1,0,1,Low,Low,Low,Low,Low,Low,Low,Medium,Low,0,0,0,PVC Pipes,165522.79
84.5,2,1,1,0,1,High,High,High,Medium,High,High,Medium,High,Medium,0,1,1,PVC Pipes,155818.47
129.1,3,2,1,2,1,Medium,High,Medium,Low,Medium,Medium,Medium,Medium,Medium,0,0,1,PVC Pipes,252542.87
127.4,3,1,1,1,1,Medium,Medium,Medium,Medium,Low,Medium,Medium,Medium,Medium,1,0,0,PVC Pipes,274357.09
117.2,3,2,1,1,1,Low,Low,Low,Low,Low,Medium,Low,Low,Medium,0,0,0,PPR Pipes,220970.75
102.7,2,1,1,1,1,Medium,Medium,Medium,Medium,Medium,Medium,Medium,Medium,Low,0,0,1,PVC Pipes,191188.09
99.9,3,2,1,0,1,Low,Low,Low,Medium,Low,Low,Low,Medium,Medium,0,1,0,PVC Pipes,183244.35
66.6,1,1,1,0,1,Low,Medium,Low,Low,Low,Low,Low,Medium,Low,1,0,0,PVC Pipes,138048.99
88.6,2,1,1,0,1,Medium,Medium,Low,Medium,Medium,Medium,Medium,Medium,Low,1,1,1,PVC Pipes,185893.08
75.8,2,1,1,0,1,Medium,Medium,High,Low,Medium,Medium,Medium,Medium,Medium,1,0,0,PVC Pipes,158989.07
50.0,1,1,1,0,1,Medium,Low,Medium,Low,Medium,Medium,Medium,Medium,High,0,1,1,PVC Pipes,109816.56
160.2,4,2,1,2,1,Low,Low,Low,Low,Low,Low,Low,Medium,Low,0,0,0,PVC Pipes,263082.12
50.0,1,1,1,1,1,Medium,Medium,Medium,Medium,High,Medium,Medium,Medium,Medium,1,0,1,PVC Pipes,124850.64
148.4,4,1,1,1,1,High,High,High,High,High,Medium,High,Medium,High,1,1,0,PVC Pipes,340685.31
88.0,2,1,1,1,1,Low,Medium,Medium,Low,Low,Low,Medium,Low,Low,0,0,0,PVC Pipes,166151.89
154.9,4,2,1,1,1,Low,Medium,Low,Low,Low,Low,Low,Medium,Low,0,0,0,PVC Pipes,247930.09
117.9,3,2,1,3,1,Medium,Medium,High,Medium,Low,Medium,High,Medium,Medium,1,1,0,PVC Pipes,273917.61
149.5,4,2,1,2,1,Medium,High,Medium,Medium,Low,Medium,Medium,High,Medium,1,0,1,PVC Pipes,351306.9
69.5,2,1,1,1,1,Low,Low,Medium,Low,Low,Low,Low,Medium,Low,1,0,1,PVC Pipes,141894.69
185.7,4,2,1,1,1,Medium,Medium,Medium,Medium,Medium,Medium,Medium,Medium,High,0,1,0,PVC Pipes,332249.52
70.4,2,1,1,0,1,Medium,High,Medium,Medium,Medium,Medium,Medium,Low,Medium,0,0,1,PPR Pipes,143913.1
61.7,1,1,1,1,1,Low,Low,Low,Low,Low,Low,Low,Low,Low,0,0,0,PPR Pipes,120213.02
125.4,3,2,1,1,1,High,High,Medium,Medium,High,Medium,High,High,Medium,0,1,1,PVC Pipes,265088.26
141.5,3,2,1,0,1,Low,Low,Medium,Low,Medium,Low,Low,Low,Low,0,0,0,PPR Pipes,245728.48
133.1,3,2,1,1,1,Medium,Low,Medium,High,Low,Medium,Medium,Medium,Medium,1,1,1,PVC Pipes,293016.12
149.2,4,1,1,3,1,High,High,High,Medium,High,High,High,High,High,0,0,1,PVC Pipes,297177.82
109.1,3,2,1,1,1,High,High,High,High,High,High,High,High,High,1,0,1,PVC Pipes,277890.29
105.6,3,2,1,1,1,Medium,Medium,Medium,Medium,High,Medium,Medium,Low,High,1,1,0,PPR Pipes,240780.43
93.5,2,1,1,1,1,Medium,Medium,Medium,Medium,Low,Medium,High,Medium,Medium,1,1,0,PVC Pipes,203711.93
76.1,2,1,1,2,1,Medium,Medium,Medium,Medium,Medium,Medium,Medium,Low,High,0,0,0,PPR Pipes,161475.52
87.5,2,1,1,1,1,High,High,High,High,High,High,Medium,High,High,1,1,1,PVC Pipes,220184.86
57.0,1,1,1,1,1,Low,Medium,Low,Low,Medium,Low,Low,Low,Medium,0,0,0,PPR Pipes,122322.98
155.0,4,2,1,1,1,Medium,Low,Medium,Medium,Low,Medium,Medium,Medium,Low,1,0,0,PVC Pipes,304224.81
78.7,2,1,1,2,1,High,Medium,Medium,High,High,High,High,Medium,High,1,1,0,PVC Pipes,185183.4
104.1,2,1,1,0,1,Medium,Low,Low,Medium,Medium,Medium,High,High,High,1,1,0,PVC Pipes,214852.03
97.7,3,2,1,1,1,High,Medium,High,High,High,Medium,Medium,High,High,1,1,1,PVC Pipes,242243.1
122.8,3,1,1,1,1,Medium,Low,Medium,Medium,Medium,Medium,Medium,High,High,1,1,0,PVC Pipes,245778.98
141.2,4,2,1,2,1,High,High,High,High,Medium,High,High,High,High,1,1,1,PVC Pipes,333550.98
106.5,3,2,1,1,1,Medium,Medium,High,Medium,Low,Low,High,Medium,Medium,1,0,0,PVC Pipes,257451.77
155.5,4,1,1,2,1,Medium,High,Low,Medium,Medium,Medium,High,Low,Low,1,1,1,PPR Pipes,333894.84
118.4,3,1,1,1,1,Low,Low,Low,Low,Low,Low,Medium,Low,Low,0,0,0,PPR Pipes,195910.41
52.2,1,1,1,1,1,Medium,Medium,High,Medium,Medium,Medium,Medium,Medium,Medium,0,0,1,PVC Pipes,123296.96
98.0,2,1,1,0,1,Low,Medium,Medium,Low,Medium,Low,Low,Low,Medium,0,0,0,PPR Pipes,177398.73
90.3,2,1,1,1,1,Medium,Medium,Medium,Medium,Low,Medium,High,High,Medium,1,1,1,PVC Pipes,212063.58
108.3,3,1,1,1,1,Low,Low,Low,Low,Low,Low,Medium,Low,Low,0,0,0,PPR Pipes,184990.48
114.1,3,2,1,1,1,Medium,Medium,Medium,High,Medium,High,Low,Low,Medium,1,0,1,PPR Pipes,256562.88
125.1,3,2,1,3,1,Low,Medium,Medium,Low,Medium,Low,Low,Low,Medium,0,0,0,PPR Pipes,245164.2
131.1,3,1,1,1,1,High,Medium,High,High,High,High,High,High,High,1,1,1,PVC Pipes,271077.1
125.8,3,2,1,2,1,Low,Low,Low,Low,Low,Low,Medium,Low,Low,0,0,0,PPR Pipes,223150.32
159.9,4,1,1,3,1,Medium,Medium,Low,Low,Medium,Medium,Medium,Low,High,0,0,1,PPR Pipes,292398.09
173.3,4,2,1,2,1,Medium,Medium,Medium,Medium,High,High,High,Medium,Medium,1,0,0,PVC Pipes,377217.81
87.6,2,1,1,0,1,Medium,Medium,Medium,High,Low,Medium,Medium,Medium,High,1,0,1,PVC Pipes,196666.52
87.4,2,1,1,0,1,Low,Medium,Low,Low,Low,Medium,Medium,Low,Low,0,0,0,PPR Pipes,160092.69
103.7,3,1,1,2,1,High,Medium,High,High,High,High,High,Medium,Medium,1,0,1,PVC Pipes,249003.41
132.7,3,2,1,1,1,High,High,High,High,Medium,High,High,High,High,1,1,0,PVC Pipes,315423.77
100.3,2,1,1,1,1,Medium,Medium,Medium,Medium,Medium,Medium,Medium,Medium,Medium,0,0,0,PVC Pipes,180194.69
91.0,2,1,1,0,1,Medium,Medium,Low,Medium,Medium,Low,Medium,High,Medium,0,0,0,PVC Pipes,163124.79
82.9,2,1,1,2,1,Medium,Low,High,High,Medium,Medium,High,High,Medium,0,1,0,PVC Pipes,174274.95
123.2,3,2,1,2,1,Medium,Medium,Medium,Medium,High,Medium,Medium,Medium,High,1,0,0,PVC Pipes,291034.6
138.7,3,2,1,2,1,Medium,Medium,High,Low,Low,Medium,Low,Low,High,0,1,1,PPR Pipes,280059.56
97.6,2,1,1,1,1,Low,Low,Medium,Low,Low,Low,Medium,Low,Low,0,0,1,PPR Pipes,189317.38
113.9,3,2,1,1,1,High,High,High,High,High,High,High,High,Medium,1,1,0,PVC Pipes,281734.1
179.8,5,3,1,3,1,High,High,High,Medium,High,High,High,High,High,1,1,0,PVC Pipes,416950.25
100.0,2,1,1,0,1,Medium,Low,Low,Medium,High,Low,Medium,Medium,Medium,0,1,1,PVC Pipes,185639.33
125.6,3,2,1,2,1,High,High,High,High,Medium,High,High,Medium,High,1,1,1,PVC Pipes,305443.08
85.0,2,1,1,2,1,Low,Low,Low,Low,Medium,Low,Medium,Low,Medium,0,0,0,PPR Pipes,157393.19
166.4,4,2,1,2,1,Medium,Medium,Medium,Medium,Medium,Medium,Medium,High,Medium,1,1,0,PVC Pipes,363437.43
68.2,2,1,1,0,1,Medium,Medium,Medium,Medium,Medium,Medium,Medium,Medium,Medium,1,1,0,PVC Pipes,156117.15
167.7,4,1,1,2,1,High,Medium,High,High,Medium,High,High,High,High,1,1,1,PVC Pipes,348343.64
121.8,3,1,1,0,1,Low,Medium,Low,Low,Low,Low,Low,Low,Low,0,0,0,PPR Pipes,212693.59
114.7,3,2,1,0,1,Medium,Medium,Medium,High,Low,Low,High,Medium,Medium,0,0,1,PVC Pipes,222080.6
180.1,4,2,1,0,1,Low,Medium,Low,Low,Low,Low,Low,Low,Medium,0,0,0,PPR Pipes,293967.66
122.8,3,2,1,2,1,Medium,High,Medium,High,High,High,High,Medium,Medium,1,0,1,PVC Pipes,277692.17
87.8,2,1,1,2,1,High,High,Medium,High,High,High,High,High,High,1,1,0,PVC Pipes,207885.98
147.6,4,2,1,3,1,High,High,Medium,High,Medium,High,High,High,Medium,1,1,1,PVC Pipes,365243.63
53.6,1,1,1,1,1,Medium,Medium,Medium,Low,Medium,Medium,Medium,High,Medium,0,1,1,PVC Pipes,121264.16
226.5,5,3,1,2,1,Medium,Medium,Medium,Medium,Medium,Medium,Medium,Medium,Medium,1,1,0,PVC Pipes,480805.13
142.5,4,2,1,1,1,High,High,High,High,Medium,High,Medium,High,High,1,1,1,PVC Pipes,346769.36
119.8,2,1,1,0,1,High,Medium,High,High,High,Medium,High,High,High,0,1,1,PVC Pipes,229901.32
150.1,3,1,1,0,1,High,Medium,High,Medium,High,Medium,High,Medium,Medium,1,1,0,PVC Pipes,290427.67
199.8,5,3,1,2,1,Low,Low,Low,Low,Low,Low,Low,Medium,Medium,0,0,0,PVC Pipes,335691.85
159.3,4,1,1,1,1,Medium,Medium,Medium,High,Medium,High,Medium,Medium,Medium,0,0,0,PVC Pipes,290713.29
155.7,4,1,1,2,1,Medium,Medium,High,Medium,Low,Medium,Medium,Medium,High,1,0,0,PVC Pipes,317336.7
91.4,2,1,1,0,1,High,High,High,High,High,High,High,High,High,1,1,1,PVC Pipes,219846.07
63.1,2,1,1,0,1,Low,Low,Low,Medium,Medium,Low,Low,Low,Medium,0,0,0,PPR Pipes,129172.81
71.2,2,1,1,0,1,Medium,Medium,Medium,High,High,Medium,Low,Medium,Medium,0,1,0,PVC Pipes,133876.33
111.3,3,1,1,2,1,Low,Low,Low,Medium,Medium,Low,Low,Medium,Medium,0,0,0,PVC Pipes,198280.0
70.8,2,1,1,1,1,Low,Medium,Low,Low,Medium,Low,Low,Low,Low,0,0,0,PPR Pipes,141435.2
157.3,4,2,1,3,1,Medium,Medium,High,Medium,Medium,Medium,Medium,Medium,Medium,0,0,1,PVC Pipes,322306.96
118.8,3,2,1,2,1,Low,Low,Low,Low,Low,Low,Low,Low,Low,0,0,0,PPR Pipes,218333.64
156.9,4,2,1,2,1,Medium,Low,Medium,Medium,Medium,Medium,Medium,Medium,Medium,0,1,1,PVC Pipes,281829.98
50.8,1,1,1,0,1,Medium,Low,Medium,High,Medium,Medium,Medium,Medium,Medium,0,0,0,PVC Pipes,100857.1
129.1,3,2,1,1,1,Low,Low,Low,Medium,Medium,Medium,Low,Medium,Low,0,0,0,PVC Pipes,231004.73
113.7,3,2,1,3,1,Medium,Medium,High,Medium,Medium,Medium,Medium,Medium,Medium,1,1,0,PVC Pipes,265876.51
121.0,3,2,1,1,1,Medium,Medium,Medium,High,Medium,Medium,Low,High,Medium,0,0,0,PVC Pipes,229002.36
137.2,3,2,1,1,1,Medium,Medium,Medium,Medium,Low,High,Medium,High,Low,1,1,0,PVC Pipes,297071.46
128.3,3,2,1,1,1,Medium,Low,Medium,Medium,High,Medium,Medium,Medium,Medium,0,0,0,PVC Pipes,240275.03
201.9,5,2,1,1,2,Low,Low,Medium,Medium,Low,Low,Low,Low,Low,0,0,0,PPR Pipes,351795.7
105.6,3,2,1,2,1,Medium,Medium,Medium,Low,High,Medium,High,Medium,High,0,0,0,PVC Pipes,220396.42
167.3,4,1,1,2,1,High,High,High,Medium,High,High,High,High,Medium,1,1,0,PVC Pipes,340968.42
99.9,2,1,1,1,1,Medium,Medium,High,Low,Medium,High,Low,Low,Medium,1,1,0,PPR Pipes,197998.17
113.9,3,2,1,1,1,Medium,Medium,Low,Medium,Medium,High,Low,Medium,Medium,1,0,0,PVC Pipes,247059.02
119.2,3,2,1,0,1,High,High,High,High,Medium,High,Medium,High,High,1,1,1,PVC Pipes,270948.58
104.5,3,2,1,1,1,Low,Low,Low,Low,Low,Low,Low,Low,Medium,0,1,0,PPR Pipes,198440.17
130.0,3,1,1,1,1,High,High,High,High,High,High,Medium,High,High,1,1,1,PVC Pipes,289100.89
104.9,3,1,1,1,1,Medium,Medium,Medium,Medium,High,Medium,High,Medium,Medium,1,0,1,PVC Pipes,230772.8
50.0,1,1,1,0,1,Medium,Medium,Medium,Medium,High,Medium,Medium,Medium,Medium,1,1,1,PVC Pipes,133079.08
115.7,3,2,1,1,1,Medium,Medium,Medium,Medium,High,Medium,Low,Low,Medium,1,1,1,PPR Pipes,246137.2
160.0,4,2,1,2,1,High,High,High,Medium,High,High,Medium,High,High,1,1,1,PVC Pipes,366390.53
147.0,4,2,1,1,1,Medium,Medium,High,Medium,Medium,Medium,Low,Medium,Low,1,0,0,PVC Pipes,293859.93
135.8,4,2,1,3,1,Medium,Medium,Medium,High,Medium,Medium,Medium,Low,High,0,0,0,PPR Pipes,292809.86
94.9,2,1,1,0,1,Low,Low,Medium,Low,Low,Low,Low,Medium,Low,0,0,0,PVC Pipes,162255.91
75.7,2,1,1,0,1,Medium,High,Medium,Medium,Medium,Medium,High,Medium,Low,0,1,1,PVC Pipes,157638.16
175.3,4,2,1,1,1,Low,Low,Low,Low,Low,Low,Medium,Low,Medium,0,0,0,PPR Pipes,327138.06
123.4,2,1,1,2,1,Low,Medium,Low,Low,Low,Low,Medium,Low,Low,0,0,0,PPR Pipes,218201.12
207.2,5,2,1,3,1,Low,Low,Medium,Low,Medium,Low,Low,Low,Medium,0,0,0,PPR Pipes,393488.53
144.5,3,2,1,1,1,High,High,Medium,High,Medium,High,High,High,High,1,1,0,PVC Pipes,320278.85
133.0,3,1,1,2,1,Low,Low,Low,Low,Low,Low,Medium,Low,Medium,0,0,0,PPR Pipes,223485.97
63.7,2,1,1,2,1,Medium,Low,Medium,High,Medium,Low,Low,Medium,Medium,1,0,0,PVC Pipes,145049.3
61.4,2,1,1,2,1,High,High,High,High,High,Medium,High,High,High,1,1,0,PVC Pipes,172460.47
175.7,5,2,1,3,1,Medium,High,Medium,Medium,High,Medium,Medium,Medium,Medium,1,1,0,PVC Pipes,407257.71
124.9,3,2,1,2,1,Medium,Medium,Medium,Medium,Medium,Medium,Medium,Low,Medium,0,0,0,PPR Pipes,252807.23
87.3,2,1,1,1,1,Low,Medium,Medium,Low,Low,Low,Low,Low,Low,0,0,0,PPR Pipes,151763.86
196.2,5,2,1,3,2,Low,Low,Medium,Medium,Medium,Low,Low,Low,Low,0,0,0,PPR Pipes,344538.18
141.3,3,2,1,1,1,Low,Medium,Low,Low,Medium,Low,Low,Medium,Low,1,0,0,PVC Pipes,295380.83
108.4,3,1,1,3,1,Medium,Medium,High,Medium,High,Medium,Medium,Medium,High,0,1,1,PVC Pipes,240890.15
143.5,4,1,1,1,1,Medium,Low,High,High,High,Medium,Medium,Low,Medium,1,1,0,PPR Pipes,285690.41
76.9,2,1,1,0,1,Medium,Medium,Medium,Medium,Low,Medium,Low,Medium,Medium,1,1,1,PVC Pipes,162812.83
155.0,4,2,1,1,1,Medium,Medium,Medium,Medium,Medium,Medium,High,Medium,Medium,1,0,0,PVC Pipes,343864.98
121.8,3,2,1,2,1,Medium,Medium,Medium,High,Medium,Medium,Medium,Medium,Medium,0,1,1,PVC Pipes,239891.93
118.4,3,1,1,1,1,Medium,Low,Medium,Medium,Medium,High,Medium,Medium,Medium,1,1,1,PVC Pipes,238088.88
133.0,3,2,1,2,1,Medium,Medium,High,Medium,Medium,Medium,High,Medium,Medium,1,0,0,PVC Pipes,299166.01
75.3,2,1,1,1,1,High,Medium,High,High,High,Medium,High,High,Medium,1,1,1,PVC Pipes,192135.22
157.7,4,1,1,1,1,Low,Low,Low,Low,Low,Low,Medium,Low,Low,0,0,0,PPR Pipes,263515.44
126.3,3,1,1,1,1,High,Medium,Medium,High,High,High,Medium,Medium,High,0,1,0,PVC Pipes,226354.88
63.9,2,1,1,1,1,Low,Medium,Low,Medium,Medium,Low,Low,Low,Medium,0,0,0,PPR Pipes,129628.31
65.8,2,1,1,1,1,High,High,Medium,High,Medium,Medium,High,Medium,High,1,0,1,PVC Pipes,172343.49
192.8,5,2,1,1,2,Medium,Low,Medium,Medium,Low,Medium,Medium,Medium,Medium,1,0,0,PVC Pipes,370803.95
104.5,3,2,1,1,1,High,High,High,High,High,High,High,High,High,1,1,1,PVC Pipes,260222.79
165.8,4,2,1,1,1,Low,Low,Low,Low,Medium,Low,Medium,Low,Low,0,0,0,PPR Pipes,296323.15
143.1,4,2,1,1,1,High,High,High,Medium,High,High,High,High,High,1,1,1,PVC Pipes,329493.95
62.2,1,1,1,1,1,Medium,High,Medium,Medium,Medium,Medium,Medium,Medium,High,0,0,0,PVC Pipes,130251.67
54.5,1,1,1,0,1,Medium,Medium,Medium,Low,Medium,Low,Medium,Medium,Medium,1,0,1,PVC Pipes,129357.28
88.7,3,2,1,1,1,High,Medium,High,High,Medium,High,Medium,Medium,Medium,0,0,1,PVC Pipes,200213.49
104.1,2,1,1,1,1,Low,Medium,Medium,Low,Low,Low,Low,Low,Low,0,0,1,PPR Pipes,189220.67
149.7,4,2,1,3,1,Medium,Low,Low,Medium,High,Medium,High,Medium,Medium,1,1,1,PVC Pipes,328748.99
109.9,3,2,1,2,1,Low,Low,Low,Low,Low,Low,Medium,Low,Low,0,0,1,PPR Pipes,213654.12
119.0,3,2,1,0,1,High,High,High,High,High,High,Medium,High,High,0,1,1,PVC Pipes,234020.8
166.8,4,2,1,1,1,Medium,Low,High,Medium,High,Medium,Medium,Medium,Medium,0,0,0,PVC Pipes,271497.7
109.2,3,1,1,2,1,High,High,High,Medium,High,Medium,High,High,Medium,1,1,1,PVC Pipes,262451.52
123.6,3,1,1,3,1,Medium,Medium,Medium,High,Medium,Medium,Medium,Low,Low,0,1,1,PPR Pipes,233293.07
92.7,2,1,1,1,1,Medium,Medium,High,Medium,Medium,Medium,High,Medium,Medium,0,0,1,PVC Pipes,183029.61
128.3,3,2,1,1,1,Low,Low,Low,Medium,Low,Low,Medium,Medium,Low,0,0,0,PVC Pipes,230289.71
101.0,2,1,1,2,1,High,High,High,High,High,High,Medium,High,Medium,0,1,1,PVC Pipes,202682.87
102.8,3,2,1,2,1,Low,Low,Low,Low,Low,Low,Low,Medium,Low,0,0,0,PVC Pipes,207618.88
170.2,4,1,1,2,1,Medium,Medium,Medium,Low,Medium,Medium,Medium,Medium,Medium,0,1,1,PVC Pipes,292216.18
148.8,4,2,1,3,1,Medium,Medium,Medium,Medium,Medium,Medium,Medium,Low,Low,1,1,0,PPR Pipes,330569.54
119.3,3,2,1,1,1,Medium,Medium,Medium,Low,Medium,Medium,Medium,Medium,Low,0,0,1,PVC Pipes,237274.37
143.9,4,2,1,2,1,High,High,High,High,High,Medium,High,Medium,High,1,1,1,PVC Pipes,349185.49
125.8,3,1,1,1,1,Medium,Medium,Medium,Medium,High,Low,Medium,High,Medium,0,1,1,PVC Pipes,234654.34
50.0,1,1,1,0,1,Medium,Medium,High,Medium,High,Medium,Medium,Low,Medium,1,1,0,PPR Pipes,114980.22
89.6,2,1,1,1,1,Low,Medium,Medium,Low,Low,Low,Low,Low,Low,0,0,0,PPR Pipes,170195.48
126.3,3,2,1,3,1,Low,Low,Low,Low,Low,Low,Medium,Low,Low,1,0,0,PPR Pipes,271198.1
108.1,3,2,1,1,1,Low,Medium,Low,Medium,Medium,Low,Low,Low,Medium,0,0,0,PPR Pipes,210571.31
124.0,3,2,1,3,1,Medium,Low,Medium,Medium,Medium,Low,Low,Medium,Medium,0,1,1,PVC Pipes,245945.27
127.7,3,2,1,1,1,Medium,Medium,Low,Medium,Medium,Low,High,Low,Medium,1,0,0,PPR Pipes,284101.58
90.5,2,1,1,1,1,Medium,Medium,Medium,Medium,Medium,Medium,Low,Medium,Medium,1,1,1,PVC Pipes,183758.78
104.5,3,2,1,0,1,High,High,Medium,High,Medium,Medium,High,High,Medium,1,1,1,PVC Pipes,243933.02
151.1,4,2,1,1,1,Medium,Medium,High,Medium,Medium,Medium,Medium,Medium,Low,1,0,1,PVC Pipes,321351.97
63.6,1,1,1,1,1,Low,Medium,Medium,Low,Low,Low,Low,Low,Low,0,0,0,PPR Pipes,120957.59
128.9,4,1,1,2,1,Medium,Medium,Medium,Medium,Medium,Medium,Medium,High,High,1,0,0,PVC Pipes,265481.16
166.6,4,2,1,2,1,Medium,Medium,Medium,Medium,High,Medium,Medium,Medium,Medium,1,1,0,PVC Pipes,350339.89
124.6,3,2,1,1,1,High,Medium,High,Medium,High,High,High,High,High,1,1,0,PVC Pipes,291286.15
105.9,2,1,1,1,1,Low,Low,Medium,Low,Low,Low,Low,Medium,Medium,0,0,0,PVC Pipes,176656.16
168.9,4,1,1,3,1,Low,Low,Low,Medium,Low,Low,Low,Medium,Medium,0,1,0,PVC Pipes,296464.19
169.6,4,1,1,2,1,Low,Low,Low,Low,Medium,Low,Low,Low,Low,0,1,0,PPR Pipes,290400.86
67.6,1,1,1,2,1,High,High,Medium,High,High,Medium,Medium,High,High,1,1,1,PVC Pipes,181932.58
112.3,3,2,1,1,1,Medium,Medium,Medium,Medium,High,Medium,Medium,High,Medium,1,0,0,PVC Pipes,263330.99
146.1,4,2,1,2,1,Low,Low,Low,Medium,Low,Low,Low,Low,Medium,0,0,0,PPR Pipes,265940.0
88.2,2,1,1,2,1,Low,Low,Medium,Medium,Low,Medium,Medium,Medium,Low,0,0,0,PVC Pipes,174769.21
128.5,3,1,1,0,1,Low,Low,Low,Low,Low,Low,Low,Medium,Low,0,0,0,PVC Pipes,210795.26
119.8,3,2,1,1,1,High,High,High,High,High,Medium,High,Medium,High,1,0,1,PVC Pipes,304502.71
95.4,3,1,1,1,1,Medium,Medium,Low,Medium,Medium,High,Medium,Low,High,0,1,1,PPR Pipes,192925.16
126.2,3,1,1,1,1,Medium,Medium,Medium,Medium,Medium,High,Medium,Medium,Medium,0,1,1,PVC Pipes,220662.68
57.1,2,1,1,2,1,Medium,High,High,Low,Medium,Medium,Medium,Medium,Medium,1,1,1,PVC Pipes,162681.45
104.4,2,1,1,1,1,Low,Low,Low,Low,Low,Medium,Low,Low,Low,0,0,0,PPR Pipes,172473.39
50.0,1,1,1,1,1,High,High,Medium,Medium,Medium,Medium,Medium,High,High,1,1,0,PVC Pipes,127795.94
140.7,3,1,1,1,1,Medium,Medium,Medium,Medium,High,Low,Medium,High,Low,1,0,0,PVC Pipes,280893.05
110.2,3,1,1,1,1,High,High,Medium,High,Medium,High,Medium,Medium,High,1,1,1,PVC Pipes,253580.31
149.4,4,2,1,1,1,Medium,Medium,Medium,Medium,Medium,Medium,Medium,Medium,Medium,0,1,0,PVC Pipes,273945.27
106.5,3,2,1,1,1,Low,Medium,Low,Low,Low,Low,Medium,Low,Low,0,0,0,PPR Pipes,220226.5
168.7,4,2,1,2,1,High,High,High,High,High,High,High,Medium,Medium,1,1,1,PVC Pipes,399857.78
85.1,2,1,1,0,1,High,High,High,Medium,Medium,High,High,High,Medium,1,1,0,PVC Pipes,193475.43
154.8,4,1,1,1,1,Low,Medium,Low,Low,Low,Low,Low,Low,Low,0,0,0,PPR Pipes,248083.8
83.5,2,1,1,1,1,High,Medium,High,High,Medium,Medium,High,High,Medium,1,1,1,PVC Pipes,194227.41
108.7,3,1,1,1,1,Medium,Medium,Medium,Medium,Medium,Medium,Medium,Low,Medium,1,0,1,PPR Pipes,225538.0
114.4,3,2,1,0,1,Medium,Medium,Medium,Medium,Medium,Medium,Medium,Medium,Medium,0,0,0,PVC Pipes,227058.06
78.1,2,1,1,1,1,Medium,Medium,Low,High,Medium,Medium,Medium,Medium,Medium,1,1,1,PVC Pipes,185849.92
193.6,5,2,1,2,1,Medium,Medium,Medium,Medium,Medium,Medium,Medium,Low,Medium,1,1,1,PPR Pipes,410479.21
89.2,2,1,1,1,1,High,High,High,High,High,Medium,High,High,Medium,1,1,1,PVC Pipes,218366.78
50.0,2,1,1,1,1,Low,Low,Low,Low,Low,Low,Medium,Medium,Low,0,0,1,PVC Pipes,112744.17
77.1,2,1,1,0,1,Medium,Medium,Medium,Low,High,High,Medium,Medium,Medium,1,1,1,PVC Pipes,168030.68
121.2,3,2,1,0,1,Medium,Medium,Medium,Medium,High,Low,High,High,High,0,0,1,PVC Pipes,253130.05
128.3,3,2,1,3,1,Low,Low,Medium,Medium,Low,Low,Medium,Low,Medium,0,0,0,PPR Pipes,244629.39
128.2,3,1,1,2,1,Medium,High,Medium,Medium,Medium,High,Medium,Medium,Medium,0,1,0,PVC Pipes,240724.66
156.1,4,1,1,2,1,Low,Medium,Low,Medium,Low,Medium,Low,Low,Low,0,0,0,PPR Pipes,268555.49
149.3,4,1,1,2,1,Low,Low,Low,Low,Medium,Medium,Low,Low,Low,0,0,0,PPR Pipes,234598.91
62.5,2,1,1,0,1,Medium,Medium,High,Medium,Medium,Medium,Medium,Low,Medium,0,0,0,PPR Pipes,137117.43
113.2,2,1,1,0,1,High,Medium,Medium,High,High,High,High,High,Medium,1,1,1,PVC Pipes,239482.19
133.5,3,1,1,0,1,Medium,Medium,Medium,Medium,Medium,High,Medium,Low,Medium,1,0,0,PPR Pipes,276947.98
94.5,2,1,1,0,1,Low,Low,Low,Low,Low,Low,Low,Low,Low,0,0,0,PPR Pipes,158841.82
122.0,3,2,1,1,1,Medium,Medium,Low,Medium,Medium,Medium,Low,Medium,Medium,1,0,1,PVC Pipes,275467.22
118.4,3,1,1,2,1,Medium,Medium,Medium,Medium,Medium,Medium,Medium,Medium,Medium,0,1,0,PVC Pipes,224714.24
99.8,2,1,1,0,1,High,Medium,Medium,Medium,High,High,Medium,High,High,1,1,1,PVC Pipes,214517.24
106.9,3,2,1,3,1,Low,Medium,Medium,Low,Medium,Low,Low,Low,Medium,0,0,0,PPR Pipes,238095.88
90.1,2,1,1,2,1,Low,Low,Low,Low,Medium,Medium,Medium,Medium,Low,0,0,0,PVC Pipes,174241.02
121.1,3,2,1,1,1,Low,Low,Low,Low,Low,Low,Low,Low,Low,0,0,0,PPR Pipes,223289.98
213.5,5,2,1,2,1,Medium,Medium,Medium,Medium,Medium,Medium,Low,High,Medium,1,1,0,PVC Pipes,402323.71
157.7,4,2,1,2,1,High,High,High,Medium,Medium,High,High,High,High,1,1,1,PVC Pipes,343442.47
68.6,2,1,1,0,1,Low,Low,Low,Low,Medium,Medium,Low,Low,Medium,0,0,0,PPR Pipes,133257.15
204.9,5,3,1,3,1,Low,Medium,Low,Medium,Low,Low,Low,Medium,Low,0,0,0,PVC Pipes,374630.0
183.1,4,2,1,2,1,Low,Medium,Low,Medium,Low,Low,Low,Medium,Low,0,0,0,PVC Pipes,324010.27
121.8,2,1,1,1,1,Medium,Medium,Medium,Medium,Medium,Medium,Medium,Low,Medium,1,0,1,PPR Pipes,247587.44
119.5,3,1,1,0,1,High,Medium,High,Medium,Medium,High,High,High,High,1,1,0,PVC Pipes,243873.87
178.5,4,2,1,3,1,Medium,High,Medium,Medium,Medium,Low,Medium,High,Medium,0,0,0,PVC Pipes,357343.8
107.5,3,1,1,0,1,Medium,Medium,Medium,Medium,Medium,Medium,Medium,High,High,1,0,0,PVC Pipes,216171.52
119.8,3,2,1,1,1,Low,Low,Low,Low,Medium,Low,Low,Low,Low,1,1,0,PPR Pipes,238809.99
99.8,2,1,1,1,1,Medium,Medium,Medium,Medium,Medium,Medium,High,Medium,Medium,1,1,1,PVC Pipes,210848.11
176.6,4,2,1,2,1,High,High,Medium,High,High,High,High,High,High,1,1,1,PVC Pipes,425997.41
57.2,1,1,1,1,1,High,High,High,High,High,High,High,Medium,High,1,1,1,PVC Pipes,159573.38
123.3,3,1,1,0,1,High,High,Medium,High,High,High,High,Medium,High,1,1,1,PVC Pipes,287906.58
160.1,4,2,1,2,1,Low,Low,Low,Medium,Medium,Low,Low,Low,Low,1,0,1,PPR Pipes,325440.9
92.6,2,1,1,1,1,Medium,Medium,Medium,Medium,Medium,Medium,Low,Medium,Medium,1,0,0,PVC Pipes,193293.55
179.9,5,3,1,2,1,High,High,High,High,High,High,Medium,Medium,High,1,1,0,PVC Pipes,425944.58
85.9,2,1,1,0,1,Low,Medium,Low,Medium,Low,Low,Low,Low,Low,0,0,0,PPR Pipes,153419.9
172.6,4,2,1,3,1,High,High,High,High,Medium,High,High,Medium,Medium,1,0,1,PVC Pipes,389481.37
73.5,2,1,1,0,1,Low,Low,Medium,Medium,Low,Medium,Low,Low,Low,0,0,0,PPR Pipes,131124.34
131.7,4,2,1,1,1,High,Medium,High,High,High,High,High,High,Medium,1,1,0,PVC Pipes,320586.35
157.2,4,1,1,3,1,Medium,Medium,Medium,Low,Medium,Medium,Medium,High,Medium,0,1,1,PVC Pipes,303935.21
82.4,2,1,1,0,1,Medium,Medium,Medium,Medium,Low,High,Medium,Medium,Medium,1,0,1,PVC Pipes,180428.65
119.8,3,1,1,2,1,Medium,Medium,Medium,Medium,Low,Medium,Medium,Medium,Low,0,0,1,PVC Pipes,228197.29
176.0,4,2,1,3,1,Medium,Medium,Medium,Medium,Medium,Medium,Medium,Medium,High,0,1,0,PVC Pipes,348860.55
150.2,4,1,1,2,1,High,Medium,High,Medium,High,High,High,High,Medium,1,1,1,PVC Pipes,336208.06
93.2,2,1,1,1,1,Medium,Medium,Medium,Medium,Medium,Medium,Low,Medium,Medium,1,0,0,PVC Pipes,190202.04
85.3,2,1,1,1,1,Medium,Medium,Low,Low,Medium,High,Medium,Medium,Medium,0,1,1,PVC Pipes,158276.37
159.8,4,2,1,2,1,Medium,High,Medium,Medium,Medium,High,Medium,Medium,High,0,1,1,PVC Pipes,288552.4
108.0,3,2,1,1,1,Medium,Medium,Medium,Medium,Medium,Medium,Medium,Low,Medium,1,1,0,PPR Pipes,245960.36
72.5,2,1,1,0,1,Low,Low,Medium,Low,Low,Low,Low,Low,Medium,0,0,0,PPR Pipes,131366.92
163.5,4,2,1,1,1,Medium,Medium,Low,Medium,Medium,Medium,High,Medium,Medium,0,0,1,PVC Pipes,320808.43
106.2,3,2,1,1,1,Low,Low,Medium,Low,Low,Low,Low,Low,Low,0,0,0,PPR Pipes,191045.94
62.3,2,1,1,2,1,Medium,Medium,Medium,Medium,Medium,Medium,High,Medium,Medium,1,0,0,PVC Pipes,155651.65
177.5,4,2,1,3,1,Low,Medium,Low,Low,Low,Low,Low,Low,Low,0,0,0,PPR Pipes,314595.65
141.2,3,1,1,2,1,Medium,Low,Low,Medium,Medium,Medium,Medium,Medium,Medium,0,1,1,PVC Pipes,261294.42
94.9,2,1,1,1,1,High,High,Medium,High,High,High,High,Medium,High,1,1,1,PVC Pipes,228966.93
148.3,4,2,1,2,1,Low,Medium,Low,Low,Low,Low,Low,Medium,Low,0,1,0,PVC Pipes,270570.23
117.7,3,2,1,1,1,High,Medium,High,High,High,High,Medium,High,High,1,1,1,PVC Pipes,256987.98
50.0,1,1,1,2,1,Low,Low,Medium,Low,Low,Low,Low,Medium,Low,0,0,0,PVC Pipes,108321.28
158.0,4,2,1,2,1,Low,Low,Low,Low,Medium,Low,Low,Medium,Low,0,0,0,PVC Pipes,291345.16
113.8,3,2,1,0,1,Low,Medium,Medium,Medium,Medium,Medium,Medium,Low,Low,0,1,1,PPR Pipes,211266.47
86.0,3,1,1,1,1,High,High,Medium,High,Medium,High,High,High,Medium,1,0,1,PVC Pipes,221996.26
124.9,3,2,1,1,1,Medium,Medium,High,Medium,Medium,Medium,Medium,High,High,0,1,0,PVC Pipes,246882.31
114.5,3,2,1,1,1,Medium,Medium,Low,Medium,Medium,Medium,High,Medium,Medium,1,1,1,PVC Pipes,267470.57
119.3,3,1,1,1,1,High,High,High,Medium,Medium,Medium,High,High,High,1,0,0,PVC Pipes,275983.33
161.1,4,2,1,2,1,Medium,High,Medium,Medium,Medium,Medium,Medium,Medium,High,1,0,0,PVC Pipes,372541.77
127.9,3,1,1,0,1,Medium,Medium,Medium,Low,Low,Medium,Medium,Medium,Medium,1,1,1,PVC Pipes,258340.65
103.7,2,1,1,0,1,Medium,Medium,High,Medium,High,Medium,Medium,Low,Low,0,0,1,PPR Pipes,176434.2
76.2,2,1,1,1,1,High,High,High,High,High,High,High,High,High,1,1,1,PVC Pipes,196265.98
150.4,4,2,1,1,1,Medium,Medium,Medium,High,Medium,Medium,Medium,Medium,Low,0,1,0,PVC Pipes,287757.61
123.3,3,2,1,1,1,Medium,Medium,Medium,Low,Medium,Medium,Medium,Medium,Medium,0,0,1,PVC Pipes,239920.47
137.4,3,2,1,1,1,Low,Medium,Low,Low,Low,Low,Medium,Low,Low,0,0,0,PPR Pipes,240312.02
127.2,3,1,1,1,1,Medium,Medium,Medium,Medium,Low,Medium,Medium,Medium,Medium,0,0,1,PVC Pipes,219038.64
89.1,2,1,1,0,1,High,High,Medium,Medium,Medium,High,High,Medium,High,1,1,1,PVC Pipes,207276.23
86.8,2,1,1,0,1,Medium,Medium,Medium,Low,Medium,Medium,Medium,Medium,High,0,0,1,PVC Pipes,168036.15
178.5,4,1,1,3,1,Medium,High,Low,Medium,Medium,Medium,Medium,Low,Low,1,1,0,PPR Pipes,347377.99
197.1,5,3,1,3,1,Medium,Medium,High,Medium,Medium,Medium,High,Medium,Medium,0,1,1,PVC Pipes,400029.34
131.1,3,2,1,2,1,Low,Low,Low,Low,Low,Medium,Medium,Medium,Medium,0,0,0,PVC Pipes,241616.7
91.7,2,1,1,1,1,Low,Low,Medium,Low,Low,Low,Medium,Medium,Medium,0,0,0,PVC Pipes,180270.59
89.6,2,1,1,2,1,Medium,Medium,Medium,Medium,Medium,Medium,Medium,Medium,Medium,0,1,1,PVC Pipes,179708.31
63.5,2,1,1,0,1,High,High,High,Medium,Medium,Medium,Medium,High,High,1,0,0,PVC Pipes,148137.76
98.0,2,1,1,2,1,Medium,Medium,Medium,High,Medium,Medium,Medium,Medium,Low,0,1,1,PVC Pipes,191502.76
100.6,2,1,1,1,1,Low,Low,Low,Medium,Medium,Medium,Low,Low,Low,0,0,0,PPR Pipes,167026.54
120.2,3,2,1,2,1,Medium,Medium,Low,High,Medium,Medium,Medium,Medium,Medium,1,0,0,PVC Pipes,260747.22
184.5,5,3,1,2,1,Medium,Low,Low,High,Medium,Medium,Low,High,Medium,0,1,1,PVC Pipes,350556.48
161.6,4,2,1,2,1,Low,Low,Medium,Medium,Low,Low,Low,Low,Low,0,0,0,PPR Pipes,294102.19
109.6,3,2,1,0,1,Medium,Medium,Medium,Medium,Medium,Medium,Low,Low,Medium,1,0,1,PPR Pipes,243007.07
164.7,4,2,1,2,1,Low,Low,Low,Low,Low,Medium,Low,Low,Medium,0,0,0,PPR Pipes,306275.08
140.1,4,2,1,1,1,Low,Low,Low,Medium,Low,Medium,Medium,Medium,Low,0,1,0,PVC Pipes,257846.54
162.9,4,1,1,2,1,Medium,Medium,Medium,Medium,Medium,Medium,Medium,Medium,Medium,0,1,1,PVC Pipes,290849.03
84.9,2,1,1,1,1,Low,Low,Low,Low,Low,Low,Low,Medium,Low,0,0,0,PVC Pipes,158561.98
94.6,2,1,1,1,1,Medium,Medium,Medium,Medium,High,Medium,Low,Low,Medium,1,0,0,PPR Pipes,186593.98
61.4,2,1,1,2,1,Low,Low,Low,Low,Low,Low,Low,Medium,Low,0,0,0,PVC Pipes,126899.81
163.1,4,2,1,2,1,Medium,Medium,Medium,Medium,High,Medium,Medium,Medium,Medium,0,0,1,PVC Pipes,305281.25
50.0,1,1,1,0,1,Medium,Medium,Medium,High,Medium,High,Medium,Medium,Medium,1,1,1,PVC Pipes,121568.64
86.8,2,1,1,2,1,High,Medium,High,High,High,High,Medium,High,High,1,1,1,PVC Pipes,196251.32
110.0,3,2,1,3,1,High,High,High,Medium,High,High,Medium,High,High,1,1,1,PVC Pipes,283342.26
86.3,2,1,1,0,1,Low,Low,Medium,Low,Low,Medium,Low,Low,Low,1,0,0,PPR Pipes,159378.62
128.9,3,2,1,0,1,Low,Low,Medium,Low,Medium,Medium,Medium,Low,Low,0,0,0,PPR Pipes,250932.57
123.6,3,2,1,2,1,Low,Low,Medium,Low,Medium,Low,Medium,Medium,Low,0,0,0,PVC Pipes,236279.93
106.2,2,1,1,1,1,Low,Low,Low,Medium,Low,Low,Low,Low,Low,0,0,0,PPR Pipes,183731.05
77.1,2,1,1,0,1,Medium,Medium,Medium,Medium,Low,Low,Medium,Medium,Medium,0,0,0,PVC Pipes,137981.49
107.7,2,1,1,0,1,Low,Low,Low,Medium,Low,Low,Low,Medium,Low,1,0,0,PVC Pipes,200433.65
111.9,2,1,1,0,1,Low,Medium,Medium,Low,Low,Low,Low,Low,Low,0,0,0,PPR Pipes,176634.78
159.5,4,2,1,0,1,Medium,Medium,Medium,Medium,Medium,High,Medium,High,High,1,0,1,PVC Pipes,341373.35
162.2,4,1,1,3,1,High,Medium,High,High,High,High,High,High,High,1,1,1,PVC Pipes,370149.75
182.3,4,1,1,1,2,Medium,Medium,Medium,Medium,Medium,Medium,Medium,Medium,Medium,1,1,0,PVC Pipes,340961.52
101.1,2,1,1,0,1,High,High,High,High,Medium,High,High,Medium,Medium,1,1,1,PVC Pipes,225629.94
50.0,1,1,1,0,1,Low,Low,Low,Medium,Low,Low,Low,Low,Low,0,1,0,PPR Pipes,101078.55
184.8,5,3,1,3,1,High,Medium,High,High,High,Medium,Medium,Medium,High,1,1,1,PVC Pipes,439889.11
112.2,3,2,1,1,1,Medium,High,Medium,Medium,Low,Medium,High,High,High,1,1,1,PVC Pipes,270633.11
174.8,4,1,1,2,1,Low,Low,Medium,Low,Medium,Low,Low,Medium,Low,0,0,1,PVC Pipes,286382.37
90.5,2,1,1,2,1,High,High,Medium,High,Medium,High,High,High,High,1,1,1,PVC Pipes,224447.23
50.1,1,1,1,0,1,Low,Low,Medium,Low,Low,Medium,Low,Low,Low,0,0,0,PPR Pipes,98401.95
150.7,4,2,1,2,1,Low,Low,Medium,Medium,Medium,Low,Low,Low,Low,0,0,0,PPR Pipes,273986.93
166.8,4,1,1,1,1,High,High,High,High,High,High,High,High,High,0,1,1,PVC Pipes,304715.59
107.9,3,1,1,2,1,Medium,High,Medium,Medium,Medium,Medium,High,Medium,Medium,0,0,0,PVC Pipes,217813.04
111.3,3,1,1,2,1,Medium,Medium,Medium,Medium,Medium,Low,Medium,Low,Medium,1,1,1,PPR Pipes,256220.8
98.1,3,2,1,1,1,Medium,Medium,Medium,Medium,Medium,Medium,Medium,Medium,Medium,0,1,1,PVC Pipes,207793.0
169.5,4,2,1,1,1,High,High,High,High,High,Medium,Medium,High,High,1,1,1,PVC Pipes,380348.2
66.4,2,1,1,1,1,Low,Medium,Low,Low,Medium,Medium,Medium,Low,Low,0,0,0,PPR Pipes,129738.73
123.9,3,1,1,0,1,Low,Medium,Low,Low,Low,Low,Low,Low,Low,0,1,0,PPR Pipes,210640.97
108.8,3,2,1,1,1,Medium,Low,Medium,High,High,Medium,Medium,Medium,Medium,0,0,1,PVC Pipes,222804.18
87.3,2,1,1,1,1,Medium,Medium,Medium,Medium,Medium,Medium,Medium,Medium,Medium,1,0,1,PVC Pipes,187407.93
107.0,3,1,1,1,1,Low,Low,Low,Low,Medium,Medium,Low,Low,Low,0,0,0,PPR Pipes,185526.72
59.1,2,1,1,2,1,High,High,High,High,High,High,High,High,High,1,1,1,PVC Pipes,177664.5
71.0,2,1,1,2,1,Medium,Low,Medium,High,Medium,Medium,Medium,Medium,Medium,1,0,1,PVC Pipes,168759.9
103.3,2,1,1,0,1,High,High,Medium,Medium,High,High,Medium,High,High,1,1,1,PVC Pipes,219525.96
82.4,2,1,1,1,1,Medium,Medium,Medium,Low,Medium,Medium,Low,Medium,Medium,0,0,1,PVC Pipes,145831.97
107.8,3,1,1,2,1,Medium,Medium,Medium,Medium,Medium,Medium,Medium,Medium,Low,1,1,1,PVC Pipes,234138.14
125.4,3,1,1,2,1,Medium,Medium,Medium,High,Medium,Low,High,Medium,Medium,0,1,0,PVC Pipes,232520.43
198.8,4,2,1,3,2,Low,Low,Low,Low,Low,Low,Low,Medium,Low,1,0,0,PVC Pipes,378112.84
90.2,2,1,1,1,1,Medium,Medium,Medium,High,Medium,Medium,Medium,Medium,Medium,0,1,1,PVC Pipes,171359.66
213.0,5,3,1,3,1,Medium,Medium,Medium,Medium,Medium,High,Medium,Medium,Medium,0,0,0,PVC Pipes,395979.72
114.8,3,2,1,2,1,Medium,Low,Medium,Medium,Medium,Low,Medium,Low,Medium,0,0,1,PPR Pipes,230106.44
139.4,3,1,1,1,1,Low,Low,Low,Medium,Low,Low,Low,Low,Low,0,0,0,PPR Pipes,233947.74
89.2,2,1,1,1,1,Medium,Medium,Medium,Medium,Medium,Medium,Medium,Medium,Medium,1,0,1,PVC Pipes,196182.94
127.6,3,1,1,1,1,High,Medium,High,Medium,Medium,High,Medium,High,High,1,1,1,PVC Pipes,267102.57
80.3,2,1,1,1,1,Low,Low,Low,Low,Medium,Low,Low,Low,Medium,0,0,0,PPR Pipes,155047.55
148.6,4,2,1,1,1,High,Medium,High,High,Medium,Medium,High,High,Medium,1,1,1,PVC Pipes,335154.63
206.6,5,3,1,2,2,Low,Low,Low,Low,Medium,Low,Low,Low,Low,0,0,0,PPR Pipes,360182.04
56.0,1,1,1,1,1,Medium,Medium,Medium,Medium,High,Medium,Medium,Medium,Low,0,1,0,PVC Pipes,119788.72
128.2,3,2,1,2,1,Low,Low,Low,Low,Low,Medium,Low,Medium,Low,1,0,0,PVC Pipes,257766.03
50.5,1,1,1,0,1,Medium,Medium,Medium,Low,Medium,High,Medium,Medium,Medium,0,0,1,PVC Pipes,109489.95
90.7,2,1,1,0,1,Low,Low,Low,Medium,Low,Low,Medium,Low,Low,0,0,0,PPR Pipes,167762.57
100.3,2,1,1,2,1,Low,Low,Low,Medium,Medium,Low,Medium,Low,Medium,0,0,0,PPR Pipes,192508.61
102.8,2,1,1,1,1,High,High,High,Medium,High,Medium,High,Medium,High,1,1,1,PVC Pipes,234488.87
153.3,4,2,1,2,1,Medium,High,Medium,Medium,Low,Low,Medium,Medium,Medium,0,0,1,PVC Pipes,292835.32
134.5,3,1,1,1,1,Medium,Medium,Low,High,Low,Low,Medium,Medium,Medium,1,1,0,PVC Pipes,261770.47
77.4,2,1,1,1,1,High,High,Medium,High,High,Medium,High,High,High,0,1,1,PVC Pipes,177306.76
125.0,3,2,1,0,1,High,High,High,Medium,Medium,High,High,High,High,1,1,1,PVC Pipes,301710.56
145.6,4,1,1,2,1,High,Medium,Medium,High,High,High,Medium,High,High,1,1,1,PVC Pipes,327025.55
200.9,5,2,1,2,2,Medium,Low,Low,Medium,Medium,Medium,Medium,Medium,High,0,0,1,PVC Pipes,363733.77
225.6,5,3,1,2,1,High,Medium,High,Medium,Medium,Medium,Medium,Medium,Medium,1,1,0,PVC Pipes,474541.4
50.4,1,1,1,0,1,Low,Medium,Low,Low,Medium,Low,Low,Low,Low,0,0,0,PVC Pipes,98902.43
84.2,2,1,1,1,1,Medium,Medium,Low,High,Medium,Medium,High,High,Medium,0,1,1,PVC Pipes,170176.89
92.7,2,1,1,2,1,High,High,High,High,Medium,Medium,High,High,Medium,0,1,0,PVC Pipes,191127.15
79.1,2,1,1,0,1,Low,Medium,Low,Medium,Low,Medium,Medium,Low,Low,0,0,0,PPR Pipes,146553.61
152.7,4,2,1,2,1,Medium,Medium,Medium,Medium,High,Medium,Medium,Medium,Medium,1,1,0,PVC Pipes,330577.36
90.5,2,1,1,2,1,High,High,High,Medium,High,High,High,High,High,1,0,1,PVC Pipes,232936.2
195.1,5,2,1,3,1,High,High,High,Medium,High,High,High,High,Medium,1,1,1,PVC Pipes,430920.81
116.6,3,2,1,1,1,Low,Low,Low,Medium,Low,Low,Medium,Medium,Low,0,0,0,PVC Pipes,213875.22
150.7,4,1,1,1,1,High,High,High,High,High,High,High,High,High,1,1,1,PVC Pipes,343421.81
115.6,2,1,1,1,1,Medium,Low,High,Low,Low,Low,Low,Medium,Medium,0,0,0,PVC Pipes,205838.38
77.3,2,1,1,1,1,Medium,Medium,Medium,Low,Medium,High,Medium,Medium,Low,1,1,0,PVC Pipes,174123.04
106.7,3,2,1,2,1,Low,Low,Low,Low,Low,Low,Low,Low,Low,1,0,0,PPR Pipes,214356.78
118.8,3,2,1,1,1,Medium,Medium,Low,Medium,High,High,Medium,Medium,Medium,0,1,0,PVC Pipes,235502.27
86.8,2,1,1,1,1,Medium,Low,Medium,Low,Medium,Medium,Medium,Medium,Medium,0,0,0,PVC Pipes,161023.32
77.2,2,1,1,2,1,Low,Low,Low,Low,Low,Low,Low,Low,Medium,1,0,0,PPR Pipes,157523.11
123.8,3,1,1,2,1,Medium,High,High,Medium,Medium,Medium,High,Medium,Medium,0,0,1,PVC Pipes,250483.15
120.4,3,2,1,1,1,Medium,Medium,High,Medium,Medium,Medium,Medium,Medium,Medium,1,1,1,PVC Pipes,262413.52
117.5,3,1,1,2,1,High,High,Medium,Medium,Medium,High,High,High,High,1,1,1,PVC Pipes,272934.18
196.4,5,2,1,1,1,Medium,Medium,Medium,Low,Medium,Medium,Medium,Medium,Medium,0,0,1,PVC Pipes,353803.18
202.3,5,3,1,2,1,High,Medium,High,Medium,High,Medium,Medium,Medium,High,1,0,0,PVC Pipes,437946.74
141.2,4,2,1,2,1,Low,Low,Low,Low,Low,Medium,Low,Low,Medium,0,0,0,PPR Pipes,246514.47
78.2,2,1,1,1,1,High,Medium,Medium,Medium,Medium,High,High,High,High,0,1,1,PVC Pipes,182802.73
169.8,4,2,1,2,1,Medium,Medium,Medium,Low,Low,Medium,Medium,Medium,Medium,0,0,1,PVC Pipes,311058.01
124.0,3,1,1,0,1,Low,Low,Low,Medium,Low,Low,Low,Low,Low,0,0,1,PPR Pipes,206584.23
143.1,4,2,1,2,1,Low,Low,Low,Medium,Medium,Low,Medium,Low,Low,0,0,0,PPR Pipes,275742.46
50.0,1,1,1,0,1,Medium,Medium,Medium,Medium,Medium,Medium,Medium,Medium,Medium,0,1,1,PVC Pipes,107587.86
190.9,5,2,1,2,1,Medium,Medium,Medium,Low,High,Medium,Low,Medium,Medium,0,0,0,PVC Pipes,310279.48
81.3,2,1,1,1,1,Medium,Medium,Low,Medium,Medium,High,Medium,Medium,Medium,1,1,1,PVC Pipes,183545.18
116.5,3,2,1,1,1,Medium,Medium,High,Medium,Medium,Medium,Medium,High,Low,1,0,0,PVC Pipes,268162.07
122.1,3,2,1,0,1,High,High,Medium,High,High,Medium,High,High,High,1,1,0,PVC Pipes,275542.59
73.4,2,1,1,1,1,Medium,Medium,Medium,Medium,High,High,Medium,Medium,Low,0,1,0,PVC Pipes,148683.4
101.7,2,1,1,1,1,Medium,Medium,Medium,Medium,Low,Medium,Medium,Medium,Medium,0,0,0,PVC Pipes,181540.38
118.6,3,2,1,0,1,High,High,High,High,High,High,High,High,High,1,1,1,PVC Pipes,300289.19
91.3,2,1,1,1,1,Medium,Medium,Low,Low,Low,Medium,Medium,Medium,High,1,1,0,PVC Pipes,185578.23
141.5,4,2,1,1,1,High,Medium,High,Medium,Medium,High,Medium,High,High,1,0,1,PVC Pipes,311095.18
85.9,2,1,1,1,1,Low,Low,Medium,Low,Low,Low,Low,Low,Low,0,0,0,PPR Pipes,159356.03
106.3,2,1,1,0,1,Medium,Medium,Medium,High,Medium,Low,Low,Low,Medium,1,0,0,PPR Pipes,219220.18
93.0,2,1,1,2,1,Medium,Medium,Medium,Medium,Medium,High,Medium,Medium,Medium,0,0,0,PVC Pipes,176205.06
117.4,3,1,1,3,1,Medium,Medium,Medium,Low,Medium,Medium,Low,Medium,Medium,1,0,1,PVC Pipes,257346.24
99.1,2,1,1,1,1,Low,Low,Low,Low,Low,Low,Medium,Medium,Low,0,1,0,PVC Pipes,180788.47
57.7,2,1,1,0,1,Low,Low,Medium,Medium,Low,Medium,Medium,Low,Low,0,0,0,PPR Pipes,116000.1
155.0,4,1,1,0,1,Medium,Medium,Medium,Medium,Medium,Medium,High,High,Medium,0,0,0,PVC Pipes,262027.14
99.0,2,1,1,1,1,Low,Medium,Medium,Low,Low,Low,Low,Low,Low,0,0,0,PPR Pipes,179335.49
153.3,4,2,1,2,1,High,Medium,Medium,High,Medium,High,High,Medium,High,1,1,1,PVC Pipes,369265.29
111.3,3,2,1,1,1,High,High,High,High,High,High,Medium,Medium,High,1,1,1,PVC Pipes,270245.82
67.9,2,1,1,2,1,Low,Low,Medium,Low,Medium,Medium,Low,Medium,Low,0,0,0,PVC Pipes,139176.77
111.2,3,2,1,3,1,Low,Low,Low,Low,Low,Low,Low,Medium,Low,0,0,0,PVC Pipes,210207.86
56.7,1,1,1,1,1,Medium,Medium,High,Medium,Low,Low,High,Medium,Medium,1,0,0,PVC Pipes,142575.29
162.4,4,1,1,2,1,Medium,Medium,Medium,Medium,Medium,Medium,Medium,Medium,Low,0,1,0,PVC Pipes,287252.47
155.5,3,2,1,0,1,High,Medium,Medium,Medium,Medium,High,High,High,High,1,1,1,PVC Pipes,331922.99
198.1,5,2,1,3,1,High,High,Medium,High,High,High,High,Medium,High,1,1,1,PVC Pipes,457957.33
200.7,5,3,1,3,1,Medium,Medium,Medium,Medium,Medium,High,Medium,Medium,Medium,1,0,1,PVC Pipes,431530.28
118.6,3,2,1,1,1,Low,Low,Low,Medium,Low,Low,Medium,Low,Medium,0,0,0,PVC Pipes,216548.88
148.3,4,2,1,2,1,Medium,Medium,Medium,Medium,Medium,Medium,Medium,Medium,Low,0,0,1,PVC Pipes,296407.3
106.4,3,1,1,2,1,Medium,Medium,Medium,High,High,Low,Medium,Medium,Medium,0,0,1,PVC Pipes,213515.84
88.0,2,1,1,2,1,High,Medium,Medium,High,Medium,High,High,High,High,0,1,1,PVC Pipes,193540.32
78.4,2,1,1,1,1,Low,Low,Low,Medium,Low,Low,Medium,Low,Low,0,0,0,PVC Pipes,147909.28
119.4,3,2,1,0,1,High,Medium,High,High,Medium,Medium,High,Medium,High,1,1,1,PVC Pipes,275648.41
147.9,4,2,1,2,1,Low,Medium,Low,Low,Low,Low,Low,Medium,Low,0,0,1,PVC Pipes,279499.58
84.3,2,1,1,0,1,Low,Low,Low,Low,Medium,Medium,Low,Medium,Low,0,0,0,PVC Pipes,150202.96
154.2,4,1,1,2,1,Medium,Medium,Low,High,Medium,Medium,Medium,Medium,Medium,1,1,1,PVC Pipes,302220.09
122.2,3,2,1,1,1,High,High,High,High,Medium,High,High,High,Medium,1,1,1,PVC Pipes,301347.4
67.4,2,1,1,0,1,Medium,Medium,Medium,Low,Medium,Medium,Low,Low,Medium,0,1,1,PPR Pipes,135244.67
116.9,3,2,1,1,1,Medium,Medium,Medium,Medium,Medium,Medium,Medium,Medium,High,0,0,0,PVC Pipes,228149.64
104.7,3,1,1,3,1,Low,Low,Low,Low,Low,Low,Medium,Low,Low,0,0,0,PVC Pipes,198627.78
63.1,2,1,1,1,1,High,Medium,High,High,High,Medium,Medium,Medium,High,1,1,1,PVC Pipes,166726.52
104.8,2,1,1,1,1,Medium,Medium,High,Medium,Medium,Medium,Medium,Medium,Medium,1,1,1,PVC Pipes,232356.3
87.7,2,1,1,1,1,Medium,Medium,Medium,Medium,Medium,High,Medium,Medium,High,1,1,1,PVC Pipes,198277.96
112.3,3,2,1,1,1,Low,Medium,Medium,Low,Low,Medium,Low,Low,Medium,0,0,0,PPR Pipes,213194.93
119.9,3,1,1,1,1,Medium,Low,Medium,Medium,High,Medium,High,Low,Medium,0,1,1,PVC Pipes,238813.49
94.8,3,2,1,0,1,Medium,Low,Medium,High,Medium,Medium,Medium,Medium,Medium,0,1,1,PVC Pipes,193070.19
118.4,3,2,1,1,1,Low,Low,Low,Medium,Low,Low,Medium,Low,Low,1,0,0,PPR Pipes,247149.46
158.3,4,1,1,1,1,Medium,Medium,Medium,Medium,Medium,High,Medium,Medium,Medium,1,1,0,PVC Pipes,312925.91
128.1,3,1,1,2,1,Low,Low,Medium,Low,Low,Low,Low,Low,Low,0,0,0,PPR Pipes,226160.27
117.0,3,1,1,1,1,High,High,High,Medium,High,High,High,High,Medium,1,0,1,PVC Pipes,256877.31
121.9,3,2,1,1,1,Medium,Medium,Medium,Low,Medium,Low,Medium,High,Medium,1,1,1,PVC Pipes,278191.47
130.6,3,2,1,1,1,Low,Medium,Medium,Low,Medium,Low,Low,Medium,Low,0,0,0,PVC Pipes,233278.5
116.2,3,1,1,1,1,Low,Medium,Low,Low,Low,Low,Medium,Medium,Medium,0,0,0,PVC Pipes,218963.95
161.3,4,2,1,3,1,Medium,Medium,Medium,Medium,Medium,Medium,Medium,Medium,High,0,0,1,PVC Pipes,320546.62
120.4,3,1,1,0,1,High,High,Medium,Medium,High,High,High,Medium,High,1,1,1,PVC Pipes,271838.98
110.6,3,2,1,2,1,Medium,Medium,Medium,Medium,Medium,Medium,Low,Medium,Medium,1,0,1,PVC Pipes,251190.51
134.3,4,1,1,3,1,High,High,Medium,High,High,High,High,High,Medium,1,1,1,PVC Pipes,304116.35
218.0,5,3,1,2,2,High,High,Medium,High,Medium,High,Medium,High,High,1,1,0,PVC Pipes,474038.85
71.2,2,1,1,0,1,Low,Low,Low,Medium,Low,Medium,Low,Medium,Low,0,0,1,PVC Pipes,132732.38
109.4,3,2,1,0,1,Medium,Low,Medium,Medium,High,Medium,Medium,Low,Medium,0,0,0,PPR Pipes,209248.52
104.1,3,2,1,0,1,Low,Low,Low,Low,Medium,Low,Low,Medium,Low,0,0,0,PVC Pipes,190511.04
85.6,2,1,1,1,1,Medium,High,Low,Medium,Medium,Medium,Medium,Medium,Medium,0,1,0,PVC Pipes,165537.0
155.8,4,2,1,2,1,Medium,High,Medium,Medium,Medium,Medium,Medium,Medium,Medium,1,1,0,PVC Pipes,335261.94
96.3,2,1,1,2,1,Medium,Medium,Medium,Medium,Low,Medium,Medium,Medium,Medium,0,1,1,PVC Pipes,195158.24
133.2,3,2,1,1,1,Medium,Medium,Low,High,High,Medium,Medium,Medium,Medium,0,1,0,PVC Pipes,258519.46
102.7,3,1,1,1,1,Medium,Medium,Medium,Medium,Medium,Medium,Medium,High,Medium,1,1,0,PVC Pipes,221994.9
91.7,2,1,1,0,1,High,High,Medium,Medium,High,High,High,High,High,1,1,1,PVC Pipes,219146.68
124.1,3,2,1,0,1,Medium,Medium,High,High,Medium,Medium,Low,Medium,High,0,1,1,PVC Pipes,245751.83
79.9,2,1,1,1,1,Medium,Medium,High,Medium,Medium,High,High,Low,Medium,1,0,1,PPR Pipes,189380.87
84.4,2,1,1,2,1,Low,Low,Low,Low,Medium,Medium,Low,Low,Low,0,0,0,PVC Pipes,146323.33
86.7,2,1,1,1,1,Low,Medium,Low,Medium,Low,Low,Low,Medium,Medium,0,0,0,PVC Pipes,165432.01
107.6,3,1,1,2,1,Medium,Medium,Low,Medium,High,Low,Low,High,High,1,0,0,PVC Pipes,219262.81
139.5,3,2,1,2,1,High,High,High,Medium,High,High,Medium,High,Medium,1,0,1,PVC Pipes,330278.19
179.5,4,1,1,2,1,Low,Low,Low,Low,Low,Low,Low,Low,Low,0,0,0,PPR Pipes,285966.91
155.8,4,2,1,3,1,Medium,Medium,Medium,Medium,Medium,Medium,Medium,Medium,Medium,1,1,0,PVC Pipes,358383.4
157.4,4,2,1,1,1,Low,Medium,Low,Low,Low,Low,Low,Low,Low,0,0,0,PPR Pipes,259811.2
153.2,4,1,1,1,1,Medium,High,Medium,Medium,Medium,Medium,Medium,Medium,Medium,0,1,0,PVC Pipes,264574.76
108.9,3,1,1,3,1,Medium,High,High,Medium,Low,Medium,High,Medium,Low,1,1,0,PVC Pipes,266300.6
137.9,3,2,1,1,1,High,Medium,High,Medium,Medium,High,High,High,High,1,0,1,PVC Pipes,310205.05
114.8,3,2,1,1,1,Medium,Low,Medium,Medium,Medium,Medium,Medium,Medium,Medium,0,1,1,PVC Pipes,227240.08
132.2,3,2,1,2,1,High,High,High,High,Medium,Medium,High,High,High,1,1,1,PVC Pipes,341308.16
129.3,3,2,1,2,1,Low,Low,Low,Medium,Medium,Low,Low,Low,Medium,0,0,0,PPR Pipes,242851.07
132.1,3,1,1,1,1,Medium,Medium,Medium,Medium,Medium,Low,Low,Medium,Medium,1,0,1,PVC Pipes,261365.25
97.0,2,1,1,0,1,Medium,Medium,Medium,Medium,Medium,Medium,Low,Low,High,0,0,1,PPR Pipes,172581.05
130.1,3,2,1,3,1,Low,Low,Medium,Low,Low,Low,Low,Low,Low,0,0,0,PPR Pipes,256514.44
132.1,3,1,1,1,1,Low,Medium,Medium,Medium,Low,Low,Low,Medium,Low,1,0,0,PVC Pipes,270093.97
179.7,4,2,1,2,1,High,Medium,High,High,Medium,Medium,High,High,High,1,1,0,PVC Pipes,401453.03
227.9,5,2,1,2,2,Medium,Medium,Low,Medium,Medium,Low,Medium,High,High,0,1,0,PVC Pipes,373518.46
193.2,5,2,1,3,1,Medium,Medium,Medium,Medium,Medium,Medium,Medium,Low,Low,1,0,1,PPR Pipes,411962.84
81.1,2,1,1,1,1,Medium,Low,Medium,Low,Medium,High,Medium,Low,Medium,1,1,1,PVC Pipes,174794.73
119.6,3,2,1,2,1,High,High,High,High,Medium,Medium,Medium,High,High,1,1,1,PVC Pipes,307055.37
128.6,3,1,1,3,1,Medium,Medium,High,Medium,Low,Medium,Medium,Medium,Medium,1,0,1,PVC Pipes,282232.55
161.3,4,1,1,3,1,High,High,Medium,High,High,High,High,High,High,1,1,1,PVC Pipes,374104.29
97.7,2,1,1,1,1,Medium,Medium,Low,Medium,Medium,Medium,Medium,Medium,Medium,0,1,1,PVC Pipes,182173.37
159.9,4,2,1,1,1,Medium,Medium,Medium,Medium,Medium,Low,Medium,Medium,Medium,1,1,0,PVC Pipes,339242.6
200.7,5,3,1,3,2,Low,Low,Low,Low,Low,Medium,Low,Low,Low,0,0,0,PPR Pipes,351534.64
113.2,3,2,1,2,1,High,High,High,High,High,High,High,High,High,1,1,1,PVC Pipes,305266.36
82.8,2,1,1,1,1,Low,Low,Medium,Medium,Low,Low,Low,Medium,Low,0,0,0,PVC Pipes,153249.72
134.2,3,1,1,1,1,Medium,Low,Low,High,Low,Medium,High,Low,Medium,0,1,1,PPR Pipes,249590.07
107.6,3,2,1,1,1,High,High,Medium,Medium,Medium,High,Medium,Medium,High,1,1,1,PVC Pipes,263842.28
89.2,2,1,1,1,1,Medium,Medium,Medium,Medium,Medium,Medium,Low,Medium,Low,0,1,1,PVC Pipes,164908.67
95.5,2,1,1,1,1,Low,Low,Medium,Low,Low,Low,Low,Low,Low,0,0,0,PPR Pipes,159377.54
102.9,2,1,1,1,1,Medium,Medium,Medium,High,Low,Medium,Medium,Medium,Low,1,0,0,PVC Pipes,220828.2
109.3,3,1,1,3,1,High,High,High,Medium,High,High,High,Medium,Medium,1,1,1,PVC Pipes,259070.24
131.4,3,2,1,2,1,Low,Low,Low,Low,Low,Low,Low,Medium,Low,0,0,0,PVC Pipes,239896.54
160.9,4,2,1,2,1,High,High,Medium,High,Medium,Medium,Medium,Medium,Medium,1,1,1,PVC Pipes,353124.52
149.2,4,1,1,3,1,Medium,Medium,High,Medium,Low,Medium,Low,Medium,Medium,0,1,0,PVC Pipes,270049.03
150.4,4,2,1,1,1,Medium,Medium,Medium,Medium,Low,Low,Medium,Medium,Medium,0,1,1,PVC Pipes,272017.47
70.3,2,1,1,1,1,Medium,Medium,Medium,Medium,Medium,Medium,Medium,Medium,Medium,0,0,1,PVC Pipes,156985.71
95.3,2,1,1,1,1,Medium,Medium,Medium,Low,Medium,Medium,Low,Medium,Medium,1,0,1,PVC Pipes,201583.49
101.8,2,1,1,2,1,Low,Low,Low,Low,Low,Low,Low,Low,Low,0,0,0,PPR Pipes,179004.01
149.8,4,1,1,1,1,Medium,Medium,Medium,Medium,Medium,Medium,Medium,Medium,Medium,1,1,0,PVC Pipes,283741.39
122.5,3,2,1,1,1,Medium,Medium,Medium,Medium,Low,High,Medium,Medium,Medium,0,0,1,PVC Pipes,244191.47
144.8,3,2,1,1,1,High,High,High,Medium,High,Medium,High,High,High,1,1,1,PVC Pipes,326397.89
118.5,3,2,1,3,1,Low,Low,Low,Medium,Medium,Low,Low,Medium,Low,0,0,0,PVC Pipes,232868.83
164.7,4,1,1,2,1,Medium,Medium,Low,Medium,Low,Low,Medium,Low,Medium,0,0,0,PPR Pipes,258613.1
165.0,4,2,1,0,1,High,High,High,High,High,Medium,High,High,High,1,1,1,PVC Pipes,393209.49
129.3,4,2,1,1,1,Medium,Medium,High,Medium,Medium,Medium,Low,Medium,Low,0,0,0,PVC Pipes,247854.36
124.7,3,2,1,2,1,Low,Low,Low,Low,Medium,Low,Low,Medium,Low,0,0,0,PVC Pipes,212403.82
128.3,3,2,1,2,1,High,High,High,High,Medium,Medium,Medium,High,High,1,1,1,PVC Pipes,332629.56
168.6,4,1,1,3,1,High,Medium,Medium,High,High,High,Medium,High,High,1,1,1,PVC Pipes,345359.77
73.4,2,1,1,1,1,Medium,Medium,Medium,Medium,Medium,Medium,Low,Medium,Medium,0,1,0,PVC Pipes,141126.47
98.9,3,1,1,2,1,Medium,High,Medium,Medium,Medium,Low,Low,Low,Medium,1,1,0,PPR Pipes,228442.13
115.9,3,1,1,2,1,Medium,Medium,Low,Medium,Medium,Medium,Medium,Medium,Medium,0,1,0,PVC Pipes,225370.85
107.6,3,2,1,2,1,High,High,High,High,High,High,High,High,High,1,1,1,PVC Pipes,296148.16
154.3,4,2,1,1,1,Low,Low,Low,Low,Low,Medium,Medium,Low,Low,0,0,0,PPR Pipes,280641.77
152.5,3,2,1,1,1,High,Medium,High,High,High,Medium,High,High,High,1,1,1,PVC Pipes,361609.94
166.8,4,1,1,3,1,Medium,Low,Medium,Medium,Medium,Medium,Medium,Medium,Medium,1,1,0,PVC Pipes,341663.39
104.2,3,1,1,2,1,Medium,Medium,Medium,Medium,Medium,Medium,Medium,Medium,Medium,1,1,0,PVC Pipes,219196.68
85.1,2,1,1,1,1,Medium,Medium,Medium,Medium,Medium,Medium,Medium,Medium,Medium,0,1,0,PVC Pipes,163899.36
128.4,3,2,1,2,1,Medium,Medium,Medium,Medium,Low,Medium,Low,Medium,Medium,1,0,0,PVC Pipes,257884.04
108.2,3,2,1,2,1,High,High,Medium,High,High,High,High,High,High,1,1,1,PVC Pipes,279106.4
75.3,2,1,1,0,1,Low,Low,Low,Medium,Low,Low,Low,Low,Medium,0,0,0,PPR Pipes,126405.64
130.0,3,2,1,2,1,Medium,Medium,Medium,Medium,Medium,High,Medium,Medium,Medium,1,0,0,PVC Pipes,278972.03
88.3,2,1,1,1,1,Medium,Medium,Medium,Medium,Low,Medium,Medium,Medium,Medium,0,0,0,PVC Pipes,172524.56
75.0,2,1,1,2,1,Low,Low,Low,Low,Low,Low,Low,Low,Medium,0,0,0,PPR Pipes,142411.39
84.3,2,1,1,0,1,High,High,High,High,Medium,High,High,High,High,1,1,1,PVC Pipes,203178.36
176.5,4,2,1,1,1,High,Medium,High,High,High,High,High,High,High,1,0,1,PVC Pipes,386773.75
121.7,3,1,1,2,1,High,High,Medium,High,Medium,Medium,High,High,High,1,1,1,PVC Pipes,277365.69
72.9,2,1,1,2,1,Medium,High,Medium,Medium,Low,Medium,High,Medium,Medium,1,1,0,PVC Pipes,185963.73
76.9,2,1,1,1,1,Low,Low,Medium,Low,Medium,Medium,Low,Medium,Low,0,1,0,PVC Pipes,150480.56
160.2,4,2,1,0,1,Medium,Medium,Medium,Medium,Medium,Low,Medium,Medium,Medium,0,1,1,PVC Pipes,300702.03
215.1,5,3,1,2,1,Medium,Medium,Medium,Low,High,High,High,Low,Medium,1,1,0,PPR Pipes,456461.2
152.9,4,1,1,3,1,High,High,High,Medium,High,High,High,High,High,1,1,0,PVC Pipes,337522.64
153.0,4,2,1,2,1,High,High,Medium,High,High,Medium,High,High,High,1,1,1,PVC Pipes,371966.77
130.0,3,2,1,3,1,Low,Low,Low,Low,Low,Medium,Low,Low,Low,0,0,0,PPR Pipes,243444.84
120.9,3,2,1,1,1,Low,Low,Low,Low,Low,Medium,Medium,Low,Low,0,0,0,PVC Pipes,235183.69
84.8,2,1,1,2,1,Medium,Medium,Medium,Medium,Medium,Medium,Low,High,Medium,1,1,1,PVC Pipes,192215.78
156.8,4,2,1,2,1,Medium,Medium,Medium,Medium,High,Medium,Medium,Low,Low,1,0,1,PPR Pipes,325232.56
100.3,3,2,1,3,1,Medium,Medium,Medium,Medium,Medium,Medium,Medium,Medium,Medium,1,0,0,PVC Pipes,248447.34
209.5,5,3,1,2,1,Low,Low,Low,Low,Medium,Low,Low,Low,Low,0,0,0,PPR Pipes,362557.66
110.8,3,2,1,2,1,Low,Low,Medium,Low,Low,Low,Low,Low,Medium,0,0,0,PPR Pipes,231038.93
123.8,3,1,1,1,1,High,High,High,Medium,High,High,High,Medium,Medium,1,1,1,PVC Pipes,272843.66
106.7,3,2,1,2,1,Medium,Medium,High,High,Medium,Medium,Medium,Medium,Low,0,0,1,PVC Pipes,231517.52
130.9,3,1,1,2,1,High,Medium,High,High,High,High,Medium,Medium,High,1,1,1,PVC Pipes,278648.67
167.0,4,1,1,1,1,Medium,Medium,Medium,Medium,Medium,Low,Medium,Medium,High,0,1,0,PVC Pipes,294650.12
144.0,3,2,1,2,1,Low,Low,Low,Low,Medium,Medium,Low,Low,Low,0,0,0,PPR Pipes,253094.14
84.8,2,1,1,2,1,High,High,Medium,High,High,Medium,High,High,Medium,1,1,1,PVC Pipes,209204.09
82.3,2,1,1,2,1,Low,Medium,Low,Low,Low,Medium,Low,Medium,Low,0,0,0,PVC Pipes,147527.65
117.9,3,2,1,3,1,Medium,Medium,High,Medium,Medium,Medium,Medium,Medium,Medium,1,0,0,PVC Pipes,281548.84
83.6,2,1,1,1,1,Medium,Medium,Medium,Low,Medium,High,Medium,Medium,High,1,1,1,PVC Pipes,192815.22
172.8,4,2,1,2,1,Low,Low,Low,Low,Low,Low,Low,Medium,Medium,1,0,0,PVC Pipes,337885.37
128.8,4,1,1,2,1,Low,Low,Low,Low,Low,Low,Low,Low,Low,0,0,0,PPR Pipes,229198.63
154.6,4,2,1,3,1,High,High,High,Medium,High,High,High,High,High,1,1,1,PVC Pipes,367554.89
84.3,2,1,1,0,1,High,High,Medium,High,Medium,High,Medium,High,Medium,1,1,1,PVC Pipes,196325.46
123.0,3,2,1,0,1,Low,Low,Low,Medium,Low,Medium,Low,Low,Low,0,0,1,PPR Pipes,222040.13
143.9,4,2,1,2,1,Medium,Low,Medium,Medium,Medium,Medium,Medium,Medium,Low,0,0,1,PVC Pipes,280878.17
124.2,3,2,1,0,1,Medium,Medium,Medium,Medium,Medium,Medium,Medium,Medium,Medium,1,0,0,PVC Pipes,264799.72
113.5,3,2,1,1,1,High,High,Medium,Medium,Medium,High,High,High,High,1,1,1,PVC Pipes,280328.81
125.2,3,2,1,1,1,Low,Low,Medium,Low,Medium,Medium,Low,Medium,Low,0,0,0,PVC Pipes,218575.91
108.3,3,2,1,2,1,Medium,Medium,Medium,Medium,Medium,Medium,Medium,Medium,Medium,0,1,1,PVC Pipes,233452.5
155.3,4,2,1,1,1,Medium,Medium,Medium,Medium,Medium,Medium,Medium,Medium,High,1,1,1,PVC Pipes,336125.1
108.0,3,2,1,2,1,High,High,Medium,High,High,High,High,High,Medium,1,1,1,PVC Pipes,286797.64
76.8,2,1,1,0,1,Medium,Medium,Medium,Medium,Medium,Medium,Medium,Medium,High,0,1,1,PVC Pipes,163763.38
118.1,3,2,1,1,1,Medium,Medium,Medium,Low,Medium,Medium,Medium,Medium,Medium,1,0,1,PVC Pipes,255912.6
139.7,3,2,1,2,1,High,Medium,High,High,Medium,Medium,Medium,Medium,Medium,1,1,1,PVC Pipes,305947.96
87.8,2,1,1,1,1,Medium,Medium,Medium,Low,Low,Medium,High,Low,Medium,0,1,0,PPR Pipes,178112.96
103.4,3,1,1,2,1,Medium,Medium,High,Medium,Medium,Medium,High,Medium,Medium,1,0,0,PVC Pipes,233647.16
71.5,2,1,1,1,1,Low,Low,Low,Low,Low,Low,Low,Medium,Low,0,1,0,PVC Pipes,129701.11
102.6,2,1,1,2,1,Low,Medium,Medium,Low,Medium,Low,Medium,Low,Medium,1,0,0,PPR Pipes,212537.97
160.7,4,1,1,3,1,Low,Low,Low,Low,Low,Low,Medium,Medium,Low,0,1,0,PVC Pipes,280186.14
124.9,3,2,1,1,1,High,High,High,High,High,High,High,Medium,High,0,1,0,PVC Pipes,257041.07
146.2,4,1,1,2,1,Low,Medium,Low,Low,Medium,Low,Low,Low,Low,0,1,0,PPR Pipes,236792.59
207.1,5,2,1,2,1,High,High,Medium,High,Medium,Medium,High,High,High,1,0,1,PVC Pipes,468071.66
72.0,2,1,1,1,1,Medium,Medium,Medium,Medium,Low,Low,Medium,High,High,1,0,0,PVC Pipes,169562.72
50.0,1,1,1,1,1,Low,Low,Low,Low,Medium,Medium,Low,Low,Medium,0,0,1,PPR Pipes,104646.97
127.6,3,1,1,1,1,Medium,Medium,Medium,Medium,Medium,Medium,Medium,Medium,Medium,0,0,0,PVC Pipes,212187.36
124.1,3,1,1,0,1,Low,Medium,Low,Medium,Low,Low,Low,Low,Low,0,0,0,PPR Pipes,204299.4
99.8,3,2,1,1,1,Low,Low,Low,Medium,Low,Low,Medium,Low,Medium,0,0,0,PPR Pipes,217003.48
168.0,4,2,1,1,1,Low,Low,Low,Low,Low,Low,Low,Medium,Low,0,0,0,PVC Pipes,276700.54
132.0,3,1,1,0,1,High,High,High,High,High,Medium,High,High,High,1,1,1,PVC Pipes,293030.86
92.8,2,1,1,0,1,Low,Low,Low,Low,Low,Low,Low,Low,Low,0,0,0,PPR Pipes,152268.23
201.8,5,3,1,2,2,Low,Low,Low,Low,Low,Low,Low,Medium,Medium,0,0,0,PVC Pipes,347732.16
78.5,2,1,1,0,1,Low,Medium,Low,Low,Medium,Low,Low,Low,Low,0,0,0,PPR Pipes,143466.52
170.2,4,1,1,1,1,Medium,Medium,Medium,Medium,Low,High,Medium,Medium,Medium,1,1,1,PVC Pipes,335909.45
98.5,3,1,1,1,1,Medium,Medium,Medium,Medium,Medium,Low,High,Low,Medium,0,1,1,PPR Pipes,200787.9
125.0,3,2,1,1,1,Low,Low,Low,Medium,Low,Medium,Low,Low,Medium,0,0,0,PPR Pipes,232487.41
125.3,3,2,1,2,1,Medium,Medium,High,Medium,Medium,Medium,High,High,Medium,1,0,1,PVC Pipes,289951.62
162.2,4,2,1,0,1,Low,Medium,Low,Medium,Medium,Medium,Low,Low,Low,0,1,0,PPR Pipes,282506.06
63.9,2,1,1,1,1,Medium,High,Medium,Medium,Low,Medium,High,Low,Low,0,1,1,PPR Pipes,139321.14
110.2,3,1,1,3,1,Low,Low,Low,Low,Low,Low,Medium,Low,Medium,0,0,0,PPR Pipes,189111.43
74.6,2,1,1,2,1,Medium,High,Medium,High,Medium,High,Medium,Medium,High,0,0,0,PVC Pipes,160207.2
169.8,4,2,1,3,1,Low,Low,Medium,Medium,Low,Medium,Low,Low,Low,1,0,1,PPR Pipes,335594.46
148.6,4,1,1,1,1,Low,Low,Low,Low,Medium,Medium,Low,Medium,Medium,0,0,0,PVC Pipes,247762.34
79.0,2,1,1,2,1,Medium,Medium,Medium,Medium,Medium,Medium,Medium,Medium,Medium,0,1,1,PVC Pipes,176276.47
79.0,2,1,1,1,1,High,High,High,High,High,High,High,Medium,Medium,1,1,1,PVC Pipes,186063.12
217.2,5,2,1,1,2,Low,Low,Low,Low,Medium,Low,Low,Medium,Low,0,0,0,PVC Pipes,347434.02
130.1,3,2,1,3,1,Medium,Medium,Medium,Medium,High,Medium,Medium,Medium,Medium,1,1,0,PVC Pipes,287168.24
94.5,2,1,1,0,1,Low,Medium,Low,Low,Low,Low,Low,Low,Medium,0,1,0,PPR Pipes,165639.15
151.0,4,1,1,2,1,High,High,High,Medium,High,High,High,Medium,Medium,1,1,1,PVC Pipes,344932.88
157.9,4,2,1,1,1,Low,Low,Low,Medium,Low,Low,Medium,Low,Medium,0,0,0,PPR Pipes,275337.85
73.7,2,1,1,0,1,Low,Low,Low,Low,Low,Low,Low,Medium,Low,0,0,0,PVC Pipes,138422.57
167.4,4,1,1,0,1,High,High,High,Medium,Medium,High,Medium,High,High,1,1,1,PVC Pipes,363594.54
50.0,1,1,1,1,1,High,High,High,Medium,High,Medium,High,High,High,1,0,1,PVC Pipes,145812.81
132.0,3,2,1,2,1,Medium,High,High,Medium,Medium,Low,Medium,Medium,High,0,0,0,PVC Pipes,253512.48
50.0,1,1,1,0,1,Medium,Medium,Medium,Medium,Medium,Low,Medium,Medium,Medium,1,1,0,PVC Pipes,116008.18
117.8,3,2,1,1,1,Medium,Medium,Medium,Medium,High,Medium,Medium,Low,Medium,0,0,0,PPR Pipes,229732.51
86.7,2,1,1,1,1,Medium,Medium,Medium,Medium,Medium,Medium,Medium,Medium,Medium,1,0,1,PVC Pipes,202044.52
201.1,5,2,1,2,1,Medium,Medium,High,Medium,Medium,Medium,Medium,Low,High,1,1,1,PPR Pipes,450864.68
83.3,2,1,1,2,1,Medium,Low,High,Low,Low,Medium,Medium,Low,Medium,1,1,1,PPR Pipes,184016.55
190.8,5,3,1,3,1,Low,Low,Low,Low,Low,Low,Low,Low,Medium,0,0,0,PPR Pipes,358703.16
63.8,1,1,1,0,1,Low,Medium,Medium,Low,Low,Low,Medium,Low,Low,1,0,0,PPR Pipes,132620.71
118.3,3,1,1,2,1,High,High,Medium,Medium,High,High,High,High,High,1,1,1,PVC Pipes,286067.92
123.5,3,2,1,1,1,Medium,High,Medium,High,Medium,Medium,Medium,Medium,Medium,1,0,0,PVC Pipes,273092.52
77.5,2,1,1,1,1,Medium,Medium,Low,Medium,Medium,Medium,Medium,Medium,Medium,1,0,0,PVC Pipes,173529.68
80.1,2,1,1,1,1,High,Medium,High,High,Medium,High,High,High,High,1,1,1,PVC Pipes,190743.03
51.1,1,1,1,2,1,Medium,Medium,Low,Medium,High,Low,Medium,Medium,Low,0,0,1,PVC Pipes,115877.48
125.9,3,1,1,0,1,High,High,High,High,Medium,Medium,High,High,Medium,1,1,0,PVC Pipes,264843.57
114.6,3,2,1,1,1,Low,Medium,Low,Low,Medium,Low,Low,Low,Medium,0,0,0,PPR Pipes,216366.08
81.8,2,1,1,1,1,Low,Medium,Low,Medium,Medium,Low,Low,Low,Medium,0,0,0,PPR Pipes,150844.2
163.0,4,2,1,2,1,Low,Medium,Medium,Low,Medium,Low,Medium,Medium,Medium,0,0,0,PVC Pipes,320637.54
121.1,3,2,1,1,1,Low,Low,Low,Low,Low,Low,Low,Medium,Medium,0,0,0,PVC Pipes,227963.34
88.6,2,1,1,2,1,High,High,High,Medium,High,High,High,High,High,0,1,1,PVC Pipes,195984.17
94.0,2,1,1,0,1,Low,Low,Low,Low,Medium,Low,Medium,Low,Low,0,0,0,PPR Pipes,172451.8
50.0,1,1,1,1,1,Medium,Low,Medium,Medium,Medium,Medium,Low,Medium,Low,1,0,1,PVC Pipes,123053.44
139.2,4,2,1,1,1,High,High,High,High,Medium,High,Medium,High,High,1,1,1,PVC Pipes,348411.03
154.1,4,1,1,3,1,Medium,Medium,Low,Low,Medium,Medium,Medium,Medium,Medium,1,1,1,PVC Pipes,309065.46
112.8,3,2,1,0,1,Medium,Medium,Medium,Medium,Medium,Medium,Medium,Medium,Medium,0,1,0,PVC Pipes,223918.9
124.2,3,2,1,3,1,High,High,High,Medium,High,High,High,Medium,High,1,1,1,PVC Pipes,334668.23
62.9,2,1,1,1,1,Low,Low,Medium,Low,Low,Low,Low,Low,Low,0,0,0,PPR Pipes,124324.36
174.8,4,2,1,1,1,Medium,High,Medium,Medium,Medium,Medium,Medium,Medium,Medium,0,1,0,PVC Pipes,317614.77
162.4,4,1,1,1,1,Medium,Medium,Medium,High,Medium,Medium,High,High,Low,0,0,1,PVC Pipes,293579.09
117.2,3,2,1,1,1,Medium,Low,Low,Low,Medium,Medium,Low,Medium,Medium,1,0,1,PVC Pipes,246408.28
210.1,5,2,1,2,1,Medium,Medium,Medium,Medium,Medium,Medium,Medium,Medium,Low,1,1,0,PVC Pipes,422167.36
124.4,3,1,1,1,1,Medium,Medium,Medium,Medium,Medium,Medium,Medium,Medium,Medium,1,1,1,PVC Pipes,262738.26
154.0,4,2,1,2,1,Medium,Medium,Medium,Medium,High,Medium,Medium,Medium,Medium,1,1,1,PVC Pipes,334265.1
114.0,3,1,1,3,1,High,High,Medium,High,Medium,High,High,Medium,Medium,0,1,0,PVC Pipes,218566.32
84.1,2,1,1,1,1,High,High,High,High,High,High,Medium,High,High,1,1,1,PVC Pipes,194179.8
81.0,1,1,1,1,1,Medium,Medium,High,High,Medium,High,High,High,Medium,1,0,1,PVC Pipes,190030.71
163.1,4,2,1,2,1,High,High,High,High,Medium,High,Medium,Medium,High,1,0,1,PVC Pipes,370302.05
120.7,3,2,1,3,1,Low,Low,Medium,Low,Low,Low,Medium,Low,Low,0,0,0,PPR Pipes,243638.21
80.7,2,1,1,1,1,Low,Low,Low,Low,Low,Low,Low,Low,Medium,1,1,0,PPR Pipes,160862.45
117.1,3,1,1,1,1,High,High,Medium,High,Medium,High,Medium,Medium,High,1,1,1,PVC Pipes,259425.04
60.7,1,1,1,0,1,High,Medium,Medium,Medium,Medium,High,High,Medium,High,1,1,1,PVC Pipes,146959.99
85.6,2,1,1,0,1,Medium,Medium,Low,Medium,Medium,Medium,Medium,Medium,Medium,1,0,1,PVC Pipes,189572.39
89.8,2,1,1,1,1,High,High,Medium,Medium,High,High,Medium,Medium,Medium,1,1,1,PVC Pipes,194163.16
139.7,3,2,1,2,1,Low,Low,Low,Medium,Low,Low,Low,Medium,Low,0,1,0,PVC Pipes,261351.94
129.3,3,2,1,0,1,Medium,Medium,Medium,Medium,Medium,Medium,Low,Medium,Medium,1,1,1,PVC Pipes,280230.64
122.4,3,2,1,3,1,Medium,High,Medium,Medium,Medium,Medium,High,Medium,Medium,0,1,0,PVC Pipes,256170.92
79.1,2,1,1,2,1,Medium,High,Medium,High,Medium,High,Medium,Medium,Medium,0,1,0,PVC Pipes,172507.97
125.9,3,2,1,1,1,Medium,Low,Medium,Medium,Medium,Medium,Medium,High,Medium,0,1,0,PVC Pipes,253218.65
71.9,2,1,1,1,1,High,High,High,High,Medium,High,High,High,Medium,1,1,1,PVC Pipes,181829.22
89.1,2,1,1,1,1,Low,Medium,Low,Low,Low,Low,Low,Medium,Medium,0,0,0,PVC Pipes,162454.2
118.8,3,1,1,1,1,High,High,High,High,Medium,High,High,High,Medium,1,1,1,PVC Pipes,267133.8
145.0,4,2,1,2,1,High,Medium,High,Medium,Medium,Medium,High,High,High,1,1,0,PVC Pipes,331414.47
111.9,3,2,1,2,1,Low,Low,Medium,Low,Low,Low,Low,Low,Low,0,0,0,PPR Pipes,223516.92
166.2,4,1,1,3,1,High,High,High,High,High,High,High,High,High,0,1,1,PVC Pipes,330999.73
100.3,3,2,1,2,1,Low,Low,Low,Medium,Medium,Low,Medium,Low,Low,1,0,0,PPR Pipes,220924.91
79.7,2,1,1,0,1,Medium,Medium,Medium,Medium,Medium,Medium,Medium,Medium,Medium,0,0,0,PVC Pipes,154716.42
173.3,4,1,1,2,1,Low,Medium,Medium,Medium,Medium,Low,Low,Low,Low,0,0,0,PPR Pipes,323884.32
220.1,5,3,1,2,2,Medium,Medium,Low,Medium,Low,Medium,Medium,Medium,Low,1,1,1,PVC Pipes,418424.21
61.3,1,1,1,2,1,Medium,Medium,Medium,Medium,Medium,Medium,Medium,Low,Low,0,0,1,PPR Pipes,137776.07
78.2,2,1,1,1,1,Low,Low,Medium,Medium,Low,Medium,Low,Low,Medium,0,0,0,PPR Pipes,145786.35
53.3,1,1,1,0,1,Medium,Medium,Medium,Low,Medium,Medium,Medium,Medium,Medium,1,0,0,PVC Pipes,120935.53
72.1,2,1,1,1,1,Medium,Low,Medium,Medium,Medium,Low,Medium,Medium,High,0,0,1,PVC Pipes,148383.24
130.6,3,2,1,1,1,High,High,High,High,High,High,High,High,Medium,1,1,1,PVC Pipes,306310.34
136.3,3,1,1,2,1,Low,Low,Medium,Low,Low,Low,Medium,Low,Low,0,1,0,PPR Pipes,234277.37
182.6,4,2,1,1,1,Medium,Medium,High,Low,Medium,Low,Medium,High,Medium,0,0,0,PVC Pipes,336680.7
153.1,4,1,1,2,1,Medium,High,High,Medium,High,Medium,High,Low,Medium,1,0,0,PPR Pipes,324225.15
156.8,4,2,1,2,1,Medium,High,Medium,Medium,Medium,Medium,Medium,Medium,High,0,1,1,PVC Pipes,306641.95
126.0,3,2,1,0,1,Low,Medium,Medium,Medium,Low,Medium,Low,Low,Low,0,0,1,PPR Pipes,234748.71
135.6,3,1,1,3,1,Medium,Low,High,High,Medium,Medium,Medium,Medium,Medium,0,1,0,PVC Pipes,257628.01
128.6,3,1,1,2,1,High,High,Medium,High,Medium,High,High,High,High,1,1,0,PVC Pipes,274542.11
197.7,5,3,1,1,1,High,High,Medium,High,High,High,High,High,High,1,1,1,PVC Pipes,446269.43
85.1,2,1,1,1,1,Medium,Medium,Medium,Medium,High,Medium,High,Medium,Low,1,1,0,PVC Pipes,194711.09
97.1,3,2,1,3,1,High,Medium,High,Medium,High,High,High,High,High,1,1,1,PVC Pipes,251194.25
160.1,4,1,1,3,1,Medium,High,Medium,Medium,High,Low,Medium,Medium,Medium,1,0,1,PVC Pipes,347000.69
186.6,5,2,1,3,1,Low,Medium,Medium,Low,Low,Low,Low,Medium,Low,0,0,0,PVC Pipes,329026.73
195.2,5,3,1,1,1,Medium,Medium,Medium,Medium,Low,Medium,High,Low,Medium,0,1,0,PPR Pipes,371629.0
79.2,2,1,1,1,1,Low,Low,Medium,Medium,Low,Low,Medium,Medium,Low,1,0,0,PVC Pipes,161959.46
77.4,2,1,1,0,1,High,High,High,High,High,High,High,High,Medium,0,1,1,PVC Pipes,155042.46
90.0,2,1,1,0,1,Low,Low,Low,Low,Low,Low,Low,Low,Low,0,0,0,PPR Pipes,157012.59
203.5,5,2,1,3,1,High,High,Medium,Medium,High,High,High,High,Medium,1,1,1,PVC Pipes,444339.87
131.9,3,2,1,1,1,Low,Low,Low,Low,Low,Low,Low,Low,Low,0,0,0,PPR Pipes,228040.55
88.0,2,1,1,0,1,Medium,High,High,Low,High,Medium,Medium,Low,Medium,1,1,1,PPR Pipes,208086.51
93.3,2,1,1,2,1,Low,Medium,Low,Medium,Medium,Medium,Medium,Medium,Medium,0,0,0,PVC Pipes,173044.84
114.6,3,2,1,1,1,High,Medium,High,Medium,High,High,High,High,High,1,1,1,PVC Pipes,267646.16
110.4,2,1,1,2,1,Low,Low,Low,Medium,Medium,Low,Low,Low,Low,0,1,0,PPR Pipes,196024.51
188.4,5,3,1,1,1,Low,Low,Low,Low,Low,Low,Medium,Low,Low,0,0,0,PPR Pipes,356768.65
158.5,4,2,1,3,1,Medium,Medium,Low,Medium,Medium,Medium,High,Medium,Medium,1,1,0,PVC Pipes,340608.71
79.1,2,1,1,1,1,Medium,Medium,Medium,High,Medium,Medium,High,Medium,High,0,1,1,PVC Pipes,170969.77
97.0,2,1,1,1,1,Low,Low,Medium,Medium,Medium,Medium,Medium,Low,Low,0,1,0,PPR Pipes,184589.06
88.2,2,1,1,1,1,Low,Low,Medium,Low,Medium,Low,Medium,Low,Low,0,0,0,PPR Pipes,161980.67
86.5,2,1,1,1,1,Medium,Medium,High,Medium,Medium,Medium,High,Medium,Medium,0,0,0,PVC Pipes,172749.17
157.4,4,1,1,3,1,Low,Low,Medium,Low,Low,Medium,Medium,Low,Low,0,0,0,PPR Pipes,284801.12
53.8,1,1,1,0,1,Medium,Medium,Medium,Low,Medium,Medium,Medium,Medium,High,0,1,1,PVC Pipes,120155.91
120.3,3,2,1,2,1,Medium,Medium,Medium,Medium,Medium,Medium,Medium,High,Medium,1,0,0,PVC Pipes,261794.81
194.1,5,2,1,2,1,Medium,Medium,Medium,Low,Low,High,Medium,High,Medium,1,1,0,PVC Pipes,391741.7
80.1,2,1,1,0,1,Medium,Medium,Medium,Medium,Medium,Medium,Medium,Medium,Medium,1,0,1,PVC Pipes,181146.28
108.2,3,2,1,2,1,Medium,Medium,Medium,Low,Medium,Medium,Medium,High,Medium,0,0,0,PVC Pipes,214720.62
107.7,3,1,1,0,1,Low,Low,Low,Low,Low,Low,Medium,Medium,Low,0,0,0,PVC Pipes,196325.01
75.5,2,1,1,1,1,Medium,Medium,Low,High,Low,Medium,Medium,Low,Medium,0,1,0,PVC Pipes,146200.22
106.5,3,1,1,2,1,High,High,High,High,High,High,High,High,High,1,0,1,PVC Pipes,249086.5
175.3,4,2,1,2,1,Medium,High,Low,Medium,Medium,Medium,Medium,Medium,Medium,1,1,0,PVC Pipes,351838.7
206.0,5,3,1,3,1,Low,Medium,Low,Low,Medium,Low,Low,Medium,Low,0,0,0,PVC Pipes,361990.11
111.6,3,1,1,3,1,High,Medium,Medium,High,High,High,Medium,High,High,1,1,1,PVC Pipes,260959.0
50.0,1,1,1,1,1,Low,Low,Medium,Low,Medium,Low,Low,Medium,Low,0,0,0,PVC Pipes,103426.65
72.2,2,1,1,1,1,Low,Low,Low,Medium,Medium,Low,Low,Low,Low,0,0,0,PPR Pipes,130179.37
125.5,3,2,1,2,1,Medium,Low,Medium,Medium,Medium,Low,High,Medium,Low,1,1,1,PVC Pipes,287441.64
82.3,2,1,1,2,1,Low,Low,Low,Low,Low,Low,Low,Low,Low,0,0,1,PPR Pipes,159846.32
175.7,4,2,1,2,1,High,High,High,High,Medium,Medium,High,High,Medium,1,0,1,PVC Pipes,401048.51
116.1,3,2,1,0,1,Medium,Medium,Medium,Medium,Medium,Medium,Low,Medium,Medium,1,1,1,PVC Pipes,242314.6
52.0,1,1,1,0,1,Low,Low,Low,Low,Low,Low,Low,Low,Low,1,0,0,PPR Pipes,106895.11
145.1,4,2,1,1,1,Medium,High,Medium,Medium,Low,Low,Medium,High,Medium,1,1,1,PVC Pipes,321464.88
50.0,1,1,1,1,1,High,High,High,High,High,High,High,High,Medium,1,1,1,PVC Pipes,145721.72
110.4,3,2,1,3,1,High,High,High,Medium,High,High,Medium,High,Medium,1,1,1,PVC Pipes,282300.18
157.9,4,2,1,1,1,Medium,Medium,Medium,Medium,Medium,Medium,High,Medium,Medium,1,0,0,PVC Pipes,333570.04
155.1,4,2,1,3,1,Medium,Medium,Medium,Medium,Medium,Medium,Medium,Medium,Low,0,1,0,PVC Pipes,278861.02
116.1,3,2,1,1,1,High,High,High,High,Medium,Medium,High,Medium,High,1,1,0,PVC Pipes,276634.27
92.6,2,1,1,1,1,Medium,Medium,Medium,Medium,Medium,Medium,Medium,Medium,High,0,1,1,PVC Pipes,182523.28
174.9,4,1,1,1,1,Low,Medium,Low,Low,Medium,Medium,Low,Low,Low,1,0,1,PPR Pipes,340230.98
90.2,2,1,1,1,1,Medium,Medium,Medium,Medium,Low,High,Medium,Medium,Medium,1,0,0,PVC Pipes,185912.12
115.0,3,2,1,2,1,Medium,Medium,Medium,Medium,Medium,Medium,Medium,Medium,Low,0,1,1,PVC Pipes,227894.48
86.6,2,1,1,1,1,Medium,Low,High,Medium,Medium,High,High,Medium,Low,0,1,0,PVC Pipes,164313.93
90.2,2,1,1,1,1,High,Medium,High,High,High,High,Medium,Medium,High,1,1,1,PVC Pipes,210043.25
150.4,4,1,1,3,1,High,High,High,High,High,High,High,High,High,1,1,0,PVC Pipes,338222.01
105.2,3,1,1,0,1,Medium,Low,Medium,High,Medium,Low,High,High,Medium,1,1,1,PVC Pipes,215887.14
117.4,3,2,1,2,1,Medium,High,Medium,Medium,High,Medium,Medium,Medium,High,0,0,0,PVC Pipes,246334.82
203.7,5,3,1,2,2,Low,Low,Low,Medium,Low,Medium,Medium,Low,Medium,0,0,0,PPR Pipes,395084.85
87.2,2,1,1,2,1,High,High,High,Medium,High,High,High,Medium,High,0,1,1,PVC Pipes,207348.86
50.0,1,1,1,1,1,High,High,High,High,High,Medium,High,High,Medium,1,1,1,PVC Pipes,138711.53
133.9,3,1,1,1,1,Medium,Medium,Medium,High,High,Medium,Medium,Medium,High,0,0,0,PVC Pipes,252509.15
213.5,5,2,1,3,1,Low,Low,Medium,Low,Low,Low,Medium,Low,Low,0,0,0,PPR Pipes,393821.79
66.5,1,1,1,2,1,Low,Low,Low,Medium,Medium,Low,Medium,Low,Low,0,1,0,PPR Pipes,139843.46
55.9,1,1,1,0,1,Medium,Medium,Medium,Medium,Medium,Low,Medium,Medium,Medium,1,0,0,PVC Pipes,123456.13
106.8,2,1,1,1,1,Medium,Medium,High,Medium,High,Medium,High,Medium,High,1,1,0,PVC Pipes,231850.27
93.9,3,1,1,1,1,Medium,Medium,Medium,Low,High,Medium,High,Medium,Medium,1,0,1,PVC Pipes,216326.43
81.4,2,1,1,1,1,Medium,Medium,Medium,High,Medium,High,Medium,Medium,Medium,1,1,0,PVC Pipes,182979.85
59.4,1,1,1,0,1,High,High,Medium,Medium,Medium,Medium,Medium,High,High,1,1,1,PVC Pipes,149109.28
116.7,3,2,1,2,1,Low,Medium,Medium,Low,Low,Medium,Medium,Low,Low,0,0,0,PPR Pipes,250176.94
89.5,2,1,1,1,1,High,High,High,High,Medium,High,Medium,High,High,0,1,1,PVC Pipes,182469.61
108.7,3,1,1,2,1,Low,Low,Low,Low,Low,Low,Medium,Low,Medium,0,0,0,PPR Pipes,203699.21
126.2,3,2,1,1,1,Medium,Low,Medium,High,Medium,Medium,Medium,Medium,Medium,0,1,0,PVC Pipes,253163.56
85.3,2,1,1,1,1,Medium,Medium,Medium,Medium,Medium,Medium,Medium,High,Medium,1,1,1,PVC Pipes,190598.82
53.2,1,1,1,1,1,Low,Low,Low,Medium,Low,Low,Low,Medium,Low,0,1,0,PVC Pipes,104891.97
150.7,4,2,1,2,1,Low,Medium,Low,Low,Low,Medium,Medium,Low,Low,0,0,0,PPR Pipes,292085.98
83.4,2,1,1,0,1,Medium,Medium,Low,Medium,Medium,Low,High,Medium,High,0,1,0,PVC Pipes,155843.83
133.2,3,2,1,2,1,Medium,Medium,Medium,Medium,Medium,Medium,Medium,Medium,Medium,0,1,0,PVC Pipes,267830.82
138.2,3,2,1,2,1,High,High,Medium,High,Medium,High,High,High,High,1,1,1,PVC Pipes,339987.33
140.3,3,2,1,2,1,High,High,High,Medium,Medium,High,High,High,Medium,1,1,1,PVC Pipes,330146.91
196.4,5,3,1,2,1,High,Medium,High,Medium,High,High,Medium,Medium,High,1,1,1,PVC Pipes,427178.39
152.5,4,2,1,1,1,Low,Low,Low,Medium,Low,Low,Medium,Low,Low,0,0,0,PPR Pipes,279438.73
115.9,3,1,1,0,1,High,Medium,Medium,High,Medium,Medium,High,High,High,0,1,1,PVC Pipes,226121.11
94.2,2,1,1,1,1,Medium,Low,Medium,Medium,Medium,Low,Medium,Medium,Medium,1,1,1,PVC Pipes,190150.18
77.7,2,1,1,2,1,Medium,High,Medium,Medium,Medium,Medium,Low,Medium,High,0,0,1,PVC Pipes,159160.0
101.5,2,1,1,0,1,Low,Low,Medium,Low,Medium,Low,Low,Low,Medium,0,0,0,PPR Pipes,171518.28
119.7,3,2,1,2,1,Medium,Medium,Medium,Medium,Medium,Medium,Medium,Medium,Medium,0,1,0,PVC Pipes,250634.76
123.9,3,2,1,2,1,Medium,Low,Medium,Medium,Low,Medium,Medium,Medium,High,0,1,1,PVC Pipes,245693.35
74.1,2,1,1,2,1,High,High,High,High,High,Medium,High,High,High,1,1,1,PVC Pipes,205107.82
159.2,4,2,1,2,1,Medium,Medium,Medium,Medium,Medium,Medium,Medium,Medium,Low,0,0,1,PVC Pipes,290054.31
68.4,2,1,1,1,1,Low,Medium,Low,Low,Low,Low,Medium,Low,Low,0,0,0,PPR Pipes,138604.13
191.6,5,2,1,3,1,Low,Low,Low,Medium,Medium,Low,Low,Low,Low,0,0,0,PPR Pipes,348153.15
85.9,2,1,1,1,1,High,Medium,High,Medium,High,Medium,Medium,High,Medium,1,1,1,PVC Pipes,184871.74
50.0,1,1,1,1,1,Medium,High,Low,Medium,Medium,Medium,Medium,Medium,Medium,1,1,1,PVC Pipes,131922.58
161.3,4,2,1,2,1,Medium,Medium,Medium,Medium,Medium,Low,Low,Medium,Medium,0,1,0,PVC Pipes,291051.58
105.5,3,1,1,1,1,Low,Medium,Low,Medium,Low,Medium,Low,Low,Medium,1,0,1,PPR Pipes,225901.15
160.7,4,2,1,2,1,Low,Low,Medium,Medium,Medium,Low,Low,Low,Medium,0,0,0,PPR Pipes,284022.98
99.8,2,1,1,1,1,Medium,Medium,Medium,Low,Low,Medium,Low,Medium,Low,0,1,1,PVC Pipes,179574.94
99.8,3,2,1,2,1,Medium,Medium,Medium,Medium,High,Medium,Low,Medium,Medium,1,1,1,PVC Pipes,240328.31
177.9,4,1,1,2,1,High,Medium,High,High,High,High,High,High,Medium,0,1,1,PVC Pipes,324767.57
114.4,3,2,1,1,1,Low,Medium,Low,Low,Low,Low,Medium,Medium,Low,0,0,0,PVC Pipes,217816.22
68.2,2,1,1,1,1,Low,Low,Medium,Low,Low,Low,Low,Low,Low,0,0,0,PPR Pipes,135886.01
142.4,4,1,1,2,1,High,High,Medium,Medium,High,High,High,High,High,1,1,1,PVC Pipes,327403.36
64.3,2,1,1,1,1,Medium,Medium,Low,Medium,Medium,Medium,Medium,Medium,Medium,1,1,1,PVC Pipes,164680.36
147.6,4,1,1,1,1,Low,Low,Low,Medium,Low,Low,Low,Low,Low,0,0,0,PPR Pipes,249522.76
120.6,3,1,1,2,1,Low,Low,Medium,Low,Low,Medium,Low,Low,Medium,0,0,0,PPR Pipes,208933.66
130.7,3,1,1,1,1,High,Medium,Medium,High,High,High,Medium,High,High,1,1,0,PVC Pipes,265096.41
114.6,3,2,1,0,1,Low,Low,Low,Low,Low,Low,Medium,Medium,Medium,0,0,0,PVC Pipes,213590.16
124.6,3,2,1,2,1,High,Medium,Medium,Medium,High,Medium,High,High,High,0,1,1,PVC Pipes,258957.84
90.1,2,1,1,1,1,Medium,Medium,High,Medium,Medium,Medium,Medium,Medium,Low,1,0,1,PVC Pipes,204488.6
190.9,4,1,1,2,1,Medium,Medium,Medium,High,Medium,Medium,Medium,High,Medium,1,0,1,PVC Pipes,379202.14
115.6,3,2,1,2,1,Medium,High,Medium,Low,Medium,High,Medium,Medium,Medium,0,0,0,PVC Pipes,236127.12
87.3,2,1,1,1,1,Medium,Medium,Medium,Low,Medium,Medium,Medium,Low,Medium,0,1,1,PPR Pipes,167965.14
120.4,3,2,1,2,1,Medium,Medium,High,Medium,Medium,Medium,Medium,High,Medium,1,1,1,PVC Pipes,273212.6
169.6,4,1,1,1,1,Medium,Medium,Low,Medium,Medium,Medium,Medium,Medium,Medium,1,0,1,PVC Pipes,328173.25
178.9,4,1,1,1,1,Low,Medium,Medium,Low,Low,Low,Low,Low,Low,0,0,0,PPR Pipes,301485.62
112.0,3,2,1,1,1,High,High,Medium,High,High,High,High,Medium,Medium,1,1,1,PVC Pipes,273697.43
130.1,3,2,1,1,1,High,High,Medium,Medium,High,High,Medium,Medium,High,1,1,1,PVC Pipes,309367.39
88.4,2,1,1,0,1,Low,Low,Low,Low,Low,Low,Low,Low,Medium,1,0,0,PPR Pipes,167913.7
84.2,2,1,1,0,1,Low,Low,Medium,Low,Medium,Low,Medium,Medium,Medium,0,0,0,PVC Pipes,149930.09
109.7,2,1,1,0,1,Low,Low,Low,Medium,Low,Medium,Low,Medium,Low,0,0,0,PVC Pipes,191304.87
50.0,1,1,1,1,1,High,High,High,Medium,Medium,Medium,High,Medium,High,1,0,1,PVC Pipes,133831.78
194.4,5,2,1,2,1,Low,Low,Medium,Medium,Low,Low,Medium,Low,Medium,0,0,0,PPR Pipes,351364.37
125.9,3,2,1,2,1,High,High,Medium,High,High,High,Medium,High,High,1,1,1,PVC Pipes,321769.2
97.3,2,1,1,2,1,Medium,High,Medium,Medium,Low,Medium,Medium,Medium,High,1,0,0,PVC Pipes,211588.76
143.5,3,1,1,2,1,High,High,Medium,High,High,High,Medium,Medium,Medium,1,1,0,PVC Pipes,286284.25
203.5,5,3,1,3,1,Medium,High,Medium,Medium,Medium,Medium,High,Medium,Medium,1,0,1,PVC Pipes,479023.01
126.8,3,2,1,1,1,Medium,Medium,Medium,Medium,High,Medium,Medium,Low,Medium,1,1,0,PPR Pipes,279878.19
148.2,4,2,1,1,1,High,High,High,High,High,Medium,Medium,High,High,1,1,0,PVC Pipes,317267.45
116.2,3,2,1,0,1,Medium,Medium,High,Medium,Low,Medium,Medium,Medium,Medium,1,0,0,PVC Pipes,258500.57
62.6,2,1,1,0,1,Low,Low,Medium,Low,Medium,Low,Low,Low,Low,0,0,0,PPR Pipes,121779.65
155.0,4,2,1,2,1,High,High,High,High,High,Medium,High,High,Medium,1,1,1,PVC Pipes,368275.82
87.6,2,1,1,1,1,Medium,Medium,Medium,High,Medium,Low,Medium,Medium,Medium,1,0,0,PVC Pipes,196294.72
105.7,2,1,1,1,1,Low,Medium,Low,Medium,Medium,Medium,Medium,Medium,Medium,0,0,0,PVC Pipes,187393.88
83.8,2,1,1,1,1,Medium,Medium,Medium,Medium,Medium,Medium,Medium,High,Medium,0,1,1,PVC Pipes,175236.65
179.6,4,1,1,3,1,Medium,Medium,Low,Medium,Medium,Medium,High,Low,Medium,1,1,0,PVC Pipes,358687.35
86.7,2,1,1,0,1,Low,Medium,Low,Medium,Low,Medium,Low,Low,Low,0,0,0,PPR Pipes,151849.85
117.7,3,2,1,1,1,Low,Low,Low,Low,Medium,Medium,Low,Low,Low,0,0,0,PPR Pipes,228677.96
139.4,3,2,1,0,1,Medium,Medium,Medium,Medium,Medium,Medium,Medium,Medium,High,0,1,0,PVC Pipes,255698.33
80.8,2,1,1,0,1,Low,Low,Low,Low,Low,Low,Medium,Low,Low,0,1,0,PPR Pipes,147082.91
121.5,3,1,1,2,1,High,High,High,High,High,Medium,High,Medium,Medium,0,1,1,PVC Pipes,245306.86
90.1,2,1,1,2,1,High,High,High,High,Medium,High,High,High,High,1,1,1,PVC Pipes,223356.31
197.2,5,3,1,1,1,Low,Low,Medium,Medium,Low,Low,Low,Low,Low,0,0,0,PPR Pipes,348614.3
88.9,2,1,1,2,1,Medium,Medium,Low,Medium,High,Medium,Medium,Low,Medium,1,1,1,PVC Pipes,195429.69
73.9,2,1,1,0,1,Medium,Medium,Medium,Medium,Low,Medium,Medium,Medium,Medium,0,0,0,PVC Pipes,145400.13
213.7,5,2,1,1,2,Medium,Medium,Medium,Low,Medium,High,High,High,Low,0,0,1,PVC Pipes,394721.14
127.3,3,2,1,2,1,Medium,Medium,Medium,High,Medium,High,Medium,Medium,Medium,0,1,0,PVC Pipes,243560.96
137.0,3,1,1,0,1,Medium,Medium,Medium,Medium,High,Medium,Medium,Medium,Medium,0,1,0,PVC Pipes,238813.89
120.1,3,2,1,2,1,Medium,Medium,High,High,Medium,Medium,Medium,Medium,Medium,1,0,0,PVC Pipes,289731.21
60.3,1,1,1,1,1,Medium,Medium,Low,Low,Medium,High,Medium,Low,Medium,1,1,0,PPR Pipes,136725.49
141.1,4,1,1,3,1,Low,Medium,Low,Medium,Medium,Low,Medium,Low,Low,0,0,0,PPR Pipes,261813.54
207.1,5,2,1,1,1,High,High,High,High,Medium,High,Medium,Medium,High,1,1,1,PVC Pipes,460682.75
105.2,3,2,1,2,1,Medium,Medium,Medium,Medium,Low,High,Medium,Medium,Low,1,0,0,PVC Pipes,240335.46
91.3,2,1,1,2,1,Medium,Medium,Medium,Medium,High,Low,Medium,Low,High,0,0,1,PPR Pipes,191760.33
128.4,3,1,1,1,1,Medium,Low,High,Low,Medium,Medium,Medium,Medium,Medium,0,0,0,PVC Pipes,230868.9
128.1,3,2,1,0,1,High,High,High,High,High,Medium,Medium,Medium,High,1,1,0,PVC Pipes,283388.11
122.8,3,2,1,2,1,Medium,High,Medium,Medium,Medium,Medium,Medium,Low,Medium,1,0,1,PPR Pipes,292110.8
140.6,3,1,1,1,1,Low,Low,Low,Low,Low,Low,Low,Low,Low,0,0,1,PPR Pipes,243115.78
144.1,3,2,1,3,1,Low,Low,Low,Low,Low,Medium,Low,Low,Low,0,0,0,PPR Pipes,258591.72
50.0,1,1,1,2,1,Medium,Medium,Low,Low,Medium,Medium,Medium,Low,Medium,0,1,1,PPR Pipes,116709.22
69.2,2,1,1,2,1,Medium,Medium,Low,Medium,Medium,Low,Medium,Medium,Low,1,0,0,PVC Pipes,162008.14
174.8,4,1,1,1,1,Low,Low,Low,Low,Low,Low,Low,Low,Low,0,0,0,PPR Pipes,274010.24
64.8,1,1,1,0,1,High,Medium,High,High,Medium,High,High,Medium,High,1,1,0,PVC Pipes,147674.88
50.0,1,1,1,0,1,Low,Medium,Medium,Low,Medium,Low,Low,Medium,Low,0,0,0,PVC Pipes,102366.84
77.5,2,1,1,0,1,Medium,High,Medium,Medium,Low,Medium,Low,Medium,Low,1,0,1,PVC Pipes,166037.98
111.0,3,2,1,2,1,Low,Medium,Low,Low,Low,Medium,Medium,Medium,Low,0,0,0,PVC Pipes,216418.86
80.2,2,1,1,0,1,High,High,High,Medium,Medium,High,High,High,Medium,1,0,1,PVC Pipes,192496.79
104.3,2,1,1,2,1,Low,Medium,Low,Medium,Medium,Low,Medium,Low,Medium,0,0,0,PPR Pipes,195693.27
124.8,3,1,1,1,1,Low,Low,Low,Low,Low,Low,Low,Medium,Medium,0,0,0,PVC Pipes,202102.5
115.4,3,1,1,0,1,Low,Low,Low,Low,Low,Medium,Medium,Low,Low,0,0,0,PPR Pipes,186803.38
85.0,2,1,1,1,1,Low,Low,Low,Low,Low,Medium,Low,Low,Medium,0,0,0,PPR Pipes,145865.42
94.0,2,1,1,1,1,Medium,High,Medium,Medium,Low,Medium,Medium,High,Medium,1,0,1,PVC Pipes,212229.22
122.1,3,2,1,1,1,Medium,Medium,Medium,High,High,High,Medium,Medium,Medium,1,1,0,PVC Pipes,272038.55
66.7,2,1,1,0,1,High,High,High,High,High,High,High,High,High,1,1,1,PVC Pipes,171372.28
110.2,2,1,1,2,1,Low,Medium,Low,Low,Low,Medium,Low,Low,Low,0,0,0,PPR Pipes,191960.57
164.9,4,1,1,1,1,Medium,Medium,Medium,Medium,Medium,Medium,High,Medium,Medium,1,0,1,PVC Pipes,336655.79
113.7,3,2,1,2,1,Low,Low,Medium,Low,Medium,Low,Medium,Medium,Medium,0,0,0,PVC Pipes,224071.91
136.7,4,2,1,2,1,Medium,Medium,Medium,Medium,High,Medium,Medium,Medium,Medium,0,1,0,PVC Pipes,267585.63
53.5,1,1,1,0,1,Medium,High,Medium,Medium,Medium,Medium,Medium,Low,Medium,1,1,1,PPR Pipes,130134.75
168.1,4,2,1,2,1,High,High,High,High,Medium,Medium,High,High,High,1,1,1,PVC Pipes,394879.84
150.0,4,2,1,3,1,Medium,High,Low,Medium,Low,Medium,Medium,Medium,Medium,0,1,1,PVC Pipes,287239.92
73.1,2,1,1,0,1,High,Medium,High,Medium,Medium,High,High,Medium,High,1,1,1,PVC Pipes,174976.38
90.4,2,1,1,1,1,Medium,Medium,Medium,Low,Medium,Medium,Medium,Medium,Low,0,0,1,PVC Pipes,171338.74
96.3,2,1,1,1,1,High,High,High,High,High,Medium,Medium,High,High,1,1,1,PVC Pipes,223998.97
124.8,3,1,1,1,1,Low,Low,Medium,Low,Medium,Low,Low,Low,Low,0,0,0,PVC Pipes,216502.76
170.2,4,1,1,2,1,High,Medium,High,High,High,Medium,High,High,Medium,1,1,1,PVC Pipes,361709.05
152.5,4,2,1,1,1,Medium,High,Medium,Medium,Medium,Medium,Low,Medium,Medium,0,1,0,PVC Pipes,290362.52
101.6,2,1,1,1,1,Low,Medium,Low,Low,Low,Low,Medium,Low,Medium,0,0,0,PPR Pipes,191662.21
98.4,2,1,1,2,1,Medium,Medium,Medium,Medium,Medium,Medium,Medium,Medium,High,1,0,1,PVC Pipes,228805.28
143.4,4,2,1,1,1,Low,Low,Low,Medium,Low,Low,Low,Medium,Low,0,0,0,PVC Pipes,262966.09
97.7,2,1,1,1,1,Low,Medium,Medium,Low,Medium,Low,Low,Low,Low,0,1,0,PPR Pipes,168770.94
124.2,3,2,1,0,1,Medium,Low,Medium,Medium,Low,Low,Medium,Medium,Medium,1,1,0,PVC Pipes,242355.71
163.0,4,1,1,3,1,Low,Low,Low,Low,Low,Low,Low,Low,Low,0,1,1,PPR Pipes,261260.16
133.8,4,2,1,1,1,Medium,Medium,Medium,Low,Medium,High,High,Medium,High,0,0,0,PVC Pipes,270338.83
151.1,4,2,1,1,1,Medium,Medium,Medium,Medium,Low,High,Medium,Medium,High,1,0,0,PVC Pipes,327986.66
64.2,2,1,1,0,1,Medium,Medium,Low,Medium,Medium,Medium,Medium,Medium,High,1,1,0,PVC Pipes,140918.64
116.3,3,2,1,1,1,Low,Low,Medium,Low,Low,Low,Low,Medium,Medium,0,0,0,PVC Pipes,220397.27
120.8,3,2,1,3,1,Medium,Medium,Medium,Medium,Medium,Medium,Low,High,Medium,0,0,0,PVC Pipes,235093.62
129.0,3,2,1,2,1,Medium,Medium,Medium,Medium,Medium,Medium,Medium,Medium,Medium,0,1,0,PVC Pipes,250238.79
80.1,2,1,1,1,1,Medium,Low,High,Low,High,Medium,Low,Medium,High,1,0,1,PVC Pipes,179249.86
94.3,2,1,1,0,1,High,High,High,High,Medium,High,Medium,High,Medium,1,1,1,PVC Pipes,208301.07
195.6,5,3,1,1,1,Medium,Medium,Medium,Medium,High,High,Medium,High,High,1,0,0,PVC Pipes,439689.88
81.4,2,1,1,1,1,High,Medium,Medium,High,Medium,High,High,Medium,Medium,1,0,1,PVC Pipes,186920.02
157.5,4,2,1,1,1,High,Medium,High,High,Medium,High,High,High,Medium,1,1,1,PVC Pipes,350711.98
71.8,2,1,1,0,1,Medium,Medium,Medium,Medium,Medium,Medium,Low,Low,Medium,0,0,0,PPR Pipes,135124.33
129.6,3,1,1,2,1,High,High,High,High,High,High,Medium,Medium,High,1,1,1,PVC Pipes,298018.68
132.2,3,2,1,1,1,Medium,High,Medium,Medium,Low,Low,Medium,Medium,Medium,0,0,0,PVC Pipes,258817.92
93.5,2,1,1,1,1,High,High,Medium,High,High,High,Medium,High,Medium,1,1,1,PVC Pipes,205163.21
109.0,3,1,1,1,1,Low,Low,Low,Low,Low,Low,Medium,Low,Low,0,0,0,PPR Pipes,208021.87
101.2,3,1,1,1,1,Medium,High,Medium,Medium,Medium,Medium,Medium,Medium,Medium,1,1,1,PVC Pipes,235962.46
103.2,3,1,1,1,1,High,Medium,Medium,Medium,High,Medium,High,Medium,High,1,1,1,PVC Pipes,241937.03
161.3,4,2,1,2,1,High,High,High,High,High,Medium,High,High,High,1,1,1,PVC Pipes,381254.34
100.2,3,2,1,1,1,Medium,Medium,Medium,Medium,High,Medium,Medium,Medium,Medium,1,1,0,PVC Pipes,242804.06
206.6,5,3,1,3,1,Medium,Low,High,Medium,Medium,Medium,Low,Low,Medium,0,0,0,PPR Pipes,381954.76
162.9,4,2,1,1,1,Medium,Medium,Medium,Low,Medium,Medium,Medium,Medium,Medium,1,0,0,PVC Pipes,351157.69
215.9,5,3,1,1,1,Medium,Medium,Medium,Medium,Medium,Low,Medium,High,Medium,1,0,1,PVC Pipes,426054.97
119.6,3,1,1,1,1,Low,Medium,Low,Low,Low,Low,Medium,Low,Low,0,0,0,PPR Pipes,196910.47
153.2,4,1,1,3,1,High,High,High,High,High,Medium,High,High,High,1,1,1,PVC Pipes,354372.55
95.6,2,1,1,2,1,Low,Low,Low,Low,Low,Low,Medium,Medium,Medium,0,0,0,PVC Pipes,180116.01
108.2,3,2,1,3,1,High,Medium,High,High,Medium,Medium,Medium,Medium,Medium,0,1,1,PVC Pipes,252386.37
147.6,4,1,1,0,1,Medium,Medium,Medium,High,Medium,Low,Low,High,Low,0,0,1,PVC Pipes,249780.14
88.7,2,1,1,1,1,Medium,Low,High,Medium,Medium,Medium,High,Medium,High,0,0,1,PVC Pipes,170978.22
123.0,4,1,1,2,1,Low,Low,Low,Low,Low,Low,Low,Medium,Low,0,0,0,PVC Pipes,213810.98
50.0,1,1,1,0,1,Medium,Low,Low,Low,Medium,Medium,Medium,Medium,Medium,1,0,0,PVC Pipes,103349.83
123.4,3,2,1,0,1,Low,Low,Medium,Low,Low,Low,Low,Low,Low,0,0,0,PPR Pipes,212049.11
194.7,5,3,1,2,1,Low,Low,Low,Low,Low,Medium,Low,Low,Low,0,0,0,PPR Pipes,343558.2
88.3,2,1,1,1,1,Medium,Medium,Medium,Medium,Medium,Medium,Medium,Medium,Medium,0,1,1,PVC Pipes,180849.19
88.0,2,1,1,1,1,Medium,Medium,Low,Medium,High,Medium,Medium,Medium,Medium,1,1,1,PVC Pipes,191389.04
63.7,2,1,1,1,1,Medium,Medium,Medium,Medium,Medium,Medium,Medium,Medium,Low,0,1,0,PVC Pipes,132608.96
126.4,3,2,1,1,1,Low,Medium,Medium,Medium,Low,Medium,Low,Low,Low,0,0,0,PPR Pipes,248252.96
95.1,2,1,1,1,1,Low,Medium,Low,Low,Low,Low,Low,Low,Low,0,0,0,PPR Pipes,153286.13
105.4,3,1,1,1,1,Low,Medium,Low,Low,Low,Medium,Low,Medium,Low,0,0,0,PVC Pipes,189787.15
106.1,2,1,1,1,1,Low,Medium,Low,Medium,Low,Low,Medium,Low,Low,0,0,0,PPR Pipes,177308.31
125.5,3,1,1,0,1,High,High,Medium,High,High,High,Medium,High,High,1,1,1,PVC Pipes,272711.99
52.1,1,1,1,0,1,High,Medium,High,Medium,Medium,High,High,High,High,1,1,1,PVC Pipes,138208.37
138.5,3,1,1,1,1,Medium,High,Medium,Low,Medium,Medium,Medium,Low,Medium,0,1,1,PPR Pipes,239248.44
85.9,2,1,1,2,1,High,High,High,Medium,High,High,High,Medium,High,1,1,1,PVC Pipes,218243.1
135.2,3,2,1,1,1,Medium,Medium,Medium,Medium,Medium,Medium,Medium,Medium,High,0,0,1,PVC Pipes,265530.29
108.2,3,2,1,0,1,Low,Low,Low,Low,Medium,Low,Medium,Medium,Low,0,0,0,PVC Pipes,202891.01
130.9,3,2,1,1,1,High,Medium,High,High,Medium,Medium,High,High,High,1,1,1,PVC Pipes,299943.34
100.1,2,1,1,0,1,Low,Medium,Low,Medium,Low,Low,Medium,Low,Low,0,1,1,PPR Pipes,174429.52
151.9,4,1,1,2,1,Medium,Medium,Medium,Medium,High,High,Medium,Medium,Medium,1,1,0,PVC Pipes,328047.59
89.0,2,1,1,2,1,Low,Low,Low,Low,Low,Medium,Low,Low,Low,0,0,0,PPR Pipes,152469.74
129.9,3,2,1,0,1,Medium,Medium,Medium,Low,Medium,Low,Medium,Medium,Low,0,1,0,PVC Pipes,244856.36
78.2,2,1,1,0,1,Medium,Low,Low,High,Medium,Medium,Low,Medium,Medium,1,1,0,PVC Pipes,151665.3
135.3,3,2,1,0,1,High,High,Medium,High,High,Medium,High,Medium,High,1,1,1,PVC Pipes,320235.12
70.6,2,1,1,0,1,High,Medium,High,High,High,High,High,High,Medium,1,1,0,PVC Pipes,169763.6
127.0,3,2,1,1,1,High,High,High,High,High,Medium,Medium,High,High,1,0,1,PVC Pipes,293949.36
147.6,4,2,1,1,1,Medium,Medium,High,Medium,Medium,Low,Medium,Medium,Medium,0,0,1,PVC Pipes,295060.06
86.8,2,1,1,1,1,High,High,Medium,High,High,High,High,High,High,1,1,1,PVC Pipes,219584.46
138.0,3,2,1,0,1,Medium,Medium,Low,Medium,Medium,High,High,Medium,Low,0,0,0,PVC Pipes,245065.41
105.2,2,1,1,1,1,Medium,Medium,Medium,Low,Medium,Medium,Medium,Low,Medium,0,1,0,PPR Pipes,181276.99
129.5,3,1,1,2,1,Medium,Medium,Medium,Low,Medium,Medium,High,Medium,Low,0,1,1,PVC Pipes,257440.41
205.6,5,3,1,2,2,Medium,Medium,Medium,Medium,Medium,Medium,Low,Medium,Medium,1,0,0,PVC Pipes,411730.74
127.1,3,1,1,0,1,Medium,Medium,Medium,Medium,High,Medium,Low,Medium,Medium,1,1,0,PVC Pipes,262895.66
165.3,4,2,1,3,1,High,High,High,High,High,High,High,High,High,1,1,1,PVC Pipes,396250.58
92.2,2,1,1,1,1,Medium,Medium,Low,Low,Medium,Medium,Medium,Medium,Medium,1,1,0,PVC Pipes,173184.05
155.8,4,2,1,3,1,High,High,High,Medium,High,High,High,High,High,1,1,1,PVC Pipes,390796.56
92.1,2,1,1,1,1,Low,Low,Low,Low,Medium,Low,Low,Medium,Low,0,0,0,PVC Pipes,160594.68
114.2,3,2,1,1,1,High,High,High,Medium,High,High,High,High,Medium,1,1,1,PVC Pipes,281800.94
86.6,2,1,1,1,1,High,High,High,High,High,High,High,Medium,High,0,1,1,PVC Pipes,186813.15
123.3,3,2,1,2,1,High,High,Medium,Medium,High,High,High,High,High,0,1,1,PVC Pipes,269030.55
59.0,1,1,1,0,1,High,High,High,Medium,Medium,High,High,High,High,1,1,1,PVC Pipes,154224.55
116.4,3,2,1,2,1,Medium,Medium,Medium,Medium,Medium,High,Medium,Low,Low,0,0,1,PPR Pipes,247343.85
124.1,3,2,1,2,1,Low,Medium,Medium,Low,Low,Medium,Low,Low,Medium,0,0,0,PPR Pipes,245339.66
99.3,3,2,1,1,1,Low,Low,Low,Medium,Low,Medium,Medium,Low,Medium,0,0,0,PPR Pipes,210815.83
80.0,2,1,1,1,1,High,High,Medium,High,Medium,High,Medium,High,High,1,1,1,PVC Pipes,192962.93
102.5,3,2,1,1,1,High,High,Medium,High,High,Medium,High,High,High,1,1,1,PVC Pipes,261037.88
133.8,3,2,1,2,1,Medium,Low,Medium,Low,High,High,Medium,Medium,Medium,1,0,1,PVC Pipes,304889.61
122.5,3,2,1,1,1,Medium,High,Medium,Medium,High,Medium,Medium,Medium,Medium,1,0,0,PVC Pipes,279515.83
128.2,3,1,1,1,1,Low,Medium,Low,Low,Low,Medium,Medium,Low,Low,0,0,0,PPR Pipes,212910.44
98.9,2,1,1,1,1,Medium,Low,High,Medium,Medium,Medium,Medium,High,Medium,0,0,0,PVC Pipes,168966.3
76.0,2,1,1,0,1,Low,Low,Medium,Medium,Medium,Low,Low,Low,Low,0,0,0,PPR Pipes,134318.35
108.0,3,2,1,0,1,Low,Medium,Low,Low,Medium,Low,Medium,Low,Medium,0,0,0,PPR Pipes,200579.37
123.4,3,2,1,2,1,Low,Low,Low,Low,Medium,Low,Medium,Low,Low,0,0,0,PPR Pipes,230289.08
154.5,4,2,1,3,1,Medium,Medium,Medium,Medium,Medium,Medium,Medium,Medium,Medium,0,1,1,PVC Pipes,310443.43
150.5,4,1,1,2,1,High,High,High,Medium,High,High,Medium,Medium,High,1,1,1,PVC Pipes,344041.2
119.6,3,2,1,2,1,Medium,Low,Medium,High,Medium,High,Medium,Medium,High,1,0,0,PVC Pipes,263652.52
123.0,3,2,1,1,1,Medium,Medium,Medium,Medium,Low,Medium,Medium,Medium,Medium,1,1,1,PVC Pipes,280542.9
119.2,3,2,1,2,1,Low,Medium,Medium,Medium,Low,Low,Low,Medium,Medium,0,0,0,PVC Pipes,244120.55
131.0,3,2,1,2,1,Low,Medium,Low,Medium,Medium,Low,Low,Low,Medium,0,0,0,PPR Pipes,237705.5
120.0,3,2,1,2,1,Low,Low,Low,Low,Low,Medium,Low,Medium,Low,0,0,0,PVC Pipes,213929.08
101.9,3,1,1,3,1,Low,Low,Medium,Medium,Low,Medium,Low,Low,Low,0,0,0,PPR Pipes,201699.47
93.6,2,1,1,0,1,High,High,High,High,High,Medium,High,High,Medium,0,0,1,PVC Pipes,173574.48
161.7,4,1,1,2,1,Medium,Low,Medium,Medium,Medium,High,Low,Medium,High,1,0,1,PVC Pipes,331243.18
175.0,4,2,1,1,1,Medium,Medium,Low,Medium,Medium,Low,Medium,Medium,Medium,1,0,1,PVC Pipes,362720.9
139.4,3,1,1,0,1,Medium,Medium,Medium,Medium,Medium,Medium,Medium,Medium,Low,1,1,0,PVC Pipes,271463.09
117.8,3,2,1,0,1,Medium,High,Low,Medium,Medium,Medium,Low,High,Medium,1,1,1,PVC Pipes,261860.13
124.5,2,1,1,2,1,Low,Low,Low,Low,Low,Low,Medium,Medium,Low,0,0,0,PVC Pipes,202089.88
113.3,3,1,1,2,1,Medium,Low,Medium,Medium,Medium,Low,Medium,Medium,Medium,1,0,0,PVC Pipes,223362.54
121.4,3,1,1,1,1,Medium,Medium,Low,Medium,Medium,Medium,High,Medium,Medium,0,0,1,PVC Pipes,228570.97
154.5,4,2,1,1,1,Low,Low,Low,Low,Low,Low,Low,Low,Low,0,0,0,PPR Pipes,256442.97
162.1,4,2,1,3,1,High,Medium,High,Medium,High,High,High,High,Medium,1,1,0,PVC Pipes,358168.59
81.6,2,1,1,1,1,Medium,Low,Medium,Medium,Low,Medium,Medium,Medium,Low,0,1,1,PVC Pipes,161379.09
120.8,3,2,1,1,1,Medium,Medium,Medium,Medium,Medium,Medium,Medium,Medium,Medium,1,0,1,PVC Pipes,277878.92
125.2,3,2,1,1,1,Medium,Medium,Medium,High,Medium,Medium,Medium,Medium,Medium,1,1,0,PVC Pipes,264075.63
74.2,2,1,1,2,1,High,High,Medium,High,Medium,High,High,Medium,High,1,1,1,PVC Pipes,199088.68
165.3,4,2,1,2,1,High,Medium,High,High,High,Medium,High,Medium,High,1,1,1,PVC Pipes,388026.24
190.5,5,3,1,3,1,High,High,High,High,Medium,High,Medium,High,Medium,1,1,1,PVC Pipes,472259.19
120.4,3,1,1,2,1,Medium,High,Medium,High,Medium,Low,Low,Medium,Medium,1,0,1,PVC Pipes,274579.01
151.9,4,1,1,1,1,Low,Low,Low,Medium,Low,Medium,Low,Medium,Low,0,0,0,PVC Pipes,263485.4
144.8,3,2,1,0,1,Low,Low,Low,Low,Medium,Low,Low,Medium,Low,1,0,0,PVC Pipes,284312.4
74.6,2,1,1,2,1,Medium,Low,Medium,Medium,Medium,Medium,Medium,Medium,Medium,1,1,0,PVC Pipes,167587.61
112.8,3,2,1,2,1,Medium,Medium,Medium,Medium,Medium,Medium,High,High,Medium,0,0,1,PVC Pipes,224241.91
56.9,1,1,1,2,1,Medium,Medium,High,Medium,High,Medium,Medium,Medium,Medium,0,1,1,PVC Pipes,135007.6
144.9,3,1,1,2,1,Medium,Medium,Medium,High,Medium,Low,Low,High,High,0,1,1,PVC Pipes,239313.27
82.7,2,1,1,0,1,Low,Medium,Low,Low,Low,Medium,Medium,Low,Medium,1,0,0,PPR Pipes,170985.0
150.6,3,1,1,0,1,Low,Low,Low,Low,Low,Medium,Low,Medium,Low,0,0,0,PVC Pipes,246882.66
172.1,4,2,1,3,1,Low,Medium,Low,Medium,Low,Low,Medium,Low,Low,0,0,0,PPR Pipes,312257.04
142.8,3,2,1,1,1,Low,Low,Low,Medium,Medium,Medium,Medium,Low,Medium,0,0,0,PVC Pipes,245661.36
89.4,2,1,1,1,1,Medium,Medium,Low,Medium,Low,Low,Medium,Medium,Medium,1,1,0,PVC Pipes,179145.97
146.0,4,1,1,1,1,Medium,Medium,Medium,High,High,Low,High,Medium,Low,0,0,1,PVC Pipes,279806.56
145.5,3,1,1,0,1,High,High,Medium,High,Medium,High,High,High,High,1,1,1,PVC Pipes,304413.89
138.9,3,2,1,2,1,Low,Medium,Low,Low,Medium,Low,Low,Low,Low,0,0,0,PPR Pipes,253090.74
83.8,2,1,1,0,1,Low,Low,Low,Medium,Low,Low,Medium,Low,Low,0,0,0,PPR Pipes,147319.62
175.3,4,2,1,2,1,Low,Low,Medium,Low,Medium,Medium,Low,Low,Medium,0,0,0,PPR Pipes,314293.76
122.7,3,2,1,0,1,Medium,Medium,Medium,Medium,Medium,Low,Medium,Low,Medium,0,1,1,PPR Pipes,241334.39
71.0,2,1,1,2,1,Low,Low,Low,Medium,Low,Low,Medium,Low,Low,0,0,1,PVC Pipes,153573.75
92.1,2,1,1,1,1,Medium,Medium,High,Medium,Medium,Medium,Medium,High,Medium,0,1,0,PVC Pipes,175985.42
78.5,1,1,1,0,1,Low,Low,Medium,Low,Low,Low,Medium,Low,Low,0,0,0,PPR Pipes,141957.66
171.3,4,1,1,3,1,Low,Low,Medium,Medium,Medium,Medium,Low,Medium,Low,0,0,1,PVC Pipes,310419.96
165.8,4,2,1,3,1,Medium,Medium,Medium,Medium,Medium,High,Medium,High,Medium,0,0,0,PVC Pipes,324932.74
85.9,2,1,1,1,1,Medium,Medium,Medium,Medium,Medium,High,Medium,High,Low,1,1,1,PVC Pipes,189659.48
115.3,3,2,1,1,1,High,High,Medium,High,High,Medium,Medium,High,High,1,1,1,PVC Pipes,283622.28
120.6,3,2,1,1,1,Low,Low,Low,Low,Low,Low,Low,Medium,Low,0,0,0,PVC Pipes,209239.43
137.0,3,2,1,1,1,Medium,Medium,Medium,Low,Medium,Medium,Medium,Medium,Medium,1,0,0,PVC Pipes,297034.34
122.9,3,1,1,1,1,Low,Low,Medium,Low,Low,Medium,Low,Low,Low,0,0,0,PPR Pipes,218911.46
83.8,2,1,1,0,1,High,Medium,Medium,High,High,High,Medium,High,High,1,1,1,PVC Pipes,193881.84
50.0,1,1,1,1,1,Low,Low,Low,Low,Medium,Low,Low,Low,Low,0,1,1,PPR Pipes,114553.01
122.1,3,2,1,1,1,High,High,High,High,High,High,High,High,High,1,1,1,PVC Pipes,296661.72
118.0,3,1,1,2,1,Medium,Medium,Medium,Medium,Medium,Medium,Medium,Medium,Medium,1,1,0,PVC Pipes,257655.37
119.4,3,2,1,1,1,High,High,High,High,Medium,Medium,High,Medium,High,0,1,1,PVC Pipes,259903.79
89.0,2,1,1,1,1,High,Medium,Medium,High,High,Medium,Medium,Medium,High,1,1,1,PVC Pipes,208592.08
116.5,3,2,1,0,1,Medium,Medium,Medium,Medium,Medium,Low,Medium,High,High,0,0,0,PVC Pipes,220986.33
93.5,2,1,1,1,1,Medium,Medium,Medium,Medium,Medium,Low,Low,Medium,Medium,0,0,0,PVC Pipes,164973.21
67.8,2,1,1,1,1,High,Medium,High,High,Medium,High,High,Medium,Medium,1,1,1,PVC Pipes,166842.37
129.7,3,1,1,1,1,High,High,High,High,Medium,Medium,High,High,Medium,1,1,1,PVC Pipes,280468.3
130.4,3,1,1,1,1,Medium,Medium,Medium,Low,Medium,Low,Medium,Medium,Medium,1,0,1,PVC Pipes,262949.46
103.4,3,2,1,2,1,Low,Medium,Low,Low,Low,Medium,Low,Low,Low,0,0,1,PPR Pipes,204572.54
139.9,3,1,1,1,1,High,Medium,High,High,Medium,High,High,High,High,1,1,1,PVC Pipes,296058.56
169.1,4,2,1,1,1,Medium,High,Medium,Medium,Medium,High,High,Low,Low,1,1,1,PPR Pipes,366357.86
86.7,2,1,1,1,1,Medium,Medium,High,Medium,Medium,Low,Medium,Medium,Medium,1,0,1,PVC Pipes,186979.04
113.2,3,2,1,1,1,Low,Low,Low,Low,Medium,Medium,Medium,Low,Medium,1,0,0,PPR Pipes,238422.72
91.3,2,1,1,2,1,Medium,Medium,Medium,Medium,Medium,Medium,High,Medium,Medium,0,1,0,PVC Pipes,191992.91
98.0,3,2,1,2,1,Medium,High,Medium,Medium,Medium,High,Medium,Medium,High,0,1,0,PVC Pipes,221663.44
160.6,4,1,1,3,1,High,High,Medium,High,High,High,High,High,High,0,1,1,PVC Pipes,311643.18
102.2,2,1,1,0,1,Medium,Medium,Medium,High,Medium,Medium,Medium,High,Medium,0,0,0,PVC Pipes,173362.43
169.6,4,1,1,1,1,Medium,Medium,Medium,Medium,Medium,Medium,Medium,Medium,Medium,0,0,1,PVC Pipes,280157.72
117.0,3,2,1,1,1,Low,Low,Medium,Low,Medium,Low,Medium,Low,Low,1,0,1,PPR Pipes,249428.96
108.4,3,1,1,2,1,Low,Low,Low,Low,Low,Medium,Low,Low,Low,0,0,0,PPR Pipes,190577.46
64.1,1,1,1,0,1,Medium,Medium,Medium,Low,Low,Medium,High,Medium,High,0,1,0,PVC Pipes,127080.54
195.1,5,2,1,2,1,Medium,Medium,Medium,Low,Medium,Medium,Medium,High,Medium,0,1,0,PVC Pipes,363895.64
63.1,2,1,1,2,1,Low,Medium,Medium,Low,Low,Low,Low,Low,Low,0,0,0,PPR Pipes,132413.31
127.8,3,2,1,1,1,Medium,Medium,Medium,High,Medium,Medium,Medium,Medium,High,0,0,1,PVC Pipes,256294.64
72.1,2,1,1,1,1,Medium,Low,Medium,High,Medium,Low,Medium,Medium,High,0,0,1,PVC Pipes,152182.47
82.4,2,1,1,1,1,Medium,Medium,Medium,Medium,Low,Medium,Low,Low,High,0,0,1,PPR Pipes,157683.63
121.8,3,2,1,1,1,High,High,High,High,High,High,High,Medium,High,1,1,1,PVC Pipes,298127.68
166.7,4,2,1,3,1,High,High,Medium,High,High,High,High,High,High,1,1,0,PVC Pipes,370003.83
89.3,2,1,1,0,1,High,High,Medium,Medium,High,High,High,High,High,1,1,1,PVC Pipes,204325.94
102.2,2,1,1,2,1,Low,Low,Low,Low,Medium,Low,Low,Low,Low,0,0,0,PPR Pipes,183313.54
126.5,3,2,1,2,1,High,Medium,High,High,High,High,High,High,High,0,0,1,PVC Pipes,259058.24
67.1,2,1,1,0,1,High,High,Medium,High,Medium,Medium,High,High,High,1,1,1,PVC Pipes,168002.17
91.2,2,1,1,0,1,Medium,Medium,Low,Medium,Medium,Medium,Medium,Low,Medium,0,0,1,PPR Pipes,164333.6
129.8,3,2,1,0,1,High,High,Medium,High,High,High,High,High,High,1,1,1,PVC Pipes,307147.02
50.0,1,1,1,0,1,High,High,Medium,High,High,High,High,High,High,1,1,1,PVC Pipes,135256.0
94.3,2,1,1,0,1,Low,Low,Low,Medium,Low,Low,Low,Low,Medium,0,0,0,PPR Pipes,156804.41
113.2,3,1,1,1,1,Medium,Medium,Low,Medium,Medium,Medium,Medium,High,Medium,0,1,0,PVC Pipes,193645.68
64.5,1,1,1,0,1,High,High,High,High,High,High,High,Medium,High,1,1,1,PVC Pipes,164266.76
50.0,1,1,1,0,1,High,High,High,High,High,Medium,High,High,Medium,1,1,1,PVC Pipes,126473.81
81.8,2,1,1,1,1,Medium,Low,Medium,High,Medium,Medium,Medium,Medium,High,0,1,0,PVC Pipes,168660.54
149.9,4,2,1,2,1,High,High,Medium,High,Medium,High,Medium,High,High,1,1,1,PVC Pipes,361614.98
118.9,3,2,1,1,1,Low,Low,Low,Low,Low,Low,Medium,Low,Medium,0,0,0,PPR Pipes,222245.37
126.9,3,1,1,3,1,Medium,Medium,Medium,Medium,Medium,High,Low,Medium,Medium,0,0,1,PVC Pipes,245016.04
205.2,5,3,1,2,2,Medium,Low,Medium,Medium,Medium,Low,Low,Medium,Medium,1,1,1,PVC Pipes,401131.84
118.6,3,2,1,3,1,Medium,Medium,Medium,High,Medium,Medium,Medium,Medium,Medium,1,0,0,PVC Pipes,265939.22
79.6,2,1,1,1,1,Low,Medium,Low,Medium,Low,Low,Low,Medium,Low,0,0,0,PVC Pipes,155371.88
96.0,2,1,1,1,1,Medium,Low,Medium,Medium,Low,Medium,Medium,Medium,Medium,1,0,0,PVC Pipes,195363.79
113.9,3,2,1,1,1,High,Medium,High,High,Medium,High,High,High,Medium,1,1,1,PVC Pipes,265652.48
136.9,3,2,1,2,1,Medium,Medium,Medium,Medium,High,Medium,Low,High,Low,1,0,1,PVC Pipes,289218.11
117.4,3,2,1,1,1,Medium,Low,Medium,Medium,Medium,Medium,Low,Medium,Medium,1,1,0,PVC Pipes,249907.22
97.9,2,1,1,1,1,Medium,Low,High,Medium,Low,Medium,Medium,Medium,Medium,0,1,1,PVC Pipes,190238.78
143.8,4,2,1,2,1,Medium,Medium,Medium,Medium,Low,Low,Medium,High,High,0,0,0,PVC Pipes,282457.3
87.4,2,1,1,0,1,Medium,Medium,High,Medium,Medium,Low,Low,Medium,High,0,0,0,PVC Pipes,160837.19
101.8,3,2,1,3,1,Medium,High,Medium,Medium,Medium,Medium,Medium,High,Medium,0,0,1,PVC Pipes,237991.06
78.3,2,1,1,2,1,High,High,Medium,High,Medium,High,High,Medium,High,1,0,0,PVC Pipes,198372.32
161.2,4,2,1,3,1,High,High,High,High,High,High,High,High,Medium,1,0,1,PVC Pipes,399155.89
135.7,3,2,1,3,1,High,High,High,Medium,High,High,High,High,High,1,1,1,PVC Pipes,345369.7
100.8,3,2,1,2,1,Medium,Medium,Low,Medium,Medium,High,Medium,Medium,High,0,1,1,PVC Pipes,218950.89
67.9,2,1,1,1,1,High,Medium,Medium,High,High,Medium,High,High,High,1,1,1,PVC Pipes,179325.31
133.9,3,2,1,2,1,High,High,High,High,Medium,Medium,High,High,High,1,1,1,PVC Pipes,339705.59
92.1,2,1,1,2,1,Low,Low,Low,Medium,Low,Low,Medium,Low,Low,0,0,0,PPR Pipes,165001.76
135.0,3,2,1,1,1,Medium,Medium,Medium,Low,Medium,Medium,Medium,Medium,Medium,0,1,0,PVC Pipes,231625.18
114.4,3,2,1,3,1,High,Medium,High,High,High,High,High,High,High,1,1,1,PVC Pipes,301643.39
92.2,2,1,1,1,1,High,Medium,Medium,High,High,Medium,Medium,Medium,Medium,1,0,1,PVC Pipes,208240.91
118.5,3,2,1,0,1,Medium,Low,Low,Low,Medium,Medium,Medium,Medium,Medium,0,0,1,PVC Pipes,236410.15
177.6,4,2,1,1,1,Medium,Medium,Medium,Low,High,Medium,Medium,Medium,Medium,0,0,1,PVC Pipes,334713.47
81.2,2,1,1,2,1,Medium,Medium,Medium,Medium,Medium,Medium,Medium,Medium,Medium,0,1,1,PVC Pipes,169247.39
160.7,4,1,1,2,1,Medium,Low,High,Medium,High,Medium,Medium,Medium,Medium,0,1,1,PVC Pipes,299667.42
147.7,4,1,1,3,1,High,High,Medium,High,Medium,High,High,Medium,High,1,1,1,PVC Pipes,360956.39
151.9,4,2,1,1,1,Medium,Medium,Medium,Low,Medium,High,Medium,Medium,Medium,0,1,1,PVC Pipes,287426.19
116.1,3,2,1,1,1,Medium,Medium,Medium,Medium,Low,Medium,Medium,Medium,Low,0,0,0,PVC Pipes,220097.05
205.1,5,3,1,2,2,Low,Medium,Medium,Medium,Low,Low,Medium,Medium,Medium,0,0,0,PVC Pipes,388509.66
109.8,3,2,1,1,1,Low,Low,Medium,Medium,Low,Low,Low,Low,Low,0,0,1,PPR Pipes,205780.03
145.2,4,1,1,1,1,Medium,Medium,Low,High,High,Medium,Medium,High,Medium,0,1,1,PVC Pipes,262882.85
149.8,4,2,1,2,1,Low,Low,Medium,Low,Low,Low,Medium,Medium,Low,0,0,0,PVC Pipes,290272.92
138.1,3,2,1,2,1,Low,Medium,Low,Low,Low,Low,Medium,Low,Low,0,0,0,PPR Pipes,255053.21
168.5,4,1,1,3,1,Medium,Low,Low,Medium,Low,Low,Medium,Medium,Medium,1,1,1,PVC Pipes,315805.94
203.8,5,3,1,2,2,Medium,Medium,Medium,Low,Medium,Medium,Medium,High,Medium,0,0,1,PVC Pipes,393145.04
122.4,3,2,1,0,1,High,Medium,High,High,Medium,High,Medium,Medium,Medium,1,1,1,PVC Pipes,261439.92
117.1,3,2,1,2,1,Medium,Medium,High,Medium,Medium,Medium,Medium,Medium,Medium,0,1,1,PVC Pipes,236262.94
122.9,3,2,1,0,1,High,High,High,High,High,Medium,High,High,Medium,0,1,1,PVC Pipes,269434.7
183.5,5,3,1,2,1,Low,Low,Low,Medium,Low,Medium,Low,Low,Medium,0,0,1,PPR Pipes,338336.37
86.4,2,1,1,2,1,Low,Medium,Low,Low,Low,Low,Low,Low,Low,0,0,0,PPR Pipes,164286.41
177.2,4,2,1,1,1,Low,Low,Medium,Medium,Low,Low,Low,Low,Medium,0,0,0,PPR Pipes,321419.83
91.5,2,1,1,1,1,Low,Low,Low,Medium,Low,Low,Low,Low,Medium,0,0,0,PPR Pipes,162011.36
122.9,3,1,1,1,1,Medium,High,Medium,Medium,Medium,Medium,Medium,High,Medium,1,0,1,PVC Pipes,259660.43
108.8,3,2,1,1,1,Medium,Medium,Medium,Low,High,Low,Medium,Medium,Low,1,0,0,PVC Pipes,226298.53
142.5,3,2,1,1,1,Medium,Medium,Medium,High,Medium,Medium,Medium,Medium,Low,1,1,1,PVC Pipes,303082.08
55.8,2,1,1,1,1,Low,Low,Low,Low,Medium,Low,Medium,Medium,Low,0,0,0,PVC Pipes,113534.35
63.3,2,1,1,2,1,Medium,Medium,Medium,High,Medium,Medium,Low,Medium,Medium,1,1,1,PVC Pipes,158329.18
118.2,3,1,1,1,1,High,Medium,High,Medium,Medium,High,High,High,Medium,1,0,1,PVC Pipes,257648.87
149.4,3,1,1,2,1,Medium,Medium,High,Low,Low,Medium,Medium,Medium,Low,1,0,0,PVC Pipes,293526.97
144.9,4,2,1,1,1,Low,Low,Low,Medium,Low,Low,Low,Low,Medium,0,0,0,PPR Pipes,251844.04
153.9,4,1,1,3,1,Low,Medium,Medium,Low,Low,Medium,Low,Low,Low,1,1,0,PPR Pipes,322360.44
150.5,4,2,1,2,1,Medium,Low,Low,Medium,Medium,Medium,Low,Medium,Medium,0,0,1,PVC Pipes,283576.12
106.5,3,1,1,1,1,Medium,Medium,Medium,Low,High,Medium,Low,Low,Low,1,1,1,PPR Pipes,220834.09
79.2,2,1,1,1,1,Medium,High,Medium,Low,Medium,Medium,High,Medium,High,1,0,0,PVC Pipes,174998.85
118.4,3,1,1,2,1,Medium,Medium,Medium,Medium,Medium,Medium,Low,Medium,Medium,0,0,1,PVC Pipes,224825.46
71.6,2,1,1,0,1,High,High,Medium,High,High,High,High,High,Medium,1,1,1,PVC Pipes,176461.24
82.9,2,1,1,1,1,Medium,Medium,Low,Medium,Medium,Medium,Low,Medium,Medium,1,1,1,PVC Pipes,181100.71
63.9,2,1,1,2,1,Low,Medium,Low,Medium,Low,Low,Medium,Low,Low,0,0,0,PPR Pipes,136791.01
121.0,3,1,1,2,1,Low,Low,Low,Low,Low,Low,Low,Medium,Low,0,0,0,PVC Pipes,209715.39
125.4,3,1,1,1,1,Low,Low,Low,Low,Low,Medium,Medium,Low,Low,0,0,0,PPR Pipes,221622.85
113.5,3,1,1,2,1,Low,Low,Medium,Low,Low,Low,Low,Low,Low,0,0,0,PPR Pipes,200417.06
113.8,3,1,1,1,1,Medium,Medium,Low,High,Medium,Medium,Low,Medium,Medium,1,0,0,PVC Pipes,233523.21
161.4,4,1,1,0,1,Low,Low,Low,Low,Low,Low,Low,Low,Medium,0,0,0,PPR Pipes,252451.77
133.5,3,2,1,0,1,Low,Low,Medium,Medium,Low,Low,Medium,Medium,Low,0,0,0,PVC Pipes,235959.09
97.7,2,1,1,2,1,Medium,Medium,Medium,High,Low,Medium,Medium,Medium,Medium,0,0,1,PVC Pipes,195767.73
105.8,2,1,1,2,1,Medium,Medium,Medium,Low,Medium,Low,Low,Medium,Medium,1,0,1,PVC Pipes,217025.61
148.5,4,2,1,1,1,Medium,High,Medium,Medium,Low,Medium,Medium,High,Medium,0,0,1,PVC Pipes,285752.16
143.9,4,1,1,1,1,Low,Medium,Low,Low,Medium,Low,Medium,Low,Medium,0,0,0,PPR Pipes,257893.99
133.6,3,2,1,2,1,Medium,Medium,Medium,High,High,Medium,Medium,Medium,Medium,0,0,0,PVC Pipes,277170.74
82.5,2,1,1,1,1,Medium,Medium,Medium,Medium,Medium,Medium,Medium,Medium,Medium,0,1,1,PVC Pipes,169977.82
66.0,2,1,1,2,1,High,High,High,High,Medium,Medium,High,High,High,0,1,1,PVC Pipes,157249.9
73.2,2,1,1,0,1,Low,Low,Medium,Low,Medium,Low,Low,Low,Medium,0,0,0,PPR Pipes,141873.15
210.0,5,3,1,3,1,High,High,High,Medium,High,Medium,High,High,High,0,1,1,PVC Pipes,429196.1
171.9,5,2,1,2,1,Medium,Low,Medium,Medium,Low,Medium,Low,Low,High,0,1,1,PPR Pipes,313501.69
84.1,2,1,1,1,1,Medium,Medium,Medium,Medium,Medium,Medium,Low,Medium,Medium,1,1,1,PVC Pipes,183675.3
151.7,4,2,1,1,1,Low,Medium,Low,Low,Low,Low,Low,Medium,Low,0,0,0,PVC Pipes,280155.89
92.6,2,1,1,1,1,High,High,High,Medium,High,Medium,High,Medium,High,1,1,1,PVC Pipes,232168.52
114.6,3,2,1,1,1,Medium,High,Medium,Medium,Medium,Medium,Medium,Low,Medium,1,1,1,PPR Pipes,271037.69
116.0,3,2,1,1,1,Low,Low,Low,Medium,Low,Low,Low,Low,Medium,0,0,0,PPR Pipes,212602.49
67.3,2,1,1,2,1,High,High,High,High,High,High,High,Medium,High,1,1,1,PVC Pipes,185509.11
90.6,2,1,1,1,1,Low,Medium,Low,Medium,Low,Low,Low,Low,Low,1,1,0,PPR Pipes,175929.76
117.0,3,2,1,2,1,High,High,High,High,High,High,Medium,Medium,High,0,1,1,PVC Pipes,259880.44
149.3,4,2,1,2,1,High,High,High,High,High,Medium,High,High,High,1,1,1,PVC Pipes,375286.03
144.4,4,2,1,3,1,Medium,Low,Medium,Low,Low,Medium,High,Medium,Medium,1,1,1,PVC Pipes,312190.13
72.3,2,1,1,0,1,Medium,Medium,Low,Medium,Medium,Medium,Medium,Medium,High,1,0,0,PVC Pipes,154350.52
136.7,3,2,1,1,1,Low,Medium,Medium,Low,Medium,Low,Low,Medium,Medium,0,0,0,PVC Pipes,254322.63
149.7,4,1,1,3,1,Medium,Low,Low,High,Medium,Medium,Low,Medium,Low,1,1,1,PVC Pipes,289788.24
143.5,4,2,1,2,1,Low,Medium,Medium,Medium,Medium,Low,Low,Medium,Low,0,0,0,PVC Pipes,285455.23
85.6,2,1,1,1,1,Medium,High,Medium,Medium,Medium,Medium,Medium,High,Medium,0,1,1,PVC Pipes,162067.77
53.0,1,1,1,1,1,Low,Medium,Low,Low,Low,Medium,Medium,Medium,Low,0,0,0,PVC Pipes,102045.9
155.7,4,2,1,2,1,Medium,Medium,Medium,Low,High,Low,High,Medium,Medium,1,1,0,PVC Pipes,344763.83
210.5,5,3,1,3,1,High,High,Medium,High,High,High,High,High,High,0,1,1,PVC Pipes,414129.18
99.0,2,1,1,0,1,High,High,High,High,High,High,High,High,Medium,1,1,1,PVC Pipes,227771.61
132.8,3,2,1,2,1,Medium,High,Medium,Medium,Medium,Medium,Low,Medium,Medium,1,1,1,PVC Pipes,295676.38
109.2,3,1,1,2,1,Medium,High,Medium,Medium,Medium,Medium,High,Medium,Medium,1,0,1,PVC Pipes,265399.62
80.0,2,1,1,1,1,Medium,Medium,Medium,Medium,Medium,Medium,Medium,Medium,High,0,1,0,PVC Pipes,152443.2
176.6,4,2,1,1,1,Low,Low,Low,Medium,Medium,Low,Low,Low,Low,0,1,0,PPR Pipes,292062.43
111.6,3,2,1,0,1,Medium,Low,Medium,Medium,Medium,Medium,Medium,High,Medium,1,0,1,PVC Pipes,248027.65
140.1,4,1,1,2,1,Medium,Low,Medium,Medium,High,Medium,Low,Medium,Low,1,0,0,PVC Pipes,268082.05
102.9,2,1,1,0,1,Medium,Medium,Medium,High,Medium,Medium,Medium,Medium,Low,0,1,0,PVC Pipes,174210.18
111.3,3,2,1,2,1,Low,Low,Low,Low,Medium,Low,Low,Low,Low,0,1,0,PPR Pipes,203507.78
91.1,2,1,1,1,1,Low,Medium,Low,Low,Medium,Low,Medium,Low,Medium,0,0,0,PPR Pipes,177146.01
93.2,2,1,1,1,1,High,High,Medium,High,Medium,High,High,High,High,1,1,1,PVC Pipes,218886.34
127.5,3,2,1,1,1,Medium,Medium,Low,Medium,Low,Low,High,Medium,Medium,1,1,0,PVC Pipes,274238.69
67.4,2,1,1,0,1,Medium,Medium,High,Medium,Low,Medium,Medium,Medium,High,1,0,0,PVC Pipes,160964.61
107.1,2,1,1,0,1,Medium,Medium,Medium,High,Medium,Medium,Medium,Low,High,0,1,0,PPR Pipes,184769.39
53.8,1,1,1,1,1,Medium,Medium,Medium,Medium,Medium,Medium,Medium,Medium,Low,0,1,0,PVC Pipes,113928.26
128.9,3,2,1,0,1,Medium,Medium,Medium,Low,Medium,Low,High,Medium,Medium,1,0,1,PVC Pipes,267958.66
99.3,3,1,1,1,1,Medium,Medium,Medium,High,Low,Medium,Medium,Medium,Low,0,0,0,PVC Pipes,187802.85
146.8,4,1,1,3,1,Medium,Low,Medium,Medium,Low,High,Medium,Medium,Medium,0,0,1,PVC Pipes,279482.81
89.6,2,1,1,1,1,Low,Low,Low,Low,Medium,Low,Low,Low,Medium,0,0,0,PPR Pipes,157177.55
92.1,2,1,1,2,1,Low,Low,Medium,Medium,Low,Low,Low,Medium,Medium,0,0,0,PVC Pipes,168726.47
140.5,3,2,1,1,1,Low,Low,Low,Low,Medium,Medium,Low,Low,Low,0,0,0,PPR Pipes,241198.97
116.4,2,1,1,0,1,Medium,Medium,Medium,Medium,Medium,Medium,Medium,Medium,Medium,0,1,1,PVC Pipes,201887.47
82.2,2,1,1,0,1,Medium,Low,Medium,High,Medium,Medium,High,High,Medium,1,0,0,PVC Pipes,164437.64
179.4,4,1,1,3,1,Low,Low,Low,Low,Low,Low,Low,Medium,Medium,0,0,0,PVC Pipes,310595.82
160.2,4,2,1,2,1,Low,Low,Low,Low,Low,Low,Low,Medium,Low,0,0,0,PVC Pipes,285095.98
184.3,5,2,1,2,1,Medium,High,Medium,Medium,Medium,Medium,Medium,High,Medium,1,1,1,PVC Pipes,397259.0
154.6,4,2,1,2,1,Medium,Medium,Medium,Medium,Medium,Medium,Medium,High,Medium,0,0,1,PVC Pipes,297240.63
115.2,3,2,1,2,1,Medium,Medium,High,Medium,High,High,Medium,Medium,High,0,0,0,PVC Pipes,228006.75
78.6,2,1,1,0,1,Medium,Medium,Medium,Medium,Medium,Medium,Medium,Medium,Medium,0,0,1,PVC Pipes,154107.75
126.6,3,2,1,1,1,Medium,Medium,High,High,Medium,Medium,Low,Low,Low,0,0,1,PPR Pipes,226726.2
96.4,3,2,1,1,1,Low,Low,Low,Low,Medium,Medium,Low,Medium,Low,0,0,0,PVC Pipes,173418.8
86.1,2,1,1,1,1,Medium,Medium,High,High,Medium,Low,Medium,Medium,Medium,0,1,0,PVC Pipes,166670.73
153.7,4,2,1,2,1,Medium,Medium,Medium,Low,Medium,Medium,High,Low,Medium,1,0,0,PPR Pipes,346052.86
157.0,4,2,1,2,1,Low,Low,Low,Low,Medium,Low,Low,Low,Medium,0,0,0,PPR Pipes,282433.73
166.4,4,1,1,1,1,Medium,Medium,Medium,Medium,High,Medium,High,Medium,Medium,0,1,1,PVC Pipes,313691.27
95.8,2,1,1,1,1,Medium,High,Medium,High,High,Medium,Medium,Medium,Medium,1,0,0,PVC Pipes,214337.61
119.2,3,1,1,2,1,Medium,High,High,Medium,Medium,Medium,Medium,Low,Low,0,1,1,PPR Pipes,234702.26
102.8,3,1,1,0,1,High,High,Medium,High,High,Medium,Medium,High,High,1,1,1,PVC Pipes,251929.8
159.1,4,2,1,3,1,Medium,High,Medium,Medium,Medium,Medium,Low,High,High,0,0,1,PVC Pipes,310903.1
75.9,2,1,1,2,1,Low,Low,Low,Low,Low,Medium,Medium,Low,Medium,0,0,0,PPR Pipes,141207.11
159.3,4,2,1,2,1,Medium,Medium,Medium,Medium,High,Medium,Medium,Medium,Medium,0,0,1,PVC Pipes,302647.57
134.0,3,1,1,1,1,Medium,Medium,Medium,Medium,Low,Low,High,Medium,High,0,0,1,PVC Pipes,255580.47
125.1,3,2,1,2,1,Low,Low,Low,Medium,Low,Low,Medium,Medium,Low,0,1,1,PVC Pipes,235684.68
97.4,2,1,1,2,1,Low,Low,Low,Low,Low,Low,Low,Low,Low,0,0,0,PPR Pipes,167327.62
116.7,3,2,1,1,1,Medium,Medium,Medium,Medium,Medium,Medium,Medium,Medium,High,0,0,0,PVC Pipes,238687.08
71.2,2,1,1,0,1,High,High,High,High,High,Medium,High,High,High,1,1,1,PVC Pipes,180918.54
110.6,3,2,1,1,1,Medium,Medium,Medium,High,Medium,Medium,Medium,Medium,Low,1,0,1,PVC Pipes,247756.14
90.9,2,1,1,1,1,High,High,High,High,Medium,High,High,High,High,0,0,1,PVC Pipes,198854.58
77.6,2,1,1,1,1,Low,Medium,Low,Low,Low,Low,Low,Low,Low,0,0,0,PPR Pipes,137898.49
98.0,2,1,1,1,1,Low,Medium,Medium,Low,Medium,Medium,Medium,Low,Low,0,0,0,PPR Pipes,172240.32
79.6,2,1,1,0,1,Low,Medium,Low,Low,Medium,Medium,Low,Medium,Medium,0,0,1,PVC Pipes,144308.35
115.2,3,1,1,2,1,Low,Medium,Low,Medium,Low,Low,Low,Low,Low,0,0,0,PPR Pipes,186659.97
142.2,3,2,1,1,1,High,High,High,Medium,High,High,High,High,Medium,1,1,1,PVC Pipes,324091.38
98.6,2,1,1,2,1,Medium,Medium,Medium,High,Medium,Medium,High,Medium,Medium,0,1,0,PVC Pipes,196033.85
83.7,2,1,1,1,1,High,High,High,High,High,Medium,Medium,Medium,High,1,1,1,PVC Pipes,204969.93
148.4,4,2,1,0,1,Medium,Medium,Medium,Medium,Low,Medium,Medium,Low,Medium,0,0,0,PPR Pipes,269717.82
107.0,3,2,1,2,1,Medium,Low,Medium,Medium,Medium,Medium,Medium,Medium,Medium,1,1,1,PVC Pipes,237425.2
215.7,5,2,1,1,1,High,Medium,High,High,Medium,Medium,Medium,High,High,1,1,1,PVC Pipes,462185.24
194.6,5,3,1,3,1,Low,Low,Low,Low,Low,Low,Medium,Medium,Low,0,0,0,PVC Pipes,358924.64
142.2,4,2,1,1,1,Medium,Medium,Medium,Low,Medium,High,Medium,Low,Medium,1,0,0,PVC Pipes,314856.28
124.0,3,1,1,2,1,Low,Medium,Low,Medium,Low,Low,Low,Low,Low,0,0,0,PPR Pipes,206208.92
171.4,4,2,1,3,1,Medium,Low,High,Medium,Medium,High,High,High,Medium,1,1,1,PVC Pipes,358592.03
103.0,3,2,1,2,1,Low,Medium,Low,Medium,Low,Low,Low,Low,Low,0,0,0,PPR Pipes,203904.3
143.6,3,2,1,2,1,Low,Medium,Medium,Low,Low,Low,Low,Low,Low,0,1,0,PPR Pipes,278378.14
121.6,3,1,1,2,1,Low,Low,Medium,Medium,Medium,Low,Low,Low,Low,1,0,0,PPR Pipes,247047.82
153.7,3,2,1,1,1,High,High,Medium,Medium,Medium,High,High,High,High,1,1,1,PVC Pipes,366248.41
81.5,2,1,1,0,1,Medium,Medium,Medium,Low,Medium,Medium,Medium,Medium,Low,1,1,1,PVC Pipes,164434.05
126.8,3,2,1,1,1,Medium,Medium,Low,Medium,High,Medium,Medium,High,Medium,0,1,0,PVC Pipes,224413.82
133.9,3,2,1,3,1,High,High,High,High,High,High,High,Medium,High,1,1,1,PVC Pipes,324429.67
85.5,2,1,1,2,1,Medium,Medium,High,Medium,Medium,Medium,Medium,Medium,Low,0,0,1,PVC Pipes,160788.54
91.6,2,1,1,2,1,Low,Low,Medium,Medium,Low,Medium,Low,Low,Low,0,0,0,PPR Pipes,169450.85
80.0,2,1,1,2,1,High,High,High,High,High,Medium,High,High,Medium,1,1,1,PVC Pipes,203410.82
77.7,2,1,1,1,1,High,High,High,High,High,High,High,High,High,1,0,1,PVC Pipes,195993.71
122.8,3,2,1,1,1,Medium,Low,Medium,Medium,Medium,Low,High,Medium,Medium,0,0,1,PVC Pipes,241340.65
75.3,2,1,1,0,1,Low,Medium,Low,Medium,Low,Medium,Medium,Low,Low,0,1,0,PPR Pipes,144936.61
103.9,2,1,1,2,1,Low,Low,Medium,Low,Low,Low,Low,Low,Low,1,0,0,PPR Pipes,195864.83
121.3,3,1,1,1,1,High,Medium,High,High,Medium,High,High,Medium,High,1,1,1,PVC Pipes,261211.32
100.5,2,1,1,1,1,Medium,Low,Medium,Medium,Medium,Medium,Medium,High,Low,0,1,1,PVC Pipes,192715.81
123.1,3,2,1,1,1,High,Medium,High,High,High,High,Medium,High,High,1,0,1,PVC Pipes,282806.8
183.1,4,1,1,2,1,Medium,High,Medium,Medium,Medium,Medium,Medium,High,Medium,0,1,1,PVC Pipes,326430.8
103.7,2,1,1,1,1,Medium,Medium,Medium,Medium,Low,Medium,Medium,Medium,Low,0,0,0,PVC Pipes,184267.8
84.6,2,1,1,1,1,Medium,Medium,Medium,Medium,Medium,Medium,High,Medium,Low,1,0,0,PVC Pipes,171906.04
69.6,2,1,1,0,1,High,High,High,High,Medium,High,High,Medium,Medium,1,1,1,PVC Pipes,176205.55
126.1,3,1,1,2,1,High,High,High,High,Medium,Medium,Medium,High,Medium,1,1,1,PVC Pipes,280839.3
155.3,4,1,1,2,1,High,High,Medium,High,High,High,High,Medium,High,1,1,1,PVC Pipes,355403.55
172.9,4,1,1,1,1,Medium,Medium,High,Medium,High,High,Medium,Medium,Medium,0,1,1,PVC Pipes,308844.29
94.2,2,1,1,1,1,Medium,High,Medium,Medium,Medium,Medium,Medium,Low,High,0,0,1,PPR Pipes,190006.96
153.6,4,2,1,1,1,High,High,High,High,High,Medium,Medium,High,Medium,1,1,0,PVC Pipes,361820.42
86.2,2,1,1,1,1,Medium,Medium,Medium,Medium,Medium,Medium,Medium,High,Medium,0,0,0,PVC Pipes,162032.09
177.8,4,2,1,1,1,High,High,High,High,High,High,High,High,Medium,1,1,1,PVC Pipes,386242.98
126.5,3,1,1,1,1,Low,Low,Medium,Low,Low,Medium,Low,Low,Low,0,0,0,PPR Pipes,207021.06
87.6,2,1,1,1,1,High,High,High,Medium,Medium,High,High,Medium,High,1,1,1,PVC Pipes,212703.45
110.9,3,2,1,1,1,Medium,High,Medium,Medium,Medium,Medium,Medium,High,High,0,1,1,PVC Pipes,230189.86
126.0,3,1,1,2,1,Low,Low,Low,Medium,Low,Low,Low,Low,Medium,0,0,1,PPR Pipes,224305.18
90.9,2,1,1,0,1,Medium,Medium,Medium,Medium,Medium,Medium,Medium,Medium,Medium,1,1,1,PVC Pipes,185449.03
126.4,3,2,1,1,1,Medium,Medium,Medium,Low,High,Medium,Low,Medium,Medium,0,0,0,PVC Pipes,220580.2
202.9,5,3,1,2,1,Medium,Medium,Medium,Low,Medium,Medium,Medium,High,Low,0,1,1,PVC Pipes,354546.5
73.7,2,1,1,0,1,Medium,Medium,Medium,Medium,Medium,Medium,Medium,Medium,High,1,0,0,PVC Pipes,158993.97
145.1,3,2,1,0,1,High,High,High,Medium,High,High,High,Medium,High,1,1,1,PVC Pipes,320937.46
120.1,3,1,1,1,1,Medium,Medium,Medium,Medium,Medium,High,High,Medium,Medium,1,0,1,PVC Pipes,262972.43
159.1,4,2,1,3,1,Medium,Medium,Medium,Low,Medium,Medium,Low,Low,Medium,0,0,0,PPR Pipes,294010.68
192.4,5,3,1,3,2,Medium,Medium,Medium,Medium,Medium,Medium,Medium,High,Low,1,1,0,PVC Pipes,420323.68
126.5,3,2,1,2,1,Low,Low,Low,Low,Low,Low,Medium,Medium,Medium,0,0,0,PVC Pipes,249514.88
153.5,4,1,1,2,1,Low,Medium,Low,Medium,Medium,Low,Medium,Low,Low,0,0,0,PPR Pipes,256017.33
88.2,2,1,1,2,1,Low,Low,Medium,Low,Medium,Medium,Low,Medium,Low,0,0,0,PVC Pipes,174170.28
166.7,4,2,1,2,1,Low,Low,Low,Low,Medium,Low,Medium,Medium,Low,0,0,0,PVC Pipes,302058.04
204.0,5,2,1,3,1,Medium,High,High,Medium,Medium,Medium,Medium,Low,High,0,1,0,PPR Pipes,364987.79
50.0,1,1,1,1,1,High,Medium,Medium,High,High,High,High,High,High,1,1,1,PVC Pipes,141037.61
127.4,3,2,1,1,1,Low,Medium,Low,Low,Low,Medium,Low,Low,Low,0,0,0,PPR Pipes,224300.13
92.9,2,1,1,0,1,Low,Medium,Low,Low,Low,Low,Low,Medium,Low,0,0,0,PVC Pipes,153390.74
134.4,3,2,1,1,1,Medium,High,Low,Medium,Medium,Medium,Medium,Medium,Medium,1,1,0,PVC Pipes,297658.48
89.6,2,1,1,1,1,Low,Medium,Low,Low,Low,Low,Low,Medium,Medium,0,0,0,PVC Pipes,162743.56
82.4,2,1,1,0,1,Medium,Medium,Medium,Medium,Medium,Medium,Medium,Medium,Medium,1,0,0,PVC Pipes,178509.9
112.5,3,2,1,1,1,Medium,Medium,Medium,Low,Medium,High,Medium,High,High,1,1,1,PVC Pipes,271387.76
91.3,2,1,1,2,1,Medium,High,Medium,Medium,High,Medium,Medium,Medium,High,1,1,1,PVC Pipes,222675.43
137.6,4,1,1,1,1,Low,Low,Medium,Low,Low,Medium,Low,Low,Low,0,0,0,PPR Pipes,240688.78
97.3,3,1,1,1,1,Medium,High,Medium,Medium,High,Medium,Medium,Low,Low,1,0,1,PPR Pipes,228444.46
99.0,3,2,1,1,1,Low,Low,Low,Low,Low,Low,Medium,Medium,Low,0,0,0,PVC Pipes,199281.07
129.0,3,2,1,2,1,High,High,Medium,High,High,High,High,High,Medium,0,1,1,PVC Pipes,266072.16
110.3,3,1,1,2,1,Medium,Medium,Medium,Medium,Medium,Medium,Medium,Medium,Medium,1,1,1,PVC Pipes,240081.51
146.9,4,2,1,2,1,Low,Low,Low,Medium,Low,Medium,Low,Medium,Low,0,0,0,PVC Pipes,264035.34
114.5,3,2,1,1,1,High,High,Medium,Medium,Medium,High,High,High,High,1,1,1,PVC Pipes,270390.6
93.2,2,1,1,1,1,Medium,Low,Medium,Medium,Medium,Medium,High,Medium,Low,1,0,0,PVC Pipes,204666.13
78.2,2,1,1,1,1,Low,Low,Low,Low,Medium,Low,Low,Low,Low,1,0,0,PPR Pipes,147547.24
164.3,4,2,1,1,1,Medium,Medium,High,Medium,Medium,Low,Low,Medium,Medium,1,1,0,PVC Pipes,336704.76
106.3,3,2,1,2,1,Medium,Medium,Medium,High,Medium,Medium,Low,Medium,Medium,1,0,0,PVC Pipes,241880.29
94.0,2,1,1,2,1,Medium,Medium,Medium,Medium,Medium,Medium,Medium,Medium,Medium,1,1,1,PVC Pipes,213559.95
159.4,4,2,1,2,1,High,High,High,Medium,High,High,Medium,High,Medium,0,0,0,PVC Pipes,297376.97
124.6,3,2,1,0,1,High,High,High,High,High,Medium,High,Medium,Medium,1,1,1,PVC Pipes,288911.68
83.5,2,1,1,1,1,Medium,Low,High,Medium,High,Medium,Low,Low,Medium,0,1,1,PPR Pipes,168803.97
89.6,3,2,1,1,1,Medium,Medium,Medium,Medium,Medium,Low,Medium,Medium,Medium,1,1,0,PVC Pipes,225876.7
68.8,2,1,1,1,1,Low,Medium,Medium,Medium,Low,Low,Medium,Low,Low,0,0,0,PVC Pipes,139547.38
50.0,1,1,1,0,1,Medium,Medium,Medium,Medium,Medium,Medium,High,Medium,Medium,1,1,1,PVC Pipes,124775.25
171.4,4,2,1,2,1,High,High,Medium,Medium,Medium,High,Medium,High,High,1,1,1,PVC Pipes,379712.62
77.2,2,1,1,0,1,Medium,High,High,Medium,Medium,Low,Medium,Low,Medium,1,1,0,PPR Pipes,171349.28
113.5,3,1,1,1,1,High,High,High,Medium,High,High,High,High,High,1,1,1,PVC Pipes,258947.65
80.3,2,1,1,0,1,Medium,High,Medium,Low,Medium,Medium,Medium,Low,Medium,1,0,0,PPR Pipes,174044.59
134.1,4,2,1,3,1,High,High,High,High,High,High,Medium,Medium,Medium,1,1,1,PVC Pipes,322462.09
103.0,3,2,1,2,1,Low,Medium,Low,Low,Low,Medium,Low,Medium,Low,0,0,0,PVC Pipes,202652.11
131.5,3,2,1,0,1,Low,Low,Medium,Low,Medium,Low,Low,Low,Medium,0,1,0,PPR Pipes,247798.73
147.0,4,1,1,2,1,Medium,Medium,Medium,Medium,Medium,Medium,Medium,Medium,Medium,0,0,0,PVC Pipes,279264.39
137.9,4,2,1,1,1,High,High,High,High,Medium,High,High,High,High,1,1,1,PVC Pipes,329919.91
195.8,5,3,1,1,1,Medium,Medium,High,Medium,High,Medium,Medium,Low,Medium,0,0,1,PPR Pipes,361983.55
138.6,4,2,1,1,1,High,High,Medium,High,High,High,Medium,High,Medium,1,1,1,PVC Pipes,311960.48
118.3,3,2,1,1,1,Low,Low,Low,Medium,Low,Medium,Medium,Low,Low,0,0,0,PPR Pipes,224519.76
127.0,3,2,1,3,1,Low,Low,Low,Low,Medium,Medium,Low,Low,Medium,0,0,0,PPR Pipes,232913.26
212.1,5,3,1,2,2,Medium,Medium,Medium,Medium,Medium,Medium,Medium,Medium,Medium,0,1,1,PVC Pipes,402508.36
95.1,2,1,1,0,1,Low,Low,Low,Low,Low,Low,Medium,Low,Low,0,0,0,PPR Pipes,161095.55
85.1,2,1,1,1,1,Medium,Medium,Medium,High,Low,Medium,High,Medium,Medium,0,1,1,PVC Pipes,169984.98
132.4,3,2,1,2,1,Medium,Low,Medium,Medium,Medium,High,Medium,Medium,Medium,1,1,1,PVC Pipes,294841.87
103.0,3,2,1,2,1,Low,Low,Low,Medium,Low,Low,Low,Medium,Low,0,0,0,PVC Pipes,197836.93
118.6,3,2,1,0,1,High,High,Medium,High,Medium,High,Medium,Medium,High,1,1,1,PVC Pipes,273171.53
110.9,3,1,1,2,1,Medium,Low,Medium,Medium,Medium,Medium,Medium,Medium,Medium,0,0,0,PVC Pipes,215106.4
122.9,3,2,1,1,1,Low,Low,Low,Low,Low,Medium,Medium,Low,Low,0,0,0,PPR Pipes,236971.39
114.4,3,2,1,1,1,High,High,Medium,High,Medium,High,Medium,High,High,1,1,1,PVC Pipes,287511.95
75.3,2,1,1,0,1,Low,Low,Low,Medium,Low,Low,Low,Low,Medium,0,0,0,PPR Pipes,139895.84
115.7,3,2,1,2,1,High,High,Medium,Medium,Medium,Medium,Medium,High,High,1,1,1,PVC Pipes,272082.59
124.8,3,1,1,1,1,Medium,Medium,Medium,Medium,Medium,Medium,Medium,Medium,High,1,0,1,PVC Pipes,246208.61
133.5,3,1,1,1,1,Medium,Medium,Medium,Medium,Low,Medium,Medium,Medium,Medium,1,1,1,PVC Pipes,282707.75
121.0,3,2,1,2,1,Low,Low,Low,Medium,Low,Low,Medium,Low,Medium,0,0,0,PPR Pipes,241769.2
111.4,3,2,1,1,1,Low,Medium,Low,Low,Low,Low,Low,Medium,Low,1,0,0,PVC Pipes,233049.96
125.6,3,2,1,2,1,Low,Medium,Low,Medium,Low,Low,Low,Medium,Low,0,0,0,PVC Pipes,240366.59
103.8,2,1,1,1,1,Medium,Medium,Medium,Medium,Medium,Low,Medium,Medium,Low,1,1,1,PVC Pipes,223077.49
103.7,3,1,1,1,1,Medium,Medium,Medium,Low,Medium,Medium,Medium,Medium,Medium,0,1,0,PVC Pipes,208690.66
125.7,3,1,1,1,1,Low,Low,Medium,Low,Low,Low,Medium,Medium,Medium,0,0,0,PVC Pipes,217159.85
75.6,2,1,1,0,1,High,Medium,High,High,High,High,High,High,High,1,1,1,PVC Pipes,187881.46
138.2,3,1,1,1,1,Medium,Medium,High,Medium,Medium,Low,Low,Medium,Medium,1,0,0,PVC Pipes,266855.33
145.5,4,1,1,1,1,Low,Low,Low,Low,Low,Medium,Low,Low,Low,0,0,0,PPR Pipes,224497.88
117.1,3,2,1,0,1,Low,Medium,Medium,Medium,Low,Low,Medium,Low,Low,0,0,1,PPR Pipes,221719.03
126.6,3,1,1,3,1,Low,Low,Low,Medium,Medium,Low,Medium,Medium,Low,0,0,0,PVC Pipes,221808.6
50.0,1,1,1,2,1,Medium,Medium,Medium,High,Medium,Medium,Low,Medium,Medium,0,1,1,PVC Pipes,120410.56
133.8,3,2,1,1,1,Medium,Low,Medium,Medium,Medium,Medium,Low,Medium,Medium,0,0,0,PVC Pipes,240671.22
88.7,2,1,1,1,1,Low,Low,Medium,Medium,Low,Low,Low,Low,Low,0,0,0,PPR Pipes,156895.26
116.4,3,2,1,2,1,High,High,Medium,Medium,Medium,High,Medium,High,High,1,1,1,PVC Pipes,301120.22
79.2,2,1,1,1,1,Low,Low,Low,Low,Medium,Medium,Low,Low,Low,0,0,0,PPR Pipes,140812.79
68.8,2,1,1,2,1,Medium,Low,Medium,Medium,Medium,Medium,Medium,High,Medium,0,0,0,PVC Pipes,148629.94
137.8,4,1,1,1,1,Medium,Low,Low,Medium,Medium,High,Medium,Medium,Medium,1,1,0,PVC Pipes,276634.03
116.0,3,2,1,1,1,Low,Low,Medium,Medium,Low,Low,Medium,Low,Medium,0,1,0,PPR Pipes,234469.06
165.7,4,1,1,1,1,Low,Medium,Medium,Low,Medium,Low,Medium,Low,Low,0,0,0,PPR Pipes,272495.21
116.4,3,2,1,1,1,Low,Low,Medium,Low,Low,Medium,Low,Medium,Medium,0,0,0,PVC Pipes,220400.82
149.9,4,2,1,2,1,High,High,High,Medium,High,High,Medium,Medium,Medium,1,1,1,PVC Pipes,345242.62
170.8,4,2,1,1,1,Low,Low,Low,Low,Low,Low,Low,Medium,Medium,0,0,0,PVC Pipes,296510.05
107.9,3,1,1,2,1,Low,Low,Low,Low,Low,Medium,Medium,Low,Low,0,0,0,PPR Pipes,198746.64
105.5,3,2,1,3,1,Medium,Low,High,Medium,Medium,Medium,Medium,Low,High,0,1,1,PPR Pipes,241434.49
93.1,2,1,1,1,1,High,Medium,High,High,High,High,High,Medium,High,1,1,1,PVC Pipes,217429.42
122.6,3,2,1,2,1,High,High,High,High,Medium,High,Medium,Medium,High,1,1,1,PVC Pipes,295508.33
175.2,4,2,1,2,1,Medium,Low,Medium,Medium,Medium,Medium,Medium,Medium,Medium,1,0,1,PVC Pipes,370048.64
159.6,4,1,1,2,1,Medium,Medium,Medium,High,Low,High,Medium,Medium,High,1,0,1,PVC Pipes,335604.45
100.8,2,1,1,1,1,Medium,High,Medium,Medium,High,Medium,Medium,Medium,High,0,0,1,PVC Pipes,196491.27
165.0,4,2,1,2,1,Medium,Medium,Medium,Low,Low,Medium,Low,Medium,Low,0,1,1,PVC Pipes,306757.9
53.9,1,1,1,0,1,Low,Low,Low,Medium,Low,Low,Low,Low,Low,0,0,0,PPR Pipes,101617.54
109.3,3,2,1,1,1,High,Medium,Medium,High,Medium,Medium,High,Medium,Medium,1,0,0,PVC Pipes,253917.82
92.4,2,1,1,1,1,High,High,High,Medium,High,High,High,High,High,1,1,1,PVC Pipes,208592.29
70.5,2,1,1,1,1,High,High,High,High,High,Medium,High,High,Medium,1,1,1,PVC Pipes,181128.47
114.6,3,1,1,1,1,Medium,High,Medium,Medium,High,Low,High,Medium,Medium,0,1,0,PVC Pipes,201253.09
157.1,4,2,1,1,1,High,High,Medium,High,High,High,High,High,High,1,0,1,PVC Pipes,338556.03
90.5,2,1,1,1,1,Medium,Medium,Low,Low,Medium,High,Low,High,Low,0,1,1,PVC Pipes,166985.55
143.2,4,2,1,1,1,Medium,Low,Medium,Medium,Medium,High,Medium,Low,Medium,0,1,1,PPR Pipes,286217.47
100.1,2,1,1,1,1,Medium,Medium,Medium,Medium,Low,Medium,Medium,Low,Medium,1,1,1,PPR Pipes,218160.18
99.8,2,1,1,1,1,High,High,Medium,High,High,High,Medium,High,High,0,1,1,PVC Pipes,189788.59
121.8,3,1,1,3,1,Medium,Medium,Medium,Medium,Medium,Medium,Medium,Medium,Medium,1,1,1,PVC Pipes,271906.4
141.7,3,1,1,1,1,Medium,Medium,Medium,Medium,Medium,Low,High,High,Medium,0,1,1,PVC Pipes,268933.82
77.3,2,1,1,1,1,Low,Low,Medium,Medium,Medium,Medium,Medium,Medium,Low,0,0,1,PVC Pipes,161902.72
111.8,3,1,1,1,1,Medium,Medium,Medium,High,Medium,Low,Medium,Medium,Medium,1,0,1,PVC Pipes,246083.68
115.2,3,2,1,0,1,High,High,High,High,High,Medium,High,Medium,Medium,1,0,1,PVC Pipes,282861.95
147.1,4,2,1,1,1,Medium,Medium,Medium,Medium,Low,Medium,Medium,High,High,1,1,0,PVC Pipes,326469.39
99.8,3,1,1,1,1,Low,Low,Low,Medium,Low,Low,Medium,Low,Medium,0,1,0,PPR Pipes,182755.38
82.7,2,1,1,1,1,High,High,High,High,High,High,High,High,High,1,1,1,PVC Pipes,214647.09
134.9,3,2,1,3,1,Medium,Medium,High,Medium,Medium,Medium,Medium,Low,Low,1,0,0,PPR Pipes,281612.38
155.6,4,2,1,2,1,Low,Low,Low,Low,Low,Low,Medium,Low,Medium,0,0,1,PPR Pipes,282354.74
144.6,4,2,1,3,1,Medium,Medium,Low,Medium,Medium,Medium,Medium,Medium,Medium,0,1,1,PVC Pipes,283532.45
116.9,3,2,1,0,1,High,Medium,High,High,Medium,Medium,High,Medium,High,1,1,0,PVC Pipes,272990.0
98.1,2,1,1,1,1,Medium,Low,Medium,High,High,Medium,Medium,Medium,Medium,0,0,0,PVC Pipes,181867.12
81.6,2,1,1,1,1,High,Medium,High,High,High,High,Medium,High,Medium,1,1,1,PVC Pipes,187995.92
104.4,3,2,1,2,1,Low,Low,Low,Low,Low,Low,Low,Low,Low,0,0,1,PPR Pipes,214922.61
209.2,5,2,1,1,1,Medium,Medium,Medium,Medium,High,Medium,Medium,Medium,Medium,1,1,0,PVC Pipes,416330.96
82.9,2,1,1,1,1,Low,Low,Low,Low,Low,Medium,Low,Low,Low,0,0,0,PPR Pipes,152125.5
127.7,3,2,1,2,1,Medium,Medium,Medium,Low,Medium,Medium,Medium,Medium,Medium,0,0,1,PVC Pipes,242262.01
103.1,2,1,1,1,1,Low,Low,Low,Low,Low,Medium,Low,Low,Medium,1,0,0,PPR Pipes,193698.82
122.2,3,1,1,1,1,Low,Medium,Medium,Low,Low,Low,Low,Low,Low,0,0,0,PPR Pipes,210826.19
113.1,3,2,1,2,1,Medium,Low,Medium,Medium,Medium,High,Medium,Medium,Medium,0,0,1,PVC Pipes,223634.26
77.1,2,1,1,2,1,Medium,Medium,Medium,Medium,High,Low,Low,Medium,High,0,1,1,PVC Pipes,169339.02
125.9,3,1,1,1,1,Medium,Medium,Medium,Medium,Medium,Medium,Low,High,Medium,1,1,0,PVC Pipes,253406.66
164.3,4,2,1,2,1,High,High,Medium,High,High,High,High,High,High,1,1,1,PVC Pipes,386501.13
154.5,4,2,1,1,1,Medium,Medium,Medium,High,Medium,Medium,Medium,High,Medium,0,1,1,PVC Pipes,285663.14
105.5,3,1,1,1,1,Medium,Low,High,Medium,High,Medium,Medium,Medium,High,1,1,0,PVC Pipes,228361.28
115.1,3,1,1,2,1,Medium,Medium,Medium,Medium,Medium,Medium,Medium,Medium,Medium,1,1,0,PVC Pipes,235924.93
80.2,2,1,1,2,1,Low,Medium,Low,Low,Low,Low,Low,Medium,Low,0,0,0,PVC Pipes,146546.28
103.3,3,1,1,2,1,Medium,Low,Medium,Low,Medium,Medium,Medium,Medium,Medium,1,1,1,PVC Pipes,224834.05
153.4,4,2,1,1,1,Low,Low,Low,Low,Medium,Low,Medium,Low,Low,0,0,1,PPR Pipes,287474.29
62.7,1,1,1,1,1,Medium,Medium,Medium,Medium,Medium,Medium,Medium,Medium,Low,1,0,1,PVC Pipes,144768.05
174.9,4,2,1,3,1,Low,Low,Medium,Low,Low,Medium,Medium,Low,Low,0,0,0,PPR Pipes,315344.9
55.0,1,1,1,1,1,Medium,Medium,Medium,Medium,Medium,Low,Medium,Medium,Medium,1,0,0,PVC Pipes,132097.28
167.7,4,2,1,2,1,Medium,High,High,Medium,High,Medium,Medium,Medium,Medium,1,0,0,PVC Pipes,354376.5
105.2,3,1,1,2,1,High,High,High,High,Medium,Medium,High,High,High,1,1,1,PVC Pipes,244222.36
138.0,3,2,1,1,1,Medium,Low,Medium,Medium,Medium,High,Low,Medium,Medium,0,1,1,PVC Pipes,260037.65
126.1,3,1,1,2,1,Medium,Medium,Medium,Medium,Medium,Medium,High,Low,Medium,1,0,1,PPR Pipes,281251.87
174.3,4,2,1,2,1,High,High,High,Medium,High,Medium,Medium,High,High,1,1,1,PVC Pipes,370139.73
134.6,3,2,1,1,1,Medium,Medium,Medium,Medium,Medium,Low,Medium,Medium,Medium,1,0,1,PVC Pipes,299186.33
153.0,4,1,1,1,1,Low,Low,Low,Medium,Low,Low,Low,Low,Medium,0,0,0,PVC Pipes,254694.1
95.4,2,1,1,0,1,Medium,Medium,Medium,Low,Medium,Medium,High,Medium,Medium,1,0,0,PVC Pipes,208913.44
80.7,2,1,1,1,1,Low,Low,Medium,Medium,Medium,Low,Medium,Medium,Medium,0,0,0,PVC Pipes,157790.69
120.3,3,1,1,1,1,Medium,High,Medium,Medium,Medium,Low,Medium,Medium,Medium,0,0,1,PVC Pipes,225596.97
64.9,1,1,1,0,1,High,High,Medium,High,High,High,Medium,High,High,1,1,1,PVC Pipes,154836.54
144.5,4,2,1,2,1,Medium,Medium,Medium,Low,Medium,Medium,Low,Medium,Medium,1,0,1,PVC Pipes,297103.91
112.9,3,2,1,1,1,Medium,Medium,Medium,Medium,High,Medium,Medium,Medium,Medium,1,1,0,PVC Pipes,241753.81
82.6,3,1,1,1,1,Medium,Medium,Medium,Medium,High,Low,Medium,Medium,Medium,0,0,0,PVC Pipes,172766.72
127.6,3,2,1,1,1,Medium,High,Medium,Medium,Medium,Low,High,Medium,Medium,1,1,0,PVC Pipes,299415.86
88.4,2,1,1,1,1,Medium,Medium,Medium,Low,Medium,High,Medium,High,Medium,0,0,0,PVC Pipes,165272.02
81.6,2,1,1,2,1,Medium,High,Medium,Medium,Medium,High,Medium,Low,Low,0,1,1,PPR Pipes,176073.19
91.2,2,1,1,2,1,Low,Medium,Low,Low,Low,Low,Low,Low,Low,0,0,0,PPR Pipes,162047.13
77.1,2,1,1,1,1,High,High,High,High,High,High,High,High,High,1,1,1,PVC Pipes,193404.96
159.9,4,2,1,0,1,Medium,High,Medium,Medium,Medium,High,Medium,Medium,Medium,1,1,0,PVC Pipes,321369.08
104.8,3,2,1,2,1,Medium,Medium,High,Medium,Medium,Low,Medium,Medium,High,1,1,0,PVC Pipes,247266.68
72.2,1,1,1,0,1,Medium,Medium,Medium,Medium,Medium,High,High,Medium,Medium,1,1,0,PVC Pipes,152627.39
98.7,3,2,1,1,1,Low,Low,Low,Low,Low,Low,Medium,Low,Low,0,0,0,PPR Pipes,191672.82
70.2,2,1,1,2,1,Low,Low,Medium,Medium,Low,Low,Low,Low,Medium,0,0,0,PPR Pipes,140452.29
101.9,2,1,1,1,1,Medium,Medium,Medium,Medium,Medium,Medium,Medium,Medium,Medium,0,0,1,PVC Pipes,189681.4
159.7,4,2,1,3,1,Medium,Medium,High,Medium,Medium,Low,Low,High,Medium,0,0,0,PVC Pipes,298531.54
102.5,3,2,1,1,1,High,High,High,High,High,High,High,Medium,High,1,1,1,PVC Pipes,264157.46
125.6,3,2,1,3,1,Medium,Medium,Medium,Low,Medium,Medium,High,Medium,Medium,0,1,1,PVC Pipes,256481.44
170.8,4,2,1,2,1,Medium,High,Medium,Medium,Medium,Medium,Medium,High,Medium,1,0,0,PVC Pipes,371019.95
140.2,3,2,1,0,1,Low,Low,Medium,Low,Medium,Low,Medium,Low,Low,0,0,0,PPR Pipes,243128.86
79.3,2,1,1,2,1,Low,Medium,Low,Low,Medium,Medium,Low,Low,Medium,0,0,0,PPR Pipes,145983.63
50.0,1,1,1,0,1,High,Medium,High,Medium,High,High,Medium,High,High,0,1,1,PVC Pipes,121207.79
146.2,4,1,1,2,1,Medium,Medium,Medium,Medium,High,High,Medium,Medium,Medium,1,1,0,PVC Pipes,291249.65
171.0,4,1,1,1,1,Medium,Medium,High,Medium,High,Medium,Medium,Medium,High,0,0,1,PVC Pipes,311616.22
162.6,4,1,1,1,1,High,Medium,High,High,High,Medium,High,Medium,High,1,1,1,PVC Pipes,365672.9
64.4,2,1,1,0,1,Medium,Low,Medium,High,Medium,High,Medium,Medium,Medium,1,1,0,PVC Pipes,146648.02
103.5,2,1,1,1,1,Medium,Medium,Medium,Medium,Medium,Medium,Medium,Medium,Low,1,1,0,PVC Pipes,213805.84
156.9,4,1,1,1,1,Medium,Medium,High,Medium,Low,Medium,Medium,Medium,Medium,1,0,1,PVC Pipes,312878.21
50.0,1,1,1,2,1,Medium,Medium,Medium,Medium,Medium,Medium,High,Medium,Medium,1,0,1,PVC Pipes,138632.25
122.5,3,1,1,3,1,Medium,Medium,High,Medium,Low,High,High,Medium,Medium,1,0,0,PVC Pipes,280862.56
118.9,3,2,1,3,1,Low,Low,Low,Low,Low,Low,Low,Low,Low,0,0,0,PPR Pipes,219417.12
116.0,3,2,1,3,1,Medium,Low,Medium,Medium,Medium,Medium,Medium,Low,High,1,1,0,PPR Pipes,273406.31
125.4,3,2,1,2,1,Medium,Medium,Medium,Medium,Medium,High,Medium,Medium,Medium,1,1,1,PVC Pipes,274863.56
76.9,2,1,1,1,1,Medium,High,High,Medium,Medium,Medium,Medium,Medium,Medium,1,0,1,PVC Pipes,187907.68
74.8,2,1,1,1,1,Medium,Medium,Low,Medium,Medium,Medium,Medium,Medium,Medium,0,1,1,PVC Pipes,150382.95
128.4,3,1,1,2,1,High,High,Medium,Medium,High,High,High,Medium,High,1,0,1,PVC Pipes,289251.78
90.1,2,1,1,0,1,Medium,Medium,High,Medium,Medium,High,Medium,Medium,Medium,0,0,1,PVC Pipes,174507.32
102.8,2,1,1,1,1,High,High,High,Medium,High,High,Medium,High,High,1,1,1,PVC Pipes,229188.56
90.8,3,2,1,1,1,High,Medium,High,High,Medium,High,High,High,High,1,0,1,PVC Pipes,246373.71
125.2,3,2,1,0,1,Medium,Medium,Medium,Medium,Low,Medium,Medium,Medium,High,1,0,0,PVC Pipes,270718.1
116.4,3,2,1,2,1,Low,Medium,Low,Low,Low,Medium,Low,Low,Medium,1,0,0,PPR Pipes,248161.15
93.7,2,1,1,0,1,Medium,High,Medium,High,High,Medium,Medium,Medium,Medium,1,0,1,PVC Pipes,207765.7
80.1,2,1,1,1,1,Low,Low,Low,Medium,Medium,Medium,Medium,Low,Low,0,0,0,PPR Pipes,145030.73
167.0,4,1,1,3,1,Medium,Medium,Medium,Low,High,Medium,High,Medium,High,0,1,1,PVC Pipes,303568.26
56.0,2,1,1,2,1,Medium,Medium,Medium,Medium,Medium,Medium,Medium,Low,Low,1,0,0,PPR Pipes,141833.44
71.4,1,1,1,0,1,Medium,Low,High,Medium,Low,High,High,Medium,Medium,1,0,1,PVC Pipes,158654.75
190.6,5,2,1,2,2,Low,Low,Medium,Low,Low,Low,Medium,Low,Low,0,0,0,PPR Pipes,348649.6
222.1,5,3,1,1,1,Low,Low,Low,Low,Medium,Low,Medium,Low,Low,0,0,0,PPR Pipes,403386.03
128.1,3,2,1,3,1,Medium,Medium,Low,Medium,Medium,Low,Medium,Medium,High,1,1,1,PVC Pipes,293629.99
129.2,3,1,1,1,1,Medium,Medium,Medium,Medium,Medium,Medium,Medium,Medium,High,0,0,1,PVC Pipes,248510.21
97.3,2,1,1,1,1,Medium,Low,Low,Medium,Medium,Medium,High,Medium,Medium,0,1,0,PVC Pipes,187066.34
177.6,4,1,1,0,1,Medium,Low,High,Medium,Low,High,Low,Medium,Low,0,1,0,PVC Pipes,261536.26
129.1,3,2,1,0,1,High,High,High,High,High,Medium,Medium,High,High,1,1,1,PVC Pipes,299495.65
151.8,4,1,1,1,1,Medium,Medium,Medium,Medium,Medium,Medium,Medium,Medium,Medium,0,0,0,PVC Pipes,263767.73
119.8,3,2,1,2,1,Medium,High,Medium,Medium,Medium,Medium,Medium,Medium,Medium,1,0,0,PVC Pipes,284522.49
138.4,3,1,1,2,1,High,High,High,High,High,Medium,Medium,High,High,1,1,1,PVC Pipes,312744.75
63.9,2,1,1,2,1,Medium,High,Medium,Medium,Low,Medium,Medium,Low,High,1,1,1,PPR Pipes,181656.44
82.9,2,1,1,1,1,Medium,Medium,High,Medium,Medium,Medium,Medium,Medium,Medium,0,1,1,PVC Pipes,183785.52
87.7,2,1,1,1,1,High,Medium,High,High,Medium,Medium,Medium,High,High,0,1,1,PVC Pipes,172811.42
145.1,4,2,1,2,1,Medium,Medium,High,Medium,Medium,Medium,Medium,Medium,Medium,1,0,0,PVC Pipes,312121.45
122.4,3,2,1,1,1,High,High,High,High,Medium,High,High,Medium,Medium,1,1,1,PVC Pipes,308733.28
155.2,4,2,1,1,1,Medium,Medium,Medium,Medium,Medium,Medium,High,Medium,Low,1,1,0,PVC Pipes,324339.49
150.6,4,1,1,3,1,Medium,Medium,Medium,High,Low,Low,Low,Low,Medium,1,0,1,PPR Pipes,315257.76
79.1,2,1,1,1,1,Medium,High,Low,Low,Medium,High,Medium,Low,High,0,0,0,PPR Pipes,148332.71
119.2,3,2,1,2,1,Low,Low,Low,Medium,Medium,Medium,Low,Medium,Medium,0,0,0,PVC Pipes,227857.94
170.5,4,2,1,2,1,Low,Medium,Medium,Low,Medium,Low,Low,Medium,Low,0,1,0,PVC Pipes,292291.57
81.6,2,1,1,0,1,Low,Medium,Medium,Low,Low,Low,Medium,Low,Low,0,0,0,PPR Pipes,152830.72
155.0,4,2,1,2,1,High,High,High,High,High,High,High,Medium,Medium,1,1,1,PVC Pipes,357121.99
208.9,5,3,1,3,2,Low,Low,Low,Low,Low,Medium,Low,Low,Low,0,0,0,PPR Pipes,359494.88
146.1,4,2,1,1,1,Medium,Medium,High,Medium,High,Medium,Medium,Medium,Medium,1,1,1,PVC Pipes,312150.65
145.6,4,2,1,1,1,High,Medium,High,High,High,High,High,Medium,High,1,1,1,PVC Pipes,359831.97
109.3,3,2,1,0,1,High,High,High,High,Medium,High,High,Medium,High,1,1,1,PVC Pipes,273401.99
170.1,4,2,1,2,1,High,High,Medium,High,High,High,High,High,High,1,1,1,PVC Pipes,400746.21
64.1,2,1,1,0,1,Medium,Medium,Medium,Medium,Medium,Medium,Medium,Medium,Medium,0,1,1,PVC Pipes,128994.37
97.4,2,1,1,1,1,Medium,Low,High,Medium,High,Medium,Medium,Medium,Medium,0,0,1,PVC Pipes,182078.21
191.1,4,2,1,0,2,Medium,Medium,Low,Medium,Medium,Medium,Medium,Low,High,0,0,1,PPR Pipes,325523.57
121.4,3,2,1,1,1,High,High,Medium,High,High,Medium,Medium,High,High,1,1,1,PVC Pipes,293306.33
79.3,2,1,1,0,1,Medium,Low,Medium,Medium,High,Medium,Medium,Medium,Low,1,0,0,PVC Pipes,156330.78
166.3,4,2,1,2,1,Medium,Medium,Low,Medium,Medium,Medium,High,Medium,Medium,1,1,0,PVC Pipes,358299.16
50.0,1,1,1,1,1,Medium,Medium,Medium,Medium,Medium,High,Medium,Medium,Medium,0,1,1,PVC Pipes,113571.17
197.6,5,2,1,2,1,Medium,Medium,Low,Medium,High,Medium,Medium,Medium,Medium,0,0,0,PVC Pipes,333550.57
121.5,3,2,1,2,1,Medium,Medium,Medium,Medium,High,Low,Medium,Low,Medium,0,0,1,PPR Pipes,242054.71
214.4,5,3,1,3,2,Low,Low,Low,Medium,Low,Low,Low,Low,Low,0,0,0,PPR Pipes,381873.07
129.8,3,1,1,0,1,Medium,Medium,Medium,Medium,Medium,Medium,Medium,Medium,Medium,0,1,0,PVC Pipes,222894.95
162.2,4,2,1,2,1,High,High,Medium,High,High,Medium,High,Medium,High,1,1,0,PVC Pipes,365151.88
107.0,3,1,1,2,1,Low,Low,Medium,Low,Low,Medium,Low,Medium,Low,0,0,0,PVC Pipes,200707.82
83.4,2,1,1,1,1,High,High,Medium,High,High,High,High,Medium,High,1,1,1,PVC Pipes,207630.77
135.4,3,2,1,1,1,Medium,Medium,Medium,Medium,High,Medium,Medium,Medium,Medium,0,1,0,PVC Pipes,257662.27
59.2,2,1,1,1,1,High,High,Medium,Medium,High,High,High,High,High,1,1,1,PVC Pipes,164475.46
132.9,3,2,1,3,1,High,High,High,Medium,Medium,High,High,High,Medium,1,0,0,PVC Pipes,318548.85
128.0,3,2,1,1,1,Low,Medium,Low,Low,Medium,Medium,Medium,Low,Low,1,0,0,PPR Pipes,256453.7
145.1,4,2,1,1,1,Low,Low,Low,Medium,Low,Low,Low,Medium,Low,0,1,0,PVC Pipes,259436.84
155.2,4,2,1,2,1,Medium,Medium,Medium,Medium,Medium,Medium,Medium,Low,Medium,0,1,1,PPR Pipes,313494.55
76.7,2,1,1,1,1,Medium,Medium,Medium,Medium,Low,Medium,Medium,High,Medium,1,1,0,PVC Pipes,179361.35
160.1,4,2,1,2,1,Low,Low,Low,Low,Low,Medium,Low,Low,Low,0,0,0,PPR Pipes,266746.36
120.2,3,1,1,1,1,Medium,Medium,Medium,High,Medium,Medium,Medium,High,Medium,0,1,0,PVC Pipes,218749.93
107.9,3,2,1,1,1,Medium,Medium,Medium,Low,Low,Medium,Medium,Medium,Medium,0,0,1,PVC Pipes,229695.1
78.1,2,1,1,0,1,Medium,Medium,High,Medium,Medium,Medium,Low,Medium,Low,1,0,1,PVC Pipes,169680.22
168.5,4,2,1,1,1,High,High,Medium,High,High,High,Medium,High,High,1,1,1,PVC Pipes,376680.8
102.9,3,2,1,0,1,High,Medium,High,High,Medium,High,High,High,Medium,1,1,1,PVC Pipes,242277.21
123.4,3,1,1,2,1,Low,Low,Low,Low,Low,Low,Medium,Low,Low,0,0,0,PPR Pipes,221105.84
159.4,4,1,1,1,1,Medium,Medium,High,High,Medium,Medium,Medium,Medium,Medium,0,1,1,PVC Pipes,283286.32
74.0,2,1,1,2,1,Low,Low,Low,Low,Low,Low,Low,Low,Low,0,0,0,PPR Pipes,141813.13
122.0,3,2,1,1,1,High,High,High,High,High,High,High,Medium,High,1,0,1,PVC Pipes,292944.27
85.5,2,1,1,1,1,Low,Low,Low,Low,Low,Low,Medium,Medium,Low,0,0,0,PVC Pipes,159942.45
115.0,3,2,1,2,1,Low,Medium,Low,Medium,Low,Medium,Low,Medium,Low,0,0,0,PVC Pipes,230749.99
121.4,3,2,1,1,1,Medium,Medium,Medium,Medium,Medium,Medium,Medium,Medium,Medium,1,0,0,PVC Pipes,251520.63
153.5,4,1,1,1,1,Medium,High,Medium,Medium,Medium,Medium,Medium,Medium,Medium,1,0,0,PVC Pipes,316610.99
143.6,4,1,1,2,1,High,High,High,High,High,High,High,High,High,1,1,1,PVC Pipes,335331.08
126.5,3,2,1,2,1,High,High,High,High,High,High,Medium,Medium,Medium,1,1,1,PVC Pipes,289637.57
101.5,3,2,1,1,1,Medium,High,High,Medium,Medium,Medium,Medium,Low,Medium,1,0,1,PPR Pipes,255260.09
118.2,3,2,1,3,1,High,High,High,High,High,High,High,Medium,Medium,0,1,0,PVC Pipes,256062.12
125.1,3,2,1,1,1,Low,Low,Low,Low,Low,Low,Low,Medium,Low,0,0,0,PVC Pipes,223870.41
134.7,3,2,1,1,1,Low,Medium,Medium,Low,Low,Low,Low,Low,Low,0,0,1,PPR Pipes,229612.06
166.2,4,1,1,1,1,High,High,High,Medium,Medium,Medium,High,Medium,High,1,1,1,PVC Pipes,369720.78
133.0,3,1,1,1,1,Low,Low,Low,Low,Low,Low,Low,Low,Medium,1,1,0,PPR Pipes,249165.13
118.9,3,2,1,1,1,High,High,High,High,High,High,High,High,Medium,0,1,1,PVC Pipes,267749.33
119.8,3,2,1,2,1,High,Medium,High,Medium,High,High,High,High,Medium,1,1,1,PVC Pipes,287153.77
65.2,2,1,1,1,1,High,High,High,Medium,High,High,High,High,High,1,0,1,PVC Pipes,182709.78
80.0,2,1,1,1,1,High,High,High,Medium,Medium,High,Medium,High,High,1,1,1,PVC Pipes,194964.24
82.2,2,1,1,1,1,Low,Low,Low,Low,Low,Low,Low,Medium,Medium,0,0,0,PVC Pipes,153315.33
83.2,2,1,1,0,1,Medium,Medium,Medium,Medium,Medium,Medium,Medium,Medium,Medium,1,0,0,PVC Pipes,175733.54
121.5,3,1,1,2,1,Low,Low,Low,Medium,Medium,Low,Low,Low,Low,0,0,0,PPR Pipes,218634.41
161.6,4,1,1,1,1,Low,Low,Low,Low,Low,Medium,Low,Medium,Low,0,0,0,PVC Pipes,277744.21
93.5,2,1,1,1,1,High,High,Medium,Medium,High,Medium,High,Medium,High,1,0,1,PVC Pipes,224809.46
81.8,2,1,1,2,1,Low,Low,Low,Low,Low,Low,Low,Low,Low,0,0,0,PPR Pipes,151371.57
54.7,1,1,1,0,1,High,Medium,Medium,High,High,High,High,Medium,High,1,1,1,PVC Pipes,139667.17
91.3,2,1,1,0,1,High,Medium,High,High,High,High,High,Medium,Medium,1,0,1,PVC Pipes,194336.13
127.0,3,1,1,1,1,High,High,Medium,High,High,Medium,High,Medium,Medium,1,1,0,PVC Pipes,276739.33
157.2,4,2,1,2,1,High,Medium,Medium,High,Medium,High,Medium,Medium,High,1,1,1,PVC Pipes,339426.48
198.8,5,3,1,3,2,High,High,Medium,High,High,High,Medium,High,Medium,0,1,1,PVC Pipes,408571.85
100.3,2,1,1,2,1,Medium,Medium,Medium,Medium,High,High,Low,Low,High,1,1,0,PPR Pipes,213378.61
80.1,2,1,1,1,1,Medium,High,Medium,Medium,Low,Medium,Medium,Medium,Medium,0,0,0,PVC Pipes,162219.13
128.0,3,1,1,1,1,Medium,Medium,Medium,Medium,Medium,Medium,Medium,Low,Medium,0,0,1,PVC Pipes,242241.85
90.1,2,1,1,2,1,High,High,High,Medium,High,High,High,High,High,1,0,0,PVC Pipes,204343.54
82.8,2,1,1,1,1,Medium,Medium,High,Medium,Medium,Low,Medium,Low,Medium,0,0,0,PPR Pipes,167379.72
102.4,2,1,1,2,1,High,High,High,Medium,Medium,High,Medium,Medium,High,1,1,1,PVC Pipes,241514.87
161.9,4,2,1,2,1,Medium,Medium,Medium,Medium,Medium,Low,Low,Medium,Medium,1,1,1,PVC Pipes,335481.92
75.4,2,1,1,1,1,Medium,Medium,High,Medium,Medium,Medium,High,Medium,Medium,0,0,1,PVC Pipes,161159.61
98.2,3,2,1,0,1,Low,Low,Medium,Low,Low,Low,Low,Low,Low,0,0,0,PPR Pipes,192541.92
67.9,1,1,1,1,1,Medium,Medium,Medium,Low,Low,Medium,Low,Medium,Medium,0,1,0,PVC Pipes,133678.99
171.6,4,1,1,1,1,Low,Low,Medium,Medium,Low,Low,Low,Medium,Low,0,1,0,PVC Pipes,276712.76
157.4,4,1,1,2,1,Low,Medium,Low,Low,Low,Low,Medium,Low,Low,0,0,1,PPR Pipes,281061.28
128.1,3,2,1,1,1,High,High,High,Medium,Medium,Medium,High,High,High,0,1,1,PVC Pipes,266457.53
126.8,3,2,1,1,1,High,High,Medium,High,High,Medium,Medium,High,Medium,1,1,1,PVC Pipes,278811.39
79.3,2,1,1,1,1,High,High,High,High,High,Medium,High,Medium,Medium,1,1,1,PVC Pipes,191764.64
60.6,1,1,1,1,1,Low,Low,Low,Low,Low,Low,Medium,Low,Low,1,0,1,PPR Pipes,128740.53
150.4,4,2,1,1,1,High,High,High,Medium,High,Medium,High,Medium,High,1,1,0,PVC Pipes,348992.89
137.7,3,2,1,2,1,High,High,High,High,High,High,High,Medium,High,1,1,1,PVC Pipes,334007.23
106.7,3,2,1,0,1,Medium,High,Medium,Low,Medium,Low,Medium,Medium,High,1,0,0,PVC Pipes,247823.94
103.3,3,1,1,2,1,Medium,Medium,Medium,Medium,Medium,Medium,Medium,Medium,Low,1,1,0,PVC Pipes,224106.29
217.1,5,2,1,3,1,Low,Medium,Low,Low,Low,Medium,Medium,Low,Low,0,0,0,PPR Pipes,381513.3
207.0,5,2,1,3,1,High,High,High,High,High,High,High,Medium,Medium,0,1,1,PVC Pipes,410462.4
94.5,2,1,1,0,1,Low,Low,Medium,Low,Low,Low,Low,Low,Low,1,0,0,PPR Pipes,179702.26
78.5,2,1,1,0,1,Medium,High,Medium,Medium,Medium,Medium,High,Medium,Medium,0,0,0,PVC Pipes,155957.88
88.9,2,1,1,0,1,Medium,Medium,Medium,Low,Medium,Medium,Low,Low,Medium,0,1,1,PPR Pipes,160990.92
113.6,3,1,1,1,1,High,High,High,High,Medium,High,High,High,Medium,1,1,1,PVC Pipes,251133.79
121.2,3,2,1,2,1,Low,Medium,Medium,Low,Low,Low,Low,Medium,Low,0,0,0,PVC Pipes,225486.85
50.0,1,1,1,0,1,High,High,High,High,High,High,High,High,High,0,1,1,PVC Pipes,117118.36
81.9,2,1,1,0,1,Low,Medium,Low,Medium,Low,Low,Medium,Low,Low,0,0,0,PPR Pipes,146588.22
125.1,3,1,1,0,1,High,High,High,High,High,Medium,Medium,High,High,1,1,1,PVC Pipes,271237.48
96.2,2,1,1,2,1,Low,Medium,Low,Medium,Medium,Low,Low,Low,Low,0,0,1,PPR Pipes,173981.98
91.4,2,1,1,1,1,Medium,Medium,Medium,Medium,Medium,Medium,Medium,High,Medium,0,0,1,PVC Pipes,185523.72
113.3,3,2,1,1,1,Medium,Medium,Medium,High,Medium,Medium,Low,Low,Medium,0,1,0,PPR Pipes,212412.82
81.6,2,1,1,0,1,Low,Low,Medium,Low,Low,Low,Medium,Medium,Low,0,0,0,PVC Pipes,149576.96
91.3,2,1,1,1,1,High,Medium,High,High,Medium,High,High,Medium,High,1,1,1,PVC Pipes,217620.99
121.4,3,2,1,1,1,Medium,Medium,Medium,Medium,Low,Medium,Medium,Medium,Medium,1,1,0,PVC Pipes,269141.5
126.8,3,1,1,2,1,Medium,Medium,Medium,High,Medium,Medium,Low,Medium,Low,0,0,1,PVC Pipes,226554.18
165.6,4,1,1,2,1,Medium,High,Medium,Medium,Medium,Medium,High,Medium,Medium,0,0,1,PVC Pipes,314908.76
78.5,2,1,1,0,1,Medium,Medium,Medium,High,Medium,Medium,Medium,Medium,Medium,1,0,0,PVC Pipes,168019.99
125.3,3,1,1,2,1,Low,Low,Low,Medium,Low,Low,Low,Medium,Low,0,0,1,PVC Pipes,206300.88
58.3,1,1,1,1,1,Medium,Medium,Medium,Low,Medium,Medium,Medium,Medium,Medium,1,1,1,PVC Pipes,139429.85
146.4,4,2,1,1,1,Low,Low,Low,Low,Low,Medium,Low,Low,Low,0,0,0,PPR Pipes,250932.28
131.9,3,2,1,0,1,High,High,Medium,High,High,High,Medium,Medium,High,1,0,1,PVC Pipes,298919.53
101.9,3,1,1,2,1,Medium,High,Medium,Medium,High,Low,Medium,Medium,Medium,0,0,0,PVC Pipes,214511.23
124.6,3,2,1,2,1,Low,Low,Low,Low,Medium,Low,Low,Medium,Low,0,0,0,PVC Pipes,227572.7
155.1,4,2,1,2,1,High,High,Medium,Medium,High,High,High,High,High,0,1,0,PVC Pipes,314436.43
159.8,4,2,1,1,1,Medium,Medium,Medium,Low,Medium,Medium,Medium,Medium,Medium,0,0,0,PVC Pipes,303273.29
67.0,2,1,1,1,1,Medium,Medium,Medium,Medium,Medium,Medium,Medium,Medium,High,0,1,0,PVC Pipes,141299.0
81.7,2,1,1,1,1,Medium,Medium,Medium,Medium,Low,Medium,Low,Low,High,0,1,0,PPR Pipes,155023.9
82.7,2,1,1,2,1,Medium,Medium,Medium,Medium,Medium,Medium,Medium,High,High,0,0,0,PVC Pipes,160753.54
122.1,3,2,1,1,1,Low,Low,Low,Medium,Low,Medium,Low,Low,Medium,0,0,0,PPR Pipes,227778.04
67.0,2,1,1,1,1,High,High,High,High,Medium,High,High,Medium,High,1,1,1,PVC Pipes,181617.58
97.8,2,1,1,0,1,Medium,High,Medium,Medium,Medium,Medium,Medium,Medium,Medium,0,0,1,PVC Pipes,181730.76
173.5,4,2,1,1,1,Medium,Low,High,Medium,Medium,Medium,Medium,Medium,Medium,0,0,1,PVC Pipes,319272.74
129.0,3,2,1,0,1,Low,Medium,Medium,Low,Low,Low,Medium,Low,Low,0,0,0,PPR Pipes,239031.73
146.7,4,2,1,2,1,High,High,High,High,High,High,High,Medium,Medium,1,1,1,PVC Pipes,353071.4
136.6,3,1,1,2,1,Low,Low,Low,Low,Low,Medium,Medium,Low,Low,1,0,0,PPR Pipes,254618.16
76.3,2,1,1,1,1,Medium,Medium,Medium,Medium,Medium,Medium,High,Medium,Medium,0,1,0,PVC Pipes,155556.56
121.3,3,2,1,0,1,Low,Low,Low,Medium,Low,Medium,Low,Low,Low,0,0,0,PPR Pipes,222853.15
157.9,4,2,1,1,1,Low,Low,Medium,Medium,Low,Low,Medium,Low,Medium,0,0,0,PPR Pipes,286104.09
107.7,3,2,1,0,1,High,High,Medium,High,High,High,Medium,High,Medium,1,1,1,PVC Pipes,263571.8
128.5,3,2,1,2,1,Medium,High,Medium,Medium,High,High,Low,Medium,Medium,0,0,1,PVC Pipes,262148.37
135.7,3,2,1,1,1,High,High,High,High,Medium,High,High,High,Medium,1,1,1,PVC Pipes,316307.01
118.1,3,1,1,1,1,Medium,High,Medium,Medium,Medium,Low,Medium,High,Medium,1,1,0,PVC Pipes,260612.23
173.2,4,2,1,2,1,Medium,Low,Medium,Medium,Medium,Medium,Low,Low,Medium,0,0,1,PPR Pipes,326934.5
89.2,2,1,1,1,1,Medium,Medium,Medium,Low,Low,High,Medium,Medium,Low,0,0,0,PVC Pipes,170318.86
87.4,2,1,1,1,1,High,Medium,High,High,High,High,High,High,High,1,1,1,PVC Pipes,206853.37
115.7,3,2,1,3,1,Medium,Medium,Medium,Medium,Medium,Medium,Medium,High,Medium,1,0,0,PVC Pipes,257576.61
78.6,2,1,1,2,1,Low,Low,Low,Medium,Low,Low,Low,Medium,Medium,0,0,0,PVC Pipes,153088.71
132.3,3,1,1,0,1,Medium,Medium,Low,Medium,Low,Medium,Medium,Medium,Medium,0,1,1,PVC Pipes,226946.37
181.4,5,2,1,3,2,High,Medium,High,Medium,High,High,Medium,High,Medium,1,1,1,PVC Pipes,399917.18
121.7,4,2,1,2,1,Low,Medium,Low,Low,Low,Low,Low,Medium,Medium,0,0,0,PVC Pipes,234920.85
139.7,3,2,1,2,1,Low,Low,Medium,Medium,Medium,Low,Medium,Medium,Low,1,0,0,PVC Pipes,281366.6
196.9,5,3,1,3,1,Medium,High,Medium,Medium,Medium,Medium,High,Medium,Medium,0,1,1,PVC Pipes,424735.96
120.8,3,1,1,1,1,Low,Medium,Medium,Low,Low,Low,Medium,Low,Low,0,0,0,PPR Pipes,205031.16
154.1,4,1,1,2,1,Medium,High,High,Medium,Medium,Medium,Medium,Medium,Medium,1,1,0,PVC Pipes,330913.33
69.4,2,1,1,1,1,High,High,High,High,High,High,High,High,Medium,1,1,1,PVC Pipes,174615.59
111.1,3,2,1,1,1,Low,Medium,Low,Low,Low,Low,Low,Low,Low,0,0,0,PPR Pipes,197467.65
126.7,3,1,1,3,1,Low,Medium,Low,Medium,Low,Low,Low,Low,Low,0,0,0,PPR Pipes,227178.32
151.1,4,1,1,1,1,Medium,Low,Low,Medium,Medium,Low,Low,Medium,High,1,0,1,PVC Pipes,289695.69
159.6,4,2,1,1,1,Low,Low,Low,Low,Low,Medium,Low,Low,Low,0,0,0,PPR Pipes,273124.14
120.8,3,2,1,1,1,Low,Low,Low,Low,Low,Low,Medium,Medium,Low,0,0,0,PVC Pipes,215610.76
120.9,3,2,1,1,1,Low,Low,Low,Low,Low,Medium,Medium,Low,Medium,0,0,0,PPR Pipes,234802.27
79.7,2,1,1,0,1,High,Medium,High,High,High,Medium,High,Medium,Medium,1,1,1,PVC Pipes,190270.37
63.8,1,1,1,1,1,Medium,Medium,Low,Medium,Medium,High,Medium,Medium,High,0,0,0,PVC Pipes,124143.22
62.2,1,1,1,1,1,Low,Low,Low,Low,Medium,Low,Medium,Medium,Medium,0,0,0,PVC Pipes,114416.91
98.8,3,2,1,1,1,Medium,Low,Medium,High,Low,Medium,Medium,Medium,Medium,1,1,1,PVC Pipes,233095.39
129.0,3,2,1,1,1,Medium,Medium,Low,High,Low,Medium,Low,High,High,0,1,1,PVC Pipes,245344.87
119.9,3,2,1,3,1,Medium,Medium,Medium,Medium,Medium,Low,Medium,Medium,Medium,1,0,0,PVC Pipes,280457.73
81.3,2,1,1,0,1,Medium,Medium,Low,Medium,Medium,High,Medium,Medium,Medium,0,0,1,PVC Pipes,157694.09
90.5,2,1,1,0,1,High,High,High,High,High,Medium,High,High,High,1,1,1,PVC Pipes,223199.17
80.0,2,1,1,0,1,High,High,High,High,High,High,Medium,High,High,1,1,1,PVC Pipes,188590.29
113.8,3,2,1,1,1,Low,Low,Low,Medium,Low,Low,Medium,Low,Medium,0,0,0,PPR Pipes,219790.93
131.2,4,2,1,1,1,Low,Low,Medium,Medium,Low,Low,Low,Low,Low,0,0,0,PPR Pipes,244068.61
144.7,4,2,1,1,1,Medium,Medium,Medium,Medium,Low,Medium,High,High,Medium,0,1,0,PVC Pipes,263997.54
121.6,3,1,1,2,1,Medium,Medium,Medium,Medium,Medium,Low,High,Medium,Medium,1,1,0,PVC Pipes,271032.53
101.2,2,1,1,1,1,Low,Medium,Low,Low,Medium,Low,Medium,Medium,Low,0,0,0,PVC Pipes,176264.95
121.5,3,2,1,1,1,Medium,High,Medium,Medium,Medium,Medium,High,Medium,High,0,0,1,PVC Pipes,248261.73
146.1,4,1,1,1,1,Medium,Medium,Medium,Medium,Medium,Medium,Medium,High,Medium,1,1,1,PVC Pipes,314025.17
113.5,3,2,1,1,1,Low,Medium,Low,Medium,Low,Low,Medium,Low,Low,1,0,1,PPR Pipes,263798.66
96.2,2,1,1,1,1,Medium,Medium,Medium,Medium,Medium,High,Medium,Medium,Medium,0,1,0,PVC Pipes,182996.59
109.5,3,2,1,1,1,High,High,High,High,High,High,Medium,High,High,0,1,0,PVC Pipes,225863.08
82.9,2,1,1,1,1,Medium,Medium,Low,Medium,Low,Low,Low,High,Low,0,0,0,PVC Pipes,144253.16
134.8,2,1,1,0,1,Medium,Medium,Medium,Medium,Medium,Medium,Low,Medium,Low,1,1,1,PVC Pipes,238856.61
128.8,3,2,1,2,1,Medium,Medium,Medium,Low,Low,High,Medium,Medium,Medium,0,1,0,PVC Pipes,258992.26
83.2,2,1,1,1,1,Medium,Medium,Medium,High,Medium,High,Low,Medium,Medium,0,0,1,PVC Pipes,156349.9
146.8,4,2,1,2,1,Medium,Medium,Low,Medium,Medium,Medium,Medium,Medium,Medium,0,0,0,PVC Pipes,273926.36
98.2,2,1,1,2,1,High,High,Medium,High,High,High,Medium,Medium,High,1,1,1,PVC Pipes,234065.23
135.0,3,2,1,0,1,Medium,Medium,Medium,Medium,High,Medium,Medium,High,Medium,1,0,0,PVC Pipes,277490.23
101.6,3,1,1,2,1,Low,Low,Low,Medium,Low,Low,Low,Medium,Low,0,0,0,PVC Pipes,196935.38
69.1,2,1,1,2,1,Medium,Medium,High,Low,Medium,Medium,Medium,Medium,Medium,1,0,1,PVC Pipes,172684.1
101.5,2,1,1,2,1,Medium,Medium,Low,High,Low,Low,Medium,Medium,Medium,1,0,0,PVC Pipes,211942.71
96.7,2,1,1,1,1,High,Medium,Medium,High,High,Medium,High,High,High,1,1,1,PVC Pipes,223659.47
77.7,2,1,1,1,1,Medium,Medium,Medium,Medium,Low,Medium,Medium,Medium,Medium,0,1,1,PVC Pipes,163412.55
83.5,2,1,1,1,1,Low,Low,Low,Medium,Medium,Medium,Medium,Low,Low,0,0,0,PPR Pipes,155774.89
135.0,3,2,1,1,1,Low,Low,Medium,Low,Low,Medium,Medium,Low,Low,0,0,0,PPR Pipes,255082.58
117.5,3,2,1,1,1,Medium,Medium,Medium,Medium,Medium,High,Medium,Medium,High,1,0,1,PVC Pipes,277175.94
89.8,2,1,1,1,1,Medium,Low,Medium,Medium,Low,Medium,Medium,Medium,Medium,0,0,0,PVC Pipes,165429.28
144.3,3,2,1,0,1,High,High,Medium,High,Medium,High,Medium,High,High,1,1,0,PVC Pipes,308560.43
163.4,4,2,1,0,1,Medium,Medium,Medium,Medium,High,Medium,Low,Medium,Medium,1,1,0,PVC Pipes,336884.13
103.6,3,1,1,0,1,Medium,High,Medium,Medium,Medium,Medium,Medium,Medium,Medium,1,1,1,PVC Pipes,217950.33
185.4,5,3,1,1,1,High,Medium,High,High,High,High,Medium,Medium,High,1,1,1,PVC Pipes,421755.34
146.2,4,1,1,1,1,Low,Low,Low,Low,Medium,Low,Medium,Medium,Low,0,0,0,PVC Pipes,262108.21
106.3,2,1,1,0,1,Medium,Medium,Medium,Medium,High,Low,Low,High,Medium,0,0,0,PVC Pipes,182871.01
104.9,2,1,1,0,1,Medium,Medium,Low,Medium,Medium,Medium,Low,High,Medium,0,0,0,PVC Pipes,178154.38
134.6,3,2,1,2,1,High,High,Medium,Medium,High,High,High,Medium,High,1,1,1,PVC Pipes,313658.28
113.7,3,2,1,2,1,Medium,Medium,Medium,Medium,Medium,High,Low,High,Medium,1,0,1,PVC Pipes,256263.53
83.7,2,1,1,0,1,Medium,Medium,Medium,Low,Medium,Medium,Medium,Medium,Medium,1,0,1,PVC Pipes,176341.42
102.9,2,1,1,0,1,Medium,Medium,Medium,Medium,High,Medium,Medium,High,Medium,0,1,1,PVC Pipes,178598.59
50.0,1,1,1,1,1,High,Medium,High,High,Medium,High,Medium,High,High,1,0,0,PVC Pipes,129943.33
57.7,1,1,1,2,1,Medium,Medium,High,Medium,Medium,Medium,Low,Low,Medium,1,1,0,PPR Pipes,145254.63
160.1,4,2,1,2,1,Medium,High,Medium,Medium,Medium,Medium,Low,Low,Low,1,0,1,PPR Pipes,353301.55
106.0,3,2,1,1,1,Low,Medium,Low,Low,Low,Low,Low,Low,Low,0,0,0,PPR Pipes,196372.89
119.8,3,1,1,1,1,Medium,Medium,Medium,Medium,Medium,High,High,Medium,Medium,1,1,0,PVC Pipes,238599.49
123.8,3,2,1,0,1,Medium,Medium,Medium,Medium,Medium,Medium,Medium,Medium,Medium,1,1,0,PVC Pipes,266981.81
70.0,2,1,1,0,1,Medium,Low,Medium,Medium,Low,Low,Medium,Medium,Low,0,1,1,PVC Pipes,135058.8
187.6,5,3,1,2,1,Low,Medium,Low,Low,Medium,Low,Low,Medium,Low,0,0,0,PVC Pipes,342522.46
130.7,3,1,1,2,1,High,High,High,High,Medium,Medium,High,High,Medium,0,1,1,PVC Pipes,265941.68
84.4,2,1,1,1,1,Medium,High,Medium,High,Medium,Medium,High,High,Low,1,0,1,PVC Pipes,197968.92
150.1,4,2,1,3,1,Low,Medium,Low,Low,Low,Low,Low,Low,Low,0,0,0,PPR Pipes,268157.27
115.8,3,1,1,0,1,Medium,Medium,Low,Low,Medium,Medium,Medium,Medium,High,1,0,0,PVC Pipes,236321.49
78.1,2,1,1,1,1,Low,Medium,Medium,Low,Low,Low,Low,Medium,Low,0,1,0,PVC Pipes,152004.62
84.3,2,1,1,1,1,Medium,Medium,Medium,Medium,Medium,High,Medium,Medium,Medium,0,1,0,PVC Pipes,166221.86
133.4,3,2,1,3,1,Medium,Medium,Medium,Medium,High,Medium,Medium,Medium,Medium,1,1,1,PVC Pipes,308472.25
118.1,3,1,1,2,1,Low,Low,Medium,Low,Low,Low,Low,Low,Low,0,1,0,PPR Pipes,215336.51
102.9,3,2,1,1,1,High,Medium,High,High,Medium,Medium,High,Medium,High,0,1,1,PVC Pipes,220873.11
110.3,2,1,1,2,1,Medium,High,Medium,High,Medium,Medium,Medium,Medium,Medium,1,0,0,PVC Pipes,219751.1
150.1,4,2,1,3,1,High,High,High,High,High,High,Medium,High,High,1,1,1,PVC Pipes,359064.81
148.3,4,2,1,2,1,High,High,High,High,Medium,High,High,High,High,1,0,1,PVC Pipes,355371.07
216.5,5,3,1,2,1,Medium,Low,Medium,Medium,Medium,Low,Medium,Low,Medium,1,0,0,PPR Pipes,430161.45
119.9,3,1,1,1,1,Medium,High,Medium,High,High,Medium,Medium,High,Medium,0,0,0,PVC Pipes,224409.38
95.1,3,1,1,1,1,Medium,Medium,Medium,Medium,Medium,Medium,Medium,Low,Low,0,0,0,PPR Pipes,166942.41
137.8,3,2,1,1,1,Low,Low,Low,Low,Low,Medium,Low,Medium,Low,0,0,0,PVC Pipes,248121.88
160.4,4,2,1,1,1,Low,Low,Medium,Medium,Low,Low,Low,Medium,Low,0,0,0,PVC Pipes,296462.07
92.2,3,1,1,1,1,Medium,Low,High,Medium,High,High,Medium,Medium,Low,1,0,1,PVC Pipes,202727.79
135.4,3,1,1,1,1,High,Medium,Medium,High,High,High,High,High,High,1,1,1,PVC Pipes,285172.93
179.7,4,1,1,2,1,Medium,High,Medium,Medium,Medium,Medium,Medium,Low,Medium,1,1,0,PPR Pipes,366292.05
71.2,2,1,1,2,1,High,Medium,High,High,High,Medium,High,Medium,High,1,0,1,PVC Pipes,187390.03
75.5,2,1,1,1,1,High,High,Medium,High,High,High,High,High,Medium,1,1,0,PVC Pipes,188938.7
116.0,3,2,1,2,1,Low,Low,Low,Medium,Low,Low,Medium,Medium,Low,1,0,0,PVC Pipes,264263.4
82.3,2,1,1,1,1,Medium,Low,Medium,Medium,Medium,Medium,High,Low,Low,1,1,1,PPR Pipes,183623.75
153.7,4,2,1,2,1,Medium,Medium,Medium,Medium,Low,Low,Low,Medium,Medium,0,0,1,PVC Pipes,268236.69
107.4,3,1,1,0,1,High,Medium,High,High,High,High,Medium,Medium,High,1,1,1,PVC Pipes,229679.96
127.1,3,2,1,0,1,High,High,High,High,Medium,Medium,Medium,High,High,1,0,0,PVC Pipes,287180.28
156.3,4,1,1,2,1,Medium,Medium,Medium,Medium,Medium,Medium,Medium,Medium,Low,1,1,1,PVC Pipes,321646.14
136.6,3,2,1,1,1,High,High,High,High,Medium,High,High,High,High,1,1,1,PVC Pipes,325545.22
109.3,3,2,1,2,1,High,Medium,Medium,High,High,Medium,Medium,Medium,Medium,1,1,1,PVC Pipes,253166.16
137.3,3,2,1,1,1,High,Medium,High,High,Medium,High,High,Medium,High,1,0,1,PVC Pipes,296361.4
57.7,1,1,1,0,1,Low,Medium,Low,Medium,Medium,Low,Low,Medium,Low,0,0,0,PVC Pipes,110647.17
82.6,2,1,1,0,1,Low,Low,Medium,Medium,Low,Medium,Low,Medium,Low,0,0,0,PVC Pipes,141449.63
80.0,2,1,1,1,1,Medium,Medium,Medium,Medium,Low,Medium,Medium,Medium,Medium,1,0,0,PVC Pipes,172485.56
80.6,2,1,1,0,1,Medium,Medium,Medium,Medium,Medium,Low,Medium,Medium,High,1,1,1,PVC Pipes,179998.36
157.8,4,1,1,1,1,Low,Medium,Low,Low,Low,Medium,Low,Medium,Low,0,1,0,PVC Pipes,249657.19
125.8,3,1,1,3,1,Medium,Medium,Medium,Medium,Medium,Medium,Medium,Low,Medium,1,0,1,PPR Pipes,275060.8
90.5,2,1,1,0,1,Medium,Medium,High,High,Low,High,Medium,Medium,Medium,0,0,0,PVC Pipes,160703.21
116.0,3,2,1,2,1,Medium,Medium,Medium,Low,High,Medium,Medium,Medium,Medium,0,0,1,PVC Pipes,231869.43
102.4,3,2,1,1,1,Low,Low,Low,Low,Low,Low,Medium,Low,Low,0,0,0,PPR Pipes,186866.68
161.9,4,1,1,1,1,Medium,Medium,Low,Medium,Medium,Low,Medium,High,Medium,0,0,0,PVC Pipes,266652.8
89.4,2,1,1,2,1,Low,Low,Medium,Medium,Low,Medium,Low,Low,Low,0,0,0,PPR Pipes,176598.48
166.8,4,2,1,1,1,Medium,Low,Medium,Medium,High,High,High,Medium,Medium,1,1,1,PVC Pipes,330564.38
129.0,3,1,1,3,1,Low,Low,Low,Low,Low,Medium,Low,Medium,Low,0,0,0,PVC Pipes,237386.83
111.5,3,2,1,1,1,Low,Low,Low,Low,Medium,Medium,Low,Medium,Medium,0,0,0,PVC Pipes,209873.08
88.3,2,1,1,0,1,High,High,High,Medium,High,High,High,High,Medium,1,1,1,PVC Pipes,205938.46
160.5,4,2,1,1,1,Medium,Medium,Medium,High,Medium,Medium,Medium,Medium,Medium,0,0,1,PVC Pipes,312451.61
78.1,2,1,1,1,1,High,High,Medium,Medium,High,Medium,High,Medium,Medium,1,1,0,PVC Pipes,177208.38
130.9,3,1,1,1,1,Medium,High,Low,Medium,Medium,Medium,Low,Medium,High,0,0,1,PVC Pipes,243334.53
109.2,3,2,1,1,1,High,Medium,High,High,High,Medium,Medium,Medium,High,0,1,1,PVC Pipes,242414.92
115.7,3,1,1,2,1,High,High,High,High,Medium,High,High,High,High,0,1,1,PVC Pipes,232425.91
96.0,2,1,1,1,1,Low,Low,Medium,Low,Low,Low,Medium,Low,Low,0,0,0,PPR Pipes,176256.23
127.5,3,2,1,0,1,Medium,Medium,Medium,High,Medium,Medium,Medium,Medium,Medium,1,0,1,PVC Pipes,255434.69
95.6,2,1,1,0,1,High,High,High,Medium,High,Medium,High,Medium,High,1,1,1,PVC Pipes,214970.06
128.4,3,2,1,1,1,High,Medium,High,High,High,High,High,Medium,High,1,1,0,PVC Pipes,300794.02
121.0,3,2,1,2,1,Medium,Medium,Medium,Medium,Medium,Medium,High,Low,Low,1,0,0,PPR Pipes,277572.03
118.8,3,1,1,1,1,Medium,Low,Medium,Low,Medium,Low,High,Medium,Medium,0,0,1,PVC Pipes,222991.81
180.4,5,3,1,3,1,Medium,Medium,Medium,High,Medium,Medium,Medium,Medium,Low,0,0,0,PVC Pipes,349343.86
115.8,3,1,1,0,1,High,High,High,High,High,High,High,High,High,1,1,1,PVC Pipes,276719.13
145.6,3,2,1,2,1,High,High,High,High,Medium,Medium,Medium,Medium,High,0,1,1,PVC Pipes,278923.99
138.7,3,2,1,2,1,Medium,Low,Medium,Medium,Medium,Medium,Medium,Low,Medium,1,0,0,PPR Pipes,286230.48
119.6,3,1,1,1,1,Medium,Low,Low,Medium,Medium,Medium,Medium,Medium,Medium,1,1,0,PVC Pipes,242565.05
98.9,2,1,1,0,1,Medium,Medium,Medium,Medium,Medium,Medium,Medium,Medium,High,1,1,0,PVC Pipes,203353.44
80.8,2,1,1,1,1,Medium,High,Medium,Low,Medium,Medium,Medium,Medium,Medium,0,0,0,PVC Pipes,152560.47
127.8,3,2,1,1,1,High,High,High,Medium,High,High,High,High,Medium,1,1,1,PVC Pipes,293942.67
117.7,3,2,1,0,1,Medium,Medium,Low,Medium,Medium,Medium,Low,Medium,Medium,1,0,1,PVC Pipes,243837.64
103.6,3,2,1,1,1,High,High,High,High,Medium,High,High,Medium,High,1,1,1,PVC Pipes,270446.42
121.6,3,1,1,2,1,Medium,Medium,Medium,Low,Medium,Medium,Medium,Medium,Medium,1,1,0,PVC Pipes,242867.48
120.0,3,1,1,2,1,High,High,High,High,Medium,Medium,High,High,High,1,1,1,PVC Pipes,278107.53
78.3,2,1,1,1,1,High,Medium,High,Medium,High,High,High,High,High,1,1,1,PVC Pipes,194756.76
119.5,3,2,1,0,1,Low,Medium,Low,Low,Medium,Low,Medium,Low,Low,0,0,0,PPR Pipes,209535.7
134.3,3,1,1,1,1,Low,Low,Medium,Low,Low,Medium,Medium,Medium,Low,0,0,0,PVC Pipes,219449.42
79.4,2,1,1,0,1,Low,Low,Medium,Medium,Medium,Medium,Low,Low,Low,0,0,0,PPR Pipes,139624.94
119.6,3,2,1,2,1,Medium,Medium,Medium,Medium,Medium,Medium,Medium,Medium,Medium,1,0,1,PVC Pipes,281018.21
139.8,3,1,1,0,1,High,Medium,High,High,High,Medium,Medium,High,High,1,1,1,PVC Pipes,290631.54
111.0,3,2,1,3,1,High,High,Medium,High,High,Medium,High,Medium,High,1,1,1,PVC Pipes,291897.41
130.7,3,2,1,2,1,High,High,High,Medium,Medium,Medium,Medium,High,High,1,1,1,PVC Pipes,306242.17
167.4,4,2,1,2,1,High,High,High,High,High,Medium,High,Medium,High,0,1,1,PVC Pipes,321168.52
146.9,4,2,1,2,1,High,High,Medium,High,High,Medium,High,High,Medium,0,1,0,PVC Pipes,300577.97
162.9,4,2,1,1,1,Low,Medium,Low,Medium,Medium,Low,Low,Low,Low,1,1,0,PPR Pipes,317453.06
114.4,3,2,1,2,1,High,High,High,High,High,Medium,High,High,Medium,1,1,1,PVC Pipes,281268.74
123.1,3,2,1,1,1,Low,Medium,Low,Low,Low,Medium,Medium,Low,Low,0,0,0,PPR Pipes,226075.58
111.3,3,2,1,2,1,Medium,Medium,Medium,Medium,Medium,Medium,Medium,Medium,Medium,0,0,0,PVC Pipes,230878.25
140.4,4,1,1,1,1,Medium,Medium,Medium,Medium,Medium,Medium,Medium,High,Medium,1,1,1,PVC Pipes,300395.43
153.8,4,2,1,3,1,Medium,Medium,Medium,Medium,Medium,High,Low,Medium,Medium,0,0,0,PVC Pipes,286812.55
115.5,3,2,1,1,1,Low,Low,Medium,Medium,Low,Low,Medium,Low,Low,0,0,0,PPR Pipes,211190.49
132.7,3,2,1,1,1,Low,Low,Medium,Low,Low,Medium,Low,Medium,Medium,1,0,0,PVC Pipes,255544.13
102.4,3,2,1,0,1,Medium,Medium,Low,Low,Medium,High,Low,Medium,Medium,1,0,1,PVC Pipes,226141.34
175.0,4,2,1,0,1,Medium,Medium,Medium,Medium,Medium,Low,Medium,Medium,Medium,0,1,1,PVC Pipes,290715.58
187.6,5,3,1,3,2,Medium,Medium,Low,Medium,High,Medium,Medium,High,Medium,0,1,1,PVC Pipes,354178.21
137.8,3,2,1,2,1,Medium,Medium,Low,Medium,Medium,Medium,Low,Medium,Low,1,0,0,PVC Pipes,294790.37
126.9,3,2,1,1,1,Medium,Medium,High,Low,Medium,Medium,Medium,Medium,Medium,1,1,1,PVC Pipes,288193.03
107.5,3,2,1,2,1,Low,Low,Medium,Medium,Low,Medium,Low,Low,Low,0,0,0,PPR Pipes,223571.15
162.4,4,2,1,2,1,High,High,High,High,Medium,High,Medium,Medium,High,1,1,1,PVC Pipes,396618.92
67.3,1,1,1,0,1,Low,Low,Medium,Low,Low,Low,Medium,Medium,Low,0,0,0,PVC Pipes,118713.92
105.2,3,2,1,0,1,Medium,Medium,Medium,Medium,Low,Medium,High,High,Medium,0,1,0,PVC Pipes,221105.1
166.4,4,1,1,1,1,High,High,Medium,Medium,High,High,Medium,High,High,0,1,1,PVC Pipes,300697.48
56.4,1,1,1,2,1,Low,Medium,Low,Low,Low,Medium,Low,Low,Low,0,0,0,PPR Pipes,116069.07
122.5,3,1,1,1,1,Low,Low,Low,Low,Low,Medium,Medium,Medium,Medium,0,0,0,PVC Pipes,212877.45
184.3,5,3,1,2,1,High,High,High,Medium,High,High,Medium,Medium,High,1,1,1,PVC Pipes,439951.47
153.7,4,1,1,1,1,Medium,Low,Medium,Medium,Medium,Medium,Low,Medium,Medium,0,0,0,PVC Pipes,249515.31
180.9,4,2,1,2,1,Medium,Medium,Low,Medium,Medium,Medium,High,Medium,Low,0,0,0,PVC Pipes,332005.9
64.9,2,1,1,1,1,Low,Low,Low,Low,Medium,Low,Medium,Medium,Low,0,0,0,PVC Pipes,128778.44
154.9,4,1,1,1,1,High,Medium,High,Medium,High,High,High,High,High,1,0,1,PVC Pipes,328292.07
116.7,3,2,1,1,1,High,High,High,High,High,Medium,High,Medium,Medium,1,1,0,PVC Pipes,293026.78
196.8,5,2,1,1,2,Medium,High,Low,Medium,Low,Low,Medium,Medium,Medium,0,1,1,PVC Pipes,344817.49
124.8,3,1,1,1,1,Medium,Medium,Medium,Medium,Medium,Medium,High,Medium,Medium,1,0,0,PVC Pipes,249597.87
63.1,2,1,1,0,1,Medium,Low,High,Medium,High,Medium,Medium,High,Low,1,1,1,PVC Pipes,145012.1
50.0,1,1,1,1,1,Low,Low,Medium,Medium,Low,Medium,Low,Medium,Medium,0,0,0,PVC Pipes,104699.66
93.7,2,1,1,2,1,Medium,Medium,Medium,Medium,Medium,Medium,Medium,Low,Medium,0,0,0,PPR Pipes,188913.04
128.5,3,2,1,2,1,High,High,High,Medium,Medium,High,High,Medium,Medium,1,1,1,PVC Pipes,302553.39
152.0,4,2,1,1,1,Medium,Medium,Medium,Medium,Medium,Low,Medium,Low,Medium,0,0,1,PPR Pipes,287515.2
70.2,2,1,1,2,1,Medium,Medium,High,Medium,Medium,Medium,Medium,Medium,Medium,1,0,0,PVC Pipes,162904.38
193.5,5,2,1,2,2,Low,Low,Low,Medium,Medium,Medium,Medium,Low,Low,1,0,0,PPR Pipes,375365.9
73.6,2,1,1,1,1,Medium,Medium,Medium,High,Medium,Medium,Medium,Medium,Medium,0,1,1,PVC Pipes,163394.23
121.8,3,1,1,1,1,Medium,Medium,Medium,High,Medium,Low,Medium,Medium,Medium,0,0,1,PVC Pipes,215911.57
170.7,4,2,1,1,1,Medium,Medium,Medium,Low,Medium,Medium,Medium,Medium,Low,0,1,0,PVC Pipes,313262.8
85.3,2,1,1,0,1,Medium,Medium,Low,Low,Low,Medium,Low,Medium,Medium,1,1,1,PVC Pipes,180290.21
80.2,2,1,1,1,1,High,Medium,High,High,High,High,Medium,Medium,High,1,1,1,PVC Pipes,190825.33
96.1,2,1,1,1,1,Low,Low,Medium,Low,Low,Low,Medium,Low,Low,0,1,1,PPR Pipes,183847.1
113.8,3,2,1,1,1,High,Medium,High,Medium,Medium,Medium,High,High,High,1,1,1,PVC Pipes,278926.5
73.6,2,1,1,2,1,Medium,Medium,Medium,Medium,Low,Medium,Medium,High,Medium,0,1,0,PVC Pipes,150493.0
89.6,3,2,1,2,1,Medium,Medium,Medium,Medium,High,Medium,Medium,Medium,Medium,0,0,1,PVC Pipes,210984.35
123.5,3,2,1,3,1,High,High,High,High,High,High,High,High,Medium,1,1,0,PVC Pipes,303083.15
161.6,4,1,1,1,1,Medium,Medium,Medium,Medium,Medium,Medium,Medium,Low,Low,1,0,0,PPR Pipes,308067.62
89.6,2,1,1,0,1,Low,Low,Low,Low,Medium,Low,Medium,Medium,Low,1,1,0,PVC Pipes,175304.94
125.2,3,2,1,0,1,Medium,Medium,Medium,Medium,Medium,Medium,Medium,High,Low,0,1,0,PVC Pipes,245929.31
113.6,3,2,1,2,1,Medium,Medium,Medium,Low,Low,Low,Medium,Medium,Medium,0,0,1,PVC Pipes,238506.91
147.5,4,2,1,2,1,High,Medium,Medium,Medium,High,High,High,High,High,1,1,1,PVC Pipes,350477.26
118.1,3,2,1,2,1,Low,Low,Medium,Low,Low,Low,Low,Low,Medium,0,0,0,PPR Pipes,233569.27
116.1,3,1,1,1,1,Low,Low,Low,Medium,Low,Medium,Low,Low,Medium,0,0,1,PPR Pipes,217221.43
91.9,2,1,1,2,1,High,Medium,Medium,High,Medium,High,High,High,High,1,1,0,PVC Pipes,215585.88
126.8,3,2,1,1,1,High,Medium,High,High,High,High,High,Medium,High,1,1,1,PVC Pipes,300888.67
94.8,2,1,1,1,1,High,Medium,Medium,Medium,Medium,Medium,High,High,High,0,1,0,PVC Pipes,182525.3
74.5,2,1,1,1,1,Low,Low,Medium,Medium,Low,Medium,Low,Medium,Medium,0,0,0,PVC Pipes,146973.09
118.0,3,2,1,0,1,Medium,Medium,Medium,Medium,Low,Medium,Medium,Medium,Medium,1,1,0,PVC Pipes,246016.31
175.7,4,2,1,1,1,High,High,Medium,High,High,High,High,Medium,High,1,0,1,PVC Pipes,395831.45
115.7,3,2,1,2,1,Low,Medium,Low,Low,Medium,Low,Low,Low,Low,1,0,0,PPR Pipes,256467.38
82.3,2,1,1,0,1,Medium,Medium,Medium,Low,Medium,Medium,Medium,Medium,Medium,1,1,0,PVC Pipes,167618.44
87.9,2,1,1,1,1,Low,Low,Medium,Medium,Medium,Low,Low,Low,Medium,0,0,0,PPR Pipes,167884.14
125.3,3,1,1,2,1,Medium,Medium,Medium,Medium,Medium,High,Medium,Medium,Medium,1,1,0,PVC Pipes,253163.78
134.1,3,2,1,2,1,Medium,High,High,Medium,Medium,Low,Medium,High,Medium,1,0,0,PVC Pipes,296950.14
158.4,4,2,1,1,1,Medium,Low,Medium,Medium,Medium,Medium,Medium,Medium,Medium,0,1,0,PVC Pipes,285760.18
165.7,4,2,1,2,1,Medium,Medium,High,Medium,Medium,Medium,High,Medium,Medium,0,1,1,PVC Pipes,319970.95
81.3,2,1,1,1,1,Low,Low,Low,Low,Medium,Low,Low,Low,Low,0,0,0,PPR Pipes,150364.26
119.4,3,1,1,1,1,Medium,Medium,Medium,Medium,Medium,Medium,Medium,Medium,Medium,0,1,1,PVC Pipes,237477.07
132.2,3,1,1,1,1,Medium,Medium,Low,Low,High,Medium,Low,Medium,Medium,0,0,1,PVC Pipes,231344.84
70.5,2,1,1,2,1,Medium,Medium,Low,Medium,Medium,High,Medium,Low,Medium,1,0,1,PPR Pipes,167789.2
166.1,4,2,1,2,1,Low,Medium,Medium,Medium,Low,Low,Medium,Low,Low,0,0,0,PPR Pipes,314194.33
126.4,3,2,1,2,1,High,Medium,High,High,High,High,High,Medium,High,1,0,1,PVC Pipes,305936.24
133.5,3,2,1,0,1,Medium,Low,Medium,Medium,Medium,High,Medium,High,Medium,1,1,0,PVC Pipes,260000.03
99.7,2,1,1,1,1,Low,Low,Low,Low,Low,Medium,Low,Low,Low,0,0,0,PPR Pipes,167327.55
126.4,3,2,1,2,1,Low,Low,Low,Low,Medium,Medium,Low,Medium,Low,0,0,0,PVC Pipes,236808.26
113.0,3,1,1,2,1,Low,Low,Low,Medium,Low,Low,Low,Medium,Medium,0,0,0,PVC Pipes,186471.15
