Brand,Product_Name,Door_Category,Material,Door_Type,Application,Size,Quality_Level,Quality_Score,Unit,Quantity_Rule,Rule_Value,Required_For,Optional,Price_EGP,Category,Subcategory,Grade,Quality_Price_Band
Security Doors,Aluminum Balcony Door,Balcony,Aluminum,Sliding,Balcony,180x220 cm,Low,7.4,Piece,Per_Balcony,1,Balcony,False,5176,Doors,Balcony,Not Applicable,Low: <= 5307
WPC Brand,Aluminum Balcony Door,Balcony,Aluminum,Sliding,Balcony,180x220 cm,Medium,7.4,Piece,Per_Balcony,1,Balcony,False,6332,Doors,Balcony,Not Applicable,Medium: 5307 - 9745
WPC Brand,Interior MDF Door,Interior,MDF,Solid,Bedroom,90x210 cm,Low,7.2,Piece,Per_Room,1,Bedroom,False,4337,Doors,Interior,Not Applicable,Low: <= 5307
AluDoor,Armored Security Door,Entrance,Steel,Armored,Main Entrance,100x220 cm,High,8.9,Piece,Fixed,1,Apartment,False,13462,Doors,Entrance,Not Applicable,High: > 9745
DoorTech,Aluminum Balcony Door,Balcony,Aluminum,Sliding,Balcony,180x220 cm,Low,7.4,Piece,Per_Balcony,1,Balcony,False,5077,Doors,Balcony,Not Applicable,Low: <= 5307
AluDoor,Interior MDF Door,Interior,MDF,Solid,Bedroom,90x210 cm,Low,7.2,Piece,Per_Room,1,Bedroom,False,4421,Doors,Interior,Not Applicable,Low: <= 5307
Security Doors,Interior MDF Door,Interior,MDF,Solid,Bedroom,90x210 cm,Low,7.2,Piece,Per_Room,1,Bedroom,False,4649,Doors,Interior,Not Applicable,Low: <= 5307
WoodCraft,Aluminum Balcony Door,Balcony,Aluminum,Sliding,Balcony,180x220 cm,Medium,7.4,Piece,Per_Balcony,1,Balcony,False,5441,Doors,Balcony,Not Applicable,Medium: 5307 - 9745
WPC Brand,Interior MDF Door,Interior,MDF,Solid,Bedroom,90x210 cm,Low,7.2,Piece,Per_Room,1,Bedroom,False,5100,Doors,Interior,Not Applicable,Low: <= 5307
AluDoor,Aluminum Balcony Door,Balcony,Aluminum,Sliding,Balcony,180x220 cm,Medium,7.4,Piece,Per_Balcony,1,Balcony,False,5666,Doors,Balcony,Not Applicable,Medium: 5307 - 9745
WPC Brand,Aluminum Balcony Door,Balcony,Aluminum,Sliding,Balcony,180x220 cm,Low,7.4,Piece,Per_Balcony,1,Balcony,False,5085,Doors,Balcony,Not Applicable,Low: <= 5307
AluDoor,Aluminum Balcony Door,Balcony,Aluminum,Sliding,Balcony,180x220 cm,Medium,7.4,Piece,Per_Balcony,1,Balcony,False,6771,Doors,Balcony,Not Applicable,Medium: 5307 - 9745
AluDoor,Interior MDF Door,Interior,MDF,Solid,Bedroom,90x210 cm,Low,7.2,Piece,Per_Room,1,Bedroom,False,3940,Doors,Interior,Not Applicable,Low: <= 5307
AluDoor,Armored Security Door,Entrance,Steel,Armored,Main Entrance,100x220 cm,High,8.9,Piece,Fixed,1,Apartment,False,13241,Doors,Entrance,Not Applicable,High: > 9745
Security Doors,Armored Security Door,Entrance,Steel,Armored,Main Entrance,100x220 cm,High,8.9,Piece,Fixed,1,Apartment,False,9924,Doors,Entrance,Not Applicable,High: > 9745
Security Doors,Armored Security Door,Entrance,Steel,Armored,Main Entrance,100x220 cm,High,8.9,Piece,Fixed,1,Apartment,False,11979,Doors,Entrance,Not Applicable,High: > 9745
WPC Brand,Aluminum Balcony Door,Balcony,Aluminum,Sliding,Balcony,180x220 cm,Medium,7.4,Piece,Per_Balcony,1,Balcony,False,6294,Doors,Balcony,Not Applicable,Medium: 5307 - 9745
AluDoor,Armored Security Door,Entrance,Steel,Armored,Main Entrance,100x220 cm,High,8.9,Piece,Fixed,1,Apartment,False,13388,Doors,Entrance,Not Applicable,High: > 9745
WoodCraft,Aluminum Balcony Door,Balcony,Aluminum,Sliding,Balcony,180x220 cm,Low,7.4,Piece,Per_Balcony,1,Balcony,False,4877,Doors,Balcony,Not Applicable,Low: <= 5307
AluDoor,Interior MDF Door,Interior,MDF,Solid,Bedroom,90x210 cm,Medium,7.2,Piece,Per_Room,1,Bedroom,False,5569,Doors,Interior,Not Applicable,Medium: 5307 - 9745
Security Doors,Aluminum Balcony Door,Balcony,Aluminum,Sliding,Balcony,180x220 cm,Medium,7.4,Piece,Per_Balcony,1,Balcony,False,5830,Doors,Balcony,Not Applicable,Medium: 5307 - 9745
Security Doors,Armored Security Door,Entrance,Steel,Armored,Main Entrance,100x220 cm,High,8.9,Piece,Fixed,1,Apartment,False,10298,Doors,Entrance,Not Applicable,High: > 9745
WPC Brand,Aluminum Balcony Door,Balcony,Aluminum,Sliding,Balcony,180x220 cm,Low,7.4,Piece,Per_Balcony,1,Balcony,False,4689,Doors,Balcony,Not Applicable,Low: <= 5307
WPC Brand,Interior MDF Door,Interior,MDF,Solid,Bedroom,90x210 cm,Low,7.2,Piece,Per_Room,1,Bedroom,False,4683,Doors,Interior,Not Applicable,Low: <= 5307
Security Doors,Interior MDF Door,Interior,MDF,Solid,Bedroom,90x210 cm,Medium,7.2,Piece,Per_Room,1,Bedroom,False,5462,Doors,Interior,Not Applicable,Medium: 5307 - 9745
WPC Brand,Armored Security Door,Entrance,Steel,Armored,Main Entrance,100x220 cm,High,8.9,Piece,Fixed,1,Apartment,False,11166,Doors,Entrance,Not Applicable,High: > 9745
AluDoor,Armored Security Door,Entrance,Steel,Armored,Main Entrance,100x220 cm,High,8.9,Piece,Fixed,1,Apartment,False,13850,Doors,Entrance,Not Applicable,High: > 9745
Security Doors,Interior MDF Door,Interior,MDF,Solid,Bedroom,90x210 cm,Low,7.2,Piece,Per_Room,1,Bedroom,False,3979,Doors,Interior,Not Applicable,Low: <= 5307
DoorTech,Aluminum Balcony Door,Balcony,Aluminum,Sliding,Balcony,180x220 cm,Medium,7.4,Piece,Per_Balcony,1,Balcony,False,6121,Doors,Balcony,Not Applicable,Medium: 5307 - 9745
Security Doors,Interior MDF Door,Interior,MDF,Solid,Bedroom,90x210 cm,Low,7.2,Piece,Per_Room,1,Bedroom,False,5035,Doors,Interior,Not Applicable,Low: <= 5307
Security Doors,Armored Security Door,Entrance,Steel,Armored,Main Entrance,100x220 cm,High,8.9,Piece,Fixed,1,Apartment,False,14040,Doors,Entrance,Not Applicable,High: > 9745
WoodCraft,Aluminum Balcony Door,Balcony,Aluminum,Sliding,Balcony,180x220 cm,Medium,7.4,Piece,Per_Balcony,1,Balcony,False,7429,Doors,Balcony,Not Applicable,Medium: 5307 - 9745
WoodCraft,Aluminum Balcony Door,Balcony,Aluminum,Sliding,Balcony,180x220 cm,Medium,7.4,Piece,Per_Balcony,1,Balcony,False,5716,Doors,Balcony,Not Applicable,Medium: 5307 - 9745
AluDoor,Aluminum Balcony Door,Balcony,Aluminum,Sliding,Balcony,180x220 cm,Medium,7.4,Piece,Per_Balcony,1,Balcony,False,5439,Doors,Balcony,Not Applicable,Medium: 5307 - 9745
Security Doors,Aluminum Balcony Door,Balcony,Aluminum,Sliding,Balcony,180x220 cm,Medium,7.4,Piece,Per_Balcony,1,Balcony,False,5526,Doors,Balcony,Not Applicable,Medium: 5307 - 9745
Security Doors,Armored Security Door,Entrance,Steel,Armored,Main Entrance,100x220 cm,High,8.9,Piece,Fixed,1,Apartment,False,11323,Doors,Entrance,Not Applicable,High: > 9745
AluDoor,Armored Security Door,Entrance,Steel,Armored,Main Entrance,100x220 cm,High,8.9,Piece,Fixed,1,Apartment,False,11823,Doors,Entrance,Not Applicable,High: > 9745
Security Doors,Interior MDF Door,Interior,MDF,Solid,Bedroom,90x210 cm,Low,7.2,Piece,Per_Room,1,Bedroom,False,3861,Doors,Interior,Not Applicable,Low: <= 5307
AluDoor,Armored Security Door,Entrance,Steel,Armored,Main Entrance,100x220 cm,High,8.9,Piece,Fixed,1,Apartment,False,10876,Doors,Entrance,Not Applicable,High: > 9745
AluDoor,Armored Security Door,Entrance,Steel,Armored,Main Entrance,100x220 cm,High,8.9,Piece,Fixed,1,Apartment,False,13900,Doors,Entrance,Not Applicable,High: > 9745
WPC Brand,Interior MDF Door,Interior,MDF,Solid,Bedroom,90x210 cm,Medium,7.2,Piece,Per_Room,1,Bedroom,False,5654,Doors,Interior,Not Applicable,Medium: 5307 - 9745
Security Doors,Aluminum Balcony Door,Balcony,Aluminum,Sliding,Balcony,180x220 cm,Medium,7.4,Piece,Per_Balcony,1,Balcony,False,5924,Doors,Balcony,Not Applicable,Medium: 5307 - 9745
WoodCraft,Aluminum Balcony Door,Balcony,Aluminum,Sliding,Balcony,180x220 cm,Medium,7.4,Piece,Per_Balcony,1,Balcony,False,5732,Doors,Balcony,Not Applicable,Medium: 5307 - 9745
AluDoor,Armored Security Door,Entrance,Steel,Armored,Main Entrance,100x220 cm,High,8.9,Piece,Fixed,1,Apartment,False,12219,Doors,Entrance,Not Applicable,High: > 9745
WPC Brand,Aluminum Balcony Door,Balcony,Aluminum,Sliding,Balcony,180x220 cm,Low,7.4,Piece,Per_Balcony,1,Balcony,False,5307,Doors,Balcony,Not Applicable,Low: <= 5307
AluDoor,Interior MDF Door,Interior,MDF,Solid,Bedroom,90x210 cm,Low,7.2,Piece,Per_Room,1,Bedroom,False,3253,Doors,Interior,Not Applicable,Low: <= 5307
DoorTech,Armored Security Door,Entrance,Steel,Armored,Main Entrance,100x220 cm,High,8.9,Piece,Fixed,1,Apartment,False,10559,Doors,Entrance,Not Applicable,High: > 9745
DoorTech,Aluminum Balcony Door,Balcony,Aluminum,Sliding,Balcony,180x220 cm,Medium,7.4,Piece,Per_Balcony,1,Balcony,False,7026,Doors,Balcony,Not Applicable,Medium: 5307 - 9745
DoorTech,Interior MDF Door,Interior,MDF,Solid,Bedroom,90x210 cm,Low,7.2,Piece,Per_Room,1,Bedroom,False,3844,Doors,Interior,Not Applicable,Low: <= 5307
WPC Brand,Armored Security Door,Entrance,Steel,Armored,Main Entrance,100x220 cm,High,8.9,Piece,Fixed,1,Apartment,False,11872,Doors,Entrance,Not Applicable,High: > 9745
WoodCraft,Interior MDF Door,Interior,MDF,Solid,Bedroom,90x210 cm,Low,7.2,Piece,Per_Room,1,Bedroom,False,5189,Doors,Interior,Not Applicable,Low: <= 5307
WPC Brand,Aluminum Balcony Door,Balcony,Aluminum,Sliding,Balcony,180x220 cm,Medium,7.4,Piece,Per_Balcony,1,Balcony,False,5767,Doors,Balcony,Not Applicable,Medium: 5307 - 9745
WPC Brand,Armored Security Door,Entrance,Steel,Armored,Main Entrance,100x220 cm,High,8.9,Piece,Fixed,1,Apartment,False,13337,Doors,Entrance,Not Applicable,High: > 9745
AluDoor,Armored Security Door,Entrance,Steel,Armored,Main Entrance,100x220 cm,High,8.9,Piece,Fixed,1,Apartment,False,10656,Doors,Entrance,Not Applicable,High: > 9745
WPC Brand,Interior MDF Door,Interior,MDF,Solid,Bedroom,90x210 cm,Low,7.2,Piece,Per_Room,1,Bedroom,False,3754,Doors,Interior,Not Applicable,Low: <= 5307
WoodCraft,Aluminum Balcony Door,Balcony,Aluminum,Sliding,Balcony,180x220 cm,Low,7.4,Piece,Per_Balcony,1,Balcony,False,4855,Doors,Balcony,Not Applicable,Low: <= 5307
Security Doors,Aluminum Balcony Door,Balcony,Aluminum,Sliding,Balcony,180x220 cm,Low,7.4,Piece,Per_Balcony,1,Balcony,False,4655,Doors,Balcony,Not Applicable,Low: <= 5307
WPC Brand,Interior MDF Door,Interior,MDF,Solid,Bedroom,90x210 cm,Low,7.2,Piece,Per_Room,1,Bedroom,False,3734,Doors,Interior,Not Applicable,Low: <= 5307
WPC Brand,Armored Security Door,Entrance,Steel,Armored,Main Entrance,100x220 cm,High,8.9,Piece,Fixed,1,Apartment,False,12089,Doors,Entrance,Not Applicable,High: > 9745
AluDoor,Interior MDF Door,Interior,MDF,Solid,Bedroom,90x210 cm,Low,7.2,Piece,Per_Room,1,Bedroom,False,3759,Doors,Interior,Not Applicable,Low: <= 5307
Security Doors,Aluminum Balcony Door,Balcony,Aluminum,Sliding,Balcony,180x220 cm,Medium,7.4,Piece,Per_Balcony,1,Balcony,False,6389,Doors,Balcony,Not Applicable,Medium: 5307 - 9745
DoorTech,Aluminum Balcony Door,Balcony,Aluminum,Sliding,Balcony,180x220 cm,Medium,7.4,Piece,Per_Balcony,1,Balcony,False,7291,Doors,Balcony,Not Applicable,Medium: 5307 - 9745
Security Doors,Armored Security Door,Entrance,Steel,Armored,Main Entrance,100x220 cm,High,8.9,Piece,Fixed,1,Apartment,False,14484,Doors,Entrance,Not Applicable,High: > 9745
DoorTech,Aluminum Balcony Door,Balcony,Aluminum,Sliding,Balcony,180x220 cm,Medium,7.4,Piece,Per_Balcony,1,Balcony,False,6401,Doors,Balcony,Not Applicable,Medium: 5307 - 9745
WPC Brand,Armored Security Door,Entrance,Steel,Armored,Main Entrance,100x220 cm,High,8.9,Piece,Fixed,1,Apartment,False,13482,Doors,Entrance,Not Applicable,High: > 9745
WPC Brand,Aluminum Balcony Door,Balcony,Aluminum,Sliding,Balcony,180x220 cm,Medium,7.4,Piece,Per_Balcony,1,Balcony,False,7312,Doors,Balcony,Not Applicable,Medium: 5307 - 9745
DoorTech,Armored Security Door,Entrance,Steel,Armored,Main Entrance,100x220 cm,High,8.9,Piece,Fixed,1,Apartment,False,13451,Doors,Entrance,Not Applicable,High: > 9745
DoorTech,Armored Security Door,Entrance,Steel,Armored,Main Entrance,100x220 cm,High,8.9,Piece,Fixed,1,Apartment,False,12436,Doors,Entrance,Not Applicable,High: > 9745
DoorTech,Aluminum Balcony Door,Balcony,Aluminum,Sliding,Balcony,180x220 cm,Medium,7.4,Piece,Per_Balcony,1,Balcony,False,7402,Doors,Balcony,Not Applicable,Medium: 5307 - 9745
AluDoor,Interior MDF Door,Interior,MDF,Solid,Bedroom,90x210 cm,Low,7.2,Piece,Per_Room,1,Bedroom,False,5287,Doors,Interior,Not Applicable,Low: <= 5307
Security Doors,Armored Security Door,Entrance,Steel,Armored,Main Entrance,100x220 cm,High,8.9,Piece,Fixed,1,Apartment,False,10337,Doors,Entrance,Not Applicable,High: > 9745
WPC Brand,Armored Security Door,Entrance,Steel,Armored,Main Entrance,100x220 cm,High,8.9,Piece,Fixed,1,Apartment,False,11623,Doors,Entrance,Not Applicable,High: > 9745
DoorTech,Armored Security Door,Entrance,Steel,Armored,Main Entrance,100x220 cm,High,8.9,Piece,Fixed,1,Apartment,False,12950,Doors,Entrance,Not Applicable,High: > 9745
AluDoor,Aluminum Balcony Door,Balcony,Aluminum,Sliding,Balcony,180x220 cm,Medium,7.4,Piece,Per_Balcony,1,Balcony,False,6263,Doors,Balcony,Not Applicable,Medium: 5307 - 9745
DoorTech,Aluminum Balcony Door,Balcony,Aluminum,Sliding,Balcony,180x220 cm,Medium,7.4,Piece,Per_Balcony,1,Balcony,False,6938,Doors,Balcony,Not Applicable,Medium: 5307 - 9745
WoodCraft,Armored Security Door,Entrance,Steel,Armored,Main Entrance,100x220 cm,High,8.9,Piece,Fixed,1,Apartment,False,10292,Doors,Entrance,Not Applicable,High: > 9745
Security Doors,Aluminum Balcony Door,Balcony,Aluminum,Sliding,Balcony,180x220 cm,Medium,7.4,Piece,Per_Balcony,1,Balcony,False,7110,Doors,Balcony,Not Applicable,Medium: 5307 - 9745
AluDoor,Armored Security Door,Entrance,Steel,Armored,Main Entrance,100x220 cm,High,8.9,Piece,Fixed,1,Apartment,False,9953,Doors,Entrance,Not Applicable,High: > 9745
DoorTech,Armored Security Door,Entrance,Steel,Armored,Main Entrance,100x220 cm,High,8.9,Piece,Fixed,1,Apartment,False,11269,Doors,Entrance,Not Applicable,High: > 9745
WoodCraft,Armored Security Door,Entrance,Steel,Armored,Main Entrance,100x220 cm,High,8.9,Piece,Fixed,1,Apartment,False,13564,Doors,Entrance,Not Applicable,High: > 9745
Security Doors,Interior MDF Door,Interior,MDF,Solid,Bedroom,90x210 cm,Low,7.2,Piece,Per_Room,1,Bedroom,False,4756,Doors,Interior,Not Applicable,Low: <= 5307
WoodCraft,Aluminum Balcony Door,Balcony,Aluminum,Sliding,Balcony,180x220 cm,Medium,7.4,Piece,Per_Balcony,1,Balcony,False,5436,Doors,Balcony,Not Applicable,Medium: 5307 - 9745
WPC Brand,Interior MDF Door,Interior,MDF,Solid,Bedroom,90x210 cm,Low,7.2,Piece,Per_Room,1,Bedroom,False,4723,Doors,Interior,Not Applicable,Low: <= 5307
WoodCraft,Aluminum Balcony Door,Balcony,Aluminum,Sliding,Balcony,180x220 cm,Medium,7.4,Piece,Per_Balcony,1,Balcony,False,6168,Doors,Balcony,Not Applicable,Medium: 5307 - 9745
Security Doors,Interior MDF Door,Interior,MDF,Solid,Bedroom,90x210 cm,Low,7.2,Piece,Per_Room,1,Bedroom,False,4300,Doors,Interior,Not Applicable,Low: <= 5307
WoodCraft,Aluminum Balcony Door,Balcony,Aluminum,Sliding,Balcony,180x220 cm,Medium,7.4,Piece,Per_Balcony,1,Balcony,False,5458,Doors,Balcony,Not Applicable,Medium: 5307 - 9745
WoodCraft,Armored Security Door,Entrance,Steel,Armored,Main Entrance,100x220 cm,High,8.9,Piece,Fixed,1,Apartment,False,12146,Doors,Entrance,Not Applicable,High: > 9745
AluDoor,Armored Security Door,Entrance,Steel,Armored,Main Entrance,100x220 cm,High,8.9,Piece,Fixed,1,Apartment,False,12137,Doors,Entrance,Not Applicable,High: > 9745
Security Doors,Aluminum Balcony Door,Balcony,Aluminum,Sliding,Balcony,180x220 cm,Medium,7.4,Piece,Per_Balcony,1,Balcony,False,5943,Doors,Balcony,Not Applicable,Medium: 5307 - 9745
AluDoor,Armored Security Door,Entrance,Steel,Armored,Main Entrance,100x220 cm,High,8.9,Piece,Fixed,1,Apartment,False,14185,Doors,Entrance,Not Applicable,High: > 9745
DoorTech,Armored Security Door,Entrance,Steel,Armored,Main Entrance,100x220 cm,High,8.9,Piece,Fixed,1,Apartment,False,10480,Doors,Entrance,Not Applicable,High: > 9745
AluDoor,Interior MDF Door,Interior,MDF,Solid,Bedroom,90x210 cm,Low,7.2,Piece,Per_Room,1,Bedroom,False,5272,Doors,Interior,Not Applicable,Low: <= 5307
DoorTech,Armored Security Door,Entrance,Steel,Armored,Main Entrance,100x220 cm,High,8.9,Piece,Fixed,1,Apartment,False,10513,Doors,Entrance,Not Applicable,High: > 9745
DoorTech,Armored Security Door,Entrance,Steel,Armored,Main Entrance,100x220 cm,High,8.9,Piece,Fixed,1,Apartment,False,12182,Doors,Entrance,Not Applicable,High: > 9745
WoodCraft,Aluminum Balcony Door,Balcony,Aluminum,Sliding,Balcony,180x220 cm,Medium,7.4,Piece,Per_Balcony,1,Balcony,False,6311,Doors,Balcony,Not Applicable,Medium: 5307 - 9745
Security Doors,Armored Security Door,Entrance,Steel,Armored,Main Entrance,100x220 cm,High,8.9,Piece,Fixed,1,Apartment,False,10090,Doors,Entrance,Not Applicable,High: > 9745
AluDoor,Armored Security Door,Entrance,Steel,Armored,Main Entrance,100x220 cm,High,8.9,Piece,Fixed,1,Apartment,False,13843,Doors,Entrance,Not Applicable,High: > 9745
WPC Brand,Armored Security Door,Entrance,Steel,Armored,Main Entrance,100x220 cm,High,8.9,Piece,Fixed,1,Apartment,False,10709,Doors,Entrance,Not Applicable,High: > 9745
DoorTech,Armored Security Door,Entrance,Steel,Armored,Main Entrance,100x220 cm,High,8.9,Piece,Fixed,1,Apartment,False,11363,Doors,Entrance,Not Applicable,High: > 9745
WoodCraft,Aluminum Balcony Door,Balcony,Aluminum,Sliding,Balcony,180x220 cm,Medium,7.4,Piece,Per_Balcony,1,Balcony,False,5919,Doors,Balcony,Not Applicable,Medium: 5307 - 9745
WPC Brand,Interior MDF Door,Interior,MDF,Solid,Bedroom,90x210 cm,Low,7.2,Piece,Per_Room,1,Bedroom,False,4345,Doors,Interior,Not Applicable,Low: <= 5307
WPC Brand,Interior MDF Door,Interior,MDF,Solid,Bedroom,90x210 cm,Low,7.2,Piece,Per_Room,1,Bedroom,False,4531,Doors,Interior,Not Applicable,Low: <= 5307
Security Doors,Interior MDF Door,Interior,MDF,Solid,Bedroom,90x210 cm,Medium,7.2,Piece,Per_Room,1,Bedroom,False,5357,Doors,Interior,Not Applicable,Medium: 5307 - 9745
WoodCraft,Interior MDF Door,Interior,MDF,Solid,Bedroom,90x210 cm,Medium,7.2,Piece,Per_Room,1,Bedroom,False,5703,Doors,Interior,Not Applicable,Medium: 5307 - 9745
Security Doors,Aluminum Balcony Door,Balcony,Aluminum,Sliding,Balcony,180x220 cm,Medium,7.4,Piece,Per_Balcony,1,Balcony,False,6347,Doors,Balcony,Not Applicable,Medium: 5307 - 9745
Security Doors,Armored Security Door,Entrance,Steel,Armored,Main Entrance,100x220 cm,High,8.9,Piece,Fixed,1,Apartment,False,12373,Doors,Entrance,Not Applicable,High: > 9745
DoorTech,Aluminum Balcony Door,Balcony,Aluminum,Sliding,Balcony,180x220 cm,Medium,7.4,Piece,Per_Balcony,1,Balcony,False,6447,Doors,Balcony,Not Applicable,Medium: 5307 - 9745
WPC Brand,Interior MDF Door,Interior,MDF,Solid,Bedroom,90x210 cm,Low,7.2,Piece,Per_Room,1,Bedroom,False,4488,Doors,Interior,Not Applicable,Low: <= 5307
WPC Brand,Interior MDF Door,Interior,MDF,Solid,Bedroom,90x210 cm,Low,7.2,Piece,Per_Room,1,Bedroom,False,4259,Doors,Interior,Not Applicable,Low: <= 5307
Security Doors,Interior MDF Door,Interior,MDF,Solid,Bedroom,90x210 cm,Low,7.2,Piece,Per_Room,1,Bedroom,False,4587,Doors,Interior,Not Applicable,Low: <= 5307
AluDoor,Armored Security Door,Entrance,Steel,Armored,Main Entrance,100x220 cm,High,8.9,Piece,Fixed,1,Apartment,False,12844,Doors,Entrance,Not Applicable,High: > 9745
Security Doors,Interior MDF Door,Interior,MDF,Solid,Bedroom,90x210 cm,Low,7.2,Piece,Per_Room,1,Bedroom,False,3376,Doors,Interior,Not Applicable,Low: <= 5307
WoodCraft,Aluminum Balcony Door,Balcony,Aluminum,Sliding,Balcony,180x220 cm,Medium,7.4,Piece,Per_Balcony,1,Balcony,False,6373,Doors,Balcony,Not Applicable,Medium: 5307 - 9745
WoodCraft,Interior MDF Door,Interior,MDF,Solid,Bedroom,90x210 cm,Low,7.2,Piece,Per_Room,1,Bedroom,False,3516,Doors,Interior,Not Applicable,Low: <= 5307
Security Doors,Armored Security Door,Entrance,Steel,Armored,Main Entrance,100x220 cm,High,8.9,Piece,Fixed,1,Apartment,False,14438,Doors,Entrance,Not Applicable,High: > 9745
WoodCraft,Armored Security Door,Entrance,Steel,Armored,Main Entrance,100x220 cm,High,8.9,Piece,Fixed,1,Apartment,False,11278,Doors,Entrance,Not Applicable,High: > 9745
WPC Brand,Armored Security Door,Entrance,Steel,Armored,Main Entrance,100x220 cm,High,8.9,Piece,Fixed,1,Apartment,False,10047,Doors,Entrance,Not Applicable,High: > 9745
WPC Brand,Armored Security Door,Entrance,Steel,Armored,Main Entrance,100x220 cm,High,8.9,Piece,Fixed,1,Apartment,False,12557,Doors,Entrance,Not Applicable,High: > 9745
DoorTech,Armored Security Door,Entrance,Steel,Armored,Main Entrance,100x220 cm,High,8.9,Piece,Fixed,1,Apartment,False,12130,Doors,Entrance,Not Applicable,High: > 9745
AluDoor,Aluminum Balcony Door,Balcony,Aluminum,Sliding,Balcony,180x220 cm,Medium,7.4,Piece,Per_Balcony,1,Balcony,False,7208,Doors,Balcony,Not Applicable,Medium: 5307 - 9745
AluDoor,Armored Security Door,Entrance,Steel,Armored,Main Entrance,100x220 cm,High,8.9,Piece,Fixed,1,Apartment,False,10017,Doors,Entrance,Not Applicable,High: > 9745
Security Doors,Armored Security Door,Entrance,Steel,Armored,Main Entrance,100x220 cm,High,8.9,Piece,Fixed,1,Apartment,False,13132,Doors,Entrance,Not Applicable,High: > 9745
WPC Brand,Interior MDF Door,Interior,MDF,Solid,Bedroom,90x210 cm,Medium,7.2,Piece,Per_Room,1,Bedroom,False,5393,Doors,Interior,Not Applicable,Medium: 5307 - 9745
Security Doors,Aluminum Balcony Door,Balcony,Aluminum,Sliding,Balcony,180x220 cm,Medium,7.4,Piece,Per_Balcony,1,Balcony,False,6874,Doors,Balcony,Not Applicable,Medium: 5307 - 9745
AluDoor,Interior MDF Door,Interior,MDF,Solid,Bedroom,90x210 cm,Low,7.2,Piece,Per_Room,1,Bedroom,False,4849,Doors,Interior,Not Applicable,Low: <= 5307
DoorTech,Aluminum Balcony Door,Balcony,Aluminum,Sliding,Balcony,180x220 cm,Medium,7.4,Piece,Per_Balcony,1,Balcony,False,7059,Doors,Balcony,Not Applicable,Medium: 5307 - 9745
WPC Brand,Aluminum Balcony Door,Balcony,Aluminum,Sliding,Balcony,180x220 cm,Medium,7.4,Piece,Per_Balcony,1,Balcony,False,6207,Doors,Balcony,Not Applicable,Medium: 5307 - 9745
Security Doors,Interior MDF Door,Interior,MDF,Solid,Bedroom,90x210 cm,Low,7.2,Piece,Per_Room,1,Bedroom,False,3486,Doors,Interior,Not Applicable,Low: <= 5307
DoorTech,Armored Security Door,Entrance,Steel,Armored,Main Entrance,100x220 cm,High,8.9,Piece,Fixed,1,Apartment,False,11333,Doors,Entrance,Not Applicable,High: > 9745
WoodCraft,Interior MDF Door,Interior,MDF,Solid,Bedroom,90x210 cm,Medium,7.2,Piece,Per_Room,1,Bedroom,False,5483,Doors,Interior,Not Applicable,Medium: 5307 - 9745
WPC Brand,Aluminum Balcony Door,Balcony,Aluminum,Sliding,Balcony,180x220 cm,Medium,7.4,Piece,Per_Balcony,1,Balcony,False,5704,Doors,Balcony,Not Applicable,Medium: 5307 - 9745
WPC Brand,Armored Security Door,Entrance,Steel,Armored,Main Entrance,100x220 cm,High,8.9,Piece,Fixed,1,Apartment,False,10275,Doors,Entrance,Not Applicable,High: > 9745
DoorTech,Armored Security Door,Entrance,Steel,Armored,Main Entrance,100x220 cm,High,8.9,Piece,Fixed,1,Apartment,False,10163,Doors,Entrance,Not Applicable,High: > 9745
WoodCraft,Armored Security Door,Entrance,Steel,Armored,Main Entrance,100x220 cm,High,8.9,Piece,Fixed,1,Apartment,False,10439,Doors,Entrance,Not Applicable,High: > 9745
DoorTech,Interior MDF Door,Interior,MDF,Solid,Bedroom,90x210 cm,Medium,7.2,Piece,Per_Room,1,Bedroom,False,5604,Doors,Interior,Not Applicable,Medium: 5307 - 9745
AluDoor,Armored Security Door,Entrance,Steel,Armored,Main Entrance,100x220 cm,High,8.9,Piece,Fixed,1,Apartment,False,13358,Doors,Entrance,Not Applicable,High: > 9745
AluDoor,Aluminum Balcony Door,Balcony,Aluminum,Sliding,Balcony,180x220 cm,Low,7.4,Piece,Per_Balcony,1,Balcony,False,5033,Doors,Balcony,Not Applicable,Low: <= 5307
AluDoor,Aluminum Balcony Door,Balcony,Aluminum,Sliding,Balcony,180x220 cm,Medium,7.4,Piece,Per_Balcony,1,Balcony,False,7295,Doors,Balcony,Not Applicable,Medium: 5307 - 9745
WPC Brand,Interior MDF Door,Interior,MDF,Solid,Bedroom,90x210 cm,Low,7.2,Piece,Per_Room,1,Bedroom,False,5046,Doors,Interior,Not Applicable,Low: <= 5307
DoorTech,Aluminum Balcony Door,Balcony,Aluminum,Sliding,Balcony,180x220 cm,Medium,7.4,Piece,Per_Balcony,1,Balcony,False,7121,Doors,Balcony,Not Applicable,Medium: 5307 - 9745
DoorTech,Interior MDF Door,Interior,MDF,Solid,Bedroom,90x210 cm,Low,7.2,Piece,Per_Room,1,Bedroom,False,4375,Doors,Interior,Not Applicable,Low: <= 5307
Security Doors,Armored Security Door,Entrance,Steel,Armored,Main Entrance,100x220 cm,High,8.9,Piece,Fixed,1,Apartment,False,11749,Doors,Entrance,Not Applicable,High: > 9745
WoodCraft,Interior MDF Door,Interior,MDF,Solid,Bedroom,90x210 cm,Low,7.2,Piece,Per_Room,1,Bedroom,False,4855,Doors,Interior,Not Applicable,Low: <= 5307
WPC Brand,Aluminum Balcony Door,Balcony,Aluminum,Sliding,Balcony,180x220 cm,Medium,7.4,Piece,Per_Balcony,1,Balcony,False,6820,Doors,Balcony,Not Applicable,Medium: 5307 - 9745
WPC Brand,Aluminum Balcony Door,Balcony,Aluminum,Sliding,Balcony,180x220 cm,Low,7.4,Piece,Per_Balcony,1,Balcony,False,4632,Doors,Balcony,Not Applicable,Low: <= 5307
AluDoor,Armored Security Door,Entrance,Steel,Armored,Main Entrance,100x220 cm,High,8.9,Piece,Fixed,1,Apartment,False,10413,Doors,Entrance,Not Applicable,High: > 9745
DoorTech,Aluminum Balcony Door,Balcony,Aluminum,Sliding,Balcony,180x220 cm,Low,7.4,Piece,Per_Balcony,1,Balcony,False,5112,Doors,Balcony,Not Applicable,Low: <= 5307
WPC Brand,Interior MDF Door,Interior,MDF,Solid,Bedroom,90x210 cm,Low,7.2,Piece,Per_Room,1,Bedroom,False,5034,Doors,Interior,Not Applicable,Low: <= 5307
AluDoor,Interior MDF Door,Interior,MDF,Solid,Bedroom,90x210 cm,Medium,7.2,Piece,Per_Room,1,Bedroom,False,5604,Doors,Interior,Not Applicable,Medium: 5307 - 9745
Security Doors,Aluminum Balcony Door,Balcony,Aluminum,Sliding,Balcony,180x220 cm,Medium,7.4,Piece,Per_Balcony,1,Balcony,False,6679,Doors,Balcony,Not Applicable,Medium: 5307 - 9745
WPC Brand,Interior MDF Door,Interior,MDF,Solid,Bedroom,90x210 cm,Medium,7.2,Piece,Per_Room,1,Bedroom,False,5627,Doors,Interior,Not Applicable,Medium: 5307 - 9745
Security Doors,Armored Security Door,Entrance,Steel,Armored,Main Entrance,100x220 cm,High,8.9,Piece,Fixed,1,Apartment,False,12790,Doors,Entrance,Not Applicable,High: > 9745
AluDoor,Aluminum Balcony Door,Balcony,Aluminum,Sliding,Balcony,180x220 cm,Medium,7.4,Piece,Per_Balcony,1,Balcony,False,7171,Doors,Balcony,Not Applicable,Medium: 5307 - 9745
Security Doors,Armored Security Door,Entrance,Steel,Armored,Main Entrance,100x220 cm,High,8.9,Piece,Fixed,1,Apartment,False,13897,Doors,Entrance,Not Applicable,High: > 9745
Security Doors,Armored Security Door,Entrance,Steel,Armored,Main Entrance,100x220 cm,High,8.9,Piece,Fixed,1,Apartment,False,10633,Doors,Entrance,Not Applicable,High: > 9745
Security Doors,Aluminum Balcony Door,Balcony,Aluminum,Sliding,Balcony,180x220 cm,Medium,7.4,Piece,Per_Balcony,1,Balcony,False,5833,Doors,Balcony,Not Applicable,Medium: 5307 - 9745
WPC Brand,Aluminum Balcony Door,Balcony,Aluminum,Sliding,Balcony,180x220 cm,Low,7.4,Piece,Per_Balcony,1,Balcony,False,5060,Doors,Balcony,Not Applicable,Low: <= 5307
AluDoor,Interior MDF Door,Interior,MDF,Solid,Bedroom,90x210 cm,Low,7.2,Piece,Per_Room,1,Bedroom,False,3320,Doors,Interior,Not Applicable,Low: <= 5307
WPC Brand,Interior MDF Door,Interior,MDF,Solid,Bedroom,90x210 cm,Medium,7.2,Piece,Per_Room,1,Bedroom,False,5744,Doors,Interior,Not Applicable,Medium: 5307 - 9745
Security Doors,Aluminum Balcony Door,Balcony,Aluminum,Sliding,Balcony,180x220 cm,Medium,7.4,Piece,Per_Balcony,1,Balcony,False,5721,Doors,Balcony,Not Applicable,Medium: 5307 - 9745
DoorTech,Interior MDF Door,Interior,MDF,Solid,Bedroom,90x210 cm,Low,7.2,Piece,Per_Room,1,Bedroom,False,3201,Doors,Interior,Not Applicable,Low: <= 5307
AluDoor,Interior MDF Door,Interior,MDF,Solid,Bedroom,90x210 cm,Low,7.2,Piece,Per_Room,1,Bedroom,False,3309,Doors,Interior,Not Applicable,Low: <= 5307
DoorTech,Aluminum Balcony Door,Balcony,Aluminum,Sliding,Balcony,180x220 cm,Low,7.4,Piece,Per_Balcony,1,Balcony,False,4869,Doors,Balcony,Not Applicable,Low: <= 5307
DoorTech,Armored Security Door,Entrance,Steel,Armored,Main Entrance,100x220 cm,High,8.9,Piece,Fixed,1,Apartment,False,12546,Doors,Entrance,Not Applicable,High: > 9745
WoodCraft,Armored Security Door,Entrance,Steel,Armored,Main Entrance,100x220 cm,High,8.9,Piece,Fixed,1,Apartment,False,10262,Doors,Entrance,Not Applicable,High: > 9745
WPC Brand,Armored Security Door,Entrance,Steel,Armored,Main Entrance,100x220 cm,High,8.9,Piece,Fixed,1,Apartment,False,13440,Doors,Entrance,Not Applicable,High: > 9745
Security Doors,Interior MDF Door,Interior,MDF,Solid,Bedroom,90x210 cm,Low,7.2,Piece,Per_Room,1,Bedroom,False,5051,Doors,Interior,Not Applicable,Low: <= 5307
Security Doors,Armored Security Door,Entrance,Steel,Armored,Main Entrance,100x220 cm,High,8.9,Piece,Fixed,1,Apartment,False,11118,Doors,Entrance,Not Applicable,High: > 9745
Security Doors,Aluminum Balcony Door,Balcony,Aluminum,Sliding,Balcony,180x220 cm,Medium,7.4,Piece,Per_Balcony,1,Balcony,False,6719,Doors,Balcony,Not Applicable,Medium: 5307 - 9745
DoorTech,Interior MDF Door,Interior,MDF,Solid,Bedroom,90x210 cm,Low,7.2,Piece,Per_Room,1,Bedroom,False,5086,Doors,Interior,Not Applicable,Low: <= 5307
WPC Brand,Interior MDF Door,Interior,MDF,Solid,Bedroom,90x210 cm,Low,7.2,Piece,Per_Room,1,Bedroom,False,4480,Doors,Interior,Not Applicable,Low: <= 5307
WoodCraft,Armored Security Door,Entrance,Steel,Armored,Main Entrance,100x220 cm,High,8.9,Piece,Fixed,1,Apartment,False,11125,Doors,Entrance,Not Applicable,High: > 9745
Security Doors,Interior MDF Door,Interior,MDF,Solid,Bedroom,90x210 cm,Medium,7.2,Piece,Per_Room,1,Bedroom,False,5593,Doors,Interior,Not Applicable,Medium: 5307 - 9745
AluDoor,Interior MDF Door,Interior,MDF,Solid,Bedroom,90x210 cm,Low,7.2,Piece,Per_Room,1,Bedroom,False,3827,Doors,Interior,Not Applicable,Low: <= 5307
AluDoor,Aluminum Balcony Door,Balcony,Aluminum,Sliding,Balcony,180x220 cm,Medium,7.4,Piece,Per_Balcony,1,Balcony,False,5864,Doors,Balcony,Not Applicable,Medium: 5307 - 9745
WoodCraft,Armored Security Door,Entrance,Steel,Armored,Main Entrance,100x220 cm,High,8.9,Piece,Fixed,1,Apartment,False,12246,Doors,Entrance,Not Applicable,High: > 9745
WPC Brand,Aluminum Balcony Door,Balcony,Aluminum,Sliding,Balcony,180x220 cm,Medium,7.4,Piece,Per_Balcony,1,Balcony,False,5381,Doors,Balcony,Not Applicable,Medium: 5307 - 9745
AluDoor,Aluminum Balcony Door,Balcony,Aluminum,Sliding,Balcony,180x220 cm,Low,7.4,Piece,Per_Balcony,1,Balcony,False,4527,Doors,Balcony,Not Applicable,Low: <= 5307
DoorTech,Interior MDF Door,Interior,MDF,Solid,Bedroom,90x210 cm,Low,7.2,Piece,Per_Room,1,Bedroom,False,5177,Doors,Interior,Not Applicable,Low: <= 5307
WoodCraft,Aluminum Balcony Door,Balcony,Aluminum,Sliding,Balcony,180x220 cm,Medium,7.4,Piece,Per_Balcony,1,Balcony,False,6493,Doors,Balcony,Not Applicable,Medium: 5307 - 9745
Security Doors,Aluminum Balcony Door,Balcony,Aluminum,Sliding,Balcony,180x220 cm,Medium,7.4,Piece,Per_Balcony,1,Balcony,False,5553,Doors,Balcony,Not Applicable,Medium: 5307 - 9745
WoodCraft,Aluminum Balcony Door,Balcony,Aluminum,Sliding,Balcony,180x220 cm,Medium,7.4,Piece,Per_Balcony,1,Balcony,False,6564,Doors,Balcony,Not Applicable,Medium: 5307 - 9745
Security Doors,Armored Security Door,Entrance,Steel,Armored,Main Entrance,100x220 cm,Medium,8.9,Piece,Fixed,1,Apartment,False,9639,Doors,Entrance,Not Applicable,Medium: 5307 - 9745
WoodCraft,Interior MDF Door,Interior,MDF,Solid,Bedroom,90x210 cm,Low,7.2,Piece,Per_Room,1,Bedroom,False,3290,Doors,Interior,Not Applicable,Low: <= 5307
DoorTech,Armored Security Door,Entrance,Steel,Armored,Main Entrance,100x220 cm,High,8.9,Piece,Fixed,1,Apartment,False,11736,Doors,Entrance,Not Applicable,High: > 9745
WoodCraft,Aluminum Balcony Door,Balcony,Aluminum,Sliding,Balcony,180x220 cm,Medium,7.4,Piece,Per_Balcony,1,Balcony,False,6541,Doors,Balcony,Not Applicable,Medium: 5307 - 9745
Security Doors,Aluminum Balcony Door,Balcony,Aluminum,Sliding,Balcony,180x220 cm,Low,7.4,Piece,Per_Balcony,1,Balcony,False,5022,Doors,Balcony,Not Applicable,Low: <= 5307
WPC Brand,Interior MDF Door,Interior,MDF,Solid,Bedroom,90x210 cm,Low,7.2,Piece,Per_Room,1,Bedroom,False,3305,Doors,Interior,Not Applicable,Low: <= 5307
Security Doors,Interior MDF Door,Interior,MDF,Solid,Bedroom,90x210 cm,Low,7.2,Piece,Per_Room,1,Bedroom,False,3450,Doors,Interior,Not Applicable,Low: <= 5307
DoorTech,Armored Security Door,Entrance,Steel,Armored,Main Entrance,100x220 cm,High,8.9,Piece,Fixed,1,Apartment,False,12844,Doors,Entrance,Not Applicable,High: > 9745
DoorTech,Aluminum Balcony Door,Balcony,Aluminum,Sliding,Balcony,180x220 cm,Medium,7.4,Piece,Per_Balcony,1,Balcony,False,7219,Doors,Balcony,Not Applicable,Medium: 5307 - 9745
WPC Brand,Armored Security Door,Entrance,Steel,Armored,Main Entrance,100x220 cm,High,8.9,Piece,Fixed,1,Apartment,False,14376,Doors,Entrance,Not Applicable,High: > 9745
AluDoor,Aluminum Balcony Door,Balcony,Aluminum,Sliding,Balcony,180x220 cm,Medium,7.4,Piece,Per_Balcony,1,Balcony,False,6062,Doors,Balcony,Not Applicable,Medium: 5307 - 9745
AluDoor,Aluminum Balcony Door,Balcony,Aluminum,Sliding,Balcony,180x220 cm,Medium,7.4,Piece,Per_Balcony,1,Balcony,False,6523,Doors,Balcony,Not Applicable,Medium: 5307 - 9745
Security Doors,Aluminum Balcony Door,Balcony,Aluminum,Sliding,Balcony,180x220 cm,Low,7.4,Piece,Per_Balcony,1,Balcony,False,4672,Doors,Balcony,Not Applicable,Low: <= 5307
DoorTech,Armored Security Door,Entrance,Steel,Armored,Main Entrance,100x220 cm,High,8.9,Piece,Fixed,1,Apartment,False,13061,Doors,Entrance,Not Applicable,High: > 9745
Security Doors,Armored Security Door,Entrance,Steel,Armored,Main Entrance,100x220 cm,High,8.9,Piece,Fixed,1,Apartment,False,13400,Doors,Entrance,Not Applicable,High: > 9745
Security Doors,Aluminum Balcony Door,Balcony,Aluminum,Sliding,Balcony,180x220 cm,Medium,7.4,Piece,Per_Balcony,1,Balcony,False,5357,Doors,Balcony,Not Applicable,Medium: 5307 - 9745
DoorTech,Interior MDF Door,Interior,MDF,Solid,Bedroom,90x210 cm,Low,7.2,Piece,Per_Room,1,Bedroom,False,4656,Doors,Interior,Not Applicable,Low: <= 5307
Security Doors,Interior MDF Door,Interior,MDF,Solid,Bedroom,90x210 cm,Low,7.2,Piece,Per_Room,1,Bedroom,False,3337,Doors,Interior,Not Applicable,Low: <= 5307
WPC Brand,Armored Security Door,Entrance,Steel,Armored,Main Entrance,100x220 cm,High,8.9,Piece,Fixed,1,Apartment,False,13590,Doors,Entrance,Not Applicable,High: > 9745
WoodCraft,Armored Security Door,Entrance,Steel,Armored,Main Entrance,100x220 cm,High,8.9,Piece,Fixed,1,Apartment,False,11552,Doors,Entrance,Not Applicable,High: > 9745
DoorTech,Armored Security Door,Entrance,Steel,Armored,Main Entrance,100x220 cm,High,8.9,Piece,Fixed,1,Apartment,False,13095,Doors,Entrance,Not Applicable,High: > 9745
Security Doors,Aluminum Balcony Door,Balcony,Aluminum,Sliding,Balcony,180x220 cm,Low,7.4,Piece,Per_Balcony,1,Balcony,False,4687,Doors,Balcony,Not Applicable,Low: <= 5307
DoorTech,Aluminum Balcony Door,Balcony,Aluminum,Sliding,Balcony,180x220 cm,Medium,7.4,Piece,Per_Balcony,1,Balcony,False,5410,Doors,Balcony,Not Applicable,Medium: 5307 - 9745
Security Doors,Aluminum Balcony Door,Balcony,Aluminum,Sliding,Balcony,180x220 cm,Medium,7.4,Piece,Per_Balcony,1,Balcony,False,6403,Doors,Balcony,Not Applicable,Medium: 5307 - 9745
Security Doors,Armored Security Door,Entrance,Steel,Armored,Main Entrance,100x220 cm,High,8.9,Piece,Fixed,1,Apartment,False,13812,Doors,Entrance,Not Applicable,High: > 9745
DoorTech,Aluminum Balcony Door,Balcony,Aluminum,Sliding,Balcony,180x220 cm,Low,7.4,Piece,Per_Balcony,1,Balcony,False,5157,Doors,Balcony,Not Applicable,Low: <= 5307
AluDoor,Aluminum Balcony Door,Balcony,Aluminum,Sliding,Balcony,180x220 cm,Medium,7.4,Piece,Per_Balcony,1,Balcony,False,7043,Doors,Balcony,Not Applicable,Medium: 5307 - 9745
AluDoor,Interior MDF Door,Interior,MDF,Solid,Bedroom,90x210 cm,Low,7.2,Piece,Per_Room,1,Bedroom,False,4550,Doors,Interior,Not Applicable,Low: <= 5307
Security Doors,Aluminum Balcony Door,Balcony,Aluminum,Sliding,Balcony,180x220 cm,Medium,7.4,Piece,Per_Balcony,1,Balcony,False,6049,Doors,Balcony,Not Applicable,Medium: 5307 - 9745
WoodCraft,Aluminum Balcony Door,Balcony,Aluminum,Sliding,Balcony,180x220 cm,Medium,7.4,Piece,Per_Balcony,1,Balcony,False,6228,Doors,Balcony,Not Applicable,Medium: 5307 - 9745
DoorTech,Interior MDF Door,Interior,MDF,Solid,Bedroom,90x210 cm,Low,7.2,Piece,Per_Room,1,Bedroom,False,3238,Doors,Interior,Not Applicable,Low: <= 5307
WPC Brand,Armored Security Door,Entrance,Steel,Armored,Main Entrance,100x220 cm,High,8.9,Piece,Fixed,1,Apartment,False,14296,Doors,Entrance,Not Applicable,High: > 9745
WPC Brand,Interior MDF Door,Interior,MDF,Solid,Bedroom,90x210 cm,Low,7.2,Piece,Per_Room,1,Bedroom,False,4358,Doors,Interior,Not Applicable,Low: <= 5307
AluDoor,Interior MDF Door,Interior,MDF,Solid,Bedroom,90x210 cm,Low,7.2,Piece,Per_Room,1,Bedroom,False,5302,Doors,Interior,Not Applicable,Low: <= 5307
WPC Brand,Aluminum Balcony Door,Balcony,Aluminum,Sliding,Balcony,180x220 cm,Medium,7.4,Piece,Per_Balcony,1,Balcony,False,7141,Doors,Balcony,Not Applicable,Medium: 5307 - 9745
AluDoor,Armored Security Door,Entrance,Steel,Armored,Main Entrance,100x220 cm,High,8.9,Piece,Fixed,1,Apartment,False,14407,Doors,Entrance,Not Applicable,High: > 9745
DoorTech,Aluminum Balcony Door,Balcony,Aluminum,Sliding,Balcony,180x220 cm,Medium,7.4,Piece,Per_Balcony,1,Balcony,False,5586,Doors,Balcony,Not Applicable,Medium: 5307 - 9745
AluDoor,Armored Security Door,Entrance,Steel,Armored,Main Entrance,100x220 cm,High,8.9,Piece,Fixed,1,Apartment,False,13640,Doors,Entrance,Not Applicable,High: > 9745
Security Doors,Aluminum Balcony Door,Balcony,Aluminum,Sliding,Balcony,180x220 cm,Medium,7.4,Piece,Per_Balcony,1,Balcony,False,7078,Doors,Balcony,Not Applicable,Medium: 5307 - 9745
WPC Brand,Armored Security Door,Entrance,Steel,Armored,Main Entrance,100x220 cm,High,8.9,Piece,Fixed,1,Apartment,False,13471,Doors,Entrance,Not Applicable,High: > 9745
WoodCraft,Aluminum Balcony Door,Balcony,Aluminum,Sliding,Balcony,180x220 cm,Medium,7.4,Piece,Per_Balcony,1,Balcony,False,5711,Doors,Balcony,Not Applicable,Medium: 5307 - 9745
AluDoor,Armored Security Door,Entrance,Steel,Armored,Main Entrance,100x220 cm,High,8.9,Piece,Fixed,1,Apartment,False,13262,Doors,Entrance,Not Applicable,High: > 9745
DoorTech,Aluminum Balcony Door,Balcony,Aluminum,Sliding,Balcony,180x220 cm,Low,7.4,Piece,Per_Balcony,1,Balcony,False,4666,Doors,Balcony,Not Applicable,Low: <= 5307
AluDoor,Armored Security Door,Entrance,Steel,Armored,Main Entrance,100x220 cm,High,8.9,Piece,Fixed,1,Apartment,False,11831,Doors,Entrance,Not Applicable,High: > 9745
WPC Brand,Armored Security Door,Entrance,Steel,Armored,Main Entrance,100x220 cm,High,8.9,Piece,Fixed,1,Apartment,False,12139,Doors,Entrance,Not Applicable,High: > 9745
Security Doors,Interior MDF Door,Interior,MDF,Solid,Bedroom,90x210 cm,Medium,7.2,Piece,Per_Room,1,Bedroom,False,5312,Doors,Interior,Not Applicable,Medium: 5307 - 9745
WoodCraft,Armored Security Door,Entrance,Steel,Armored,Main Entrance,100x220 cm,High,8.9,Piece,Fixed,1,Apartment,False,9816,Doors,Entrance,Not Applicable,High: > 9745
WoodCraft,Aluminum Balcony Door,Balcony,Aluminum,Sliding,Balcony,180x220 cm,Medium,7.4,Piece,Per_Balcony,1,Balcony,False,5919,Doors,Balcony,Not Applicable,Medium: 5307 - 9745
WPC Brand,Interior MDF Door,Interior,MDF,Solid,Bedroom,90x210 cm,Low,7.2,Piece,Per_Room,1,Bedroom,False,3389,Doors,Interior,Not Applicable,Low: <= 5307
DoorTech,Armored Security Door,Entrance,Steel,Armored,Main Entrance,100x220 cm,High,8.9,Piece,Fixed,1,Apartment,False,10536,Doors,Entrance,Not Applicable,High: > 9745
Security Doors,Interior MDF Door,Interior,MDF,Solid,Bedroom,90x210 cm,Low,7.2,Piece,Per_Room,1,Bedroom,False,4324,Doors,Interior,Not Applicable,Low: <= 5307
AluDoor,Aluminum Balcony Door,Balcony,Aluminum,Sliding,Balcony,180x220 cm,Medium,7.4,Piece,Per_Balcony,1,Balcony,False,6531,Doors,Balcony,Not Applicable,Medium: 5307 - 9745
WoodCraft,Armored Security Door,Entrance,Steel,Armored,Main Entrance,100x220 cm,High,8.9,Piece,Fixed,1,Apartment,False,10061,Doors,Entrance,Not Applicable,High: > 9745
DoorTech,Armored Security Door,Entrance,Steel,Armored,Main Entrance,100x220 cm,High,8.9,Piece,Fixed,1,Apartment,False,10024,Doors,Entrance,Not Applicable,High: > 9745
DoorTech,Armored Security Door,Entrance,Steel,Armored,Main Entrance,100x220 cm,High,8.9,Piece,Fixed,1,Apartment,False,11258,Doors,Entrance,Not Applicable,High: > 9745
WoodCraft,Aluminum Balcony Door,Balcony,Aluminum,Sliding,Balcony,180x220 cm,Medium,7.4,Piece,Per_Balcony,1,Balcony,False,6083,Doors,Balcony,Not Applicable,Medium: 5307 - 9745
Security Doors,Interior MDF Door,Interior,MDF,Solid,Bedroom,90x210 cm,Low,7.2,Piece,Per_Room,1,Bedroom,False,3817,Doors,Interior,Not Applicable,Low: <= 5307
DoorTech,Aluminum Balcony Door,Balcony,Aluminum,Sliding,Balcony,180x220 cm,Medium,7.4,Piece,Per_Balcony,1,Balcony,False,5573,Doors,Balcony,Not Applicable,Medium: 5307 - 9745
WoodCraft,Interior MDF Door,Interior,MDF,Solid,Bedroom,90x210 cm,Low,7.2,Piece,Per_Room,1,Bedroom,False,3824,Doors,Interior,Not Applicable,Low: <= 5307
WoodCraft,Armored Security Door,Entrance,Steel,Armored,Main Entrance,100x220 cm,High,8.9,Piece,Fixed,1,Apartment,False,12347,Doors,Entrance,Not Applicable,High: > 9745
AluDoor,Armored Security Door,Entrance,Steel,Armored,Main Entrance,100x220 cm,High,8.9,Piece,Fixed,1,Apartment,False,13556,Doors,Entrance,Not Applicable,High: > 9745
DoorTech,Interior MDF Door,Interior,MDF,Solid,Bedroom,90x210 cm,Low,7.2,Piece,Per_Room,1,Bedroom,False,4389,Doors,Interior,Not Applicable,Low: <= 5307
AluDoor,Interior MDF Door,Interior,MDF,Solid,Bedroom,90x210 cm,Low,7.2,Piece,Per_Room,1,Bedroom,False,5009,Doors,Interior,Not Applicable,Low: <= 5307
WoodCraft,Aluminum Balcony Door,Balcony,Aluminum,Sliding,Balcony,180x220 cm,Medium,7.4,Piece,Per_Balcony,1,Balcony,False,5537,Doors,Balcony,Not Applicable,Medium: 5307 - 9745
DoorTech,Armored Security Door,Entrance,Steel,Armored,Main Entrance,100x220 cm,High,8.9,Piece,Fixed,1,Apartment,False,10687,Doors,Entrance,Not Applicable,High: > 9745
WPC Brand,Armored Security Door,Entrance,Steel,Armored,Main Entrance,100x220 cm,High,8.9,Piece,Fixed,1,Apartment,False,11918,Doors,Entrance,Not Applicable,High: > 9745
WPC Brand,Aluminum Balcony Door,Balcony,Aluminum,Sliding,Balcony,180x220 cm,Medium,7.4,Piece,Per_Balcony,1,Balcony,False,6602,Doors,Balcony,Not Applicable,Medium: 5307 - 9745
AluDoor,Aluminum Balcony Door,Balcony,Aluminum,Sliding,Balcony,180x220 cm,Medium,7.4,Piece,Per_Balcony,1,Balcony,False,6939,Doors,Balcony,Not Applicable,Medium: 5307 - 9745
WoodCraft,Armored Security Door,Entrance,Steel,Armored,Main Entrance,100x220 cm,High,8.9,Piece,Fixed,1,Apartment,False,12636,Doors,Entrance,Not Applicable,High: > 9745
WPC Brand,Armored Security Door,Entrance,Steel,Armored,Main Entrance,100x220 cm,High,8.9,Piece,Fixed,1,Apartment,False,13655,Doors,Entrance,Not Applicable,High: > 9745
AluDoor,Interior MDF Door,Interior,MDF,Solid,Bedroom,90x210 cm,Low,7.2,Piece,Per_Room,1,Bedroom,False,4913,Doors,Interior,Not Applicable,Low: <= 5307
Security Doors,Armored Security Door,Entrance,Steel,Armored,Main Entrance,100x220 cm,High,8.9,Piece,Fixed,1,Apartment,False,10963,Doors,Entrance,Not Applicable,High: > 9745
AluDoor,Interior MDF Door,Interior,MDF,Solid,Bedroom,90x210 cm,Low,7.2,Piece,Per_Room,1,Bedroom,False,4328,Doors,Interior,Not Applicable,Low: <= 5307
WPC Brand,Armored Security Door,Entrance,Steel,Armored,Main Entrance,100x220 cm,High,8.9,Piece,Fixed,1,Apartment,False,13141,Doors,Entrance,Not Applicable,High: > 9745
WoodCraft,Aluminum Balcony Door,Balcony,Aluminum,Sliding,Balcony,180x220 cm,Low,7.4,Piece,Per_Balcony,1,Balcony,False,5283,Doors,Balcony,Not Applicable,Low: <= 5307
Security Doors,Armored Security Door,Entrance,Steel,Armored,Main Entrance,100x220 cm,High,8.9,Piece,Fixed,1,Apartment,False,11935,Doors,Entrance,Not Applicable,High: > 9745
WPC Brand,Interior MDF Door,Interior,MDF,Solid,Bedroom,90x210 cm,Medium,7.2,Piece,Per_Room,1,Bedroom,False,5487,Doors,Interior,Not Applicable,Medium: 5307 - 9745
WPC Brand,Armored Security Door,Entrance,Steel,Armored,Main Entrance,100x220 cm,High,8.9,Piece,Fixed,1,Apartment,False,13267,Doors,Entrance,Not Applicable,High: > 9745
Security Doors,Armored Security Door,Entrance,Steel,Armored,Main Entrance,100x220 cm,High,8.9,Piece,Fixed,1,Apartment,False,11378,Doors,Entrance,Not Applicable,High: > 9745
WoodCraft,Interior MDF Door,Interior,MDF,Solid,Bedroom,90x210 cm,Low,7.2,Piece,Per_Room,1,Bedroom,False,4400,Doors,Interior,Not Applicable,Low: <= 5307
AluDoor,Armored Security Door,Entrance,Steel,Armored,Main Entrance,100x220 cm,High,8.9,Piece,Fixed,1,Apartment,False,9897,Doors,Entrance,Not Applicable,High: > 9745
Security Doors,Interior MDF Door,Interior,MDF,Solid,Bedroom,90x210 cm,Low,7.2,Piece,Per_Room,1,Bedroom,False,3535,Doors,Interior,Not Applicable,Low: <= 5307
DoorTech,Interior MDF Door,Interior,MDF,Solid,Bedroom,90x210 cm,Low,7.2,Piece,Per_Room,1,Bedroom,False,4424,Doors,Interior,Not Applicable,Low: <= 5307
AluDoor,Armored Security Door,Entrance,Steel,Armored,Main Entrance,100x220 cm,High,8.9,Piece,Fixed,1,Apartment,False,13245,Doors,Entrance,Not Applicable,High: > 9745
AluDoor,Interior MDF Door,Interior,MDF,Solid,Bedroom,90x210 cm,Low,7.2,Piece,Per_Room,1,Bedroom,False,4999,Doors,Interior,Not Applicable,Low: <= 5307
WPC Brand,Interior MDF Door,Interior,MDF,Solid,Bedroom,90x210 cm,Low,7.2,Piece,Per_Room,1,Bedroom,False,4545,Doors,Interior,Not Applicable,Low: <= 5307
WPC Brand,Aluminum Balcony Door,Balcony,Aluminum,Sliding,Balcony,180x220 cm,Low,7.4,Piece,Per_Balcony,1,Balcony,False,4995,Doors,Balcony,Not Applicable,Low: <= 5307
DoorTech,Armored Security Door,Entrance,Steel,Armored,Main Entrance,100x220 cm,High,8.9,Piece,Fixed,1,Apartment,False,14273,Doors,Entrance,Not Applicable,High: > 9745
AluDoor,Aluminum Balcony Door,Balcony,Aluminum,Sliding,Balcony,180x220 cm,Low,7.4,Piece,Per_Balcony,1,Balcony,False,4893,Doors,Balcony,Not Applicable,Low: <= 5307
WPC Brand,Armored Security Door,Entrance,Steel,Armored,Main Entrance,100x220 cm,High,8.9,Piece,Fixed,1,Apartment,False,13355,Doors,Entrance,Not Applicable,High: > 9745
WPC Brand,Armored Security Door,Entrance,Steel,Armored,Main Entrance,100x220 cm,High,8.9,Piece,Fixed,1,Apartment,False,10472,Doors,Entrance,Not Applicable,High: > 9745
AluDoor,Aluminum Balcony Door,Balcony,Aluminum,Sliding,Balcony,180x220 cm,Medium,7.4,Piece,Per_Balcony,1,Balcony,False,6986,Doors,Balcony,Not Applicable,Medium: 5307 - 9745
Security Doors,Aluminum Balcony Door,Balcony,Aluminum,Sliding,Balcony,180x220 cm,Medium,7.4,Piece,Per_Balcony,1,Balcony,False,5649,Doors,Balcony,Not Applicable,Medium: 5307 - 9745
Security Doors,Interior MDF Door,Interior,MDF,Solid,Bedroom,90x210 cm,Low,7.2,Piece,Per_Room,1,Bedroom,False,4304,Doors,Interior,Not Applicable,Low: <= 5307
WPC Brand,Armored Security Door,Entrance,Steel,Armored,Main Entrance,100x220 cm,High,8.9,Piece,Fixed,1,Apartment,False,9918,Doors,Entrance,Not Applicable,High: > 9745
Security Doors,Aluminum Balcony Door,Balcony,Aluminum,Sliding,Balcony,180x220 cm,Low,7.4,Piece,Per_Balcony,1,Balcony,False,4965,Doors,Balcony,Not Applicable,Low: <= 5307
AluDoor,Interior MDF Door,Interior,MDF,Solid,Bedroom,90x210 cm,Low,7.2,Piece,Per_Room,1,Bedroom,False,4238,Doors,Interior,Not Applicable,Low: <= 5307
WoodCraft,Armored Security Door,Entrance,Steel,Armored,Main Entrance,100x220 cm,High,8.9,Piece,Fixed,1,Apartment,False,10336,Doors,Entrance,Not Applicable,High: > 9745
WPC Brand,Interior MDF Door,Interior,MDF,Solid,Bedroom,90x210 cm,Low,7.2,Piece,Per_Room,1,Bedroom,False,5020,Doors,Interior,Not Applicable,Low: <= 5307
AluDoor,Interior MDF Door,Interior,MDF,Solid,Bedroom,90x210 cm,Low,7.2,Piece,Per_Room,1,Bedroom,False,4864,Doors,Interior,Not Applicable,Low: <= 5307
WoodCraft,Interior MDF Door,Interior,MDF,Solid,Bedroom,90x210 cm,Low,7.2,Piece,Per_Room,1,Bedroom,False,4589,Doors,Interior,Not Applicable,Low: <= 5307
WoodCraft,Interior MDF Door,Interior,MDF,Solid,Bedroom,90x210 cm,Low,7.2,Piece,Per_Room,1,Bedroom,False,4745,Doors,Interior,Not Applicable,Low: <= 5307
WoodCraft,Armored Security Door,Entrance,Steel,Armored,Main Entrance,100x220 cm,High,8.9,Piece,Fixed,1,Apartment,False,11857,Doors,Entrance,Not Applicable,High: > 9745
Security Doors,Armored Security Door,Entrance,Steel,Armored,Main Entrance,100x220 cm,High,8.9,Piece,Fixed,1,Apartment,False,12586,Doors,Entrance,Not Applicable,High: > 9745
WoodCraft,Armored Security Door,Entrance,Steel,Armored,Main Entrance,100x220 cm,High,8.9,Piece,Fixed,1,Apartment,False,10323,Doors,Entrance,Not Applicable,High: > 9745
AluDoor,Armored Security Door,Entrance,Steel,Armored,Main Entrance,100x220 cm,High,8.9,Piece,Fixed,1,Apartment,False,12030,Doors,Entrance,Not Applicable,High: > 9745
WPC Brand,Armored Security Door,Entrance,Steel,Armored,Main Entrance,100x220 cm,High,8.9,Piece,Fixed,1,Apartment,False,10893,Doors,Entrance,Not Applicable,High: > 9745
WoodCraft,Armored Security Door,Entrance,Steel,Armored,Main Entrance,100x220 cm,High,8.9,Piece,Fixed,1,Apartment,False,10955,Doors,Entrance,Not Applicable,High: > 9745
WoodCraft,Armored Security Door,Entrance,Steel,Armored,Main Entrance,100x220 cm,High,8.9,Piece,Fixed,1,Apartment,False,10821,Doors,Entrance,Not Applicable,High: > 9745
WPC Brand,Armored Security Door,Entrance,Steel,Armored,Main Entrance,100x220 cm,High,8.9,Piece,Fixed,1,Apartment,False,13689,Doors,Entrance,Not Applicable,High: > 9745
DoorTech,Interior MDF Door,Interior,MDF,Solid,Bedroom,90x210 cm,Low,7.2,Piece,Per_Room,1,Bedroom,False,3967,Doors,Interior,Not Applicable,Low: <= 5307
WoodCraft,Interior MDF Door,Interior,MDF,Solid,Bedroom,90x210 cm,Low,7.2,Piece,Per_Room,1,Bedroom,False,4454,Doors,Interior,Not Applicable,Low: <= 5307
WoodCraft,Armored Security Door,Entrance,Steel,Armored,Main Entrance,100x220 cm,High,8.9,Piece,Fixed,1,Apartment,False,12742,Doors,Entrance,Not Applicable,High: > 9745
WoodCraft,Armored Security Door,Entrance,Steel,Armored,Main Entrance,100x220 cm,High,8.9,Piece,Fixed,1,Apartment,False,10987,Doors,Entrance,Not Applicable,High: > 9745
DoorTech,Armored Security Door,Entrance,Steel,Armored,Main Entrance,100x220 cm,High,8.9,Piece,Fixed,1,Apartment,False,10082,Doors,Entrance,Not Applicable,High: > 9745
DoorTech,Interior MDF Door,Interior,MDF,Solid,Bedroom,90x210 cm,Low,7.2,Piece,Per_Room,1,Bedroom,False,3989,Doors,Interior,Not Applicable,Low: <= 5307
Security Doors,Interior MDF Door,Interior,MDF,Solid,Bedroom,90x210 cm,Low,7.2,Piece,Per_Room,1,Bedroom,False,3650,Doors,Interior,Not Applicable,Low: <= 5307
AluDoor,Interior MDF Door,Interior,MDF,Solid,Bedroom,90x210 cm,Low,7.2,Piece,Per_Room,1,Bedroom,False,4889,Doors,Interior,Not Applicable,Low: <= 5307
DoorTech,Interior MDF Door,Interior,MDF,Solid,Bedroom,90x210 cm,Low,7.2,Piece,Per_Room,1,Bedroom,False,4591,Doors,Interior,Not Applicable,Low: <= 5307
DoorTech,Aluminum Balcony Door,Balcony,Aluminum,Sliding,Balcony,180x220 cm,Medium,7.4,Piece,Per_Balcony,1,Balcony,False,6928,Doors,Balcony,Not Applicable,Medium: 5307 - 9745
DoorTech,Aluminum Balcony Door,Balcony,Aluminum,Sliding,Balcony,180x220 cm,Medium,7.4,Piece,Per_Balcony,1,Balcony,False,6629,Doors,Balcony,Not Applicable,Medium: 5307 - 9745
DoorTech,Aluminum Balcony Door,Balcony,Aluminum,Sliding,Balcony,180x220 cm,Medium,7.4,Piece,Per_Balcony,1,Balcony,False,6735,Doors,Balcony,Not Applicable,Medium: 5307 - 9745
WPC Brand,Aluminum Balcony Door,Balcony,Aluminum,Sliding,Balcony,180x220 cm,Medium,7.4,Piece,Per_Balcony,1,Balcony,False,7220,Doors,Balcony,Not Applicable,Medium: 5307 - 9745
DoorTech,Interior MDF Door,Interior,MDF,Solid,Bedroom,90x210 cm,Low,7.2,Piece,Per_Room,1,Bedroom,False,4699,Doors,Interior,Not Applicable,Low: <= 5307
Security Doors,Interior MDF Door,Interior,MDF,Solid,Bedroom,90x210 cm,Low,7.2,Piece,Per_Room,1,Bedroom,False,3555,Doors,Interior,Not Applicable,Low: <= 5307
WoodCraft,Interior MDF Door,Interior,MDF,Solid,Bedroom,90x210 cm,Medium,7.2,Piece,Per_Room,1,Bedroom,False,5629,Doors,Interior,Not Applicable,Medium: 5307 - 9745
WPC Brand,Interior MDF Door,Interior,MDF,Solid,Bedroom,90x210 cm,Low,7.2,Piece,Per_Room,1,Bedroom,False,4399,Doors,Interior,Not Applicable,Low: <= 5307
WoodCraft,Interior MDF Door,Interior,MDF,Solid,Bedroom,90x210 cm,Medium,7.2,Piece,Per_Room,1,Bedroom,False,5668,Doors,Interior,Not Applicable,Medium: 5307 - 9745
WoodCraft,Aluminum Balcony Door,Balcony,Aluminum,Sliding,Balcony,180x220 cm,Low,7.4,Piece,Per_Balcony,1,Balcony,False,4703,Doors,Balcony,Not Applicable,Low: <= 5307
Security Doors,Aluminum Balcony Door,Balcony,Aluminum,Sliding,Balcony,180x220 cm,Medium,7.4,Piece,Per_Balcony,1,Balcony,False,6641,Doors,Balcony,Not Applicable,Medium: 5307 - 9745
DoorTech,Armored Security Door,Entrance,Steel,Armored,Main Entrance,100x220 cm,High,8.9,Piece,Fixed,1,Apartment,False,9895,Doors,Entrance,Not Applicable,High: > 9745
Security Doors,Interior MDF Door,Interior,MDF,Solid,Bedroom,90x210 cm,Low,7.2,Piece,Per_Room,1,Bedroom,False,3619,Doors,Interior,Not Applicable,Low: <= 5307
Security Doors,Interior MDF Door,Interior,MDF,Solid,Bedroom,90x210 cm,Low,7.2,Piece,Per_Room,1,Bedroom,False,3641,Doors,Interior,Not Applicable,Low: <= 5307
DoorTech,Armored Security Door,Entrance,Steel,Armored,Main Entrance,100x220 cm,High,8.9,Piece,Fixed,1,Apartment,False,10038,Doors,Entrance,Not Applicable,High: > 9745
AluDoor,Armored Security Door,Entrance,Steel,Armored,Main Entrance,100x220 cm,High,8.9,Piece,Fixed,1,Apartment,False,13934,Doors,Entrance,Not Applicable,High: > 9745
WoodCraft,Armored Security Door,Entrance,Steel,Armored,Main Entrance,100x220 cm,High,8.9,Piece,Fixed,1,Apartment,False,12175,Doors,Entrance,Not Applicable,High: > 9745
WoodCraft,Armored Security Door,Entrance,Steel,Armored,Main Entrance,100x220 cm,High,8.9,Piece,Fixed,1,Apartment,False,12945,Doors,Entrance,Not Applicable,High: > 9745
WPC Brand,Armored Security Door,Entrance,Steel,Armored,Main Entrance,100x220 cm,High,8.9,Piece,Fixed,1,Apartment,False,10121,Doors,Entrance,Not Applicable,High: > 9745
DoorTech,Interior MDF Door,Interior,MDF,Solid,Bedroom,90x210 cm,Low,7.2,Piece,Per_Room,1,Bedroom,False,4583,Doors,Interior,Not Applicable,Low: <= 5307
WoodCraft,Interior MDF Door,Interior,MDF,Solid,Bedroom,90x210 cm,Medium,7.2,Piece,Per_Room,1,Bedroom,False,5514,Doors,Interior,Not Applicable,Medium: 5307 - 9745
WPC Brand,Interior MDF Door,Interior,MDF,Solid,Bedroom,90x210 cm,Medium,7.2,Piece,Per_Room,1,Bedroom,False,5620,Doors,Interior,Not Applicable,Medium: 5307 - 9745
WoodCraft,Aluminum Balcony Door,Balcony,Aluminum,Sliding,Balcony,180x220 cm,Medium,7.4,Piece,Per_Balcony,1,Balcony,False,5441,Doors,Balcony,Not Applicable,Medium: 5307 - 9745
AluDoor,Interior MDF Door,Interior,MDF,Solid,Bedroom,90x210 cm,Low,7.2,Piece,Per_Room,1,Bedroom,False,3919,Doors,Interior,Not Applicable,Low: <= 5307
AluDoor,Interior MDF Door,Interior,MDF,Solid,Bedroom,90x210 cm,Low,7.2,Piece,Per_Room,1,Bedroom,False,4960,Doors,Interior,Not Applicable,Low: <= 5307
AluDoor,Interior MDF Door,Interior,MDF,Solid,Bedroom,90x210 cm,Low,7.2,Piece,Per_Room,1,Bedroom,False,4719,Doors,Interior,Not Applicable,Low: <= 5307
AluDoor,Armored Security Door,Entrance,Steel,Armored,Main Entrance,100x220 cm,High,8.9,Piece,Fixed,1,Apartment,False,11672,Doors,Entrance,Not Applicable,High: > 9745
DoorTech,Armored Security Door,Entrance,Steel,Armored,Main Entrance,100x220 cm,High,8.9,Piece,Fixed,1,Apartment,False,14118,Doors,Entrance,Not Applicable,High: > 9745
DoorTech,Aluminum Balcony Door,Balcony,Aluminum,Sliding,Balcony,180x220 cm,Medium,7.4,Piece,Per_Balcony,1,Balcony,False,6593,Doors,Balcony,Not Applicable,Medium: 5307 - 9745
Security Doors,Interior MDF Door,Interior,MDF,Solid,Bedroom,90x210 cm,Low,7.2,Piece,Per_Room,1,Bedroom,False,4081,Doors,Interior,Not Applicable,Low: <= 5307
AluDoor,Armored Security Door,Entrance,Steel,Armored,Main Entrance,100x220 cm,High,8.9,Piece,Fixed,1,Apartment,False,12396,Doors,Entrance,Not Applicable,High: > 9745
AluDoor,Aluminum Balcony Door,Balcony,Aluminum,Sliding,Balcony,180x220 cm,Medium,7.4,Piece,Per_Balcony,1,Balcony,False,5495,Doors,Balcony,Not Applicable,Medium: 5307 - 9745
WoodCraft,Aluminum Balcony Door,Balcony,Aluminum,Sliding,Balcony,180x220 cm,Medium,7.4,Piece,Per_Balcony,1,Balcony,False,5773,Doors,Balcony,Not Applicable,Medium: 5307 - 9745
WoodCraft,Armored Security Door,Entrance,Steel,Armored,Main Entrance,100x220 cm,High,8.9,Piece,Fixed,1,Apartment,False,13787,Doors,Entrance,Not Applicable,High: > 9745
WoodCraft,Interior MDF Door,Interior,MDF,Solid,Bedroom,90x210 cm,Low,7.2,Piece,Per_Room,1,Bedroom,False,4662,Doors,Interior,Not Applicable,Low: <= 5307
WPC Brand,Aluminum Balcony Door,Balcony,Aluminum,Sliding,Balcony,180x220 cm,Low,7.4,Piece,Per_Balcony,1,Balcony,False,4514,Doors,Balcony,Not Applicable,Low: <= 5307
WPC Brand,Interior MDF Door,Interior,MDF,Solid,Bedroom,90x210 cm,Low,7.2,Piece,Per_Room,1,Bedroom,False,4698,Doors,Interior,Not Applicable,Low: <= 5307
Security Doors,Aluminum Balcony Door,Balcony,Aluminum,Sliding,Balcony,180x220 cm,Low,7.4,Piece,Per_Balcony,1,Balcony,False,4569,Doors,Balcony,Not Applicable,Low: <= 5307
DoorTech,Armored Security Door,Entrance,Steel,Armored,Main Entrance,100x220 cm,High,8.9,Piece,Fixed,1,Apartment,False,11053,Doors,Entrance,Not Applicable,High: > 9745
AluDoor,Interior MDF Door,Interior,MDF,Solid,Bedroom,90x210 cm,Low,7.2,Piece,Per_Room,1,Bedroom,False,3353,Doors,Interior,Not Applicable,Low: <= 5307
DoorTech,Armored Security Door,Entrance,Steel,Armored,Main Entrance,100x220 cm,High,8.9,Piece,Fixed,1,Apartment,False,12445,Doors,Entrance,Not Applicable,High: > 9745
WPC Brand,Armored Security Door,Entrance,Steel,Armored,Main Entrance,100x220 cm,High,8.9,Piece,Fixed,1,Apartment,False,9857,Doors,Entrance,Not Applicable,High: > 9745
DoorTech,Aluminum Balcony Door,Balcony,Aluminum,Sliding,Balcony,180x220 cm,Medium,7.4,Piece,Per_Balcony,1,Balcony,False,6737,Doors,Balcony,Not Applicable,Medium: 5307 - 9745
DoorTech,Aluminum Balcony Door,Balcony,Aluminum,Sliding,Balcony,180x220 cm,Medium,7.4,Piece,Per_Balcony,1,Balcony,False,6919,Doors,Balcony,Not Applicable,Medium: 5307 - 9745
Security Doors,Aluminum Balcony Door,Balcony,Aluminum,Sliding,Balcony,180x220 cm,Medium,7.4,Piece,Per_Balcony,1,Balcony,False,6002,Doors,Balcony,Not Applicable,Medium: 5307 - 9745
Security Doors,Aluminum Balcony Door,Balcony,Aluminum,Sliding,Balcony,180x220 cm,Low,7.4,Piece,Per_Balcony,1,Balcony,False,4599,Doors,Balcony,Not Applicable,Low: <= 5307
WPC Brand,Armored Security Door,Entrance,Steel,Armored,Main Entrance,100x220 cm,High,8.9,Piece,Fixed,1,Apartment,False,13169,Doors,Entrance,Not Applicable,High: > 9745
DoorTech,Aluminum Balcony Door,Balcony,Aluminum,Sliding,Balcony,180x220 cm,Medium,7.4,Piece,Per_Balcony,1,Balcony,False,6886,Doors,Balcony,Not Applicable,Medium: 5307 - 9745
WPC Brand,Armored Security Door,Entrance,Steel,Armored,Main Entrance,100x220 cm,High,8.9,Piece,Fixed,1,Apartment,False,14481,Doors,Entrance,Not Applicable,High: > 9745
Security Doors,Aluminum Balcony Door,Balcony,Aluminum,Sliding,Balcony,180x220 cm,Medium,7.4,Piece,Per_Balcony,1,Balcony,False,7243,Doors,Balcony,Not Applicable,Medium: 5307 - 9745
DoorTech,Aluminum Balcony Door,Balcony,Aluminum,Sliding,Balcony,180x220 cm,Medium,7.4,Piece,Per_Balcony,1,Balcony,False,6584,Doors,Balcony,Not Applicable,Medium: 5307 - 9745
AluDoor,Interior MDF Door,Interior,MDF,Solid,Bedroom,90x210 cm,Low,7.2,Piece,Per_Room,1,Bedroom,False,4170,Doors,Interior,Not Applicable,Low: <= 5307
AluDoor,Armored Security Door,Entrance,Steel,Armored,Main Entrance,100x220 cm,High,8.9,Piece,Fixed,1,Apartment,False,11639,Doors,Entrance,Not Applicable,High: > 9745
DoorTech,Interior MDF Door,Interior,MDF,Solid,Bedroom,90x210 cm,Low,7.2,Piece,Per_Room,1,Bedroom,False,3514,Doors,Interior,Not Applicable,Low: <= 5307
DoorTech,Armored Security Door,Entrance,Steel,Armored,Main Entrance,100x220 cm,High,8.9,Piece,Fixed,1,Apartment,False,13008,Doors,Entrance,Not Applicable,High: > 9745
WoodCraft,Interior MDF Door,Interior,MDF,Solid,Bedroom,90x210 cm,Low,7.2,Piece,Per_Room,1,Bedroom,False,3493,Doors,Interior,Not Applicable,Low: <= 5307
WPC Brand,Armored Security Door,Entrance,Steel,Armored,Main Entrance,100x220 cm,High,8.9,Piece,Fixed,1,Apartment,False,14257,Doors,Entrance,Not Applicable,High: > 9745
Security Doors,Aluminum Balcony Door,Balcony,Aluminum,Sliding,Balcony,180x220 cm,Low,7.4,Piece,Per_Balcony,1,Balcony,False,4641,Doors,Balcony,Not Applicable,Low: <= 5307
WPC Brand,Aluminum Balcony Door,Balcony,Aluminum,Sliding,Balcony,180x220 cm,Medium,7.4,Piece,Per_Balcony,1,Balcony,False,7081,Doors,Balcony,Not Applicable,Medium: 5307 - 9745
WPC Brand,Aluminum Balcony Door,Balcony,Aluminum,Sliding,Balcony,180x220 cm,Medium,7.4,Piece,Per_Balcony,1,Balcony,False,5938,Doors,Balcony,Not Applicable,Medium: 5307 - 9745
WoodCraft,Interior MDF Door,Interior,MDF,Solid,Bedroom,90x210 cm,Medium,7.2,Piece,Per_Room,1,Bedroom,False,5406,Doors,Interior,Not Applicable,Medium: 5307 - 9745
AluDoor,Armored Security Door,Entrance,Steel,Armored,Main Entrance,100x220 cm,High,8.9,Piece,Fixed,1,Apartment,False,11307,Doors,Entrance,Not Applicable,High: > 9745
WoodCraft,Armored Security Door,Entrance,Steel,Armored,Main Entrance,100x220 cm,High,8.9,Piece,Fixed,1,Apartment,False,10204,Doors,Entrance,Not Applicable,High: > 9745
WoodCraft,Interior MDF Door,Interior,MDF,Solid,Bedroom,90x210 cm,Low,7.2,Piece,Per_Room,1,Bedroom,False,5005,Doors,Interior,Not Applicable,Low: <= 5307
WoodCraft,Interior MDF Door,Interior,MDF,Solid,Bedroom,90x210 cm,Medium,7.2,Piece,Per_Room,1,Bedroom,False,5637,Doors,Interior,Not Applicable,Medium: 5307 - 9745
DoorTech,Armored Security Door,Entrance,Steel,Armored,Main Entrance,100x220 cm,High,8.9,Piece,Fixed,1,Apartment,False,11906,Doors,Entrance,Not Applicable,High: > 9745
DoorTech,Interior MDF Door,Interior,MDF,Solid,Bedroom,90x210 cm,Low,7.2,Piece,Per_Room,1,Bedroom,False,4013,Doors,Interior,Not Applicable,Low: <= 5307
WoodCraft,Interior MDF Door,Interior,MDF,Solid,Bedroom,90x210 cm,Medium,7.2,Piece,Per_Room,1,Bedroom,False,5309,Doors,Interior,Not Applicable,Medium: 5307 - 9745
WoodCraft,Aluminum Balcony Door,Balcony,Aluminum,Sliding,Balcony,180x220 cm,Medium,7.4,Piece,Per_Balcony,1,Balcony,False,6828,Doors,Balcony,Not Applicable,Medium: 5307 - 9745
WPC Brand,Aluminum Balcony Door,Balcony,Aluminum,Sliding,Balcony,180x220 cm,Low,7.4,Piece,Per_Balcony,1,Balcony,False,4734,Doors,Balcony,Not Applicable,Low: <= 5307
DoorTech,Aluminum Balcony Door,Balcony,Aluminum,Sliding,Balcony,180x220 cm,Medium,7.4,Piece,Per_Balcony,1,Balcony,False,7121,Doors,Balcony,Not Applicable,Medium: 5307 - 9745
WPC Brand,Armored Security Door,Entrance,Steel,Armored,Main Entrance,100x220 cm,High,8.9,Piece,Fixed,1,Apartment,False,11470,Doors,Entrance,Not Applicable,High: > 9745
AluDoor,Aluminum Balcony Door,Balcony,Aluminum,Sliding,Balcony,180x220 cm,Medium,7.4,Piece,Per_Balcony,1,Balcony,False,6054,Doors,Balcony,Not Applicable,Medium: 5307 - 9745
DoorTech,Armored Security Door,Entrance,Steel,Armored,Main Entrance,100x220 cm,High,8.9,Piece,Fixed,1,Apartment,False,11987,Doors,Entrance,Not Applicable,High: > 9745
DoorTech,Armored Security Door,Entrance,Steel,Armored,Main Entrance,100x220 cm,High,8.9,Piece,Fixed,1,Apartment,False,11701,Doors,Entrance,Not Applicable,High: > 9745
Security Doors,Armored Security Door,Entrance,Steel,Armored,Main Entrance,100x220 cm,Medium,8.9,Piece,Fixed,1,Apartment,False,9502,Doors,Entrance,Not Applicable,Medium: 5307 - 9745
WPC Brand,Aluminum Balcony Door,Balcony,Aluminum,Sliding,Balcony,180x220 cm,Low,7.4,Piece,Per_Balcony,1,Balcony,False,4804,Doors,Balcony,Not Applicable,Low: <= 5307
WPC Brand,Aluminum Balcony Door,Balcony,Aluminum,Sliding,Balcony,180x220 cm,Medium,7.4,Piece,Per_Balcony,1,Balcony,False,6622,Doors,Balcony,Not Applicable,Medium: 5307 - 9745
DoorTech,Armored Security Door,Entrance,Steel,Armored,Main Entrance,100x220 cm,High,8.9,Piece,Fixed,1,Apartment,False,13431,Doors,Entrance,Not Applicable,High: > 9745
DoorTech,Armored Security Door,Entrance,Steel,Armored,Main Entrance,100x220 cm,Medium,8.9,Piece,Fixed,1,Apartment,False,9565,Doors,Entrance,Not Applicable,Medium: 5307 - 9745
Security Doors,Armored Security Door,Entrance,Steel,Armored,Main Entrance,100x220 cm,High,8.9,Piece,Fixed,1,Apartment,False,13581,Doors,Entrance,Not Applicable,High: > 9745
Security Doors,Interior MDF Door,Interior,MDF,Solid,Bedroom,90x210 cm,Low,7.2,Piece,Per_Room,1,Bedroom,False,4232,Doors,Interior,Not Applicable,Low: <= 5307
DoorTech,Armored Security Door,Entrance,Steel,Armored,Main Entrance,100x220 cm,High,8.9,Piece,Fixed,1,Apartment,False,12225,Doors,Entrance,Not Applicable,High: > 9745
WoodCraft,Aluminum Balcony Door,Balcony,Aluminum,Sliding,Balcony,180x220 cm,Medium,7.4,Piece,Per_Balcony,1,Balcony,False,5971,Doors,Balcony,Not Applicable,Medium: 5307 - 9745
WoodCraft,Interior MDF Door,Interior,MDF,Solid,Bedroom,90x210 cm,Low,7.2,Piece,Per_Room,1,Bedroom,False,4952,Doors,Interior,Not Applicable,Low: <= 5307
Security Doors,Aluminum Balcony Door,Balcony,Aluminum,Sliding,Balcony,180x220 cm,Medium,7.4,Piece,Per_Balcony,1,Balcony,False,7389,Doors,Balcony,Not Applicable,Medium: 5307 - 9745
AluDoor,Interior MDF Door,Interior,MDF,Solid,Bedroom,90x210 cm,Low,7.2,Piece,Per_Room,1,Bedroom,False,4132,Doors,Interior,Not Applicable,Low: <= 5307
WoodCraft,Armored Security Door,Entrance,Steel,Armored,Main Entrance,100x220 cm,High,8.9,Piece,Fixed,1,Apartment,False,11583,Doors,Entrance,Not Applicable,High: > 9745
Security Doors,Aluminum Balcony Door,Balcony,Aluminum,Sliding,Balcony,180x220 cm,Medium,7.4,Piece,Per_Balcony,1,Balcony,False,7304,Doors,Balcony,Not Applicable,Medium: 5307 - 9745
AluDoor,Armored Security Door,Entrance,Steel,Armored,Main Entrance,100x220 cm,High,8.9,Piece,Fixed,1,Apartment,False,11560,Doors,Entrance,Not Applicable,High: > 9745
DoorTech,Armored Security Door,Entrance,Steel,Armored,Main Entrance,100x220 cm,High,8.9,Piece,Fixed,1,Apartment,False,11550,Doors,Entrance,Not Applicable,High: > 9745
WPC Brand,Aluminum Balcony Door,Balcony,Aluminum,Sliding,Balcony,180x220 cm,Medium,7.4,Piece,Per_Balcony,1,Balcony,False,6065,Doors,Balcony,Not Applicable,Medium: 5307 - 9745
AluDoor,Interior MDF Door,Interior,MDF,Solid,Bedroom,90x210 cm,Low,7.2,Piece,Per_Room,1,Bedroom,False,5050,Doors,Interior,Not Applicable,Low: <= 5307
WPC Brand,Interior MDF Door,Interior,MDF,Solid,Bedroom,90x210 cm,Low,7.2,Piece,Per_Room,1,Bedroom,False,3609,Doors,Interior,Not Applicable,Low: <= 5307
Security Doors,Interior MDF Door,Interior,MDF,Solid,Bedroom,90x210 cm,Medium,7.2,Piece,Per_Room,1,Bedroom,False,5543,Doors,Interior,Not Applicable,Medium: 5307 - 9745
WoodCraft,Interior MDF Door,Interior,MDF,Solid,Bedroom,90x210 cm,Low,7.2,Piece,Per_Room,1,Bedroom,False,3774,Doors,Interior,Not Applicable,Low: <= 5307
DoorTech,Interior MDF Door,Interior,MDF,Solid,Bedroom,90x210 cm,Low,7.2,Piece,Per_Room,1,Bedroom,False,5013,Doors,Interior,Not Applicable,Low: <= 5307
AluDoor,Interior MDF Door,Interior,MDF,Solid,Bedroom,90x210 cm,Low,7.2,Piece,Per_Room,1,Bedroom,False,3349,Doors,Interior,Not Applicable,Low: <= 5307
Security Doors,Armored Security Door,Entrance,Steel,Armored,Main Entrance,100x220 cm,High,8.9,Piece,Fixed,1,Apartment,False,13838,Doors,Entrance,Not Applicable,High: > 9745
WPC Brand,Interior MDF Door,Interior,MDF,Solid,Bedroom,90x210 cm,Low,7.2,Piece,Per_Room,1,Bedroom,False,3942,Doors,Interior,Not Applicable,Low: <= 5307
DoorTech,Armored Security Door,Entrance,Steel,Armored,Main Entrance,100x220 cm,High,8.9,Piece,Fixed,1,Apartment,False,9829,Doors,Entrance,Not Applicable,High: > 9745
Security Doors,Aluminum Balcony Door,Balcony,Aluminum,Sliding,Balcony,180x220 cm,Medium,7.4,Piece,Per_Balcony,1,Balcony,False,6973,Doors,Balcony,Not Applicable,Medium: 5307 - 9745
WPC Brand,Armored Security Door,Entrance,Steel,Armored,Main Entrance,100x220 cm,High,8.9,Piece,Fixed,1,Apartment,False,11267,Doors,Entrance,Not Applicable,High: > 9745
WPC Brand,Aluminum Balcony Door,Balcony,Aluminum,Sliding,Balcony,180x220 cm,Medium,7.4,Piece,Per_Balcony,1,Balcony,False,7002,Doors,Balcony,Not Applicable,Medium: 5307 - 9745
WPC Brand,Interior MDF Door,Interior,MDF,Solid,Bedroom,90x210 cm,Low,7.2,Piece,Per_Room,1,Bedroom,False,3644,Doors,Interior,Not Applicable,Low: <= 5307
AluDoor,Aluminum Balcony Door,Balcony,Aluminum,Sliding,Balcony,180x220 cm,Low,7.4,Piece,Per_Balcony,1,Balcony,False,4985,Doors,Balcony,Not Applicable,Low: <= 5307
Security Doors,Armored Security Door,Entrance,Steel,Armored,Main Entrance,100x220 cm,High,8.9,Piece,Fixed,1,Apartment,False,10906,Doors,Entrance,Not Applicable,High: > 9745
DoorTech,Interior MDF Door,Interior,MDF,Solid,Bedroom,90x210 cm,Low,7.2,Piece,Per_Room,1,Bedroom,False,3993,Doors,Interior,Not Applicable,Low: <= 5307
Security Doors,Aluminum Balcony Door,Balcony,Aluminum,Sliding,Balcony,180x220 cm,Medium,7.4,Piece,Per_Balcony,1,Balcony,False,5365,Doors,Balcony,Not Applicable,Medium: 5307 - 9745
DoorTech,Aluminum Balcony Door,Balcony,Aluminum,Sliding,Balcony,180x220 cm,Low,7.4,Piece,Per_Balcony,1,Balcony,False,5103,Doors,Balcony,Not Applicable,Low: <= 5307
WPC Brand,Interior MDF Door,Interior,MDF,Solid,Bedroom,90x210 cm,Low,7.2,Piece,Per_Room,1,Bedroom,False,4929,Doors,Interior,Not Applicable,Low: <= 5307
AluDoor,Interior MDF Door,Interior,MDF,Solid,Bedroom,90x210 cm,Medium,7.2,Piece,Per_Room,1,Bedroom,False,5481,Doors,Interior,Not Applicable,Medium: 5307 - 9745
WoodCraft,Aluminum Balcony Door,Balcony,Aluminum,Sliding,Balcony,180x220 cm,Medium,7.4,Piece,Per_Balcony,1,Balcony,False,6660,Doors,Balcony,Not Applicable,Medium: 5307 - 9745
DoorTech,Armored Security Door,Entrance,Steel,Armored,Main Entrance,100x220 cm,High,8.9,Piece,Fixed,1,Apartment,False,10738,Doors,Entrance,Not Applicable,High: > 9745
DoorTech,Aluminum Balcony Door,Balcony,Aluminum,Sliding,Balcony,180x220 cm,Medium,7.4,Piece,Per_Balcony,1,Balcony,False,7110,Doors,Balcony,Not Applicable,Medium: 5307 - 9745
WPC Brand,Interior MDF Door,Interior,MDF,Solid,Bedroom,90x210 cm,Low,7.2,Piece,Per_Room,1,Bedroom,False,3606,Doors,Interior,Not Applicable,Low: <= 5307
DoorTech,Aluminum Balcony Door,Balcony,Aluminum,Sliding,Balcony,180x220 cm,Medium,7.4,Piece,Per_Balcony,1,Balcony,False,7349,Doors,Balcony,Not Applicable,Medium: 5307 - 9745
WoodCraft,Armored Security Door,Entrance,Steel,Armored,Main Entrance,100x220 cm,High,8.9,Piece,Fixed,1,Apartment,False,9960,Doors,Entrance,Not Applicable,High: > 9745
WPC Brand,Interior MDF Door,Interior,MDF,Solid,Bedroom,90x210 cm,Low,7.2,Piece,Per_Room,1,Bedroom,False,3294,Doors,Interior,Not Applicable,Low: <= 5307
AluDoor,Armored Security Door,Entrance,Steel,Armored,Main Entrance,100x220 cm,High,8.9,Piece,Fixed,1,Apartment,False,14181,Doors,Entrance,Not Applicable,High: > 9745
WoodCraft,Aluminum Balcony Door,Balcony,Aluminum,Sliding,Balcony,180x220 cm,Medium,7.4,Piece,Per_Balcony,1,Balcony,False,6861,Doors,Balcony,Not Applicable,Medium: 5307 - 9745
WPC Brand,Aluminum Balcony Door,Balcony,Aluminum,Sliding,Balcony,180x220 cm,Medium,7.4,Piece,Per_Balcony,1,Balcony,False,6276,Doors,Balcony,Not Applicable,Medium: 5307 - 9745
WPC Brand,Interior MDF Door,Interior,MDF,Solid,Bedroom,90x210 cm,Low,7.2,Piece,Per_Room,1,Bedroom,False,4602,Doors,Interior,Not Applicable,Low: <= 5307
AluDoor,Aluminum Balcony Door,Balcony,Aluminum,Sliding,Balcony,180x220 cm,Low,7.4,Piece,Per_Balcony,1,Balcony,False,4668,Doors,Balcony,Not Applicable,Low: <= 5307
AluDoor,Interior MDF Door,Interior,MDF,Solid,Bedroom,90x210 cm,Medium,7.2,Piece,Per_Room,1,Bedroom,False,5492,Doors,Interior,Not Applicable,Medium: 5307 - 9745
Security Doors,Interior MDF Door,Interior,MDF,Solid,Bedroom,90x210 cm,Low,7.2,Piece,Per_Room,1,Bedroom,False,3914,Doors,Interior,Not Applicable,Low: <= 5307
Security Doors,Armored Security Door,Entrance,Steel,Armored,Main Entrance,100x220 cm,High,8.9,Piece,Fixed,1,Apartment,False,10576,Doors,Entrance,Not Applicable,High: > 9745
Security Doors,Interior MDF Door,Interior,MDF,Solid,Bedroom,90x210 cm,Low,7.2,Piece,Per_Room,1,Bedroom,False,5217,Doors,Interior,Not Applicable,Low: <= 5307
WPC Brand,Armored Security Door,Entrance,Steel,Armored,Main Entrance,100x220 cm,Medium,8.9,Piece,Fixed,1,Apartment,False,9558,Doors,Entrance,Not Applicable,Medium: 5307 - 9745
AluDoor,Aluminum Balcony Door,Balcony,Aluminum,Sliding,Balcony,180x220 cm,Medium,7.4,Piece,Per_Balcony,1,Balcony,False,6901,Doors,Balcony,Not Applicable,Medium: 5307 - 9745
DoorTech,Armored Security Door,Entrance,Steel,Armored,Main Entrance,100x220 cm,High,8.9,Piece,Fixed,1,Apartment,False,12449,Doors,Entrance,Not Applicable,High: > 9745
WPC Brand,Interior MDF Door,Interior,MDF,Solid,Bedroom,90x210 cm,Low,7.2,Piece,Per_Room,1,Bedroom,False,4591,Doors,Interior,Not Applicable,Low: <= 5307
DoorTech,Aluminum Balcony Door,Balcony,Aluminum,Sliding,Balcony,180x220 cm,Medium,7.4,Piece,Per_Balcony,1,Balcony,False,7096,Doors,Balcony,Not Applicable,Medium: 5307 - 9745
DoorTech,Aluminum Balcony Door,Balcony,Aluminum,Sliding,Balcony,180x220 cm,Low,7.4,Piece,Per_Balcony,1,Balcony,False,4508,Doors,Balcony,Not Applicable,Low: <= 5307
Security Doors,Interior MDF Door,Interior,MDF,Solid,Bedroom,90x210 cm,Low,7.2,Piece,Per_Room,1,Bedroom,False,4455,Doors,Interior,Not Applicable,Low: <= 5307
WoodCraft,Aluminum Balcony Door,Balcony,Aluminum,Sliding,Balcony,180x220 cm,Medium,7.4,Piece,Per_Balcony,1,Balcony,False,5555,Doors,Balcony,Not Applicable,Medium: 5307 - 9745
AluDoor,Armored Security Door,Entrance,Steel,Armored,Main Entrance,100x220 cm,High,8.9,Piece,Fixed,1,Apartment,False,10157,Doors,Entrance,Not Applicable,High: > 9745
AluDoor,Interior MDF Door,Interior,MDF,Solid,Bedroom,90x210 cm,Low,7.2,Piece,Per_Room,1,Bedroom,False,4201,Doors,Interior,Not Applicable,Low: <= 5307
DoorTech,Aluminum Balcony Door,Balcony,Aluminum,Sliding,Balcony,180x220 cm,Low,7.4,Piece,Per_Balcony,1,Balcony,False,4705,Doors,Balcony,Not Applicable,Low: <= 5307
WPC Brand,Armored Security Door,Entrance,Steel,Armored,Main Entrance,100x220 cm,High,8.9,Piece,Fixed,1,Apartment,False,13427,Doors,Entrance,Not Applicable,High: > 9745
Security Doors,Interior MDF Door,Interior,MDF,Solid,Bedroom,90x210 cm,Low,7.2,Piece,Per_Room,1,Bedroom,False,3445,Doors,Interior,Not Applicable,Low: <= 5307
DoorTech,Armored Security Door,Entrance,Steel,Armored,Main Entrance,100x220 cm,High,8.9,Piece,Fixed,1,Apartment,False,11189,Doors,Entrance,Not Applicable,High: > 9745
DoorTech,Aluminum Balcony Door,Balcony,Aluminum,Sliding,Balcony,180x220 cm,Medium,7.4,Piece,Per_Balcony,1,Balcony,False,5765,Doors,Balcony,Not Applicable,Medium: 5307 - 9745
AluDoor,Armored Security Door,Entrance,Steel,Armored,Main Entrance,100x220 cm,High,8.9,Piece,Fixed,1,Apartment,False,10686,Doors,Entrance,Not Applicable,High: > 9745
WPC Brand,Interior MDF Door,Interior,MDF,Solid,Bedroom,90x210 cm,Low,7.2,Piece,Per_Room,1,Bedroom,False,4281,Doors,Interior,Not Applicable,Low: <= 5307
WPC Brand,Interior MDF Door,Interior,MDF,Solid,Bedroom,90x210 cm,Low,7.2,Piece,Per_Room,1,Bedroom,False,4839,Doors,Interior,Not Applicable,Low: <= 5307
DoorTech,Aluminum Balcony Door,Balcony,Aluminum,Sliding,Balcony,180x220 cm,Medium,7.4,Piece,Per_Balcony,1,Balcony,False,5517,Doors,Balcony,Not Applicable,Medium: 5307 - 9745
DoorTech,Aluminum Balcony Door,Balcony,Aluminum,Sliding,Balcony,180x220 cm,Medium,7.4,Piece,Per_Balcony,1,Balcony,False,5356,Doors,Balcony,Not Applicable,Medium: 5307 - 9745
Security Doors,Armored Security Door,Entrance,Steel,Armored,Main Entrance,100x220 cm,High,8.9,Piece,Fixed,1,Apartment,False,10848,Doors,Entrance,Not Applicable,High: > 9745
AluDoor,Interior MDF Door,Interior,MDF,Solid,Bedroom,90x210 cm,Low,7.2,Piece,Per_Room,1,Bedroom,False,4400,Doors,Interior,Not Applicable,Low: <= 5307
AluDoor,Aluminum Balcony Door,Balcony,Aluminum,Sliding,Balcony,180x220 cm,Low,7.4,Piece,Per_Balcony,1,Balcony,False,4506,Doors,Balcony,Not Applicable,Low: <= 5307
Security Doors,Armored Security Door,Entrance,Steel,Armored,Main Entrance,100x220 cm,High,8.9,Piece,Fixed,1,Apartment,False,13935,Doors,Entrance,Not Applicable,High: > 9745
WoodCraft,Aluminum Balcony Door,Balcony,Aluminum,Sliding,Balcony,180x220 cm,Medium,7.4,Piece,Per_Balcony,1,Balcony,False,5603,Doors,Balcony,Not Applicable,Medium: 5307 - 9745
WPC Brand,Interior MDF Door,Interior,MDF,Solid,Bedroom,90x210 cm,Low,7.2,Piece,Per_Room,1,Bedroom,False,4038,Doors,Interior,Not Applicable,Low: <= 5307
Security Doors,Armored Security Door,Entrance,Steel,Armored,Main Entrance,100x220 cm,High,8.9,Piece,Fixed,1,Apartment,False,11889,Doors,Entrance,Not Applicable,High: > 9745
DoorTech,Aluminum Balcony Door,Balcony,Aluminum,Sliding,Balcony,180x220 cm,Medium,7.4,Piece,Per_Balcony,1,Balcony,False,5632,Doors,Balcony,Not Applicable,Medium: 5307 - 9745
AluDoor,Armored Security Door,Entrance,Steel,Armored,Main Entrance,100x220 cm,High,8.9,Piece,Fixed,1,Apartment,False,10411,Doors,Entrance,Not Applicable,High: > 9745
Security Doors,Interior MDF Door,Interior,MDF,Solid,Bedroom,90x210 cm,Low,7.2,Piece,Per_Room,1,Bedroom,False,5265,Doors,Interior,Not Applicable,Low: <= 5307
WPC Brand,Aluminum Balcony Door,Balcony,Aluminum,Sliding,Balcony,180x220 cm,Medium,7.4,Piece,Per_Balcony,1,Balcony,False,5929,Doors,Balcony,Not Applicable,Medium: 5307 - 9745
WPC Brand,Interior MDF Door,Interior,MDF,Solid,Bedroom,90x210 cm,Medium,7.2,Piece,Per_Room,1,Bedroom,False,5407,Doors,Interior,Not Applicable,Medium: 5307 - 9745
WoodCraft,Interior MDF Door,Interior,MDF,Solid,Bedroom,90x210 cm,Low,7.2,Piece,Per_Room,1,Bedroom,False,4961,Doors,Interior,Not Applicable,Low: <= 5307
WoodCraft,Interior MDF Door,Interior,MDF,Solid,Bedroom,90x210 cm,Low,7.2,Piece,Per_Room,1,Bedroom,False,3328,Doors,Interior,Not Applicable,Low: <= 5307
WPC Brand,Aluminum Balcony Door,Balcony,Aluminum,Sliding,Balcony,180x220 cm,Medium,7.4,Piece,Per_Balcony,1,Balcony,False,6859,Doors,Balcony,Not Applicable,Medium: 5307 - 9745
AluDoor,Aluminum Balcony Door,Balcony,Aluminum,Sliding,Balcony,180x220 cm,Low,7.4,Piece,Per_Balcony,1,Balcony,False,4504,Doors,Balcony,Not Applicable,Low: <= 5307
DoorTech,Interior MDF Door,Interior,MDF,Solid,Bedroom,90x210 cm,Low,7.2,Piece,Per_Room,1,Bedroom,False,4075,Doors,Interior,Not Applicable,Low: <= 5307
AluDoor,Armored Security Door,Entrance,Steel,Armored,Main Entrance,100x220 cm,High,8.9,Piece,Fixed,1,Apartment,False,9939,Doors,Entrance,Not Applicable,High: > 9745
Security Doors,Armored Security Door,Entrance,Steel,Armored,Main Entrance,100x220 cm,High,8.9,Piece,Fixed,1,Apartment,False,12586,Doors,Entrance,Not Applicable,High: > 9745
AluDoor,Interior MDF Door,Interior,MDF,Solid,Bedroom,90x210 cm,Medium,7.2,Piece,Per_Room,1,Bedroom,False,5507,Doors,Interior,Not Applicable,Medium: 5307 - 9745
WoodCraft,Interior MDF Door,Interior,MDF,Solid,Bedroom,90x210 cm,Low,7.2,Piece,Per_Room,1,Bedroom,False,5004,Doors,Interior,Not Applicable,Low: <= 5307
WoodCraft,Interior MDF Door,Interior,MDF,Solid,Bedroom,90x210 cm,Low,7.2,Piece,Per_Room,1,Bedroom,False,3712,Doors,Interior,Not Applicable,Low: <= 5307
WPC Brand,Armored Security Door,Entrance,Steel,Armored,Main Entrance,100x220 cm,High,8.9,Piece,Fixed,1,Apartment,False,14464,Doors,Entrance,Not Applicable,High: > 9745
DoorTech,Armored Security Door,Entrance,Steel,Armored,Main Entrance,100x220 cm,Medium,8.9,Piece,Fixed,1,Apartment,False,9681,Doors,Entrance,Not Applicable,Medium: 5307 - 9745
WPC Brand,Aluminum Balcony Door,Balcony,Aluminum,Sliding,Balcony,180x220 cm,Low,7.4,Piece,Per_Balcony,1,Balcony,False,4959,Doors,Balcony,Not Applicable,Low: <= 5307
WoodCraft,Armored Security Door,Entrance,Steel,Armored,Main Entrance,100x220 cm,High,8.9,Piece,Fixed,1,Apartment,False,11115,Doors,Entrance,Not Applicable,High: > 9745
WPC Brand,Interior MDF Door,Interior,MDF,Solid,Bedroom,90x210 cm,Low,7.2,Piece,Per_Room,1,Bedroom,False,4682,Doors,Interior,Not Applicable,Low: <= 5307
WoodCraft,Aluminum Balcony Door,Balcony,Aluminum,Sliding,Balcony,180x220 cm,Low,7.4,Piece,Per_Balcony,1,Balcony,False,4714,Doors,Balcony,Not Applicable,Low: <= 5307
WoodCraft,Armored Security Door,Entrance,Steel,Armored,Main Entrance,100x220 cm,High,8.9,Piece,Fixed,1,Apartment,False,10878,Doors,Entrance,Not Applicable,High: > 9745
AluDoor,Aluminum Balcony Door,Balcony,Aluminum,Sliding,Balcony,180x220 cm,Medium,7.4,Piece,Per_Balcony,1,Balcony,False,6782,Doors,Balcony,Not Applicable,Medium: 5307 - 9745
Security Doors,Aluminum Balcony Door,Balcony,Aluminum,Sliding,Balcony,180x220 cm,Medium,7.4,Piece,Per_Balcony,1,Balcony,False,5371,Doors,Balcony,Not Applicable,Medium: 5307 - 9745
WoodCraft,Armored Security Door,Entrance,Steel,Armored,Main Entrance,100x220 cm,High,8.9,Piece,Fixed,1,Apartment,False,12900,Doors,Entrance,Not Applicable,High: > 9745
AluDoor,Interior MDF Door,Interior,MDF,Solid,Bedroom,90x210 cm,Low,7.2,Piece,Per_Room,1,Bedroom,False,4115,Doors,Interior,Not Applicable,Low: <= 5307
Security Doors,Interior MDF Door,Interior,MDF,Solid,Bedroom,90x210 cm,Low,7.2,Piece,Per_Room,1,Bedroom,False,5019,Doors,Interior,Not Applicable,Low: <= 5307
WPC Brand,Aluminum Balcony Door,Balcony,Aluminum,Sliding,Balcony,180x220 cm,Medium,7.4,Piece,Per_Balcony,1,Balcony,False,6925,Doors,Balcony,Not Applicable,Medium: 5307 - 9745
WPC Brand,Aluminum Balcony Door,Balcony,Aluminum,Sliding,Balcony,180x220 cm,Medium,7.4,Piece,Per_Balcony,1,Balcony,False,6543,Doors,Balcony,Not Applicable,Medium: 5307 - 9745
DoorTech,Aluminum Balcony Door,Balcony,Aluminum,Sliding,Balcony,180x220 cm,Medium,7.4,Piece,Per_Balcony,1,Balcony,False,6676,Doors,Balcony,Not Applicable,Medium: 5307 - 9745
Security Doors,Armored Security Door,Entrance,Steel,Armored,Main Entrance,100x220 cm,High,8.9,Piece,Fixed,1,Apartment,False,13086,Doors,Entrance,Not Applicable,High: > 9745
Security Doors,Armored Security Door,Entrance,Steel,Armored,Main Entrance,100x220 cm,High,8.9,Piece,Fixed,1,Apartment,False,12564,Doors,Entrance,Not Applicable,High: > 9745
Security Doors,Interior MDF Door,Interior,MDF,Solid,Bedroom,90x210 cm,Low,7.2,Piece,Per_Room,1,Bedroom,False,3749,Doors,Interior,Not Applicable,Low: <= 5307
WoodCraft,Interior MDF Door,Interior,MDF,Solid,Bedroom,90x210 cm,Low,7.2,Piece,Per_Room,1,Bedroom,False,4261,Doors,Interior,Not Applicable,Low: <= 5307
AluDoor,Armored Security Door,Entrance,Steel,Armored,Main Entrance,100x220 cm,High,8.9,Piece,Fixed,1,Apartment,False,10899,Doors,Entrance,Not Applicable,High: > 9745
WPC Brand,Interior MDF Door,Interior,MDF,Solid,Bedroom,90x210 cm,Low,7.2,Piece,Per_Room,1,Bedroom,False,3990,Doors,Interior,Not Applicable,Low: <= 5307
WoodCraft,Aluminum Balcony Door,Balcony,Aluminum,Sliding,Balcony,180x220 cm,Medium,7.4,Piece,Per_Balcony,1,Balcony,False,5431,Doors,Balcony,Not Applicable,Medium: 5307 - 9745
WPC Brand,Interior MDF Door,Interior,MDF,Solid,Bedroom,90x210 cm,Medium,7.2,Piece,Per_Room,1,Bedroom,False,5481,Doors,Interior,Not Applicable,Medium: 5307 - 9745
DoorTech,Armored Security Door,Entrance,Steel,Armored,Main Entrance,100x220 cm,High,8.9,Piece,Fixed,1,Apartment,False,10876,Doors,Entrance,Not Applicable,High: > 9745
DoorTech,Aluminum Balcony Door,Balcony,Aluminum,Sliding,Balcony,180x220 cm,Low,7.4,Piece,Per_Balcony,1,Balcony,False,5120,Doors,Balcony,Not Applicable,Low: <= 5307
AluDoor,Interior MDF Door,Interior,MDF,Solid,Bedroom,90x210 cm,Low,7.2,Piece,Per_Room,1,Bedroom,False,5183,Doors,Interior,Not Applicable,Low: <= 5307
Security Doors,Aluminum Balcony Door,Balcony,Aluminum,Sliding,Balcony,180x220 cm,Low,7.4,Piece,Per_Balcony,1,Balcony,False,4806,Doors,Balcony,Not Applicable,Low: <= 5307
WoodCraft,Aluminum Balcony Door,Balcony,Aluminum,Sliding,Balcony,180x220 cm,Medium,7.4,Piece,Per_Balcony,1,Balcony,False,6583,Doors,Balcony,Not Applicable,Medium: 5307 - 9745
WoodCraft,Interior MDF Door,Interior,MDF,Solid,Bedroom,90x210 cm,Low,7.2,Piece,Per_Room,1,Bedroom,False,3905,Doors,Interior,Not Applicable,Low: <= 5307
Security Doors,Armored Security Door,Entrance,Steel,Armored,Main Entrance,100x220 cm,High,8.9,Piece,Fixed,1,Apartment,False,12205,Doors,Entrance,Not Applicable,High: > 9745
WoodCraft,Interior MDF Door,Interior,MDF,Solid,Bedroom,90x210 cm,Low,7.2,Piece,Per_Room,1,Bedroom,False,3848,Doors,Interior,Not Applicable,Low: <= 5307
WPC Brand,Interior MDF Door,Interior,MDF,Solid,Bedroom,90x210 cm,Low,7.2,Piece,Per_Room,1,Bedroom,False,4329,Doors,Interior,Not Applicable,Low: <= 5307
WPC Brand,Aluminum Balcony Door,Balcony,Aluminum,Sliding,Balcony,180x220 cm,Medium,7.4,Piece,Per_Balcony,1,Balcony,False,7417,Doors,Balcony,Not Applicable,Medium: 5307 - 9745
WoodCraft,Interior MDF Door,Interior,MDF,Solid,Bedroom,90x210 cm,Low,7.2,Piece,Per_Room,1,Bedroom,False,4451,Doors,Interior,Not Applicable,Low: <= 5307
Security Doors,Aluminum Balcony Door,Balcony,Aluminum,Sliding,Balcony,180x220 cm,Medium,7.4,Piece,Per_Balcony,1,Balcony,False,6632,Doors,Balcony,Not Applicable,Medium: 5307 - 9745
WoodCraft,Interior MDF Door,Interior,MDF,Solid,Bedroom,90x210 cm,Low,7.2,Piece,Per_Room,1,Bedroom,False,4501,Doors,Interior,Not Applicable,Low: <= 5307
Security Doors,Aluminum Balcony Door,Balcony,Aluminum,Sliding,Balcony,180x220 cm,Low,7.4,Piece,Per_Balcony,1,Balcony,False,4981,Doors,Balcony,Not Applicable,Low: <= 5307
AluDoor,Interior MDF Door,Interior,MDF,Solid,Bedroom,90x210 cm,Low,7.2,Piece,Per_Room,1,Bedroom,False,5264,Doors,Interior,Not Applicable,Low: <= 5307
WoodCraft,Interior MDF Door,Interior,MDF,Solid,Bedroom,90x210 cm,Low,7.2,Piece,Per_Room,1,Bedroom,False,4370,Doors,Interior,Not Applicable,Low: <= 5307
AluDoor,Armored Security Door,Entrance,Steel,Armored,Main Entrance,100x220 cm,High,8.9,Piece,Fixed,1,Apartment,False,11416,Doors,Entrance,Not Applicable,High: > 9745
WoodCraft,Armored Security Door,Entrance,Steel,Armored,Main Entrance,100x220 cm,High,8.9,Piece,Fixed,1,Apartment,False,14281,Doors,Entrance,Not Applicable,High: > 9745
AluDoor,Armored Security Door,Entrance,Steel,Armored,Main Entrance,100x220 cm,High,8.9,Piece,Fixed,1,Apartment,False,10214,Doors,Entrance,Not Applicable,High: > 9745
DoorTech,Armored Security Door,Entrance,Steel,Armored,Main Entrance,100x220 cm,High,8.9,Piece,Fixed,1,Apartment,False,10408,Doors,Entrance,Not Applicable,High: > 9745
DoorTech,Armored Security Door,Entrance,Steel,Armored,Main Entrance,100x220 cm,High,8.9,Piece,Fixed,1,Apartment,False,10809,Doors,Entrance,Not Applicable,High: > 9745
DoorTech,Aluminum Balcony Door,Balcony,Aluminum,Sliding,Balcony,180x220 cm,Medium,7.4,Piece,Per_Balcony,1,Balcony,False,6983,Doors,Balcony,Not Applicable,Medium: 5307 - 9745
WoodCraft,Aluminum Balcony Door,Balcony,Aluminum,Sliding,Balcony,180x220 cm,Medium,7.4,Piece,Per_Balcony,1,Balcony,False,7333,Doors,Balcony,Not Applicable,Medium: 5307 - 9745
AluDoor,Armored Security Door,Entrance,Steel,Armored,Main Entrance,100x220 cm,High,8.9,Piece,Fixed,1,Apartment,False,11066,Doors,Entrance,Not Applicable,High: > 9745
WPC Brand,Armored Security Door,Entrance,Steel,Armored,Main Entrance,100x220 cm,High,8.9,Piece,Fixed,1,Apartment,False,14009,Doors,Entrance,Not Applicable,High: > 9745
DoorTech,Aluminum Balcony Door,Balcony,Aluminum,Sliding,Balcony,180x220 cm,Medium,7.4,Piece,Per_Balcony,1,Balcony,False,5641,Doors,Balcony,Not Applicable,Medium: 5307 - 9745
DoorTech,Interior MDF Door,Interior,MDF,Solid,Bedroom,90x210 cm,Medium,7.2,Piece,Per_Room,1,Bedroom,False,5339,Doors,Interior,Not Applicable,Medium: 5307 - 9745
WoodCraft,Armored Security Door,Entrance,Steel,Armored,Main Entrance,100x220 cm,High,8.9,Piece,Fixed,1,Apartment,False,13182,Doors,Entrance,Not Applicable,High: > 9745
WoodCraft,Interior MDF Door,Interior,MDF,Solid,Bedroom,90x210 cm,Low,7.2,Piece,Per_Room,1,Bedroom,False,4489,Doors,Interior,Not Applicable,Low: <= 5307
WPC Brand,Aluminum Balcony Door,Balcony,Aluminum,Sliding,Balcony,180x220 cm,Medium,7.4,Piece,Per_Balcony,1,Balcony,False,5514,Doors,Balcony,Not Applicable,Medium: 5307 - 9745
AluDoor,Armored Security Door,Entrance,Steel,Armored,Main Entrance,100x220 cm,High,8.9,Piece,Fixed,1,Apartment,False,11339,Doors,Entrance,Not Applicable,High: > 9745
Security Doors,Armored Security Door,Entrance,Steel,Armored,Main Entrance,100x220 cm,High,8.9,Piece,Fixed,1,Apartment,False,12658,Doors,Entrance,Not Applicable,High: > 9745
DoorTech,Armored Security Door,Entrance,Steel,Armored,Main Entrance,100x220 cm,High,8.9,Piece,Fixed,1,Apartment,False,10749,Doors,Entrance,Not Applicable,High: > 9745
DoorTech,Armored Security Door,Entrance,Steel,Armored,Main Entrance,100x220 cm,High,8.9,Piece,Fixed,1,Apartment,False,13696,Doors,Entrance,Not Applicable,High: > 9745
AluDoor,Interior MDF Door,Interior,MDF,Solid,Bedroom,90x210 cm,Low,7.2,Piece,Per_Room,1,Bedroom,False,3342,Doors,Interior,Not Applicable,Low: <= 5307
WoodCraft,Armored Security Door,Entrance,Steel,Armored,Main Entrance,100x220 cm,High,8.9,Piece,Fixed,1,Apartment,False,13393,Doors,Entrance,Not Applicable,High: > 9745
Security Doors,Aluminum Balcony Door,Balcony,Aluminum,Sliding,Balcony,180x220 cm,Medium,7.4,Piece,Per_Balcony,1,Balcony,False,7405,Doors,Balcony,Not Applicable,Medium: 5307 - 9745
DoorTech,Aluminum Balcony Door,Balcony,Aluminum,Sliding,Balcony,180x220 cm,Medium,7.4,Piece,Per_Balcony,1,Balcony,False,6991,Doors,Balcony,Not Applicable,Medium: 5307 - 9745
Security Doors,Aluminum Balcony Door,Balcony,Aluminum,Sliding,Balcony,180x220 cm,Medium,7.4,Piece,Per_Balcony,1,Balcony,False,5622,Doors,Balcony,Not Applicable,Medium: 5307 - 9745
WoodCraft,Armored Security Door,Entrance,Steel,Armored,Main Entrance,100x220 cm,High,8.9,Piece,Fixed,1,Apartment,False,12245,Doors,Entrance,Not Applicable,High: > 9745
DoorTech,Aluminum Balcony Door,Balcony,Aluminum,Sliding,Balcony,180x220 cm,Medium,7.4,Piece,Per_Balcony,1,Balcony,False,5502,Doors,Balcony,Not Applicable,Medium: 5307 - 9745
WoodCraft,Aluminum Balcony Door,Balcony,Aluminum,Sliding,Balcony,180x220 cm,Medium,7.4,Piece,Per_Balcony,1,Balcony,False,6520,Doors,Balcony,Not Applicable,Medium: 5307 - 9745
DoorTech,Armored Security Door,Entrance,Steel,Armored,Main Entrance,100x220 cm,High,8.9,Piece,Fixed,1,Apartment,False,10710,Doors,Entrance,Not Applicable,High: > 9745
DoorTech,Aluminum Balcony Door,Balcony,Aluminum,Sliding,Balcony,180x220 cm,Low,7.4,Piece,Per_Balcony,1,Balcony,False,5077,Doors,Balcony,Not Applicable,Low: <= 5307
DoorTech,Interior MDF Door,Interior,MDF,Solid,Bedroom,90x210 cm,Low,7.2,Piece,Per_Room,1,Bedroom,False,3850,Doors,Interior,Not Applicable,Low: <= 5307
AluDoor,Interior MDF Door,Interior,MDF,Solid,Bedroom,90x210 cm,Low,7.2,Piece,Per_Room,1,Bedroom,False,4024,Doors,Interior,Not Applicable,Low: <= 5307
AluDoor,Armored Security Door,Entrance,Steel,Armored,Main Entrance,100x220 cm,High,8.9,Piece,Fixed,1,Apartment,False,14472,Doors,Entrance,Not Applicable,High: > 9745
DoorTech,Aluminum Balcony Door,Balcony,Aluminum,Sliding,Balcony,180x220 cm,Medium,7.4,Piece,Per_Balcony,1,Balcony,False,5350,Doors,Balcony,Not Applicable,Medium: 5307 - 9745
WoodCraft,Armored Security Door,Entrance,Steel,Armored,Main Entrance,100x220 cm,High,8.9,Piece,Fixed,1,Apartment,False,11727,Doors,Entrance,Not Applicable,High: > 9745
DoorTech,Armored Security Door,Entrance,Steel,Armored,Main Entrance,100x220 cm,Medium,8.9,Piece,Fixed,1,Apartment,False,9725,Doors,Entrance,Not Applicable,Medium: 5307 - 9745
WoodCraft,Armored Security Door,Entrance,Steel,Armored,Main Entrance,100x220 cm,High,8.9,Piece,Fixed,1,Apartment,False,10341,Doors,Entrance,Not Applicable,High: > 9745
DoorTech,Armored Security Door,Entrance,Steel,Armored,Main Entrance,100x220 cm,High,8.9,Piece,Fixed,1,Apartment,False,13819,Doors,Entrance,Not Applicable,High: > 9745
WoodCraft,Interior MDF Door,Interior,MDF,Solid,Bedroom,90x210 cm,Low,7.2,Piece,Per_Room,1,Bedroom,False,3263,Doors,Interior,Not Applicable,Low: <= 5307
WPC Brand,Armored Security Door,Entrance,Steel,Armored,Main Entrance,100x220 cm,High,8.9,Piece,Fixed,1,Apartment,False,11142,Doors,Entrance,Not Applicable,High: > 9745
WoodCraft,Armored Security Door,Entrance,Steel,Armored,Main Entrance,100x220 cm,High,8.9,Piece,Fixed,1,Apartment,False,11483,Doors,Entrance,Not Applicable,High: > 9745
DoorTech,Armored Security Door,Entrance,Steel,Armored,Main Entrance,100x220 cm,High,8.9,Piece,Fixed,1,Apartment,False,10989,Doors,Entrance,Not Applicable,High: > 9745
WoodCraft,Interior MDF Door,Interior,MDF,Solid,Bedroom,90x210 cm,Low,7.2,Piece,Per_Room,1,Bedroom,False,5040,Doors,Interior,Not Applicable,Low: <= 5307
WPC Brand,Armored Security Door,Entrance,Steel,Armored,Main Entrance,100x220 cm,High,8.9,Piece,Fixed,1,Apartment,False,10648,Doors,Entrance,Not Applicable,High: > 9745
DoorTech,Aluminum Balcony Door,Balcony,Aluminum,Sliding,Balcony,180x220 cm,Medium,7.4,Piece,Per_Balcony,1,Balcony,False,6444,Doors,Balcony,Not Applicable,Medium: 5307 - 9745
WPC Brand,Aluminum Balcony Door,Balcony,Aluminum,Sliding,Balcony,180x220 cm,Medium,7.4,Piece,Per_Balcony,1,Balcony,False,5715,Doors,Balcony,Not Applicable,Medium: 5307 - 9745
AluDoor,Aluminum Balcony Door,Balcony,Aluminum,Sliding,Balcony,180x220 cm,Medium,7.4,Piece,Per_Balcony,1,Balcony,False,6167,Doors,Balcony,Not Applicable,Medium: 5307 - 9745
Security Doors,Aluminum Balcony Door,Balcony,Aluminum,Sliding,Balcony,180x220 cm,Medium,7.4,Piece,Per_Balcony,1,Balcony,False,6022,Doors,Balcony,Not Applicable,Medium: 5307 - 9745
AluDoor,Armored Security Door,Entrance,Steel,Armored,Main Entrance,100x220 cm,High,8.9,Piece,Fixed,1,Apartment,False,11048,Doors,Entrance,Not Applicable,High: > 9745
WoodCraft,Interior MDF Door,Interior,MDF,Solid,Bedroom,90x210 cm,Medium,7.2,Piece,Per_Room,1,Bedroom,False,5743,Doors,Interior,Not Applicable,Medium: 5307 - 9745
Security Doors,Aluminum Balcony Door,Balcony,Aluminum,Sliding,Balcony,180x220 cm,Medium,7.4,Piece,Per_Balcony,1,Balcony,False,5627,Doors,Balcony,Not Applicable,Medium: 5307 - 9745
DoorTech,Interior MDF Door,Interior,MDF,Solid,Bedroom,90x210 cm,Low,7.2,Piece,Per_Room,1,Bedroom,False,3354,Doors,Interior,Not Applicable,Low: <= 5307
Security Doors,Armored Security Door,Entrance,Steel,Armored,Main Entrance,100x220 cm,High,8.9,Piece,Fixed,1,Apartment,False,13866,Doors,Entrance,Not Applicable,High: > 9745
DoorTech,Interior MDF Door,Interior,MDF,Solid,Bedroom,90x210 cm,Low,7.2,Piece,Per_Room,1,Bedroom,False,3742,Doors,Interior,Not Applicable,Low: <= 5307
AluDoor,Interior MDF Door,Interior,MDF,Solid,Bedroom,90x210 cm,Low,7.2,Piece,Per_Room,1,Bedroom,False,3402,Doors,Interior,Not Applicable,Low: <= 5307
WoodCraft,Aluminum Balcony Door,Balcony,Aluminum,Sliding,Balcony,180x220 cm,Low,7.4,Piece,Per_Balcony,1,Balcony,False,4623,Doors,Balcony,Not Applicable,Low: <= 5307
Security Doors,Armored Security Door,Entrance,Steel,Armored,Main Entrance,100x220 cm,High,8.9,Piece,Fixed,1,Apartment,False,14098,Doors,Entrance,Not Applicable,High: > 9745
AluDoor,Armored Security Door,Entrance,Steel,Armored,Main Entrance,100x220 cm,High,8.9,Piece,Fixed,1,Apartment,False,10565,Doors,Entrance,Not Applicable,High: > 9745
WoodCraft,Armored Security Door,Entrance,Steel,Armored,Main Entrance,100x220 cm,High,8.9,Piece,Fixed,1,Apartment,False,10069,Doors,Entrance,Not Applicable,High: > 9745
AluDoor,Interior MDF Door,Interior,MDF,Solid,Bedroom,90x210 cm,Low,7.2,Piece,Per_Room,1,Bedroom,False,4457,Doors,Interior,Not Applicable,Low: <= 5307
WoodCraft,Armored Security Door,Entrance,Steel,Armored,Main Entrance,100x220 cm,High,8.9,Piece,Fixed,1,Apartment,False,13792,Doors,Entrance,Not Applicable,High: > 9745
WPC Brand,Armored Security Door,Entrance,Steel,Armored,Main Entrance,100x220 cm,High,8.9,Piece,Fixed,1,Apartment,False,13333,Doors,Entrance,Not Applicable,High: > 9745
WoodCraft,Aluminum Balcony Door,Balcony,Aluminum,Sliding,Balcony,180x220 cm,Medium,7.4,Piece,Per_Balcony,1,Balcony,False,6132,Doors,Balcony,Not Applicable,Medium: 5307 - 9745
WPC Brand,Aluminum Balcony Door,Balcony,Aluminum,Sliding,Balcony,180x220 cm,Low,7.4,Piece,Per_Balcony,1,Balcony,False,5162,Doors,Balcony,Not Applicable,Low: <= 5307
AluDoor,Aluminum Balcony Door,Balcony,Aluminum,Sliding,Balcony,180x220 cm,Medium,7.4,Piece,Per_Balcony,1,Balcony,False,6625,Doors,Balcony,Not Applicable,Medium: 5307 - 9745
Security Doors,Armored Security Door,Entrance,Steel,Armored,Main Entrance,100x220 cm,High,8.9,Piece,Fixed,1,Apartment,False,12815,Doors,Entrance,Not Applicable,High: > 9745
WoodCraft,Interior MDF Door,Interior,MDF,Solid,Bedroom,90x210 cm,Medium,7.2,Piece,Per_Room,1,Bedroom,False,5444,Doors,Interior,Not Applicable,Medium: 5307 - 9745
WPC Brand,Armored Security Door,Entrance,Steel,Armored,Main Entrance,100x220 cm,High,8.9,Piece,Fixed,1,Apartment,False,13346,Doors,Entrance,Not Applicable,High: > 9745
AluDoor,Aluminum Balcony Door,Balcony,Aluminum,Sliding,Balcony,180x220 cm,Low,7.4,Piece,Per_Balcony,1,Balcony,False,5150,Doors,Balcony,Not Applicable,Low: <= 5307
WoodCraft,Armored Security Door,Entrance,Steel,Armored,Main Entrance,100x220 cm,High,8.9,Piece,Fixed,1,Apartment,False,12955,Doors,Entrance,Not Applicable,High: > 9745
WoodCraft,Aluminum Balcony Door,Balcony,Aluminum,Sliding,Balcony,180x220 cm,Medium,7.4,Piece,Per_Balcony,1,Balcony,False,7135,Doors,Balcony,Not Applicable,Medium: 5307 - 9745
WPC Brand,Aluminum Balcony Door,Balcony,Aluminum,Sliding,Balcony,180x220 cm,Medium,7.4,Piece,Per_Balcony,1,Balcony,False,6360,Doors,Balcony,Not Applicable,Medium: 5307 - 9745
DoorTech,Aluminum Balcony Door,Balcony,Aluminum,Sliding,Balcony,180x220 cm,Medium,7.4,Piece,Per_Balcony,1,Balcony,False,6917,Doors,Balcony,Not Applicable,Medium: 5307 - 9745
AluDoor,Armored Security Door,Entrance,Steel,Armored,Main Entrance,100x220 cm,High,8.9,Piece,Fixed,1,Apartment,False,13178,Doors,Entrance,Not Applicable,High: > 9745
WPC Brand,Armored Security Door,Entrance,Steel,Armored,Main Entrance,100x220 cm,High,8.9,Piece,Fixed,1,Apartment,False,9943,Doors,Entrance,Not Applicable,High: > 9745
WPC Brand,Aluminum Balcony Door,Balcony,Aluminum,Sliding,Balcony,180x220 cm,Medium,7.4,Piece,Per_Balcony,1,Balcony,False,5563,Doors,Balcony,Not Applicable,Medium: 5307 - 9745
Security Doors,Interior MDF Door,Interior,MDF,Solid,Bedroom,90x210 cm,Low,7.2,Piece,Per_Room,1,Bedroom,False,3687,Doors,Interior,Not Applicable,Low: <= 5307
Security Doors,Armored Security Door,Entrance,Steel,Armored,Main Entrance,100x220 cm,High,8.9,Piece,Fixed,1,Apartment,False,14417,Doors,Entrance,Not Applicable,High: > 9745
AluDoor,Armored Security Door,Entrance,Steel,Armored,Main Entrance,100x220 cm,High,8.9,Piece,Fixed,1,Apartment,False,10654,Doors,Entrance,Not Applicable,High: > 9745
WPC Brand,Aluminum Balcony Door,Balcony,Aluminum,Sliding,Balcony,180x220 cm,Low,7.4,Piece,Per_Balcony,1,Balcony,False,4950,Doors,Balcony,Not Applicable,Low: <= 5307
AluDoor,Aluminum Balcony Door,Balcony,Aluminum,Sliding,Balcony,180x220 cm,Medium,7.4,Piece,Per_Balcony,1,Balcony,False,6531,Doors,Balcony,Not Applicable,Medium: 5307 - 9745
Security Doors,Armored Security Door,Entrance,Steel,Armored,Main Entrance,100x220 cm,High,8.9,Piece,Fixed,1,Apartment,False,13893,Doors,Entrance,Not Applicable,High: > 9745
WoodCraft,Armored Security Door,Entrance,Steel,Armored,Main Entrance,100x220 cm,High,8.9,Piece,Fixed,1,Apartment,False,12734,Doors,Entrance,Not Applicable,High: > 9745
DoorTech,Interior MDF Door,Interior,MDF,Solid,Bedroom,90x210 cm,Medium,7.2,Piece,Per_Room,1,Bedroom,False,5508,Doors,Interior,Not Applicable,Medium: 5307 - 9745
AluDoor,Interior MDF Door,Interior,MDF,Solid,Bedroom,90x210 cm,Low,7.2,Piece,Per_Room,1,Bedroom,False,4103,Doors,Interior,Not Applicable,Low: <= 5307
WPC Brand,Interior MDF Door,Interior,MDF,Solid,Bedroom,90x210 cm,Medium,7.2,Piece,Per_Room,1,Bedroom,False,5425,Doors,Interior,Not Applicable,Medium: 5307 - 9745
Security Doors,Armored Security Door,Entrance,Steel,Armored,Main Entrance,100x220 cm,High,8.9,Piece,Fixed,1,Apartment,False,12913,Doors,Entrance,Not Applicable,High: > 9745
DoorTech,Armored Security Door,Entrance,Steel,Armored,Main Entrance,100x220 cm,Medium,8.9,Piece,Fixed,1,Apartment,False,9657,Doors,Entrance,Not Applicable,Medium: 5307 - 9745
DoorTech,Interior MDF Door,Interior,MDF,Solid,Bedroom,90x210 cm,Low,7.2,Piece,Per_Room,1,Bedroom,False,3462,Doors,Interior,Not Applicable,Low: <= 5307
WoodCraft,Armored Security Door,Entrance,Steel,Armored,Main Entrance,100x220 cm,High,8.9,Piece,Fixed,1,Apartment,False,14204,Doors,Entrance,Not Applicable,High: > 9745
DoorTech,Aluminum Balcony Door,Balcony,Aluminum,Sliding,Balcony,180x220 cm,Medium,7.4,Piece,Per_Balcony,1,Balcony,False,6306,Doors,Balcony,Not Applicable,Medium: 5307 - 9745
Security Doors,Armored Security Door,Entrance,Steel,Armored,Main Entrance,100x220 cm,High,8.9,Piece,Fixed,1,Apartment,False,13861,Doors,Entrance,Not Applicable,High: > 9745
AluDoor,Aluminum Balcony Door,Balcony,Aluminum,Sliding,Balcony,180x220 cm,Medium,7.4,Piece,Per_Balcony,1,Balcony,False,6849,Doors,Balcony,Not Applicable,Medium: 5307 - 9745
Security Doors,Armored Security Door,Entrance,Steel,Armored,Main Entrance,100x220 cm,High,8.9,Piece,Fixed,1,Apartment,False,12959,Doors,Entrance,Not Applicable,High: > 9745
AluDoor,Armored Security Door,Entrance,Steel,Armored,Main Entrance,100x220 cm,High,8.9,Piece,Fixed,1,Apartment,False,13249,Doors,Entrance,Not Applicable,High: > 9745
AluDoor,Interior MDF Door,Interior,MDF,Solid,Bedroom,90x210 cm,Low,7.2,Piece,Per_Room,1,Bedroom,False,4187,Doors,Interior,Not Applicable,Low: <= 5307
AluDoor,Aluminum Balcony Door,Balcony,Aluminum,Sliding,Balcony,180x220 cm,Medium,7.4,Piece,Per_Balcony,1,Balcony,False,6559,Doors,Balcony,Not Applicable,Medium: 5307 - 9745
DoorTech,Interior MDF Door,Interior,MDF,Solid,Bedroom,90x210 cm,Medium,7.2,Piece,Per_Room,1,Bedroom,False,5456,Doors,Interior,Not Applicable,Medium: 5307 - 9745
WoodCraft,Interior MDF Door,Interior,MDF,Solid,Bedroom,90x210 cm,Low,7.2,Piece,Per_Room,1,Bedroom,False,4259,Doors,Interior,Not Applicable,Low: <= 5307
WoodCraft,Aluminum Balcony Door,Balcony,Aluminum,Sliding,Balcony,180x220 cm,Low,7.4,Piece,Per_Balcony,1,Balcony,False,4761,Doors,Balcony,Not Applicable,Low: <= 5307
Security Doors,Aluminum Balcony Door,Balcony,Aluminum,Sliding,Balcony,180x220 cm,Medium,7.4,Piece,Per_Balcony,1,Balcony,False,7400,Doors,Balcony,Not Applicable,Medium: 5307 - 9745
Security Doors,Interior MDF Door,Interior,MDF,Solid,Bedroom,90x210 cm,Low,7.2,Piece,Per_Room,1,Bedroom,False,3223,Doors,Interior,Not Applicable,Low: <= 5307
WoodCraft,Interior MDF Door,Interior,MDF,Solid,Bedroom,90x210 cm,Low,7.2,Piece,Per_Room,1,Bedroom,False,3643,Doors,Interior,Not Applicable,Low: <= 5307
WoodCraft,Armored Security Door,Entrance,Steel,Armored,Main Entrance,100x220 cm,High,8.9,Piece,Fixed,1,Apartment,False,13295,Doors,Entrance,Not Applicable,High: > 9745
Security Doors,Armored Security Door,Entrance,Steel,Armored,Main Entrance,100x220 cm,High,8.9,Piece,Fixed,1,Apartment,False,11065,Doors,Entrance,Not Applicable,High: > 9745
Security Doors,Interior MDF Door,Interior,MDF,Solid,Bedroom,90x210 cm,Low,7.2,Piece,Per_Room,1,Bedroom,False,4240,Doors,Interior,Not Applicable,Low: <= 5307
WoodCraft,Aluminum Balcony Door,Balcony,Aluminum,Sliding,Balcony,180x220 cm,Medium,7.4,Piece,Per_Balcony,1,Balcony,False,6479,Doors,Balcony,Not Applicable,Medium: 5307 - 9745
DoorTech,Armored Security Door,Entrance,Steel,Armored,Main Entrance,100x220 cm,High,8.9,Piece,Fixed,1,Apartment,False,10463,Doors,Entrance,Not Applicable,High: > 9745
WoodCraft,Aluminum Balcony Door,Balcony,Aluminum,Sliding,Balcony,180x220 cm,Low,7.4,Piece,Per_Balcony,1,Balcony,False,4658,Doors,Balcony,Not Applicable,Low: <= 5307
WPC Brand,Armored Security Door,Entrance,Steel,Armored,Main Entrance,100x220 cm,High,8.9,Piece,Fixed,1,Apartment,False,12315,Doors,Entrance,Not Applicable,High: > 9745
Security Doors,Interior MDF Door,Interior,MDF,Solid,Bedroom,90x210 cm,Low,7.2,Piece,Per_Room,1,Bedroom,False,4495,Doors,Interior,Not Applicable,Low: <= 5307
WoodCraft,Aluminum Balcony Door,Balcony,Aluminum,Sliding,Balcony,180x220 cm,Medium,7.4,Piece,Per_Balcony,1,Balcony,False,6733,Doors,Balcony,Not Applicable,Medium: 5307 - 9745
DoorTech,Interior MDF Door,Interior,MDF,Solid,Bedroom,90x210 cm,Low,7.2,Piece,Per_Room,1,Bedroom,False,4744,Doors,Interior,Not Applicable,Low: <= 5307
DoorTech,Interior MDF Door,Interior,MDF,Solid,Bedroom,90x210 cm,Medium,7.2,Piece,Per_Room,1,Bedroom,False,5765,Doors,Interior,Not Applicable,Medium: 5307 - 9745
DoorTech,Armored Security Door,Entrance,Steel,Armored,Main Entrance,100x220 cm,High,8.9,Piece,Fixed,1,Apartment,False,10794,Doors,Entrance,Not Applicable,High: > 9745
DoorTech,Aluminum Balcony Door,Balcony,Aluminum,Sliding,Balcony,180x220 cm,Medium,7.4,Piece,Per_Balcony,1,Balcony,False,7209,Doors,Balcony,Not Applicable,Medium: 5307 - 9745
WPC Brand,Interior MDF Door,Interior,MDF,Solid,Bedroom,90x210 cm,Low,7.2,Piece,Per_Room,1,Bedroom,False,4588,Doors,Interior,Not Applicable,Low: <= 5307
WoodCraft,Armored Security Door,Entrance,Steel,Armored,Main Entrance,100x220 cm,High,8.9,Piece,Fixed,1,Apartment,False,12768,Doors,Entrance,Not Applicable,High: > 9745
WoodCraft,Interior MDF Door,Interior,MDF,Solid,Bedroom,90x210 cm,Low,7.2,Piece,Per_Room,1,Bedroom,False,5156,Doors,Interior,Not Applicable,Low: <= 5307
WoodCraft,Aluminum Balcony Door,Balcony,Aluminum,Sliding,Balcony,180x220 cm,Low,7.4,Piece,Per_Balcony,1,Balcony,False,5077,Doors,Balcony,Not Applicable,Low: <= 5307
AluDoor,Interior MDF Door,Interior,MDF,Solid,Bedroom,90x210 cm,Low,7.2,Piece,Per_Room,1,Bedroom,False,3741,Doors,Interior,Not Applicable,Low: <= 5307
Security Doors,Aluminum Balcony Door,Balcony,Aluminum,Sliding,Balcony,180x220 cm,Medium,7.4,Piece,Per_Balcony,1,Balcony,False,5571,Doors,Balcony,Not Applicable,Medium: 5307 - 9745
WoodCraft,Armored Security Door,Entrance,Steel,Armored,Main Entrance,100x220 cm,High,8.9,Piece,Fixed,1,Apartment,False,11710,Doors,Entrance,Not Applicable,High: > 9745
AluDoor,Aluminum Balcony Door,Balcony,Aluminum,Sliding,Balcony,180x220 cm,Medium,7.4,Piece,Per_Balcony,1,Balcony,False,7040,Doors,Balcony,Not Applicable,Medium: 5307 - 9745
DoorTech,Aluminum Balcony Door,Balcony,Aluminum,Sliding,Balcony,180x220 cm,Medium,7.4,Piece,Per_Balcony,1,Balcony,False,5624,Doors,Balcony,Not Applicable,Medium: 5307 - 9745
Security Doors,Aluminum Balcony Door,Balcony,Aluminum,Sliding,Balcony,180x220 cm,Medium,7.4,Piece,Per_Balcony,1,Balcony,False,7472,Doors,Balcony,Not Applicable,Medium: 5307 - 9745
Security Doors,Interior MDF Door,Interior,MDF,Solid,Bedroom,90x210 cm,Low,7.2,Piece,Per_Room,1,Bedroom,False,3658,Doors,Interior,Not Applicable,Low: <= 5307
WoodCraft,Aluminum Balcony Door,Balcony,Aluminum,Sliding,Balcony,180x220 cm,Medium,7.4,Piece,Per_Balcony,1,Balcony,False,6497,Doors,Balcony,Not Applicable,Medium: 5307 - 9745
WoodCraft,Interior MDF Door,Interior,MDF,Solid,Bedroom,90x210 cm,Low,7.2,Piece,Per_Room,1,Bedroom,False,4289,Doors,Interior,Not Applicable,Low: <= 5307
WPC Brand,Aluminum Balcony Door,Balcony,Aluminum,Sliding,Balcony,180x220 cm,Low,7.4,Piece,Per_Balcony,1,Balcony,False,4751,Doors,Balcony,Not Applicable,Low: <= 5307
WPC Brand,Armored Security Door,Entrance,Steel,Armored,Main Entrance,100x220 cm,High,8.9,Piece,Fixed,1,Apartment,False,13188,Doors,Entrance,Not Applicable,High: > 9745
WoodCraft,Aluminum Balcony Door,Balcony,Aluminum,Sliding,Balcony,180x220 cm,Medium,7.4,Piece,Per_Balcony,1,Balcony,False,6263,Doors,Balcony,Not Applicable,Medium: 5307 - 9745
AluDoor,Interior MDF Door,Interior,MDF,Solid,Bedroom,90x210 cm,Low,7.2,Piece,Per_Room,1,Bedroom,False,3353,Doors,Interior,Not Applicable,Low: <= 5307
WoodCraft,Armored Security Door,Entrance,Steel,Armored,Main Entrance,100x220 cm,High,8.9,Piece,Fixed,1,Apartment,False,14218,Doors,Entrance,Not Applicable,High: > 9745
WoodCraft,Aluminum Balcony Door,Balcony,Aluminum,Sliding,Balcony,180x220 cm,Medium,7.4,Piece,Per_Balcony,1,Balcony,False,7203,Doors,Balcony,Not Applicable,Medium: 5307 - 9745
Security Doors,Armored Security Door,Entrance,Steel,Armored,Main Entrance,100x220 cm,High,8.9,Piece,Fixed,1,Apartment,False,12568,Doors,Entrance,Not Applicable,High: > 9745
Security Doors,Armored Security Door,Entrance,Steel,Armored,Main Entrance,100x220 cm,High,8.9,Piece,Fixed,1,Apartment,False,13535,Doors,Entrance,Not Applicable,High: > 9745
WPC Brand,Armored Security Door,Entrance,Steel,Armored,Main Entrance,100x220 cm,High,8.9,Piece,Fixed,1,Apartment,False,14141,Doors,Entrance,Not Applicable,High: > 9745
DoorTech,Interior MDF Door,Interior,MDF,Solid,Bedroom,90x210 cm,Low,7.2,Piece,Per_Room,1,Bedroom,False,5025,Doors,Interior,Not Applicable,Low: <= 5307
Security Doors,Armored Security Door,Entrance,Steel,Armored,Main Entrance,100x220 cm,High,8.9,Piece,Fixed,1,Apartment,False,11027,Doors,Entrance,Not Applicable,High: > 9745
Security Doors,Aluminum Balcony Door,Balcony,Aluminum,Sliding,Balcony,180x220 cm,Medium,7.4,Piece,Per_Balcony,1,Balcony,False,6266,Doors,Balcony,Not Applicable,Medium: 5307 - 9745
WPC Brand,Armored Security Door,Entrance,Steel,Armored,Main Entrance,100x220 cm,High,8.9,Piece,Fixed,1,Apartment,False,10431,Doors,Entrance,Not Applicable,High: > 9745
Security Doors,Armored Security Door,Entrance,Steel,Armored,Main Entrance,100x220 cm,High,8.9,Piece,Fixed,1,Apartment,False,9945,Doors,Entrance,Not Applicable,High: > 9745
AluDoor,Armored Security Door,Entrance,Steel,Armored,Main Entrance,100x220 cm,High,8.9,Piece,Fixed,1,Apartment,False,11892,Doors,Entrance,Not Applicable,High: > 9745
AluDoor,Aluminum Balcony Door,Balcony,Aluminum,Sliding,Balcony,180x220 cm,Medium,7.4,Piece,Per_Balcony,1,Balcony,False,5428,Doors,Balcony,Not Applicable,Medium: 5307 - 9745
WPC Brand,Armored Security Door,Entrance,Steel,Armored,Main Entrance,100x220 cm,High,8.9,Piece,Fixed,1,Apartment,False,12099,Doors,Entrance,Not Applicable,High: > 9745
WPC Brand,Aluminum Balcony Door,Balcony,Aluminum,Sliding,Balcony,180x220 cm,Low,7.4,Piece,Per_Balcony,1,Balcony,False,4871,Doors,Balcony,Not Applicable,Low: <= 5307
AluDoor,Aluminum Balcony Door,Balcony,Aluminum,Sliding,Balcony,180x220 cm,Medium,7.4,Piece,Per_Balcony,1,Balcony,False,6436,Doors,Balcony,Not Applicable,Medium: 5307 - 9745
Security Doors,Aluminum Balcony Door,Balcony,Aluminum,Sliding,Balcony,180x220 cm,Medium,7.4,Piece,Per_Balcony,1,Balcony,False,7115,Doors,Balcony,Not Applicable,Medium: 5307 - 9745
Security Doors,Aluminum Balcony Door,Balcony,Aluminum,Sliding,Balcony,180x220 cm,Medium,7.4,Piece,Per_Balcony,1,Balcony,False,5701,Doors,Balcony,Not Applicable,Medium: 5307 - 9745
AluDoor,Armored Security Door,Entrance,Steel,Armored,Main Entrance,100x220 cm,High,8.9,Piece,Fixed,1,Apartment,False,12105,Doors,Entrance,Not Applicable,High: > 9745
WPC Brand,Interior MDF Door,Interior,MDF,Solid,Bedroom,90x210 cm,Low,7.2,Piece,Per_Room,1,Bedroom,False,5247,Doors,Interior,Not Applicable,Low: <= 5307
Security Doors,Aluminum Balcony Door,Balcony,Aluminum,Sliding,Balcony,180x220 cm,Medium,7.4,Piece,Per_Balcony,1,Balcony,False,6307,Doors,Balcony,Not Applicable,Medium: 5307 - 9745
WPC Brand,Aluminum Balcony Door,Balcony,Aluminum,Sliding,Balcony,180x220 cm,Low,7.4,Piece,Per_Balcony,1,Balcony,False,4619,Doors,Balcony,Not Applicable,Low: <= 5307
Security Doors,Armored Security Door,Entrance,Steel,Armored,Main Entrance,100x220 cm,High,8.9,Piece,Fixed,1,Apartment,False,13752,Doors,Entrance,Not Applicable,High: > 9745
AluDoor,Interior MDF Door,Interior,MDF,Solid,Bedroom,90x210 cm,Low,7.2,Piece,Per_Room,1,Bedroom,False,4041,Doors,Interior,Not Applicable,Low: <= 5307
WoodCraft,Interior MDF Door,Interior,MDF,Solid,Bedroom,90x210 cm,Low,7.2,Piece,Per_Room,1,Bedroom,False,3702,Doors,Interior,Not Applicable,Low: <= 5307
DoorTech,Armored Security Door,Entrance,Steel,Armored,Main Entrance,100x220 cm,High,8.9,Piece,Fixed,1,Apartment,False,10129,Doors,Entrance,Not Applicable,High: > 9745
WPC Brand,Armored Security Door,Entrance,Steel,Armored,Main Entrance,100x220 cm,High,8.9,Piece,Fixed,1,Apartment,False,14438,Doors,Entrance,Not Applicable,High: > 9745
WPC Brand,Interior MDF Door,Interior,MDF,Solid,Bedroom,90x210 cm,Low,7.2,Piece,Per_Room,1,Bedroom,False,4534,Doors,Interior,Not Applicable,Low: <= 5307
WoodCraft,Interior MDF Door,Interior,MDF,Solid,Bedroom,90x210 cm,Medium,7.2,Piece,Per_Room,1,Bedroom,False,5553,Doors,Interior,Not Applicable,Medium: 5307 - 9745
WPC Brand,Armored Security Door,Entrance,Steel,Armored,Main Entrance,100x220 cm,High,8.9,Piece,Fixed,1,Apartment,False,11394,Doors,Entrance,Not Applicable,High: > 9745
Security Doors,Aluminum Balcony Door,Balcony,Aluminum,Sliding,Balcony,180x220 cm,Medium,7.4,Piece,Per_Balcony,1,Balcony,False,5846,Doors,Balcony,Not Applicable,Medium: 5307 - 9745
AluDoor,Armored Security Door,Entrance,Steel,Armored,Main Entrance,100x220 cm,High,8.9,Piece,Fixed,1,Apartment,False,11706,Doors,Entrance,Not Applicable,High: > 9745
Security Doors,Interior MDF Door,Interior,MDF,Solid,Bedroom,90x210 cm,Low,7.2,Piece,Per_Room,1,Bedroom,False,5089,Doors,Interior,Not Applicable,Low: <= 5307
DoorTech,Aluminum Balcony Door,Balcony,Aluminum,Sliding,Balcony,180x220 cm,Medium,7.4,Piece,Per_Balcony,1,Balcony,False,6004,Doors,Balcony,Not Applicable,Medium: 5307 - 9745
AluDoor,Aluminum Balcony Door,Balcony,Aluminum,Sliding,Balcony,180x220 cm,Medium,7.4,Piece,Per_Balcony,1,Balcony,False,5409,Doors,Balcony,Not Applicable,Medium: 5307 - 9745
Security Doors,Armored Security Door,Entrance,Steel,Armored,Main Entrance,100x220 cm,High,8.9,Piece,Fixed,1,Apartment,False,11357,Doors,Entrance,Not Applicable,High: > 9745
DoorTech,Interior MDF Door,Interior,MDF,Solid,Bedroom,90x210 cm,Low,7.2,Piece,Per_Room,1,Bedroom,False,4570,Doors,Interior,Not Applicable,Low: <= 5307
AluDoor,Interior MDF Door,Interior,MDF,Solid,Bedroom,90x210 cm,Low,7.2,Piece,Per_Room,1,Bedroom,False,4160,Doors,Interior,Not Applicable,Low: <= 5307
Security Doors,Armored Security Door,Entrance,Steel,Armored,Main Entrance,100x220 cm,High,8.9,Piece,Fixed,1,Apartment,False,12710,Doors,Entrance,Not Applicable,High: > 9745
Security Doors,Interior MDF Door,Interior,MDF,Solid,Bedroom,90x210 cm,Low,7.2,Piece,Per_Room,1,Bedroom,False,5139,Doors,Interior,Not Applicable,Low: <= 5307
AluDoor,Aluminum Balcony Door,Balcony,Aluminum,Sliding,Balcony,180x220 cm,Medium,7.4,Piece,Per_Balcony,1,Balcony,False,7476,Doors,Balcony,Not Applicable,Medium: 5307 - 9745
DoorTech,Aluminum Balcony Door,Balcony,Aluminum,Sliding,Balcony,180x220 cm,Low,7.4,Piece,Per_Balcony,1,Balcony,False,5243,Doors,Balcony,Not Applicable,Low: <= 5307
WPC Brand,Armored Security Door,Entrance,Steel,Armored,Main Entrance,100x220 cm,High,8.9,Piece,Fixed,1,Apartment,False,10092,Doors,Entrance,Not Applicable,High: > 9745
DoorTech,Aluminum Balcony Door,Balcony,Aluminum,Sliding,Balcony,180x220 cm,Medium,7.4,Piece,Per_Balcony,1,Balcony,False,5806,Doors,Balcony,Not Applicable,Medium: 5307 - 9745
WPC Brand,Interior MDF Door,Interior,MDF,Solid,Bedroom,90x210 cm,Low,7.2,Piece,Per_Room,1,Bedroom,False,3263,Doors,Interior,Not Applicable,Low: <= 5307
DoorTech,Interior MDF Door,Interior,MDF,Solid,Bedroom,90x210 cm,Low,7.2,Piece,Per_Room,1,Bedroom,False,5306,Doors,Interior,Not Applicable,Low: <= 5307
Security Doors,Aluminum Balcony Door,Balcony,Aluminum,Sliding,Balcony,180x220 cm,Medium,7.4,Piece,Per_Balcony,1,Balcony,False,7424,Doors,Balcony,Not Applicable,Medium: 5307 - 9745
DoorTech,Interior MDF Door,Interior,MDF,Solid,Bedroom,90x210 cm,Low,7.2,Piece,Per_Room,1,Bedroom,False,5274,Doors,Interior,Not Applicable,Low: <= 5307
WPC Brand,Interior MDF Door,Interior,MDF,Solid,Bedroom,90x210 cm,Low,7.2,Piece,Per_Room,1,Bedroom,False,4140,Doors,Interior,Not Applicable,Low: <= 5307
WPC Brand,Armored Security Door,Entrance,Steel,Armored,Main Entrance,100x220 cm,High,8.9,Piece,Fixed,1,Apartment,False,13523,Doors,Entrance,Not Applicable,High: > 9745
Security Doors,Aluminum Balcony Door,Balcony,Aluminum,Sliding,Balcony,180x220 cm,Low,7.4,Piece,Per_Balcony,1,Balcony,False,5146,Doors,Balcony,Not Applicable,Low: <= 5307
Security Doors,Interior MDF Door,Interior,MDF,Solid,Bedroom,90x210 cm,Low,7.2,Piece,Per_Room,1,Bedroom,False,4433,Doors,Interior,Not Applicable,Low: <= 5307
AluDoor,Aluminum Balcony Door,Balcony,Aluminum,Sliding,Balcony,180x220 cm,Medium,7.4,Piece,Per_Balcony,1,Balcony,False,5334,Doors,Balcony,Not Applicable,Medium: 5307 - 9745
DoorTech,Aluminum Balcony Door,Balcony,Aluminum,Sliding,Balcony,180x220 cm,Medium,7.4,Piece,Per_Balcony,1,Balcony,False,5740,Doors,Balcony,Not Applicable,Medium: 5307 - 9745
WPC Brand,Aluminum Balcony Door,Balcony,Aluminum,Sliding,Balcony,180x220 cm,Medium,7.4,Piece,Per_Balcony,1,Balcony,False,5741,Doors,Balcony,Not Applicable,Medium: 5307 - 9745
DoorTech,Aluminum Balcony Door,Balcony,Aluminum,Sliding,Balcony,180x220 cm,Low,7.4,Piece,Per_Balcony,1,Balcony,False,5024,Doors,Balcony,Not Applicable,Low: <= 5307
AluDoor,Interior MDF Door,Interior,MDF,Solid,Bedroom,90x210 cm,Low,7.2,Piece,Per_Room,1,Bedroom,False,3818,Doors,Interior,Not Applicable,Low: <= 5307
DoorTech,Armored Security Door,Entrance,Steel,Armored,Main Entrance,100x220 cm,High,8.9,Piece,Fixed,1,Apartment,False,12243,Doors,Entrance,Not Applicable,High: > 9745
DoorTech,Interior MDF Door,Interior,MDF,Solid,Bedroom,90x210 cm,Medium,7.2,Piece,Per_Room,1,Bedroom,False,5325,Doors,Interior,Not Applicable,Medium: 5307 - 9745
WoodCraft,Interior MDF Door,Interior,MDF,Solid,Bedroom,90x210 cm,Low,7.2,Piece,Per_Room,1,Bedroom,False,3486,Doors,Interior,Not Applicable,Low: <= 5307
DoorTech,Armored Security Door,Entrance,Steel,Armored,Main Entrance,100x220 cm,High,8.9,Piece,Fixed,1,Apartment,False,13925,Doors,Entrance,Not Applicable,High: > 9745
WoodCraft,Interior MDF Door,Interior,MDF,Solid,Bedroom,90x210 cm,Medium,7.2,Piece,Per_Room,1,Bedroom,False,5430,Doors,Interior,Not Applicable,Medium: 5307 - 9745
WoodCraft,Interior MDF Door,Interior,MDF,Solid,Bedroom,90x210 cm,Low,7.2,Piece,Per_Room,1,Bedroom,False,4159,Doors,Interior,Not Applicable,Low: <= 5307
WPC Brand,Aluminum Balcony Door,Balcony,Aluminum,Sliding,Balcony,180x220 cm,Medium,7.4,Piece,Per_Balcony,1,Balcony,False,6334,Doors,Balcony,Not Applicable,Medium: 5307 - 9745
AluDoor,Aluminum Balcony Door,Balcony,Aluminum,Sliding,Balcony,180x220 cm,Medium,7.4,Piece,Per_Balcony,1,Balcony,False,6041,Doors,Balcony,Not Applicable,Medium: 5307 - 9745
WoodCraft,Interior MDF Door,Interior,MDF,Solid,Bedroom,90x210 cm,Low,7.2,Piece,Per_Room,1,Bedroom,False,3872,Doors,Interior,Not Applicable,Low: <= 5307
AluDoor,Interior MDF Door,Interior,MDF,Solid,Bedroom,90x210 cm,Low,7.2,Piece,Per_Room,1,Bedroom,False,4301,Doors,Interior,Not Applicable,Low: <= 5307
Security Doors,Interior MDF Door,Interior,MDF,Solid,Bedroom,90x210 cm,Low,7.2,Piece,Per_Room,1,Bedroom,False,3806,Doors,Interior,Not Applicable,Low: <= 5307
AluDoor,Aluminum Balcony Door,Balcony,Aluminum,Sliding,Balcony,180x220 cm,Medium,7.4,Piece,Per_Balcony,1,Balcony,False,5815,Doors,Balcony,Not Applicable,Medium: 5307 - 9745
WPC Brand,Armored Security Door,Entrance,Steel,Armored,Main Entrance,100x220 cm,High,8.9,Piece,Fixed,1,Apartment,False,13693,Doors,Entrance,Not Applicable,High: > 9745
WoodCraft,Interior MDF Door,Interior,MDF,Solid,Bedroom,90x210 cm,Low,7.2,Piece,Per_Room,1,Bedroom,False,3257,Doors,Interior,Not Applicable,Low: <= 5307
AluDoor,Interior MDF Door,Interior,MDF,Solid,Bedroom,90x210 cm,Medium,7.2,Piece,Per_Room,1,Bedroom,False,5642,Doors,Interior,Not Applicable,Medium: 5307 - 9745
Security Doors,Aluminum Balcony Door,Balcony,Aluminum,Sliding,Balcony,180x220 cm,Medium,7.4,Piece,Per_Balcony,1,Balcony,False,7061,Doors,Balcony,Not Applicable,Medium: 5307 - 9745
DoorTech,Interior MDF Door,Interior,MDF,Solid,Bedroom,90x210 cm,Low,7.2,Piece,Per_Room,1,Bedroom,False,3747,Doors,Interior,Not Applicable,Low: <= 5307
WoodCraft,Armored Security Door,Entrance,Steel,Armored,Main Entrance,100x220 cm,High,8.9,Piece,Fixed,1,Apartment,False,12178,Doors,Entrance,Not Applicable,High: > 9745
Security Doors,Armored Security Door,Entrance,Steel,Armored,Main Entrance,100x220 cm,High,8.9,Piece,Fixed,1,Apartment,False,12930,Doors,Entrance,Not Applicable,High: > 9745
Security Doors,Aluminum Balcony Door,Balcony,Aluminum,Sliding,Balcony,180x220 cm,Medium,7.4,Piece,Per_Balcony,1,Balcony,False,6646,Doors,Balcony,Not Applicable,Medium: 5307 - 9745
WoodCraft,Aluminum Balcony Door,Balcony,Aluminum,Sliding,Balcony,180x220 cm,Medium,7.4,Piece,Per_Balcony,1,Balcony,False,5461,Doors,Balcony,Not Applicable,Medium: 5307 - 9745
DoorTech,Aluminum Balcony Door,Balcony,Aluminum,Sliding,Balcony,180x220 cm,Low,7.4,Piece,Per_Balcony,1,Balcony,False,4872,Doors,Balcony,Not Applicable,Low: <= 5307
DoorTech,Aluminum Balcony Door,Balcony,Aluminum,Sliding,Balcony,180x220 cm,Medium,7.4,Piece,Per_Balcony,1,Balcony,False,6825,Doors,Balcony,Not Applicable,Medium: 5307 - 9745
WoodCraft,Interior MDF Door,Interior,MDF,Solid,Bedroom,90x210 cm,Medium,7.2,Piece,Per_Room,1,Bedroom,False,5654,Doors,Interior,Not Applicable,Medium: 5307 - 9745
WoodCraft,Interior MDF Door,Interior,MDF,Solid,Bedroom,90x210 cm,Low,7.2,Piece,Per_Room,1,Bedroom,False,3283,Doors,Interior,Not Applicable,Low: <= 5307
WoodCraft,Armored Security Door,Entrance,Steel,Armored,Main Entrance,100x220 cm,High,8.9,Piece,Fixed,1,Apartment,False,14234,Doors,Entrance,Not Applicable,High: > 9745
DoorTech,Aluminum Balcony Door,Balcony,Aluminum,Sliding,Balcony,180x220 cm,Medium,7.4,Piece,Per_Balcony,1,Balcony,False,5683,Doors,Balcony,Not Applicable,Medium: 5307 - 9745
AluDoor,Armored Security Door,Entrance,Steel,Armored,Main Entrance,100x220 cm,High,8.9,Piece,Fixed,1,Apartment,False,13893,Doors,Entrance,Not Applicable,High: > 9745
WoodCraft,Armored Security Door,Entrance,Steel,Armored,Main Entrance,100x220 cm,High,8.9,Piece,Fixed,1,Apartment,False,13186,Doors,Entrance,Not Applicable,High: > 9745
DoorTech,Interior MDF Door,Interior,MDF,Solid,Bedroom,90x210 cm,Low,7.2,Piece,Per_Room,1,Bedroom,False,3550,Doors,Interior,Not Applicable,Low: <= 5307
AluDoor,Aluminum Balcony Door,Balcony,Aluminum,Sliding,Balcony,180x220 cm,Medium,7.4,Piece,Per_Balcony,1,Balcony,False,5893,Doors,Balcony,Not Applicable,Medium: 5307 - 9745
AluDoor,Aluminum Balcony Door,Balcony,Aluminum,Sliding,Balcony,180x220 cm,Medium,7.4,Piece,Per_Balcony,1,Balcony,False,6138,Doors,Balcony,Not Applicable,Medium: 5307 - 9745
DoorTech,Aluminum Balcony Door,Balcony,Aluminum,Sliding,Balcony,180x220 cm,Medium,7.4,Piece,Per_Balcony,1,Balcony,False,5933,Doors,Balcony,Not Applicable,Medium: 5307 - 9745
WoodCraft,Aluminum Balcony Door,Balcony,Aluminum,Sliding,Balcony,180x220 cm,Medium,7.4,Piece,Per_Balcony,1,Balcony,False,5337,Doors,Balcony,Not Applicable,Medium: 5307 - 9745
DoorTech,Armored Security Door,Entrance,Steel,Armored,Main Entrance,100x220 cm,Medium,8.9,Piece,Fixed,1,Apartment,False,9629,Doors,Entrance,Not Applicable,Medium: 5307 - 9745
WPC Brand,Aluminum Balcony Door,Balcony,Aluminum,Sliding,Balcony,180x220 cm,Medium,7.4,Piece,Per_Balcony,1,Balcony,False,7124,Doors,Balcony,Not Applicable,Medium: 5307 - 9745
DoorTech,Aluminum Balcony Door,Balcony,Aluminum,Sliding,Balcony,180x220 cm,Low,7.4,Piece,Per_Balcony,1,Balcony,False,4993,Doors,Balcony,Not Applicable,Low: <= 5307
AluDoor,Armored Security Door,Entrance,Steel,Armored,Main Entrance,100x220 cm,High,8.9,Piece,Fixed,1,Apartment,False,12279,Doors,Entrance,Not Applicable,High: > 9745
Security Doors,Armored Security Door,Entrance,Steel,Armored,Main Entrance,100x220 cm,High,8.9,Piece,Fixed,1,Apartment,False,12143,Doors,Entrance,Not Applicable,High: > 9745
WoodCraft,Interior MDF Door,Interior,MDF,Solid,Bedroom,90x210 cm,Low,7.2,Piece,Per_Room,1,Bedroom,False,5171,Doors,Interior,Not Applicable,Low: <= 5307
AluDoor,Interior MDF Door,Interior,MDF,Solid,Bedroom,90x210 cm,Low,7.2,Piece,Per_Room,1,Bedroom,False,4837,Doors,Interior,Not Applicable,Low: <= 5307
WPC Brand,Aluminum Balcony Door,Balcony,Aluminum,Sliding,Balcony,180x220 cm,Medium,7.4,Piece,Per_Balcony,1,Balcony,False,6603,Doors,Balcony,Not Applicable,Medium: 5307 - 9745
DoorTech,Armored Security Door,Entrance,Steel,Armored,Main Entrance,100x220 cm,High,8.9,Piece,Fixed,1,Apartment,False,11553,Doors,Entrance,Not Applicable,High: > 9745
Security Doors,Interior MDF Door,Interior,MDF,Solid,Bedroom,90x210 cm,Low,7.2,Piece,Per_Room,1,Bedroom,False,4551,Doors,Interior,Not Applicable,Low: <= 5307
DoorTech,Interior MDF Door,Interior,MDF,Solid,Bedroom,90x210 cm,Low,7.2,Piece,Per_Room,1,Bedroom,False,3736,Doors,Interior,Not Applicable,Low: <= 5307
Security Doors,Aluminum Balcony Door,Balcony,Aluminum,Sliding,Balcony,180x220 cm,Medium,7.4,Piece,Per_Balcony,1,Balcony,False,7315,Doors,Balcony,Not Applicable,Medium: 5307 - 9745
AluDoor,Aluminum Balcony Door,Balcony,Aluminum,Sliding,Balcony,180x220 cm,Medium,7.4,Piece,Per_Balcony,1,Balcony,False,6887,Doors,Balcony,Not Applicable,Medium: 5307 - 9745
Security Doors,Aluminum Balcony Door,Balcony,Aluminum,Sliding,Balcony,180x220 cm,Low,7.4,Piece,Per_Balcony,1,Balcony,False,4581,Doors,Balcony,Not Applicable,Low: <= 5307
WPC Brand,Interior MDF Door,Interior,MDF,Solid,Bedroom,90x210 cm,Low,7.2,Piece,Per_Room,1,Bedroom,False,4911,Doors,Interior,Not Applicable,Low: <= 5307
AluDoor,Interior MDF Door,Interior,MDF,Solid,Bedroom,90x210 cm,Low,7.2,Piece,Per_Room,1,Bedroom,False,4077,Doors,Interior,Not Applicable,Low: <= 5307
WoodCraft,Armored Security Door,Entrance,Steel,Armored,Main Entrance,100x220 cm,High,8.9,Piece,Fixed,1,Apartment,False,10636,Doors,Entrance,Not Applicable,High: > 9745
Security Doors,Aluminum Balcony Door,Balcony,Aluminum,Sliding,Balcony,180x220 cm,Medium,7.4,Piece,Per_Balcony,1,Balcony,False,5776,Doors,Balcony,Not Applicable,Medium: 5307 - 9745
DoorTech,Interior MDF Door,Interior,MDF,Solid,Bedroom,90x210 cm,Low,7.2,Piece,Per_Room,1,Bedroom,False,4994,Doors,Interior,Not Applicable,Low: <= 5307
Security Doors,Aluminum Balcony Door,Balcony,Aluminum,Sliding,Balcony,180x220 cm,Low,7.4,Piece,Per_Balcony,1,Balcony,False,5236,Doors,Balcony,Not Applicable,Low: <= 5307
AluDoor,Interior MDF Door,Interior,MDF,Solid,Bedroom,90x210 cm,Low,7.2,Piece,Per_Room,1,Bedroom,False,4038,Doors,Interior,Not Applicable,Low: <= 5307
WoodCraft,Armored Security Door,Entrance,Steel,Armored,Main Entrance,100x220 cm,High,8.9,Piece,Fixed,1,Apartment,False,10345,Doors,Entrance,Not Applicable,High: > 9745
AluDoor,Interior MDF Door,Interior,MDF,Solid,Bedroom,90x210 cm,Low,7.2,Piece,Per_Room,1,Bedroom,False,5012,Doors,Interior,Not Applicable,Low: <= 5307
WoodCraft,Interior MDF Door,Interior,MDF,Solid,Bedroom,90x210 cm,Low,7.2,Piece,Per_Room,1,Bedroom,False,3296,Doors,Interior,Not Applicable,Low: <= 5307
AluDoor,Interior MDF Door,Interior,MDF,Solid,Bedroom,90x210 cm,Low,7.2,Piece,Per_Room,1,Bedroom,False,3807,Doors,Interior,Not Applicable,Low: <= 5307
WPC Brand,Aluminum Balcony Door,Balcony,Aluminum,Sliding,Balcony,180x220 cm,Low,7.4,Piece,Per_Balcony,1,Balcony,False,4684,Doors,Balcony,Not Applicable,Low: <= 5307
WPC Brand,Interior MDF Door,Interior,MDF,Solid,Bedroom,90x210 cm,Low,7.2,Piece,Per_Room,1,Bedroom,False,4554,Doors,Interior,Not Applicable,Low: <= 5307
WPC Brand,Armored Security Door,Entrance,Steel,Armored,Main Entrance,100x220 cm,High,8.9,Piece,Fixed,1,Apartment,False,11818,Doors,Entrance,Not Applicable,High: > 9745
WPC Brand,Armored Security Door,Entrance,Steel,Armored,Main Entrance,100x220 cm,High,8.9,Piece,Fixed,1,Apartment,False,11939,Doors,Entrance,Not Applicable,High: > 9745
Security Doors,Armored Security Door,Entrance,Steel,Armored,Main Entrance,100x220 cm,High,8.9,Piece,Fixed,1,Apartment,False,14356,Doors,Entrance,Not Applicable,High: > 9745
AluDoor,Armored Security Door,Entrance,Steel,Armored,Main Entrance,100x220 cm,High,8.9,Piece,Fixed,1,Apartment,False,10758,Doors,Entrance,Not Applicable,High: > 9745
WPC Brand,Armored Security Door,Entrance,Steel,Armored,Main Entrance,100x220 cm,High,8.9,Piece,Fixed,1,Apartment,False,10856,Doors,Entrance,Not Applicable,High: > 9745
AluDoor,Interior MDF Door,Interior,MDF,Solid,Bedroom,90x210 cm,Low,7.2,Piece,Per_Room,1,Bedroom,False,4417,Doors,Interior,Not Applicable,Low: <= 5307
AluDoor,Interior MDF Door,Interior,MDF,Solid,Bedroom,90x210 cm,Low,7.2,Piece,Per_Room,1,Bedroom,False,4874,Doors,Interior,Not Applicable,Low: <= 5307
AluDoor,Armored Security Door,Entrance,Steel,Armored,Main Entrance,100x220 cm,High,8.9,Piece,Fixed,1,Apartment,False,12862,Doors,Entrance,Not Applicable,High: > 9745
WPC Brand,Armored Security Door,Entrance,Steel,Armored,Main Entrance,100x220 cm,High,8.9,Piece,Fixed,1,Apartment,False,13822,Doors,Entrance,Not Applicable,High: > 9745
DoorTech,Aluminum Balcony Door,Balcony,Aluminum,Sliding,Balcony,180x220 cm,Medium,7.4,Piece,Per_Balcony,1,Balcony,False,6801,Doors,Balcony,Not Applicable,Medium: 5307 - 9745
AluDoor,Aluminum Balcony Door,Balcony,Aluminum,Sliding,Balcony,180x220 cm,Medium,7.4,Piece,Per_Balcony,1,Balcony,False,5888,Doors,Balcony,Not Applicable,Medium: 5307 - 9745
Security Doors,Armored Security Door,Entrance,Steel,Armored,Main Entrance,100x220 cm,High,8.9,Piece,Fixed,1,Apartment,False,12898,Doors,Entrance,Not Applicable,High: > 9745
DoorTech,Interior MDF Door,Interior,MDF,Solid,Bedroom,90x210 cm,Medium,7.2,Piece,Per_Room,1,Bedroom,False,5440,Doors,Interior,Not Applicable,Medium: 5307 - 9745
WPC Brand,Armored Security Door,Entrance,Steel,Armored,Main Entrance,100x220 cm,Medium,8.9,Piece,Fixed,1,Apartment,False,9616,Doors,Entrance,Not Applicable,Medium: 5307 - 9745
WPC Brand,Interior MDF Door,Interior,MDF,Solid,Bedroom,90x210 cm,Low,7.2,Piece,Per_Room,1,Bedroom,False,4239,Doors,Interior,Not Applicable,Low: <= 5307
DoorTech,Interior MDF Door,Interior,MDF,Solid,Bedroom,90x210 cm,Low,7.2,Piece,Per_Room,1,Bedroom,False,4688,Doors,Interior,Not Applicable,Low: <= 5307
DoorTech,Aluminum Balcony Door,Balcony,Aluminum,Sliding,Balcony,180x220 cm,Medium,7.4,Piece,Per_Balcony,1,Balcony,False,7478,Doors,Balcony,Not Applicable,Medium: 5307 - 9745
WPC Brand,Interior MDF Door,Interior,MDF,Solid,Bedroom,90x210 cm,Low,7.2,Piece,Per_Room,1,Bedroom,False,4823,Doors,Interior,Not Applicable,Low: <= 5307
WoodCraft,Aluminum Balcony Door,Balcony,Aluminum,Sliding,Balcony,180x220 cm,Medium,7.4,Piece,Per_Balcony,1,Balcony,False,6311,Doors,Balcony,Not Applicable,Medium: 5307 - 9745
AluDoor,Aluminum Balcony Door,Balcony,Aluminum,Sliding,Balcony,180x220 cm,Low,7.4,Piece,Per_Balcony,1,Balcony,False,5058,Doors,Balcony,Not Applicable,Low: <= 5307
WPC Brand,Interior MDF Door,Interior,MDF,Solid,Bedroom,90x210 cm,Low,7.2,Piece,Per_Room,1,Bedroom,False,4633,Doors,Interior,Not Applicable,Low: <= 5307
AluDoor,Armored Security Door,Entrance,Steel,Armored,Main Entrance,100x220 cm,High,8.9,Piece,Fixed,1,Apartment,False,10197,Doors,Entrance,Not Applicable,High: > 9745
WoodCraft,Armored Security Door,Entrance,Steel,Armored,Main Entrance,100x220 cm,High,8.9,Piece,Fixed,1,Apartment,False,14439,Doors,Entrance,Not Applicable,High: > 9745
Security Doors,Armored Security Door,Entrance,Steel,Armored,Main Entrance,100x220 cm,High,8.9,Piece,Fixed,1,Apartment,False,13190,Doors,Entrance,Not Applicable,High: > 9745
WPC Brand,Interior MDF Door,Interior,MDF,Solid,Bedroom,90x210 cm,Low,7.2,Piece,Per_Room,1,Bedroom,False,3361,Doors,Interior,Not Applicable,Low: <= 5307
DoorTech,Armored Security Door,Entrance,Steel,Armored,Main Entrance,100x220 cm,High,8.9,Piece,Fixed,1,Apartment,False,12304,Doors,Entrance,Not Applicable,High: > 9745
AluDoor,Aluminum Balcony Door,Balcony,Aluminum,Sliding,Balcony,180x220 cm,Medium,7.4,Piece,Per_Balcony,1,Balcony,False,6635,Doors,Balcony,Not Applicable,Medium: 5307 - 9745
WPC Brand,Interior MDF Door,Interior,MDF,Solid,Bedroom,90x210 cm,Low,7.2,Piece,Per_Room,1,Bedroom,False,4011,Doors,Interior,Not Applicable,Low: <= 5307
DoorTech,Interior MDF Door,Interior,MDF,Solid,Bedroom,90x210 cm,Medium,7.2,Piece,Per_Room,1,Bedroom,False,5319,Doors,Interior,Not Applicable,Medium: 5307 - 9745
Security Doors,Aluminum Balcony Door,Balcony,Aluminum,Sliding,Balcony,180x220 cm,Medium,7.4,Piece,Per_Balcony,1,Balcony,False,5945,Doors,Balcony,Not Applicable,Medium: 5307 - 9745
AluDoor,Armored Security Door,Entrance,Steel,Armored,Main Entrance,100x220 cm,High,8.9,Piece,Fixed,1,Apartment,False,12273,Doors,Entrance,Not Applicable,High: > 9745
Security Doors,Aluminum Balcony Door,Balcony,Aluminum,Sliding,Balcony,180x220 cm,Medium,7.4,Piece,Per_Balcony,1,Balcony,False,6070,Doors,Balcony,Not Applicable,Medium: 5307 - 9745
WPC Brand,Interior MDF Door,Interior,MDF,Solid,Bedroom,90x210 cm,Low,7.2,Piece,Per_Room,1,Bedroom,False,4878,Doors,Interior,Not Applicable,Low: <= 5307
WoodCraft,Armored Security Door,Entrance,Steel,Armored,Main Entrance,100x220 cm,Medium,8.9,Piece,Fixed,1,Apartment,False,9638,Doors,Entrance,Not Applicable,Medium: 5307 - 9745
WPC Brand,Aluminum Balcony Door,Balcony,Aluminum,Sliding,Balcony,180x220 cm,Medium,7.4,Piece,Per_Balcony,1,Balcony,False,6491,Doors,Balcony,Not Applicable,Medium: 5307 - 9745
WPC Brand,Armored Security Door,Entrance,Steel,Armored,Main Entrance,100x220 cm,High,8.9,Piece,Fixed,1,Apartment,False,12917,Doors,Entrance,Not Applicable,High: > 9745
WoodCraft,Armored Security Door,Entrance,Steel,Armored,Main Entrance,100x220 cm,High,8.9,Piece,Fixed,1,Apartment,False,10717,Doors,Entrance,Not Applicable,High: > 9745
WoodCraft,Interior MDF Door,Interior,MDF,Solid,Bedroom,90x210 cm,Low,7.2,Piece,Per_Room,1,Bedroom,False,4783,Doors,Interior,Not Applicable,Low: <= 5307
WoodCraft,Armored Security Door,Entrance,Steel,Armored,Main Entrance,100x220 cm,High,8.9,Piece,Fixed,1,Apartment,False,10801,Doors,Entrance,Not Applicable,High: > 9745
WPC Brand,Armored Security Door,Entrance,Steel,Armored,Main Entrance,100x220 cm,Medium,8.9,Piece,Fixed,1,Apartment,False,9540,Doors,Entrance,Not Applicable,Medium: 5307 - 9745
AluDoor,Armored Security Door,Entrance,Steel,Armored,Main Entrance,100x220 cm,Medium,8.9,Piece,Fixed,1,Apartment,False,9655,Doors,Entrance,Not Applicable,Medium: 5307 - 9745
DoorTech,Armored Security Door,Entrance,Steel,Armored,Main Entrance,100x220 cm,High,8.9,Piece,Fixed,1,Apartment,False,12529,Doors,Entrance,Not Applicable,High: > 9745
WoodCraft,Armored Security Door,Entrance,Steel,Armored,Main Entrance,100x220 cm,High,8.9,Piece,Fixed,1,Apartment,False,9900,Doors,Entrance,Not Applicable,High: > 9745
WoodCraft,Armored Security Door,Entrance,Steel,Armored,Main Entrance,100x220 cm,High,8.9,Piece,Fixed,1,Apartment,False,10682,Doors,Entrance,Not Applicable,High: > 9745
WPC Brand,Armored Security Door,Entrance,Steel,Armored,Main Entrance,100x220 cm,High,8.9,Piece,Fixed,1,Apartment,False,12516,Doors,Entrance,Not Applicable,High: > 9745
AluDoor,Aluminum Balcony Door,Balcony,Aluminum,Sliding,Balcony,180x220 cm,Medium,7.4,Piece,Per_Balcony,1,Balcony,False,7489,Doors,Balcony,Not Applicable,Medium: 5307 - 9745
DoorTech,Aluminum Balcony Door,Balcony,Aluminum,Sliding,Balcony,180x220 cm,Medium,7.4,Piece,Per_Balcony,1,Balcony,False,7322,Doors,Balcony,Not Applicable,Medium: 5307 - 9745
DoorTech,Aluminum Balcony Door,Balcony,Aluminum,Sliding,Balcony,180x220 cm,Medium,7.4,Piece,Per_Balcony,1,Balcony,False,5614,Doors,Balcony,Not Applicable,Medium: 5307 - 9745
AluDoor,Aluminum Balcony Door,Balcony,Aluminum,Sliding,Balcony,180x220 cm,Medium,7.4,Piece,Per_Balcony,1,Balcony,False,6346,Doors,Balcony,Not Applicable,Medium: 5307 - 9745
DoorTech,Armored Security Door,Entrance,Steel,Armored,Main Entrance,100x220 cm,High,8.9,Piece,Fixed,1,Apartment,False,13226,Doors,Entrance,Not Applicable,High: > 9745
AluDoor,Interior MDF Door,Interior,MDF,Solid,Bedroom,90x210 cm,Low,7.2,Piece,Per_Room,1,Bedroom,False,4016,Doors,Interior,Not Applicable,Low: <= 5307
DoorTech,Armored Security Door,Entrance,Steel,Armored,Main Entrance,100x220 cm,High,8.9,Piece,Fixed,1,Apartment,False,13756,Doors,Entrance,Not Applicable,High: > 9745
DoorTech,Interior MDF Door,Interior,MDF,Solid,Bedroom,90x210 cm,Low,7.2,Piece,Per_Room,1,Bedroom,False,4417,Doors,Interior,Not Applicable,Low: <= 5307
AluDoor,Armored Security Door,Entrance,Steel,Armored,Main Entrance,100x220 cm,High,8.9,Piece,Fixed,1,Apartment,False,13560,Doors,Entrance,Not Applicable,High: > 9745
Security Doors,Interior MDF Door,Interior,MDF,Solid,Bedroom,90x210 cm,Low,7.2,Piece,Per_Room,1,Bedroom,False,4794,Doors,Interior,Not Applicable,Low: <= 5307
DoorTech,Interior MDF Door,Interior,MDF,Solid,Bedroom,90x210 cm,Low,7.2,Piece,Per_Room,1,Bedroom,False,3994,Doors,Interior,Not Applicable,Low: <= 5307
AluDoor,Interior MDF Door,Interior,MDF,Solid,Bedroom,90x210 cm,Low,7.2,Piece,Per_Room,1,Bedroom,False,4877,Doors,Interior,Not Applicable,Low: <= 5307
DoorTech,Armored Security Door,Entrance,Steel,Armored,Main Entrance,100x220 cm,High,8.9,Piece,Fixed,1,Apartment,False,12983,Doors,Entrance,Not Applicable,High: > 9745
DoorTech,Armored Security Door,Entrance,Steel,Armored,Main Entrance,100x220 cm,High,8.9,Piece,Fixed,1,Apartment,False,9990,Doors,Entrance,Not Applicable,High: > 9745
WoodCraft,Armored Security Door,Entrance,Steel,Armored,Main Entrance,100x220 cm,High,8.9,Piece,Fixed,1,Apartment,False,13647,Doors,Entrance,Not Applicable,High: > 9745
WPC Brand,Armored Security Door,Entrance,Steel,Armored,Main Entrance,100x220 cm,High,8.9,Piece,Fixed,1,Apartment,False,10425,Doors,Entrance,Not Applicable,High: > 9745
DoorTech,Aluminum Balcony Door,Balcony,Aluminum,Sliding,Balcony,180x220 cm,Medium,7.4,Piece,Per_Balcony,1,Balcony,False,7017,Doors,Balcony,Not Applicable,Medium: 5307 - 9745
Security Doors,Interior MDF Door,Interior,MDF,Solid,Bedroom,90x210 cm,Medium,7.2,Piece,Per_Room,1,Bedroom,False,5717,Doors,Interior,Not Applicable,Medium: 5307 - 9745
AluDoor,Interior MDF Door,Interior,MDF,Solid,Bedroom,90x210 cm,Medium,7.2,Piece,Per_Room,1,Bedroom,False,5725,Doors,Interior,Not Applicable,Medium: 5307 - 9745
WPC Brand,Armored Security Door,Entrance,Steel,Armored,Main Entrance,100x220 cm,High,8.9,Piece,Fixed,1,Apartment,False,10588,Doors,Entrance,Not Applicable,High: > 9745
WoodCraft,Aluminum Balcony Door,Balcony,Aluminum,Sliding,Balcony,180x220 cm,Medium,7.4,Piece,Per_Balcony,1,Balcony,False,7311,Doors,Balcony,Not Applicable,Medium: 5307 - 9745
DoorTech,Armored Security Door,Entrance,Steel,Armored,Main Entrance,100x220 cm,High,8.9,Piece,Fixed,1,Apartment,False,12561,Doors,Entrance,Not Applicable,High: > 9745
DoorTech,Armored Security Door,Entrance,Steel,Armored,Main Entrance,100x220 cm,High,8.9,Piece,Fixed,1,Apartment,False,13362,Doors,Entrance,Not Applicable,High: > 9745
DoorTech,Aluminum Balcony Door,Balcony,Aluminum,Sliding,Balcony,180x220 cm,Medium,7.4,Piece,Per_Balcony,1,Balcony,False,5499,Doors,Balcony,Not Applicable,Medium: 5307 - 9745
Security Doors,Armored Security Door,Entrance,Steel,Armored,Main Entrance,100x220 cm,High,8.9,Piece,Fixed,1,Apartment,False,10428,Doors,Entrance,Not Applicable,High: > 9745
DoorTech,Interior MDF Door,Interior,MDF,Solid,Bedroom,90x210 cm,Low,7.2,Piece,Per_Room,1,Bedroom,False,4290,Doors,Interior,Not Applicable,Low: <= 5307
Security Doors,Interior MDF Door,Interior,MDF,Solid,Bedroom,90x210 cm,Low,7.2,Piece,Per_Room,1,Bedroom,False,5197,Doors,Interior,Not Applicable,Low: <= 5307
WoodCraft,Interior MDF Door,Interior,MDF,Solid,Bedroom,90x210 cm,Medium,7.2,Piece,Per_Room,1,Bedroom,False,5384,Doors,Interior,Not Applicable,Medium: 5307 - 9745
WoodCraft,Interior MDF Door,Interior,MDF,Solid,Bedroom,90x210 cm,Low,7.2,Piece,Per_Room,1,Bedroom,False,4224,Doors,Interior,Not Applicable,Low: <= 5307
WPC Brand,Aluminum Balcony Door,Balcony,Aluminum,Sliding,Balcony,180x220 cm,Medium,7.4,Piece,Per_Balcony,1,Balcony,False,7474,Doors,Balcony,Not Applicable,Medium: 5307 - 9745
WoodCraft,Aluminum Balcony Door,Balcony,Aluminum,Sliding,Balcony,180x220 cm,Medium,7.4,Piece,Per_Balcony,1,Balcony,False,6073,Doors,Balcony,Not Applicable,Medium: 5307 - 9745
Security Doors,Aluminum Balcony Door,Balcony,Aluminum,Sliding,Balcony,180x220 cm,Medium,7.4,Piece,Per_Balcony,1,Balcony,False,6383,Doors,Balcony,Not Applicable,Medium: 5307 - 9745
AluDoor,Interior MDF Door,Interior,MDF,Solid,Bedroom,90x210 cm,Low,7.2,Piece,Per_Room,1,Bedroom,False,3643,Doors,Interior,Not Applicable,Low: <= 5307
AluDoor,Armored Security Door,Entrance,Steel,Armored,Main Entrance,100x220 cm,High,8.9,Piece,Fixed,1,Apartment,False,10476,Doors,Entrance,Not Applicable,High: > 9745
Security Doors,Armored Security Door,Entrance,Steel,Armored,Main Entrance,100x220 cm,High,8.9,Piece,Fixed,1,Apartment,False,13262,Doors,Entrance,Not Applicable,High: > 9745
DoorTech,Interior MDF Door,Interior,MDF,Solid,Bedroom,90x210 cm,Low,7.2,Piece,Per_Room,1,Bedroom,False,4970,Doors,Interior,Not Applicable,Low: <= 5307
AluDoor,Aluminum Balcony Door,Balcony,Aluminum,Sliding,Balcony,180x220 cm,Medium,7.4,Piece,Per_Balcony,1,Balcony,False,6287,Doors,Balcony,Not Applicable,Medium: 5307 - 9745
AluDoor,Aluminum Balcony Door,Balcony,Aluminum,Sliding,Balcony,180x220 cm,Medium,7.4,Piece,Per_Balcony,1,Balcony,False,7119,Doors,Balcony,Not Applicable,Medium: 5307 - 9745
Security Doors,Armored Security Door,Entrance,Steel,Armored,Main Entrance,100x220 cm,High,8.9,Piece,Fixed,1,Apartment,False,14264,Doors,Entrance,Not Applicable,High: > 9745
DoorTech,Armored Security Door,Entrance,Steel,Armored,Main Entrance,100x220 cm,High,8.9,Piece,Fixed,1,Apartment,False,11968,Doors,Entrance,Not Applicable,High: > 9745
AluDoor,Armored Security Door,Entrance,Steel,Armored,Main Entrance,100x220 cm,High,8.9,Piece,Fixed,1,Apartment,False,10675,Doors,Entrance,Not Applicable,High: > 9745
AluDoor,Aluminum Balcony Door,Balcony,Aluminum,Sliding,Balcony,180x220 cm,Low,7.4,Piece,Per_Balcony,1,Balcony,False,4717,Doors,Balcony,Not Applicable,Low: <= 5307
AluDoor,Armored Security Door,Entrance,Steel,Armored,Main Entrance,100x220 cm,High,8.9,Piece,Fixed,1,Apartment,False,10763,Doors,Entrance,Not Applicable,High: > 9745
WPC Brand,Armored Security Door,Entrance,Steel,Armored,Main Entrance,100x220 cm,High,8.9,Piece,Fixed,1,Apartment,False,11492,Doors,Entrance,Not Applicable,High: > 9745
Security Doors,Armored Security Door,Entrance,Steel,Armored,Main Entrance,100x220 cm,High,8.9,Piece,Fixed,1,Apartment,False,14423,Doors,Entrance,Not Applicable,High: > 9745
WPC Brand,Aluminum Balcony Door,Balcony,Aluminum,Sliding,Balcony,180x220 cm,Low,7.4,Piece,Per_Balcony,1,Balcony,False,5137,Doors,Balcony,Not Applicable,Low: <= 5307
DoorTech,Aluminum Balcony Door,Balcony,Aluminum,Sliding,Balcony,180x220 cm,Medium,7.4,Piece,Per_Balcony,1,Balcony,False,5475,Doors,Balcony,Not Applicable,Medium: 5307 - 9745
WPC Brand,Interior MDF Door,Interior,MDF,Solid,Bedroom,90x210 cm,Low,7.2,Piece,Per_Room,1,Bedroom,False,4791,Doors,Interior,Not Applicable,Low: <= 5307
Security Doors,Armored Security Door,Entrance,Steel,Armored,Main Entrance,100x220 cm,High,8.9,Piece,Fixed,1,Apartment,False,11583,Doors,Entrance,Not Applicable,High: > 9745
AluDoor,Interior MDF Door,Interior,MDF,Solid,Bedroom,90x210 cm,Medium,7.2,Piece,Per_Room,1,Bedroom,False,5567,Doors,Interior,Not Applicable,Medium: 5307 - 9745
DoorTech,Aluminum Balcony Door,Balcony,Aluminum,Sliding,Balcony,180x220 cm,Low,7.4,Piece,Per_Balcony,1,Balcony,False,5296,Doors,Balcony,Not Applicable,Low: <= 5307
WoodCraft,Interior MDF Door,Interior,MDF,Solid,Bedroom,90x210 cm,Low,7.2,Piece,Per_Room,1,Bedroom,False,4352,Doors,Interior,Not Applicable,Low: <= 5307
DoorTech,Armored Security Door,Entrance,Steel,Armored,Main Entrance,100x220 cm,High,8.9,Piece,Fixed,1,Apartment,False,9872,Doors,Entrance,Not Applicable,High: > 9745
AluDoor,Aluminum Balcony Door,Balcony,Aluminum,Sliding,Balcony,180x220 cm,Medium,7.4,Piece,Per_Balcony,1,Balcony,False,5976,Doors,Balcony,Not Applicable,Medium: 5307 - 9745
Security Doors,Armored Security Door,Entrance,Steel,Armored,Main Entrance,100x220 cm,High,8.9,Piece,Fixed,1,Apartment,False,12223,Doors,Entrance,Not Applicable,High: > 9745
AluDoor,Aluminum Balcony Door,Balcony,Aluminum,Sliding,Balcony,180x220 cm,Medium,7.4,Piece,Per_Balcony,1,Balcony,False,6372,Doors,Balcony,Not Applicable,Medium: 5307 - 9745
DoorTech,Aluminum Balcony Door,Balcony,Aluminum,Sliding,Balcony,180x220 cm,Medium,7.4,Piece,Per_Balcony,1,Balcony,False,7297,Doors,Balcony,Not Applicable,Medium: 5307 - 9745
AluDoor,Armored Security Door,Entrance,Steel,Armored,Main Entrance,100x220 cm,High,8.9,Piece,Fixed,1,Apartment,False,13038,Doors,Entrance,Not Applicable,High: > 9745
AluDoor,Armored Security Door,Entrance,Steel,Armored,Main Entrance,100x220 cm,High,8.9,Piece,Fixed,1,Apartment,False,12772,Doors,Entrance,Not Applicable,High: > 9745
Security Doors,Aluminum Balcony Door,Balcony,Aluminum,Sliding,Balcony,180x220 cm,Medium,7.4,Piece,Per_Balcony,1,Balcony,False,6554,Doors,Balcony,Not Applicable,Medium: 5307 - 9745
WPC Brand,Interior MDF Door,Interior,MDF,Solid,Bedroom,90x210 cm,Low,7.2,Piece,Per_Room,1,Bedroom,False,4339,Doors,Interior,Not Applicable,Low: <= 5307
WoodCraft,Armored Security Door,Entrance,Steel,Armored,Main Entrance,100x220 cm,High,8.9,Piece,Fixed,1,Apartment,False,13864,Doors,Entrance,Not Applicable,High: > 9745
DoorTech,Aluminum Balcony Door,Balcony,Aluminum,Sliding,Balcony,180x220 cm,Medium,7.4,Piece,Per_Balcony,1,Balcony,False,5654,Doors,Balcony,Not Applicable,Medium: 5307 - 9745
Security Doors,Interior MDF Door,Interior,MDF,Solid,Bedroom,90x210 cm,Low,7.2,Piece,Per_Room,1,Bedroom,False,4432,Doors,Interior,Not Applicable,Low: <= 5307
WPC Brand,Aluminum Balcony Door,Balcony,Aluminum,Sliding,Balcony,180x220 cm,Medium,7.4,Piece,Per_Balcony,1,Balcony,False,6576,Doors,Balcony,Not Applicable,Medium: 5307 - 9745
DoorTech,Aluminum Balcony Door,Balcony,Aluminum,Sliding,Balcony,180x220 cm,Medium,7.4,Piece,Per_Balcony,1,Balcony,False,7493,Doors,Balcony,Not Applicable,Medium: 5307 - 9745
DoorTech,Aluminum Balcony Door,Balcony,Aluminum,Sliding,Balcony,180x220 cm,Medium,7.4,Piece,Per_Balcony,1,Balcony,False,6816,Doors,Balcony,Not Applicable,Medium: 5307 - 9745
WoodCraft,Aluminum Balcony Door,Balcony,Aluminum,Sliding,Balcony,180x220 cm,Medium,7.4,Piece,Per_Balcony,1,Balcony,False,5659,Doors,Balcony,Not Applicable,Medium: 5307 - 9745
WPC Brand,Aluminum Balcony Door,Balcony,Aluminum,Sliding,Balcony,180x220 cm,Low,7.4,Piece,Per_Balcony,1,Balcony,False,4911,Doors,Balcony,Not Applicable,Low: <= 5307
WoodCraft,Aluminum Balcony Door,Balcony,Aluminum,Sliding,Balcony,180x220 cm,Medium,7.4,Piece,Per_Balcony,1,Balcony,False,5486,Doors,Balcony,Not Applicable,Medium: 5307 - 9745
WPC Brand,Aluminum Balcony Door,Balcony,Aluminum,Sliding,Balcony,180x220 cm,Medium,7.4,Piece,Per_Balcony,1,Balcony,False,5575,Doors,Balcony,Not Applicable,Medium: 5307 - 9745
Security Doors,Aluminum Balcony Door,Balcony,Aluminum,Sliding,Balcony,180x220 cm,Medium,7.4,Piece,Per_Balcony,1,Balcony,False,5460,Doors,Balcony,Not Applicable,Medium: 5307 - 9745
WoodCraft,Interior MDF Door,Interior,MDF,Solid,Bedroom,90x210 cm,Low,7.2,Piece,Per_Room,1,Bedroom,False,4905,Doors,Interior,Not Applicable,Low: <= 5307
AluDoor,Aluminum Balcony Door,Balcony,Aluminum,Sliding,Balcony,180x220 cm,Medium,7.4,Piece,Per_Balcony,1,Balcony,False,5310,Doors,Balcony,Not Applicable,Medium: 5307 - 9745
WPC Brand,Aluminum Balcony Door,Balcony,Aluminum,Sliding,Balcony,180x220 cm,Medium,7.4,Piece,Per_Balcony,1,Balcony,False,7395,Doors,Balcony,Not Applicable,Medium: 5307 - 9745
WoodCraft,Aluminum Balcony Door,Balcony,Aluminum,Sliding,Balcony,180x220 cm,Medium,7.4,Piece,Per_Balcony,1,Balcony,False,7430,Doors,Balcony,Not Applicable,Medium: 5307 - 9745
WPC Brand,Aluminum Balcony Door,Balcony,Aluminum,Sliding,Balcony,180x220 cm,Medium,7.4,Piece,Per_Balcony,1,Balcony,False,5791,Doors,Balcony,Not Applicable,Medium: 5307 - 9745
AluDoor,Aluminum Balcony Door,Balcony,Aluminum,Sliding,Balcony,180x220 cm,Medium,7.4,Piece,Per_Balcony,1,Balcony,False,6686,Doors,Balcony,Not Applicable,Medium: 5307 - 9745
AluDoor,Armored Security Door,Entrance,Steel,Armored,Main Entrance,100x220 cm,High,8.9,Piece,Fixed,1,Apartment,False,14016,Doors,Entrance,Not Applicable,High: > 9745
WPC Brand,Aluminum Balcony Door,Balcony,Aluminum,Sliding,Balcony,180x220 cm,Medium,7.4,Piece,Per_Balcony,1,Balcony,False,5492,Doors,Balcony,Not Applicable,Medium: 5307 - 9745
WoodCraft,Armored Security Door,Entrance,Steel,Armored,Main Entrance,100x220 cm,High,8.9,Piece,Fixed,1,Apartment,False,12706,Doors,Entrance,Not Applicable,High: > 9745
Security Doors,Interior MDF Door,Interior,MDF,Solid,Bedroom,90x210 cm,Low,7.2,Piece,Per_Room,1,Bedroom,False,5307,Doors,Interior,Not Applicable,Low: <= 5307
Security Doors,Interior MDF Door,Interior,MDF,Solid,Bedroom,90x210 cm,Low,7.2,Piece,Per_Room,1,Bedroom,False,5158,Doors,Interior,Not Applicable,Low: <= 5307
Security Doors,Aluminum Balcony Door,Balcony,Aluminum,Sliding,Balcony,180x220 cm,Medium,7.4,Piece,Per_Balcony,1,Balcony,False,6509,Doors,Balcony,Not Applicable,Medium: 5307 - 9745
DoorTech,Interior MDF Door,Interior,MDF,Solid,Bedroom,90x210 cm,Low,7.2,Piece,Per_Room,1,Bedroom,False,4057,Doors,Interior,Not Applicable,Low: <= 5307
WoodCraft,Armored Security Door,Entrance,Steel,Armored,Main Entrance,100x220 cm,High,8.9,Piece,Fixed,1,Apartment,False,12634,Doors,Entrance,Not Applicable,High: > 9745
Security Doors,Armored Security Door,Entrance,Steel,Armored,Main Entrance,100x220 cm,High,8.9,Piece,Fixed,1,Apartment,False,13380,Doors,Entrance,Not Applicable,High: > 9745
WPC Brand,Aluminum Balcony Door,Balcony,Aluminum,Sliding,Balcony,180x220 cm,Low,7.4,Piece,Per_Balcony,1,Balcony,False,5009,Doors,Balcony,Not Applicable,Low: <= 5307
WoodCraft,Interior MDF Door,Interior,MDF,Solid,Bedroom,90x210 cm,Low,7.2,Piece,Per_Room,1,Bedroom,False,3329,Doors,Interior,Not Applicable,Low: <= 5307
WoodCraft,Interior MDF Door,Interior,MDF,Solid,Bedroom,90x210 cm,Medium,7.2,Piece,Per_Room,1,Bedroom,False,5604,Doors,Interior,Not Applicable,Medium: 5307 - 9745
Security Doors,Armored Security Door,Entrance,Steel,Armored,Main Entrance,100x220 cm,High,8.9,Piece,Fixed,1,Apartment,False,11795,Doors,Entrance,Not Applicable,High: > 9745
DoorTech,Aluminum Balcony Door,Balcony,Aluminum,Sliding,Balcony,180x220 cm,Medium,7.4,Piece,Per_Balcony,1,Balcony,False,5600,Doors,Balcony,Not Applicable,Medium: 5307 - 9745
WoodCraft,Armored Security Door,Entrance,Steel,Armored,Main Entrance,100x220 cm,High,8.9,Piece,Fixed,1,Apartment,False,10132,Doors,Entrance,Not Applicable,High: > 9745
WPC Brand,Interior MDF Door,Interior,MDF,Solid,Bedroom,90x210 cm,Low,7.2,Piece,Per_Room,1,Bedroom,False,4198,Doors,Interior,Not Applicable,Low: <= 5307
AluDoor,Armored Security Door,Entrance,Steel,Armored,Main Entrance,100x220 cm,High,8.9,Piece,Fixed,1,Apartment,False,10002,Doors,Entrance,Not Applicable,High: > 9745
DoorTech,Armored Security Door,Entrance,Steel,Armored,Main Entrance,100x220 cm,High,8.9,Piece,Fixed,1,Apartment,False,13406,Doors,Entrance,Not Applicable,High: > 9745
WPC Brand,Aluminum Balcony Door,Balcony,Aluminum,Sliding,Balcony,180x220 cm,Medium,7.4,Piece,Per_Balcony,1,Balcony,False,6891,Doors,Balcony,Not Applicable,Medium: 5307 - 9745
Security Doors,Aluminum Balcony Door,Balcony,Aluminum,Sliding,Balcony,180x220 cm,Medium,7.4,Piece,Per_Balcony,1,Balcony,False,7140,Doors,Balcony,Not Applicable,Medium: 5307 - 9745
AluDoor,Armored Security Door,Entrance,Steel,Armored,Main Entrance,100x220 cm,High,8.9,Piece,Fixed,1,Apartment,False,13892,Doors,Entrance,Not Applicable,High: > 9745
WPC Brand,Armored Security Door,Entrance,Steel,Armored,Main Entrance,100x220 cm,High,8.9,Piece,Fixed,1,Apartment,False,10147,Doors,Entrance,Not Applicable,High: > 9745
WoodCraft,Aluminum Balcony Door,Balcony,Aluminum,Sliding,Balcony,180x220 cm,Low,7.4,Piece,Per_Balcony,1,Balcony,False,4988,Doors,Balcony,Not Applicable,Low: <= 5307
AluDoor,Aluminum Balcony Door,Balcony,Aluminum,Sliding,Balcony,180x220 cm,Medium,7.4,Piece,Per_Balcony,1,Balcony,False,5848,Doors,Balcony,Not Applicable,Medium: 5307 - 9745
WoodCraft,Interior MDF Door,Interior,MDF,Solid,Bedroom,90x210 cm,Low,7.2,Piece,Per_Room,1,Bedroom,False,5098,Doors,Interior,Not Applicable,Low: <= 5307
AluDoor,Interior MDF Door,Interior,MDF,Solid,Bedroom,90x210 cm,Medium,7.2,Piece,Per_Room,1,Bedroom,False,5675,Doors,Interior,Not Applicable,Medium: 5307 - 9745
AluDoor,Interior MDF Door,Interior,MDF,Solid,Bedroom,90x210 cm,Low,7.2,Piece,Per_Room,1,Bedroom,False,4388,Doors,Interior,Not Applicable,Low: <= 5307
WPC Brand,Interior MDF Door,Interior,MDF,Solid,Bedroom,90x210 cm,Low,7.2,Piece,Per_Room,1,Bedroom,False,3632,Doors,Interior,Not Applicable,Low: <= 5307
WPC Brand,Armored Security Door,Entrance,Steel,Armored,Main Entrance,100x220 cm,High,8.9,Piece,Fixed,1,Apartment,False,12291,Doors,Entrance,Not Applicable,High: > 9745
WPC Brand,Aluminum Balcony Door,Balcony,Aluminum,Sliding,Balcony,180x220 cm,Medium,7.4,Piece,Per_Balcony,1,Balcony,False,6727,Doors,Balcony,Not Applicable,Medium: 5307 - 9745
WoodCraft,Aluminum Balcony Door,Balcony,Aluminum,Sliding,Balcony,180x220 cm,Medium,7.4,Piece,Per_Balcony,1,Balcony,False,5678,Doors,Balcony,Not Applicable,Medium: 5307 - 9745
AluDoor,Armored Security Door,Entrance,Steel,Armored,Main Entrance,100x220 cm,High,8.9,Piece,Fixed,1,Apartment,False,10772,Doors,Entrance,Not Applicable,High: > 9745
Security Doors,Armored Security Door,Entrance,Steel,Armored,Main Entrance,100x220 cm,High,8.9,Piece,Fixed,1,Apartment,False,10751,Doors,Entrance,Not Applicable,High: > 9745
Security Doors,Armored Security Door,Entrance,Steel,Armored,Main Entrance,100x220 cm,High,8.9,Piece,Fixed,1,Apartment,False,10042,Doors,Entrance,Not Applicable,High: > 9745
DoorTech,Interior MDF Door,Interior,MDF,Solid,Bedroom,90x210 cm,Low,7.2,Piece,Per_Room,1,Bedroom,False,3905,Doors,Interior,Not Applicable,Low: <= 5307
Security Doors,Armored Security Door,Entrance,Steel,Armored,Main Entrance,100x220 cm,High,8.9,Piece,Fixed,1,Apartment,False,12130,Doors,Entrance,Not Applicable,High: > 9745
WoodCraft,Aluminum Balcony Door,Balcony,Aluminum,Sliding,Balcony,180x220 cm,Medium,7.4,Piece,Per_Balcony,1,Balcony,False,5690,Doors,Balcony,Not Applicable,Medium: 5307 - 9745
WoodCraft,Armored Security Door,Entrance,Steel,Armored,Main Entrance,100x220 cm,High,8.9,Piece,Fixed,1,Apartment,False,11879,Doors,Entrance,Not Applicable,High: > 9745
WPC Brand,Aluminum Balcony Door,Balcony,Aluminum,Sliding,Balcony,180x220 cm,Medium,7.4,Piece,Per_Balcony,1,Balcony,False,5364,Doors,Balcony,Not Applicable,Medium: 5307 - 9745
DoorTech,Interior MDF Door,Interior,MDF,Solid,Bedroom,90x210 cm,Low,7.2,Piece,Per_Room,1,Bedroom,False,4121,Doors,Interior,Not Applicable,Low: <= 5307
WPC Brand,Interior MDF Door,Interior,MDF,Solid,Bedroom,90x210 cm,Medium,7.2,Piece,Per_Room,1,Bedroom,False,5748,Doors,Interior,Not Applicable,Medium: 5307 - 9745
Security Doors,Aluminum Balcony Door,Balcony,Aluminum,Sliding,Balcony,180x220 cm,Medium,7.4,Piece,Per_Balcony,1,Balcony,False,6273,Doors,Balcony,Not Applicable,Medium: 5307 - 9745
WPC Brand,Aluminum Balcony Door,Balcony,Aluminum,Sliding,Balcony,180x220 cm,Low,7.4,Piece,Per_Balcony,1,Balcony,False,5137,Doors,Balcony,Not Applicable,Low: <= 5307
DoorTech,Interior MDF Door,Interior,MDF,Solid,Bedroom,90x210 cm,Low,7.2,Piece,Per_Room,1,Bedroom,False,3666,Doors,Interior,Not Applicable,Low: <= 5307
AluDoor,Armored Security Door,Entrance,Steel,Armored,Main Entrance,100x220 cm,High,8.9,Piece,Fixed,1,Apartment,False,10145,Doors,Entrance,Not Applicable,High: > 9745
Security Doors,Aluminum Balcony Door,Balcony,Aluminum,Sliding,Balcony,180x220 cm,Medium,7.4,Piece,Per_Balcony,1,Balcony,False,5793,Doors,Balcony,Not Applicable,Medium: 5307 - 9745
AluDoor,Interior MDF Door,Interior,MDF,Solid,Bedroom,90x210 cm,Medium,7.2,Piece,Per_Room,1,Bedroom,False,5443,Doors,Interior,Not Applicable,Medium: 5307 - 9745
WPC Brand,Aluminum Balcony Door,Balcony,Aluminum,Sliding,Balcony,180x220 cm,Low,7.4,Piece,Per_Balcony,1,Balcony,False,4580,Doors,Balcony,Not Applicable,Low: <= 5307
Security Doors,Interior MDF Door,Interior,MDF,Solid,Bedroom,90x210 cm,Medium,7.2,Piece,Per_Room,1,Bedroom,False,5431,Doors,Interior,Not Applicable,Medium: 5307 - 9745
WoodCraft,Aluminum Balcony Door,Balcony,Aluminum,Sliding,Balcony,180x220 cm,Medium,7.4,Piece,Per_Balcony,1,Balcony,False,6861,Doors,Balcony,Not Applicable,Medium: 5307 - 9745
DoorTech,Aluminum Balcony Door,Balcony,Aluminum,Sliding,Balcony,180x220 cm,Medium,7.4,Piece,Per_Balcony,1,Balcony,False,6977,Doors,Balcony,Not Applicable,Medium: 5307 - 9745
AluDoor,Aluminum Balcony Door,Balcony,Aluminum,Sliding,Balcony,180x220 cm,Medium,7.4,Piece,Per_Balcony,1,Balcony,False,7375,Doors,Balcony,Not Applicable,Medium: 5307 - 9745
WoodCraft,Aluminum Balcony Door,Balcony,Aluminum,Sliding,Balcony,180x220 cm,Medium,7.4,Piece,Per_Balcony,1,Balcony,False,7212,Doors,Balcony,Not Applicable,Medium: 5307 - 9745
WPC Brand,Aluminum Balcony Door,Balcony,Aluminum,Sliding,Balcony,180x220 cm,Medium,7.4,Piece,Per_Balcony,1,Balcony,False,6739,Doors,Balcony,Not Applicable,Medium: 5307 - 9745
WoodCraft,Armored Security Door,Entrance,Steel,Armored,Main Entrance,100x220 cm,High,8.9,Piece,Fixed,1,Apartment,False,11973,Doors,Entrance,Not Applicable,High: > 9745
DoorTech,Aluminum Balcony Door,Balcony,Aluminum,Sliding,Balcony,180x220 cm,Medium,7.4,Piece,Per_Balcony,1,Balcony,False,5382,Doors,Balcony,Not Applicable,Medium: 5307 - 9745
WoodCraft,Armored Security Door,Entrance,Steel,Armored,Main Entrance,100x220 cm,High,8.9,Piece,Fixed,1,Apartment,False,9932,Doors,Entrance,Not Applicable,High: > 9745
Security Doors,Aluminum Balcony Door,Balcony,Aluminum,Sliding,Balcony,180x220 cm,Medium,7.4,Piece,Per_Balcony,1,Balcony,False,7255,Doors,Balcony,Not Applicable,Medium: 5307 - 9745
AluDoor,Aluminum Balcony Door,Balcony,Aluminum,Sliding,Balcony,180x220 cm,Medium,7.4,Piece,Per_Balcony,1,Balcony,False,6262,Doors,Balcony,Not Applicable,Medium: 5307 - 9745
Security Doors,Armored Security Door,Entrance,Steel,Armored,Main Entrance,100x220 cm,High,8.9,Piece,Fixed,1,Apartment,False,10215,Doors,Entrance,Not Applicable,High: > 9745
Security Doors,Aluminum Balcony Door,Balcony,Aluminum,Sliding,Balcony,180x220 cm,Medium,7.4,Piece,Per_Balcony,1,Balcony,False,6823,Doors,Balcony,Not Applicable,Medium: 5307 - 9745
AluDoor,Armored Security Door,Entrance,Steel,Armored,Main Entrance,100x220 cm,High,8.9,Piece,Fixed,1,Apartment,False,10327,Doors,Entrance,Not Applicable,High: > 9745
WPC Brand,Interior MDF Door,Interior,MDF,Solid,Bedroom,90x210 cm,Medium,7.2,Piece,Per_Room,1,Bedroom,False,5438,Doors,Interior,Not Applicable,Medium: 5307 - 9745
Security Doors,Aluminum Balcony Door,Balcony,Aluminum,Sliding,Balcony,180x220 cm,Medium,7.4,Piece,Per_Balcony,1,Balcony,False,7451,Doors,Balcony,Not Applicable,Medium: 5307 - 9745
Security Doors,Armored Security Door,Entrance,Steel,Armored,Main Entrance,100x220 cm,Medium,8.9,Piece,Fixed,1,Apartment,False,9692,Doors,Entrance,Not Applicable,Medium: 5307 - 9745
WPC Brand,Armored Security Door,Entrance,Steel,Armored,Main Entrance,100x220 cm,High,8.9,Piece,Fixed,1,Apartment,False,11396,Doors,Entrance,Not Applicable,High: > 9745
DoorTech,Aluminum Balcony Door,Balcony,Aluminum,Sliding,Balcony,180x220 cm,Low,7.4,Piece,Per_Balcony,1,Balcony,False,5066,Doors,Balcony,Not Applicable,Low: <= 5307
AluDoor,Interior MDF Door,Interior,MDF,Solid,Bedroom,90x210 cm,Low,7.2,Piece,Per_Room,1,Bedroom,False,5271,Doors,Interior,Not Applicable,Low: <= 5307
WoodCraft,Armored Security Door,Entrance,Steel,Armored,Main Entrance,100x220 cm,Medium,8.9,Piece,Fixed,1,Apartment,False,9609,Doors,Entrance,Not Applicable,Medium: 5307 - 9745
AluDoor,Armored Security Door,Entrance,Steel,Armored,Main Entrance,100x220 cm,High,8.9,Piece,Fixed,1,Apartment,False,13772,Doors,Entrance,Not Applicable,High: > 9745
DoorTech,Armored Security Door,Entrance,Steel,Armored,Main Entrance,100x220 cm,High,8.9,Piece,Fixed,1,Apartment,False,9990,Doors,Entrance,Not Applicable,High: > 9745
WoodCraft,Aluminum Balcony Door,Balcony,Aluminum,Sliding,Balcony,180x220 cm,Medium,7.4,Piece,Per_Balcony,1,Balcony,False,7443,Doors,Balcony,Not Applicable,Medium: 5307 - 9745
AluDoor,Interior MDF Door,Interior,MDF,Solid,Bedroom,90x210 cm,Low,7.2,Piece,Per_Room,1,Bedroom,False,4991,Doors,Interior,Not Applicable,Low: <= 5307
WPC Brand,Armored Security Door,Entrance,Steel,Armored,Main Entrance,100x220 cm,High,8.9,Piece,Fixed,1,Apartment,False,11594,Doors,Entrance,Not Applicable,High: > 9745
WoodCraft,Aluminum Balcony Door,Balcony,Aluminum,Sliding,Balcony,180x220 cm,Medium,7.4,Piece,Per_Balcony,1,Balcony,False,6746,Doors,Balcony,Not Applicable,Medium: 5307 - 9745
Security Doors,Interior MDF Door,Interior,MDF,Solid,Bedroom,90x210 cm,Low,7.2,Piece,Per_Room,1,Bedroom,False,4353,Doors,Interior,Not Applicable,Low: <= 5307
Security Doors,Aluminum Balcony Door,Balcony,Aluminum,Sliding,Balcony,180x220 cm,Medium,7.4,Piece,Per_Balcony,1,Balcony,False,7276,Doors,Balcony,Not Applicable,Medium: 5307 - 9745
AluDoor,Armored Security Door,Entrance,Steel,Armored,Main Entrance,100x220 cm,High,8.9,Piece,Fixed,1,Apartment,False,14087,Doors,Entrance,Not Applicable,High: > 9745
WPC Brand,Aluminum Balcony Door,Balcony,Aluminum,Sliding,Balcony,180x220 cm,Medium,7.4,Piece,Per_Balcony,1,Balcony,False,6531,Doors,Balcony,Not Applicable,Medium: 5307 - 9745
WPC Brand,Interior MDF Door,Interior,MDF,Solid,Bedroom,90x210 cm,Medium,7.2,Piece,Per_Room,1,Bedroom,False,5344,Doors,Interior,Not Applicable,Medium: 5307 - 9745
DoorTech,Interior MDF Door,Interior,MDF,Solid,Bedroom,90x210 cm,Low,7.2,Piece,Per_Room,1,Bedroom,False,4469,Doors,Interior,Not Applicable,Low: <= 5307
WoodCraft,Interior MDF Door,Interior,MDF,Solid,Bedroom,90x210 cm,Low,7.2,Piece,Per_Room,1,Bedroom,False,4424,Doors,Interior,Not Applicable,Low: <= 5307
DoorTech,Interior MDF Door,Interior,MDF,Solid,Bedroom,90x210 cm,Low,7.2,Piece,Per_Room,1,Bedroom,False,4355,Doors,Interior,Not Applicable,Low: <= 5307
Security Doors,Armored Security Door,Entrance,Steel,Armored,Main Entrance,100x220 cm,High,8.9,Piece,Fixed,1,Apartment,False,12443,Doors,Entrance,Not Applicable,High: > 9745
DoorTech,Interior MDF Door,Interior,MDF,Solid,Bedroom,90x210 cm,Medium,7.2,Piece,Per_Room,1,Bedroom,False,5694,Doors,Interior,Not Applicable,Medium: 5307 - 9745
AluDoor,Interior MDF Door,Interior,MDF,Solid,Bedroom,90x210 cm,Low,7.2,Piece,Per_Room,1,Bedroom,False,3700,Doors,Interior,Not Applicable,Low: <= 5307
WPC Brand,Armored Security Door,Entrance,Steel,Armored,Main Entrance,100x220 cm,High,8.9,Piece,Fixed,1,Apartment,False,10161,Doors,Entrance,Not Applicable,High: > 9745
Security Doors,Armored Security Door,Entrance,Steel,Armored,Main Entrance,100x220 cm,High,8.9,Piece,Fixed,1,Apartment,False,11797,Doors,Entrance,Not Applicable,High: > 9745
DoorTech,Aluminum Balcony Door,Balcony,Aluminum,Sliding,Balcony,180x220 cm,Low,7.4,Piece,Per_Balcony,1,Balcony,False,4522,Doors,Balcony,Not Applicable,Low: <= 5307
DoorTech,Aluminum Balcony Door,Balcony,Aluminum,Sliding,Balcony,180x220 cm,Medium,7.4,Piece,Per_Balcony,1,Balcony,False,7251,Doors,Balcony,Not Applicable,Medium: 5307 - 9745
DoorTech,Aluminum Balcony Door,Balcony,Aluminum,Sliding,Balcony,180x220 cm,Medium,7.4,Piece,Per_Balcony,1,Balcony,False,6363,Doors,Balcony,Not Applicable,Medium: 5307 - 9745
AluDoor,Interior MDF Door,Interior,MDF,Solid,Bedroom,90x210 cm,Low,7.2,Piece,Per_Room,1,Bedroom,False,5265,Doors,Interior,Not Applicable,Low: <= 5307
AluDoor,Interior MDF Door,Interior,MDF,Solid,Bedroom,90x210 cm,Low,7.2,Piece,Per_Room,1,Bedroom,False,4731,Doors,Interior,Not Applicable,Low: <= 5307
AluDoor,Interior MDF Door,Interior,MDF,Solid,Bedroom,90x210 cm,Low,7.2,Piece,Per_Room,1,Bedroom,False,5266,Doors,Interior,Not Applicable,Low: <= 5307
WPC Brand,Armored Security Door,Entrance,Steel,Armored,Main Entrance,100x220 cm,High,8.9,Piece,Fixed,1,Apartment,False,11689,Doors,Entrance,Not Applicable,High: > 9745
DoorTech,Aluminum Balcony Door,Balcony,Aluminum,Sliding,Balcony,180x220 cm,Medium,7.4,Piece,Per_Balcony,1,Balcony,False,5571,Doors,Balcony,Not Applicable,Medium: 5307 - 9745
DoorTech,Interior MDF Door,Interior,MDF,Solid,Bedroom,90x210 cm,Low,7.2,Piece,Per_Room,1,Bedroom,False,4433,Doors,Interior,Not Applicable,Low: <= 5307
WPC Brand,Interior MDF Door,Interior,MDF,Solid,Bedroom,90x210 cm,Low,7.2,Piece,Per_Room,1,Bedroom,False,3933,Doors,Interior,Not Applicable,Low: <= 5307
DoorTech,Aluminum Balcony Door,Balcony,Aluminum,Sliding,Balcony,180x220 cm,Medium,7.4,Piece,Per_Balcony,1,Balcony,False,5444,Doors,Balcony,Not Applicable,Medium: 5307 - 9745
DoorTech,Interior MDF Door,Interior,MDF,Solid,Bedroom,90x210 cm,Low,7.2,Piece,Per_Room,1,Bedroom,False,3693,Doors,Interior,Not Applicable,Low: <= 5307
AluDoor,Aluminum Balcony Door,Balcony,Aluminum,Sliding,Balcony,180x220 cm,Low,7.4,Piece,Per_Balcony,1,Balcony,False,4743,Doors,Balcony,Not Applicable,Low: <= 5307
Security Doors,Interior MDF Door,Interior,MDF,Solid,Bedroom,90x210 cm,Low,7.2,Piece,Per_Room,1,Bedroom,False,4385,Doors,Interior,Not Applicable,Low: <= 5307
WoodCraft,Interior MDF Door,Interior,MDF,Solid,Bedroom,90x210 cm,Low,7.2,Piece,Per_Room,1,Bedroom,False,3503,Doors,Interior,Not Applicable,Low: <= 5307
AluDoor,Interior MDF Door,Interior,MDF,Solid,Bedroom,90x210 cm,Low,7.2,Piece,Per_Room,1,Bedroom,False,4785,Doors,Interior,Not Applicable,Low: <= 5307
WoodCraft,Interior MDF Door,Interior,MDF,Solid,Bedroom,90x210 cm,Low,7.2,Piece,Per_Room,1,Bedroom,False,4945,Doors,Interior,Not Applicable,Low: <= 5307
WPC Brand,Interior MDF Door,Interior,MDF,Solid,Bedroom,90x210 cm,Medium,7.2,Piece,Per_Room,1,Bedroom,False,5562,Doors,Interior,Not Applicable,Medium: 5307 - 9745
AluDoor,Aluminum Balcony Door,Balcony,Aluminum,Sliding,Balcony,180x220 cm,Medium,7.4,Piece,Per_Balcony,1,Balcony,False,7119,Doors,Balcony,Not Applicable,Medium: 5307 - 9745
WPC Brand,Armored Security Door,Entrance,Steel,Armored,Main Entrance,100x220 cm,High,8.9,Piece,Fixed,1,Apartment,False,9861,Doors,Entrance,Not Applicable,High: > 9745
Security Doors,Armored Security Door,Entrance,Steel,Armored,Main Entrance,100x220 cm,High,8.9,Piece,Fixed,1,Apartment,False,12749,Doors,Entrance,Not Applicable,High: > 9745
WPC Brand,Armored Security Door,Entrance,Steel,Armored,Main Entrance,100x220 cm,High,8.9,Piece,Fixed,1,Apartment,False,13647,Doors,Entrance,Not Applicable,High: > 9745
WPC Brand,Interior MDF Door,Interior,MDF,Solid,Bedroom,90x210 cm,Low,7.2,Piece,Per_Room,1,Bedroom,False,5066,Doors,Interior,Not Applicable,Low: <= 5307
WoodCraft,Aluminum Balcony Door,Balcony,Aluminum,Sliding,Balcony,180x220 cm,Low,7.4,Piece,Per_Balcony,1,Balcony,False,4693,Doors,Balcony,Not Applicable,Low: <= 5307
WPC Brand,Interior MDF Door,Interior,MDF,Solid,Bedroom,90x210 cm,Low,7.2,Piece,Per_Room,1,Bedroom,False,5100,Doors,Interior,Not Applicable,Low: <= 5307
AluDoor,Armored Security Door,Entrance,Steel,Armored,Main Entrance,100x220 cm,High,8.9,Piece,Fixed,1,Apartment,False,12464,Doors,Entrance,Not Applicable,High: > 9745
AluDoor,Interior MDF Door,Interior,MDF,Solid,Bedroom,90x210 cm,Low,7.2,Piece,Per_Room,1,Bedroom,False,4692,Doors,Interior,Not Applicable,Low: <= 5307
AluDoor,Interior MDF Door,Interior,MDF,Solid,Bedroom,90x210 cm,Low,7.2,Piece,Per_Room,1,Bedroom,False,3631,Doors,Interior,Not Applicable,Low: <= 5307
DoorTech,Interior MDF Door,Interior,MDF,Solid,Bedroom,90x210 cm,Low,7.2,Piece,Per_Room,1,Bedroom,False,4599,Doors,Interior,Not Applicable,Low: <= 5307
Security Doors,Aluminum Balcony Door,Balcony,Aluminum,Sliding,Balcony,180x220 cm,Medium,7.4,Piece,Per_Balcony,1,Balcony,False,6610,Doors,Balcony,Not Applicable,Medium: 5307 - 9745
Security Doors,Armored Security Door,Entrance,Steel,Armored,Main Entrance,100x220 cm,High,8.9,Piece,Fixed,1,Apartment,False,11540,Doors,Entrance,Not Applicable,High: > 9745
WoodCraft,Aluminum Balcony Door,Balcony,Aluminum,Sliding,Balcony,180x220 cm,Low,7.4,Piece,Per_Balcony,1,Balcony,False,4786,Doors,Balcony,Not Applicable,Low: <= 5307
WPC Brand,Interior MDF Door,Interior,MDF,Solid,Bedroom,90x210 cm,Low,7.2,Piece,Per_Room,1,Bedroom,False,4222,Doors,Interior,Not Applicable,Low: <= 5307
WoodCraft,Interior MDF Door,Interior,MDF,Solid,Bedroom,90x210 cm,Low,7.2,Piece,Per_Room,1,Bedroom,False,4640,Doors,Interior,Not Applicable,Low: <= 5307
Security Doors,Armored Security Door,Entrance,Steel,Armored,Main Entrance,100x220 cm,Medium,8.9,Piece,Fixed,1,Apartment,False,9596,Doors,Entrance,Not Applicable,Medium: 5307 - 9745
DoorTech,Armored Security Door,Entrance,Steel,Armored,Main Entrance,100x220 cm,High,8.9,Piece,Fixed,1,Apartment,False,12156,Doors,Entrance,Not Applicable,High: > 9745
WPC Brand,Aluminum Balcony Door,Balcony,Aluminum,Sliding,Balcony,180x220 cm,Medium,7.4,Piece,Per_Balcony,1,Balcony,False,5496,Doors,Balcony,Not Applicable,Medium: 5307 - 9745
WPC Brand,Armored Security Door,Entrance,Steel,Armored,Main Entrance,100x220 cm,High,8.9,Piece,Fixed,1,Apartment,False,13519,Doors,Entrance,Not Applicable,High: > 9745
Security Doors,Aluminum Balcony Door,Balcony,Aluminum,Sliding,Balcony,180x220 cm,Medium,7.4,Piece,Per_Balcony,1,Balcony,False,5538,Doors,Balcony,Not Applicable,Medium: 5307 - 9745
WPC Brand,Armored Security Door,Entrance,Steel,Armored,Main Entrance,100x220 cm,High,8.9,Piece,Fixed,1,Apartment,False,14264,Doors,Entrance,Not Applicable,High: > 9745
Security Doors,Armored Security Door,Entrance,Steel,Armored,Main Entrance,100x220 cm,High,8.9,Piece,Fixed,1,Apartment,False,11855,Doors,Entrance,Not Applicable,High: > 9745
WoodCraft,Aluminum Balcony Door,Balcony,Aluminum,Sliding,Balcony,180x220 cm,Low,7.4,Piece,Per_Balcony,1,Balcony,False,5184,Doors,Balcony,Not Applicable,Low: <= 5307
DoorTech,Interior MDF Door,Interior,MDF,Solid,Bedroom,90x210 cm,Low,7.2,Piece,Per_Room,1,Bedroom,False,4292,Doors,Interior,Not Applicable,Low: <= 5307
Security Doors,Aluminum Balcony Door,Balcony,Aluminum,Sliding,Balcony,180x220 cm,Medium,7.4,Piece,Per_Balcony,1,Balcony,False,6464,Doors,Balcony,Not Applicable,Medium: 5307 - 9745
WoodCraft,Aluminum Balcony Door,Balcony,Aluminum,Sliding,Balcony,180x220 cm,Medium,7.4,Piece,Per_Balcony,1,Balcony,False,6430,Doors,Balcony,Not Applicable,Medium: 5307 - 9745
DoorTech,Aluminum Balcony Door,Balcony,Aluminum,Sliding,Balcony,180x220 cm,Medium,7.4,Piece,Per_Balcony,1,Balcony,False,7498,Doors,Balcony,Not Applicable,Medium: 5307 - 9745
Security Doors,Interior MDF Door,Interior,MDF,Solid,Bedroom,90x210 cm,Low,7.2,Piece,Per_Room,1,Bedroom,False,5258,Doors,Interior,Not Applicable,Low: <= 5307
AluDoor,Interior MDF Door,Interior,MDF,Solid,Bedroom,90x210 cm,Low,7.2,Piece,Per_Room,1,Bedroom,False,4689,Doors,Interior,Not Applicable,Low: <= 5307
AluDoor,Interior MDF Door,Interior,MDF,Solid,Bedroom,90x210 cm,Low,7.2,Piece,Per_Room,1,Bedroom,False,3415,Doors,Interior,Not Applicable,Low: <= 5307
AluDoor,Armored Security Door,Entrance,Steel,Armored,Main Entrance,100x220 cm,High,8.9,Piece,Fixed,1,Apartment,False,12698,Doors,Entrance,Not Applicable,High: > 9745
WPC Brand,Armored Security Door,Entrance,Steel,Armored,Main Entrance,100x220 cm,High,8.9,Piece,Fixed,1,Apartment,False,13805,Doors,Entrance,Not Applicable,High: > 9745
WoodCraft,Aluminum Balcony Door,Balcony,Aluminum,Sliding,Balcony,180x220 cm,Medium,7.4,Piece,Per_Balcony,1,Balcony,False,6629,Doors,Balcony,Not Applicable,Medium: 5307 - 9745
WoodCraft,Armored Security Door,Entrance,Steel,Armored,Main Entrance,100x220 cm,High,8.9,Piece,Fixed,1,Apartment,False,11354,Doors,Entrance,Not Applicable,High: > 9745
AluDoor,Aluminum Balcony Door,Balcony,Aluminum,Sliding,Balcony,180x220 cm,Medium,7.4,Piece,Per_Balcony,1,Balcony,False,6164,Doors,Balcony,Not Applicable,Medium: 5307 - 9745
DoorTech,Armored Security Door,Entrance,Steel,Armored,Main Entrance,100x220 cm,High,8.9,Piece,Fixed,1,Apartment,False,10084,Doors,Entrance,Not Applicable,High: > 9745
AluDoor,Aluminum Balcony Door,Balcony,Aluminum,Sliding,Balcony,180x220 cm,Medium,7.4,Piece,Per_Balcony,1,Balcony,False,6083,Doors,Balcony,Not Applicable,Medium: 5307 - 9745
Security Doors,Aluminum Balcony Door,Balcony,Aluminum,Sliding,Balcony,180x220 cm,Low,7.4,Piece,Per_Balcony,1,Balcony,False,5259,Doors,Balcony,Not Applicable,Low: <= 5307
AluDoor,Interior MDF Door,Interior,MDF,Solid,Bedroom,90x210 cm,Low,7.2,Piece,Per_Room,1,Bedroom,False,5285,Doors,Interior,Not Applicable,Low: <= 5307
WoodCraft,Armored Security Door,Entrance,Steel,Armored,Main Entrance,100x220 cm,High,8.9,Piece,Fixed,1,Apartment,False,10404,Doors,Entrance,Not Applicable,High: > 9745
DoorTech,Armored Security Door,Entrance,Steel,Armored,Main Entrance,100x220 cm,High,8.9,Piece,Fixed,1,Apartment,False,13652,Doors,Entrance,Not Applicable,High: > 9745
AluDoor,Armored Security Door,Entrance,Steel,Armored,Main Entrance,100x220 cm,High,8.9,Piece,Fixed,1,Apartment,False,10102,Doors,Entrance,Not Applicable,High: > 9745
Security Doors,Aluminum Balcony Door,Balcony,Aluminum,Sliding,Balcony,180x220 cm,Medium,7.4,Piece,Per_Balcony,1,Balcony,False,5353,Doors,Balcony,Not Applicable,Medium: 5307 - 9745
DoorTech,Aluminum Balcony Door,Balcony,Aluminum,Sliding,Balcony,180x220 cm,Medium,7.4,Piece,Per_Balcony,1,Balcony,False,7293,Doors,Balcony,Not Applicable,Medium: 5307 - 9745
AluDoor,Interior MDF Door,Interior,MDF,Solid,Bedroom,90x210 cm,Low,7.2,Piece,Per_Room,1,Bedroom,False,3742,Doors,Interior,Not Applicable,Low: <= 5307
Security Doors,Armored Security Door,Entrance,Steel,Armored,Main Entrance,100x220 cm,High,8.9,Piece,Fixed,1,Apartment,False,11149,Doors,Entrance,Not Applicable,High: > 9745
AluDoor,Armored Security Door,Entrance,Steel,Armored,Main Entrance,100x220 cm,High,8.9,Piece,Fixed,1,Apartment,False,14137,Doors,Entrance,Not Applicable,High: > 9745
AluDoor,Aluminum Balcony Door,Balcony,Aluminum,Sliding,Balcony,180x220 cm,Low,7.4,Piece,Per_Balcony,1,Balcony,False,4820,Doors,Balcony,Not Applicable,Low: <= 5307
WoodCraft,Aluminum Balcony Door,Balcony,Aluminum,Sliding,Balcony,180x220 cm,Medium,7.4,Piece,Per_Balcony,1,Balcony,False,6185,Doors,Balcony,Not Applicable,Medium: 5307 - 9745
Security Doors,Armored Security Door,Entrance,Steel,Armored,Main Entrance,100x220 cm,High,8.9,Piece,Fixed,1,Apartment,False,12075,Doors,Entrance,Not Applicable,High: > 9745
WPC Brand,Aluminum Balcony Door,Balcony,Aluminum,Sliding,Balcony,180x220 cm,Low,7.4,Piece,Per_Balcony,1,Balcony,False,4862,Doors,Balcony,Not Applicable,Low: <= 5307
WPC Brand,Interior MDF Door,Interior,MDF,Solid,Bedroom,90x210 cm,Low,7.2,Piece,Per_Room,1,Bedroom,False,3278,Doors,Interior,Not Applicable,Low: <= 5307
AluDoor,Armored Security Door,Entrance,Steel,Armored,Main Entrance,100x220 cm,High,8.9,Piece,Fixed,1,Apartment,False,13541,Doors,Entrance,Not Applicable,High: > 9745
AluDoor,Aluminum Balcony Door,Balcony,Aluminum,Sliding,Balcony,180x220 cm,Medium,7.4,Piece,Per_Balcony,1,Balcony,False,5749,Doors,Balcony,Not Applicable,Medium: 5307 - 9745
WPC Brand,Interior MDF Door,Interior,MDF,Solid,Bedroom,90x210 cm,Low,7.2,Piece,Per_Room,1,Bedroom,False,4161,Doors,Interior,Not Applicable,Low: <= 5307
AluDoor,Armored Security Door,Entrance,Steel,Armored,Main Entrance,100x220 cm,High,8.9,Piece,Fixed,1,Apartment,False,12775,Doors,Entrance,Not Applicable,High: > 9745
AluDoor,Interior MDF Door,Interior,MDF,Solid,Bedroom,90x210 cm,Medium,7.2,Piece,Per_Room,1,Bedroom,False,5695,Doors,Interior,Not Applicable,Medium: 5307 - 9745
WoodCraft,Aluminum Balcony Door,Balcony,Aluminum,Sliding,Balcony,180x220 cm,Medium,7.4,Piece,Per_Balcony,1,Balcony,False,5993,Doors,Balcony,Not Applicable,Medium: 5307 - 9745
WoodCraft,Interior MDF Door,Interior,MDF,Solid,Bedroom,90x210 cm,Low,7.2,Piece,Per_Room,1,Bedroom,False,3403,Doors,Interior,Not Applicable,Low: <= 5307
AluDoor,Armored Security Door,Entrance,Steel,Armored,Main Entrance,100x220 cm,High,8.9,Piece,Fixed,1,Apartment,False,12861,Doors,Entrance,Not Applicable,High: > 9745
WPC Brand,Aluminum Balcony Door,Balcony,Aluminum,Sliding,Balcony,180x220 cm,Medium,7.4,Piece,Per_Balcony,1,Balcony,False,6092,Doors,Balcony,Not Applicable,Medium: 5307 - 9745
DoorTech,Armored Security Door,Entrance,Steel,Armored,Main Entrance,100x220 cm,High,8.9,Piece,Fixed,1,Apartment,False,10326,Doors,Entrance,Not Applicable,High: > 9745
WPC Brand,Armored Security Door,Entrance,Steel,Armored,Main Entrance,100x220 cm,High,8.9,Piece,Fixed,1,Apartment,False,14033,Doors,Entrance,Not Applicable,High: > 9745
WPC Brand,Aluminum Balcony Door,Balcony,Aluminum,Sliding,Balcony,180x220 cm,Low,7.4,Piece,Per_Balcony,1,Balcony,False,4719,Doors,Balcony,Not Applicable,Low: <= 5307
WPC Brand,Aluminum Balcony Door,Balcony,Aluminum,Sliding,Balcony,180x220 cm,Medium,7.4,Piece,Per_Balcony,1,Balcony,False,5750,Doors,Balcony,Not Applicable,Medium: 5307 - 9745
DoorTech,Aluminum Balcony Door,Balcony,Aluminum,Sliding,Balcony,180x220 cm,Low,7.4,Piece,Per_Balcony,1,Balcony,False,4695,Doors,Balcony,Not Applicable,Low: <= 5307
AluDoor,Interior MDF Door,Interior,MDF,Solid,Bedroom,90x210 cm,Low,7.2,Piece,Per_Room,1,Bedroom,False,3846,Doors,Interior,Not Applicable,Low: <= 5307
WoodCraft,Interior MDF Door,Interior,MDF,Solid,Bedroom,90x210 cm,Low,7.2,Piece,Per_Room,1,Bedroom,False,3365,Doors,Interior,Not Applicable,Low: <= 5307
WPC Brand,Armored Security Door,Entrance,Steel,Armored,Main Entrance,100x220 cm,High,8.9,Piece,Fixed,1,Apartment,False,10503,Doors,Entrance,Not Applicable,High: > 9745
DoorTech,Interior MDF Door,Interior,MDF,Solid,Bedroom,90x210 cm,Medium,7.2,Piece,Per_Room,1,Bedroom,False,5614,Doors,Interior,Not Applicable,Medium: 5307 - 9745
Security Doors,Armored Security Door,Entrance,Steel,Armored,Main Entrance,100x220 cm,High,8.9,Piece,Fixed,1,Apartment,False,9973,Doors,Entrance,Not Applicable,High: > 9745
WoodCraft,Armored Security Door,Entrance,Steel,Armored,Main Entrance,100x220 cm,High,8.9,Piece,Fixed,1,Apartment,False,13020,Doors,Entrance,Not Applicable,High: > 9745
WoodCraft,Aluminum Balcony Door,Balcony,Aluminum,Sliding,Balcony,180x220 cm,Medium,7.4,Piece,Per_Balcony,1,Balcony,False,5955,Doors,Balcony,Not Applicable,Medium: 5307 - 9745
WPC Brand,Aluminum Balcony Door,Balcony,Aluminum,Sliding,Balcony,180x220 cm,Medium,7.4,Piece,Per_Balcony,1,Balcony,False,7268,Doors,Balcony,Not Applicable,Medium: 5307 - 9745
WPC Brand,Armored Security Door,Entrance,Steel,Armored,Main Entrance,100x220 cm,High,8.9,Piece,Fixed,1,Apartment,False,13595,Doors,Entrance,Not Applicable,High: > 9745
DoorTech,Aluminum Balcony Door,Balcony,Aluminum,Sliding,Balcony,180x220 cm,Medium,7.4,Piece,Per_Balcony,1,Balcony,False,6982,Doors,Balcony,Not Applicable,Medium: 5307 - 9745
WPC Brand,Aluminum Balcony Door,Balcony,Aluminum,Sliding,Balcony,180x220 cm,Low,7.4,Piece,Per_Balcony,1,Balcony,False,4804,Doors,Balcony,Not Applicable,Low: <= 5307
DoorTech,Interior MDF Door,Interior,MDF,Solid,Bedroom,90x210 cm,Low,7.2,Piece,Per_Room,1,Bedroom,False,5209,Doors,Interior,Not Applicable,Low: <= 5307
WoodCraft,Aluminum Balcony Door,Balcony,Aluminum,Sliding,Balcony,180x220 cm,Medium,7.4,Piece,Per_Balcony,1,Balcony,False,6012,Doors,Balcony,Not Applicable,Medium: 5307 - 9745
AluDoor,Aluminum Balcony Door,Balcony,Aluminum,Sliding,Balcony,180x220 cm,Low,7.4,Piece,Per_Balcony,1,Balcony,False,5034,Doors,Balcony,Not Applicable,Low: <= 5307
AluDoor,Interior MDF Door,Interior,MDF,Solid,Bedroom,90x210 cm,Low,7.2,Piece,Per_Room,1,Bedroom,False,3991,Doors,Interior,Not Applicable,Low: <= 5307
Security Doors,Interior MDF Door,Interior,MDF,Solid,Bedroom,90x210 cm,Medium,7.2,Piece,Per_Room,1,Bedroom,False,5776,Doors,Interior,Not Applicable,Medium: 5307 - 9745
WPC Brand,Interior MDF Door,Interior,MDF,Solid,Bedroom,90x210 cm,Low,7.2,Piece,Per_Room,1,Bedroom,False,5155,Doors,Interior,Not Applicable,Low: <= 5307
WPC Brand,Armored Security Door,Entrance,Steel,Armored,Main Entrance,100x220 cm,High,8.9,Piece,Fixed,1,Apartment,False,14485,Doors,Entrance,Not Applicable,High: > 9745
Security Doors,Interior MDF Door,Interior,MDF,Solid,Bedroom,90x210 cm,Low,7.2,Piece,Per_Room,1,Bedroom,False,3600,Doors,Interior,Not Applicable,Low: <= 5307
WoodCraft,Aluminum Balcony Door,Balcony,Aluminum,Sliding,Balcony,180x220 cm,Medium,7.4,Piece,Per_Balcony,1,Balcony,False,7300,Doors,Balcony,Not Applicable,Medium: 5307 - 9745
AluDoor,Armored Security Door,Entrance,Steel,Armored,Main Entrance,100x220 cm,High,8.9,Piece,Fixed,1,Apartment,False,11139,Doors,Entrance,Not Applicable,High: > 9745
WoodCraft,Interior MDF Door,Interior,MDF,Solid,Bedroom,90x210 cm,Low,7.2,Piece,Per_Room,1,Bedroom,False,4010,Doors,Interior,Not Applicable,Low: <= 5307
WoodCraft,Interior MDF Door,Interior,MDF,Solid,Bedroom,90x210 cm,Low,7.2,Piece,Per_Room,1,Bedroom,False,4237,Doors,Interior,Not Applicable,Low: <= 5307
Security Doors,Interior MDF Door,Interior,MDF,Solid,Bedroom,90x210 cm,Low,7.2,Piece,Per_Room,1,Bedroom,False,4386,Doors,Interior,Not Applicable,Low: <= 5307
WoodCraft,Aluminum Balcony Door,Balcony,Aluminum,Sliding,Balcony,180x220 cm,Low,7.4,Piece,Per_Balcony,1,Balcony,False,4862,Doors,Balcony,Not Applicable,Low: <= 5307
Security Doors,Aluminum Balcony Door,Balcony,Aluminum,Sliding,Balcony,180x220 cm,Medium,7.4,Piece,Per_Balcony,1,Balcony,False,6114,Doors,Balcony,Not Applicable,Medium: 5307 - 9745
Security Doors,Aluminum Balcony Door,Balcony,Aluminum,Sliding,Balcony,180x220 cm,Medium,7.4,Piece,Per_Balcony,1,Balcony,False,5835,Doors,Balcony,Not Applicable,Medium: 5307 - 9745
AluDoor,Interior MDF Door,Interior,MDF,Solid,Bedroom,90x210 cm,Low,7.2,Piece,Per_Room,1,Bedroom,False,4112,Doors,Interior,Not Applicable,Low: <= 5307
WPC Brand,Aluminum Balcony Door,Balcony,Aluminum,Sliding,Balcony,180x220 cm,Medium,7.4,Piece,Per_Balcony,1,Balcony,False,6577,Doors,Balcony,Not Applicable,Medium: 5307 - 9745
Security Doors,Aluminum Balcony Door,Balcony,Aluminum,Sliding,Balcony,180x220 cm,Low,7.4,Piece,Per_Balcony,1,Balcony,False,4997,Doors,Balcony,Not Applicable,Low: <= 5307
WoodCraft,Interior MDF Door,Interior,MDF,Solid,Bedroom,90x210 cm,Low,7.2,Piece,Per_Room,1,Bedroom,False,4354,Doors,Interior,Not Applicable,Low: <= 5307
Security Doors,Interior MDF Door,Interior,MDF,Solid,Bedroom,90x210 cm,Medium,7.2,Piece,Per_Room,1,Bedroom,False,5551,Doors,Interior,Not Applicable,Medium: 5307 - 9745
WPC Brand,Interior MDF Door,Interior,MDF,Solid,Bedroom,90x210 cm,Low,7.2,Piece,Per_Room,1,Bedroom,False,3917,Doors,Interior,Not Applicable,Low: <= 5307
AluDoor,Aluminum Balcony Door,Balcony,Aluminum,Sliding,Balcony,180x220 cm,Medium,7.4,Piece,Per_Balcony,1,Balcony,False,6231,Doors,Balcony,Not Applicable,Medium: 5307 - 9745
DoorTech,Armored Security Door,Entrance,Steel,Armored,Main Entrance,100x220 cm,High,8.9,Piece,Fixed,1,Apartment,False,14228,Doors,Entrance,Not Applicable,High: > 9745
WoodCraft,Interior MDF Door,Interior,MDF,Solid,Bedroom,90x210 cm,Medium,7.2,Piece,Per_Room,1,Bedroom,False,5636,Doors,Interior,Not Applicable,Medium: 5307 - 9745
WoodCraft,Aluminum Balcony Door,Balcony,Aluminum,Sliding,Balcony,180x220 cm,Medium,7.4,Piece,Per_Balcony,1,Balcony,False,5883,Doors,Balcony,Not Applicable,Medium: 5307 - 9745
WPC Brand,Aluminum Balcony Door,Balcony,Aluminum,Sliding,Balcony,180x220 cm,Low,7.4,Piece,Per_Balcony,1,Balcony,False,4905,Doors,Balcony,Not Applicable,Low: <= 5307
DoorTech,Aluminum Balcony Door,Balcony,Aluminum,Sliding,Balcony,180x220 cm,Medium,7.4,Piece,Per_Balcony,1,Balcony,False,7352,Doors,Balcony,Not Applicable,Medium: 5307 - 9745
WPC Brand,Armored Security Door,Entrance,Steel,Armored,Main Entrance,100x220 cm,High,8.9,Piece,Fixed,1,Apartment,False,9871,Doors,Entrance,Not Applicable,High: > 9745
DoorTech,Armored Security Door,Entrance,Steel,Armored,Main Entrance,100x220 cm,High,8.9,Piece,Fixed,1,Apartment,False,13910,Doors,Entrance,Not Applicable,High: > 9745
AluDoor,Interior MDF Door,Interior,MDF,Solid,Bedroom,90x210 cm,Low,7.2,Piece,Per_Room,1,Bedroom,False,3536,Doors,Interior,Not Applicable,Low: <= 5307
AluDoor,Armored Security Door,Entrance,Steel,Armored,Main Entrance,100x220 cm,High,8.9,Piece,Fixed,1,Apartment,False,11516,Doors,Entrance,Not Applicable,High: > 9745
WPC Brand,Interior MDF Door,Interior,MDF,Solid,Bedroom,90x210 cm,Low,7.2,Piece,Per_Room,1,Bedroom,False,5123,Doors,Interior,Not Applicable,Low: <= 5307
WoodCraft,Armored Security Door,Entrance,Steel,Armored,Main Entrance,100x220 cm,High,8.9,Piece,Fixed,1,Apartment,False,13015,Doors,Entrance,Not Applicable,High: > 9745
DoorTech,Aluminum Balcony Door,Balcony,Aluminum,Sliding,Balcony,180x220 cm,Medium,7.4,Piece,Per_Balcony,1,Balcony,False,6850,Doors,Balcony,Not Applicable,Medium: 5307 - 9745
WoodCraft,Armored Security Door,Entrance,Steel,Armored,Main Entrance,100x220 cm,High,8.9,Piece,Fixed,1,Apartment,False,13212,Doors,Entrance,Not Applicable,High: > 9745
Security Doors,Aluminum Balcony Door,Balcony,Aluminum,Sliding,Balcony,180x220 cm,Medium,7.4,Piece,Per_Balcony,1,Balcony,False,7077,Doors,Balcony,Not Applicable,Medium: 5307 - 9745
DoorTech,Armored Security Door,Entrance,Steel,Armored,Main Entrance,100x220 cm,High,8.9,Piece,Fixed,1,Apartment,False,11275,Doors,Entrance,Not Applicable,High: > 9745
Security Doors,Interior MDF Door,Interior,MDF,Solid,Bedroom,90x210 cm,Medium,7.2,Piece,Per_Room,1,Bedroom,False,5338,Doors,Interior,Not Applicable,Medium: 5307 - 9745
DoorTech,Armored Security Door,Entrance,Steel,Armored,Main Entrance,100x220 cm,High,8.9,Piece,Fixed,1,Apartment,False,13234,Doors,Entrance,Not Applicable,High: > 9745
WoodCraft,Armored Security Door,Entrance,Steel,Armored,Main Entrance,100x220 cm,High,8.9,Piece,Fixed,1,Apartment,False,10922,Doors,Entrance,Not Applicable,High: > 9745
AluDoor,Interior MDF Door,Interior,MDF,Solid,Bedroom,90x210 cm,Low,7.2,Piece,Per_Room,1,Bedroom,False,3326,Doors,Interior,Not Applicable,Low: <= 5307
AluDoor,Armored Security Door,Entrance,Steel,Armored,Main Entrance,100x220 cm,High,8.9,Piece,Fixed,1,Apartment,False,14064,Doors,Entrance,Not Applicable,High: > 9745
AluDoor,Armored Security Door,Entrance,Steel,Armored,Main Entrance,100x220 cm,High,8.9,Piece,Fixed,1,Apartment,False,10096,Doors,Entrance,Not Applicable,High: > 9745
Security Doors,Armored Security Door,Entrance,Steel,Armored,Main Entrance,100x220 cm,High,8.9,Piece,Fixed,1,Apartment,False,12952,Doors,Entrance,Not Applicable,High: > 9745
Security Doors,Interior MDF Door,Interior,MDF,Solid,Bedroom,90x210 cm,Low,7.2,Piece,Per_Room,1,Bedroom,False,5009,Doors,Interior,Not Applicable,Low: <= 5307
Security Doors,Armored Security Door,Entrance,Steel,Armored,Main Entrance,100x220 cm,High,8.9,Piece,Fixed,1,Apartment,False,14430,Doors,Entrance,Not Applicable,High: > 9745
AluDoor,Interior MDF Door,Interior,MDF,Solid,Bedroom,90x210 cm,Low,7.2,Piece,Per_Room,1,Bedroom,False,3378,Doors,Interior,Not Applicable,Low: <= 5307
AluDoor,Armored Security Door,Entrance,Steel,Armored,Main Entrance,100x220 cm,High,8.9,Piece,Fixed,1,Apartment,False,11680,Doors,Entrance,Not Applicable,High: > 9745
Security Doors,Aluminum Balcony Door,Balcony,Aluminum,Sliding,Balcony,180x220 cm,Medium,7.4,Piece,Per_Balcony,1,Balcony,False,6877,Doors,Balcony,Not Applicable,Medium: 5307 - 9745
WoodCraft,Armored Security Door,Entrance,Steel,Armored,Main Entrance,100x220 cm,Medium,8.9,Piece,Fixed,1,Apartment,False,9554,Doors,Entrance,Not Applicable,Medium: 5307 - 9745
DoorTech,Armored Security Door,Entrance,Steel,Armored,Main Entrance,100x220 cm,High,8.9,Piece,Fixed,1,Apartment,False,12612,Doors,Entrance,Not Applicable,High: > 9745
AluDoor,Armored Security Door,Entrance,Steel,Armored,Main Entrance,100x220 cm,High,8.9,Piece,Fixed,1,Apartment,False,14348,Doors,Entrance,Not Applicable,High: > 9745
WoodCraft,Armored Security Door,Entrance,Steel,Armored,Main Entrance,100x220 cm,High,8.9,Piece,Fixed,1,Apartment,False,12574,Doors,Entrance,Not Applicable,High: > 9745
WoodCraft,Aluminum Balcony Door,Balcony,Aluminum,Sliding,Balcony,180x220 cm,Medium,7.4,Piece,Per_Balcony,1,Balcony,False,6149,Doors,Balcony,Not Applicable,Medium: 5307 - 9745
WoodCraft,Interior MDF Door,Interior,MDF,Solid,Bedroom,90x210 cm,Low,7.2,Piece,Per_Room,1,Bedroom,False,3243,Doors,Interior,Not Applicable,Low: <= 5307
WPC Brand,Aluminum Balcony Door,Balcony,Aluminum,Sliding,Balcony,180x220 cm,Medium,7.4,Piece,Per_Balcony,1,Balcony,False,5884,Doors,Balcony,Not Applicable,Medium: 5307 - 9745
Security Doors,Aluminum Balcony Door,Balcony,Aluminum,Sliding,Balcony,180x220 cm,Medium,7.4,Piece,Per_Balcony,1,Balcony,False,7419,Doors,Balcony,Not Applicable,Medium: 5307 - 9745
WoodCraft,Armored Security Door,Entrance,Steel,Armored,Main Entrance,100x220 cm,High,8.9,Piece,Fixed,1,Apartment,False,12845,Doors,Entrance,Not Applicable,High: > 9745
Security Doors,Interior MDF Door,Interior,MDF,Solid,Bedroom,90x210 cm,Low,7.2,Piece,Per_Room,1,Bedroom,False,5290,Doors,Interior,Not Applicable,Low: <= 5307
Security Doors,Armored Security Door,Entrance,Steel,Armored,Main Entrance,100x220 cm,High,8.9,Piece,Fixed,1,Apartment,False,14355,Doors,Entrance,Not Applicable,High: > 9745
WoodCraft,Armored Security Door,Entrance,Steel,Armored,Main Entrance,100x220 cm,High,8.9,Piece,Fixed,1,Apartment,False,13573,Doors,Entrance,Not Applicable,High: > 9745
AluDoor,Interior MDF Door,Interior,MDF,Solid,Bedroom,90x210 cm,Low,7.2,Piece,Per_Room,1,Bedroom,False,4180,Doors,Interior,Not Applicable,Low: <= 5307
DoorTech,Armored Security Door,Entrance,Steel,Armored,Main Entrance,100x220 cm,High,8.9,Piece,Fixed,1,Apartment,False,11312,Doors,Entrance,Not Applicable,High: > 9745
WoodCraft,Armored Security Door,Entrance,Steel,Armored,Main Entrance,100x220 cm,High,8.9,Piece,Fixed,1,Apartment,False,13739,Doors,Entrance,Not Applicable,High: > 9745
WPC Brand,Armored Security Door,Entrance,Steel,Armored,Main Entrance,100x220 cm,High,8.9,Piece,Fixed,1,Apartment,False,10079,Doors,Entrance,Not Applicable,High: > 9745
WoodCraft,Armored Security Door,Entrance,Steel,Armored,Main Entrance,100x220 cm,High,8.9,Piece,Fixed,1,Apartment,False,12238,Doors,Entrance,Not Applicable,High: > 9745
AluDoor,Interior MDF Door,Interior,MDF,Solid,Bedroom,90x210 cm,Low,7.2,Piece,Per_Room,1,Bedroom,False,3732,Doors,Interior,Not Applicable,Low: <= 5307
AluDoor,Aluminum Balcony Door,Balcony,Aluminum,Sliding,Balcony,180x220 cm,Medium,7.4,Piece,Per_Balcony,1,Balcony,False,7109,Doors,Balcony,Not Applicable,Medium: 5307 - 9745
AluDoor,Aluminum Balcony Door,Balcony,Aluminum,Sliding,Balcony,180x220 cm,Medium,7.4,Piece,Per_Balcony,1,Balcony,False,6880,Doors,Balcony,Not Applicable,Medium: 5307 - 9745
WoodCraft,Aluminum Balcony Door,Balcony,Aluminum,Sliding,Balcony,180x220 cm,Low,7.4,Piece,Per_Balcony,1,Balcony,False,5304,Doors,Balcony,Not Applicable,Low: <= 5307
AluDoor,Armored Security Door,Entrance,Steel,Armored,Main Entrance,100x220 cm,High,8.9,Piece,Fixed,1,Apartment,False,10719,Doors,Entrance,Not Applicable,High: > 9745
WoodCraft,Armored Security Door,Entrance,Steel,Armored,Main Entrance,100x220 cm,High,8.9,Piece,Fixed,1,Apartment,False,11461,Doors,Entrance,Not Applicable,High: > 9745
DoorTech,Interior MDF Door,Interior,MDF,Solid,Bedroom,90x210 cm,Low,7.2,Piece,Per_Room,1,Bedroom,False,5214,Doors,Interior,Not Applicable,Low: <= 5307
WPC Brand,Armored Security Door,Entrance,Steel,Armored,Main Entrance,100x220 cm,High,8.9,Piece,Fixed,1,Apartment,False,13105,Doors,Entrance,Not Applicable,High: > 9745
Security Doors,Armored Security Door,Entrance,Steel,Armored,Main Entrance,100x220 cm,High,8.9,Piece,Fixed,1,Apartment,False,12334,Doors,Entrance,Not Applicable,High: > 9745
Security Doors,Armored Security Door,Entrance,Steel,Armored,Main Entrance,100x220 cm,High,8.9,Piece,Fixed,1,Apartment,False,10223,Doors,Entrance,Not Applicable,High: > 9745
AluDoor,Armored Security Door,Entrance,Steel,Armored,Main Entrance,100x220 cm,High,8.9,Piece,Fixed,1,Apartment,False,9791,Doors,Entrance,Not Applicable,High: > 9745
WPC Brand,Interior MDF Door,Interior,MDF,Solid,Bedroom,90x210 cm,Low,7.2,Piece,Per_Room,1,Bedroom,False,3235,Doors,Interior,Not Applicable,Low: <= 5307
AluDoor,Armored Security Door,Entrance,Steel,Armored,Main Entrance,100x220 cm,High,8.9,Piece,Fixed,1,Apartment,False,11966,Doors,Entrance,Not Applicable,High: > 9745
DoorTech,Armored Security Door,Entrance,Steel,Armored,Main Entrance,100x220 cm,High,8.9,Piece,Fixed,1,Apartment,False,14095,Doors,Entrance,Not Applicable,High: > 9745
AluDoor,Interior MDF Door,Interior,MDF,Solid,Bedroom,90x210 cm,Low,7.2,Piece,Per_Room,1,Bedroom,False,4547,Doors,Interior,Not Applicable,Low: <= 5307
WPC Brand,Aluminum Balcony Door,Balcony,Aluminum,Sliding,Balcony,180x220 cm,Medium,7.4,Piece,Per_Balcony,1,Balcony,False,5982,Doors,Balcony,Not Applicable,Medium: 5307 - 9745
AluDoor,Armored Security Door,Entrance,Steel,Armored,Main Entrance,100x220 cm,High,8.9,Piece,Fixed,1,Apartment,False,10794,Doors,Entrance,Not Applicable,High: > 9745
Security Doors,Aluminum Balcony Door,Balcony,Aluminum,Sliding,Balcony,180x220 cm,Medium,7.4,Piece,Per_Balcony,1,Balcony,False,5416,Doors,Balcony,Not Applicable,Medium: 5307 - 9745
DoorTech,Armored Security Door,Entrance,Steel,Armored,Main Entrance,100x220 cm,High,8.9,Piece,Fixed,1,Apartment,False,10305,Doors,Entrance,Not Applicable,High: > 9745
DoorTech,Aluminum Balcony Door,Balcony,Aluminum,Sliding,Balcony,180x220 cm,Medium,7.4,Piece,Per_Balcony,1,Balcony,False,6349,Doors,Balcony,Not Applicable,Medium: 5307 - 9745
DoorTech,Interior MDF Door,Interior,MDF,Solid,Bedroom,90x210 cm,Low,7.2,Piece,Per_Room,1,Bedroom,False,4275,Doors,Interior,Not Applicable,Low: <= 5307
DoorTech,Armored Security Door,Entrance,Steel,Armored,Main Entrance,100x220 cm,High,8.9,Piece,Fixed,1,Apartment,False,11644,Doors,Entrance,Not Applicable,High: > 9745
WPC Brand,Interior MDF Door,Interior,MDF,Solid,Bedroom,90x210 cm,Low,7.2,Piece,Per_Room,1,Bedroom,False,4193,Doors,Interior,Not Applicable,Low: <= 5307
WPC Brand,Aluminum Balcony Door,Balcony,Aluminum,Sliding,Balcony,180x220 cm,Medium,7.4,Piece,Per_Balcony,1,Balcony,False,5770,Doors,Balcony,Not Applicable,Medium: 5307 - 9745
WoodCraft,Armored Security Door,Entrance,Steel,Armored,Main Entrance,100x220 cm,High,8.9,Piece,Fixed,1,Apartment,False,10412,Doors,Entrance,Not Applicable,High: > 9745
DoorTech,Interior MDF Door,Interior,MDF,Solid,Bedroom,90x210 cm,Low,7.2,Piece,Per_Room,1,Bedroom,False,3408,Doors,Interior,Not Applicable,Low: <= 5307
WoodCraft,Interior MDF Door,Interior,MDF,Solid,Bedroom,90x210 cm,Low,7.2,Piece,Per_Room,1,Bedroom,False,4064,Doors,Interior,Not Applicable,Low: <= 5307
AluDoor,Armored Security Door,Entrance,Steel,Armored,Main Entrance,100x220 cm,High,8.9,Piece,Fixed,1,Apartment,False,14422,Doors,Entrance,Not Applicable,High: > 9745
WoodCraft,Aluminum Balcony Door,Balcony,Aluminum,Sliding,Balcony,180x220 cm,Medium,7.4,Piece,Per_Balcony,1,Balcony,False,6713,Doors,Balcony,Not Applicable,Medium: 5307 - 9745
WPC Brand,Armored Security Door,Entrance,Steel,Armored,Main Entrance,100x220 cm,High,8.9,Piece,Fixed,1,Apartment,False,13820,Doors,Entrance,Not Applicable,High: > 9745
WoodCraft,Armored Security Door,Entrance,Steel,Armored,Main Entrance,100x220 cm,High,8.9,Piece,Fixed,1,Apartment,False,11961,Doors,Entrance,Not Applicable,High: > 9745
AluDoor,Interior MDF Door,Interior,MDF,Solid,Bedroom,90x210 cm,Medium,7.2,Piece,Per_Room,1,Bedroom,False,5522,Doors,Interior,Not Applicable,Medium: 5307 - 9745
Security Doors,Aluminum Balcony Door,Balcony,Aluminum,Sliding,Balcony,180x220 cm,Medium,7.4,Piece,Per_Balcony,1,Balcony,False,7448,Doors,Balcony,Not Applicable,Medium: 5307 - 9745
WPC Brand,Interior MDF Door,Interior,MDF,Solid,Bedroom,90x210 cm,Low,7.2,Piece,Per_Room,1,Bedroom,False,3952,Doors,Interior,Not Applicable,Low: <= 5307
DoorTech,Interior MDF Door,Interior,MDF,Solid,Bedroom,90x210 cm,Low,7.2,Piece,Per_Room,1,Bedroom,False,3412,Doors,Interior,Not Applicable,Low: <= 5307
Security Doors,Armored Security Door,Entrance,Steel,Armored,Main Entrance,100x220 cm,High,8.9,Piece,Fixed,1,Apartment,False,12975,Doors,Entrance,Not Applicable,High: > 9745
WPC Brand,Aluminum Balcony Door,Balcony,Aluminum,Sliding,Balcony,180x220 cm,Low,7.4,Piece,Per_Balcony,1,Balcony,False,5113,Doors,Balcony,Not Applicable,Low: <= 5307
AluDoor,Armored Security Door,Entrance,Steel,Armored,Main Entrance,100x220 cm,High,8.9,Piece,Fixed,1,Apartment,False,9986,Doors,Entrance,Not Applicable,High: > 9745
WPC Brand,Interior MDF Door,Interior,MDF,Solid,Bedroom,90x210 cm,Low,7.2,Piece,Per_Room,1,Bedroom,False,4311,Doors,Interior,Not Applicable,Low: <= 5307
AluDoor,Aluminum Balcony Door,Balcony,Aluminum,Sliding,Balcony,180x220 cm,Medium,7.4,Piece,Per_Balcony,1,Balcony,False,6527,Doors,Balcony,Not Applicable,Medium: 5307 - 9745
WoodCraft,Aluminum Balcony Door,Balcony,Aluminum,Sliding,Balcony,180x220 cm,Medium,7.4,Piece,Per_Balcony,1,Balcony,False,6850,Doors,Balcony,Not Applicable,Medium: 5307 - 9745
Security Doors,Aluminum Balcony Door,Balcony,Aluminum,Sliding,Balcony,180x220 cm,Medium,7.4,Piece,Per_Balcony,1,Balcony,False,7037,Doors,Balcony,Not Applicable,Medium: 5307 - 9745
AluDoor,Armored Security Door,Entrance,Steel,Armored,Main Entrance,100x220 cm,High,8.9,Piece,Fixed,1,Apartment,False,10505,Doors,Entrance,Not Applicable,High: > 9745
WPC Brand,Aluminum Balcony Door,Balcony,Aluminum,Sliding,Balcony,180x220 cm,Medium,7.4,Piece,Per_Balcony,1,Balcony,False,5595,Doors,Balcony,Not Applicable,Medium: 5307 - 9745
WPC Brand,Interior MDF Door,Interior,MDF,Solid,Bedroom,90x210 cm,Low,7.2,Piece,Per_Room,1,Bedroom,False,4645,Doors,Interior,Not Applicable,Low: <= 5307
DoorTech,Aluminum Balcony Door,Balcony,Aluminum,Sliding,Balcony,180x220 cm,Medium,7.4,Piece,Per_Balcony,1,Balcony,False,5727,Doors,Balcony,Not Applicable,Medium: 5307 - 9745
WPC Brand,Interior MDF Door,Interior,MDF,Solid,Bedroom,90x210 cm,Low,7.2,Piece,Per_Room,1,Bedroom,False,3509,Doors,Interior,Not Applicable,Low: <= 5307
AluDoor,Aluminum Balcony Door,Balcony,Aluminum,Sliding,Balcony,180x220 cm,Medium,7.4,Piece,Per_Balcony,1,Balcony,False,7283,Doors,Balcony,Not Applicable,Medium: 5307 - 9745
Security Doors,Aluminum Balcony Door,Balcony,Aluminum,Sliding,Balcony,180x220 cm,Medium,7.4,Piece,Per_Balcony,1,Balcony,False,6953,Doors,Balcony,Not Applicable,Medium: 5307 - 9745
DoorTech,Armored Security Door,Entrance,Steel,Armored,Main Entrance,100x220 cm,High,8.9,Piece,Fixed,1,Apartment,False,9772,Doors,Entrance,Not Applicable,High: > 9745
Security Doors,Armored Security Door,Entrance,Steel,Armored,Main Entrance,100x220 cm,High,8.9,Piece,Fixed,1,Apartment,False,9770,Doors,Entrance,Not Applicable,High: > 9745
WoodCraft,Armored Security Door,Entrance,Steel,Armored,Main Entrance,100x220 cm,High,8.9,Piece,Fixed,1,Apartment,False,10878,Doors,Entrance,Not Applicable,High: > 9745
DoorTech,Armored Security Door,Entrance,Steel,Armored,Main Entrance,100x220 cm,High,8.9,Piece,Fixed,1,Apartment,False,14188,Doors,Entrance,Not Applicable,High: > 9745
WoodCraft,Interior MDF Door,Interior,MDF,Solid,Bedroom,90x210 cm,Low,7.2,Piece,Per_Room,1,Bedroom,False,4220,Doors,Interior,Not Applicable,Low: <= 5307
Security Doors,Armored Security Door,Entrance,Steel,Armored,Main Entrance,100x220 cm,High,8.9,Piece,Fixed,1,Apartment,False,9756,Doors,Entrance,Not Applicable,High: > 9745
WoodCraft,Aluminum Balcony Door,Balcony,Aluminum,Sliding,Balcony,180x220 cm,Medium,7.4,Piece,Per_Balcony,1,Balcony,False,5835,Doors,Balcony,Not Applicable,Medium: 5307 - 9745
WoodCraft,Aluminum Balcony Door,Balcony,Aluminum,Sliding,Balcony,180x220 cm,Medium,7.4,Piece,Per_Balcony,1,Balcony,False,5948,Doors,Balcony,Not Applicable,Medium: 5307 - 9745
WPC Brand,Aluminum Balcony Door,Balcony,Aluminum,Sliding,Balcony,180x220 cm,Medium,7.4,Piece,Per_Balcony,1,Balcony,False,6105,Doors,Balcony,Not Applicable,Medium: 5307 - 9745
DoorTech,Aluminum Balcony Door,Balcony,Aluminum,Sliding,Balcony,180x220 cm,Medium,7.4,Piece,Per_Balcony,1,Balcony,False,6569,Doors,Balcony,Not Applicable,Medium: 5307 - 9745
WoodCraft,Armored Security Door,Entrance,Steel,Armored,Main Entrance,100x220 cm,High,8.9,Piece,Fixed,1,Apartment,False,11644,Doors,Entrance,Not Applicable,High: > 9745
DoorTech,Interior MDF Door,Interior,MDF,Solid,Bedroom,90x210 cm,Low,7.2,Piece,Per_Room,1,Bedroom,False,3284,Doors,Interior,Not Applicable,Low: <= 5307
Security Doors,Interior MDF Door,Interior,MDF,Solid,Bedroom,90x210 cm,Medium,7.2,Piece,Per_Room,1,Bedroom,False,5721,Doors,Interior,Not Applicable,Medium: 5307 - 9745
WoodCraft,Armored Security Door,Entrance,Steel,Armored,Main Entrance,100x220 cm,High,8.9,Piece,Fixed,1,Apartment,False,14364,Doors,Entrance,Not Applicable,High: > 9745
WoodCraft,Armored Security Door,Entrance,Steel,Armored,Main Entrance,100x220 cm,High,8.9,Piece,Fixed,1,Apartment,False,11053,Doors,Entrance,Not Applicable,High: > 9745
WPC Brand,Armored Security Door,Entrance,Steel,Armored,Main Entrance,100x220 cm,High,8.9,Piece,Fixed,1,Apartment,False,10032,Doors,Entrance,Not Applicable,High: > 9745
Security Doors,Armored Security Door,Entrance,Steel,Armored,Main Entrance,100x220 cm,High,8.9,Piece,Fixed,1,Apartment,False,11085,Doors,Entrance,Not Applicable,High: > 9745
Security Doors,Interior MDF Door,Interior,MDF,Solid,Bedroom,90x210 cm,Low,7.2,Piece,Per_Room,1,Bedroom,False,4311,Doors,Interior,Not Applicable,Low: <= 5307
WoodCraft,Armored Security Door,Entrance,Steel,Armored,Main Entrance,100x220 cm,High,8.9,Piece,Fixed,1,Apartment,False,13738,Doors,Entrance,Not Applicable,High: > 9745
Security Doors,Aluminum Balcony Door,Balcony,Aluminum,Sliding,Balcony,180x220 cm,Medium,7.4,Piece,Per_Balcony,1,Balcony,False,7001,Doors,Balcony,Not Applicable,Medium: 5307 - 9745
Security Doors,Armored Security Door,Entrance,Steel,Armored,Main Entrance,100x220 cm,High,8.9,Piece,Fixed,1,Apartment,False,11708,Doors,Entrance,Not Applicable,High: > 9745
AluDoor,Interior MDF Door,Interior,MDF,Solid,Bedroom,90x210 cm,Low,7.2,Piece,Per_Room,1,Bedroom,False,4619,Doors,Interior,Not Applicable,Low: <= 5307
Security Doors,Interior MDF Door,Interior,MDF,Solid,Bedroom,90x210 cm,Low,7.2,Piece,Per_Room,1,Bedroom,False,5139,Doors,Interior,Not Applicable,Low: <= 5307
WoodCraft,Aluminum Balcony Door,Balcony,Aluminum,Sliding,Balcony,180x220 cm,Medium,7.4,Piece,Per_Balcony,1,Balcony,False,7218,Doors,Balcony,Not Applicable,Medium: 5307 - 9745
WPC Brand,Armored Security Door,Entrance,Steel,Armored,Main Entrance,100x220 cm,High,8.9,Piece,Fixed,1,Apartment,False,12071,Doors,Entrance,Not Applicable,High: > 9745
DoorTech,Interior MDF Door,Interior,MDF,Solid,Bedroom,90x210 cm,Low,7.2,Piece,Per_Room,1,Bedroom,False,3339,Doors,Interior,Not Applicable,Low: <= 5307
WoodCraft,Interior MDF Door,Interior,MDF,Solid,Bedroom,90x210 cm,Low,7.2,Piece,Per_Room,1,Bedroom,False,3721,Doors,Interior,Not Applicable,Low: <= 5307
AluDoor,Armored Security Door,Entrance,Steel,Armored,Main Entrance,100x220 cm,High,8.9,Piece,Fixed,1,Apartment,False,13143,Doors,Entrance,Not Applicable,High: > 9745
AluDoor,Armored Security Door,Entrance,Steel,Armored,Main Entrance,100x220 cm,Medium,8.9,Piece,Fixed,1,Apartment,False,9505,Doors,Entrance,Not Applicable,Medium: 5307 - 9745
DoorTech,Interior MDF Door,Interior,MDF,Solid,Bedroom,90x210 cm,Low,7.2,Piece,Per_Room,1,Bedroom,False,3320,Doors,Interior,Not Applicable,Low: <= 5307
AluDoor,Armored Security Door,Entrance,Steel,Armored,Main Entrance,100x220 cm,High,8.9,Piece,Fixed,1,Apartment,False,9839,Doors,Entrance,Not Applicable,High: > 9745
Security Doors,Aluminum Balcony Door,Balcony,Aluminum,Sliding,Balcony,180x220 cm,Low,7.4,Piece,Per_Balcony,1,Balcony,False,5130,Doors,Balcony,Not Applicable,Low: <= 5307
WPC Brand,Interior MDF Door,Interior,MDF,Solid,Bedroom,90x210 cm,Low,7.2,Piece,Per_Room,1,Bedroom,False,5169,Doors,Interior,Not Applicable,Low: <= 5307
Security Doors,Aluminum Balcony Door,Balcony,Aluminum,Sliding,Balcony,180x220 cm,Medium,7.4,Piece,Per_Balcony,1,Balcony,False,7365,Doors,Balcony,Not Applicable,Medium: 5307 - 9745
WoodCraft,Interior MDF Door,Interior,MDF,Solid,Bedroom,90x210 cm,Low,7.2,Piece,Per_Room,1,Bedroom,False,3928,Doors,Interior,Not Applicable,Low: <= 5307
Security Doors,Armored Security Door,Entrance,Steel,Armored,Main Entrance,100x220 cm,High,8.9,Piece,Fixed,1,Apartment,False,13599,Doors,Entrance,Not Applicable,High: > 9745
AluDoor,Armored Security Door,Entrance,Steel,Armored,Main Entrance,100x220 cm,High,8.9,Piece,Fixed,1,Apartment,False,12500,Doors,Entrance,Not Applicable,High: > 9745
DoorTech,Interior MDF Door,Interior,MDF,Solid,Bedroom,90x210 cm,Low,7.2,Piece,Per_Room,1,Bedroom,False,4267,Doors,Interior,Not Applicable,Low: <= 5307
AluDoor,Armored Security Door,Entrance,Steel,Armored,Main Entrance,100x220 cm,High,8.9,Piece,Fixed,1,Apartment,False,9949,Doors,Entrance,Not Applicable,High: > 9745
DoorTech,Armored Security Door,Entrance,Steel,Armored,Main Entrance,100x220 cm,High,8.9,Piece,Fixed,1,Apartment,False,9953,Doors,Entrance,Not Applicable,High: > 9745
DoorTech,Armored Security Door,Entrance,Steel,Armored,Main Entrance,100x220 cm,High,8.9,Piece,Fixed,1,Apartment,False,9853,Doors,Entrance,Not Applicable,High: > 9745
WPC Brand,Interior MDF Door,Interior,MDF,Solid,Bedroom,90x210 cm,Low,7.2,Piece,Per_Room,1,Bedroom,False,3657,Doors,Interior,Not Applicable,Low: <= 5307
AluDoor,Aluminum Balcony Door,Balcony,Aluminum,Sliding,Balcony,180x220 cm,Medium,7.4,Piece,Per_Balcony,1,Balcony,False,6653,Doors,Balcony,Not Applicable,Medium: 5307 - 9745
AluDoor,Aluminum Balcony Door,Balcony,Aluminum,Sliding,Balcony,180x220 cm,Medium,7.4,Piece,Per_Balcony,1,Balcony,False,6154,Doors,Balcony,Not Applicable,Medium: 5307 - 9745
AluDoor,Armored Security Door,Entrance,Steel,Armored,Main Entrance,100x220 cm,High,8.9,Piece,Fixed,1,Apartment,False,10957,Doors,Entrance,Not Applicable,High: > 9745
AluDoor,Aluminum Balcony Door,Balcony,Aluminum,Sliding,Balcony,180x220 cm,Medium,7.4,Piece,Per_Balcony,1,Balcony,False,5330,Doors,Balcony,Not Applicable,Medium: 5307 - 9745
WoodCraft,Armored Security Door,Entrance,Steel,Armored,Main Entrance,100x220 cm,High,8.9,Piece,Fixed,1,Apartment,False,10978,Doors,Entrance,Not Applicable,High: > 9745
AluDoor,Aluminum Balcony Door,Balcony,Aluminum,Sliding,Balcony,180x220 cm,Low,7.4,Piece,Per_Balcony,1,Balcony,False,4526,Doors,Balcony,Not Applicable,Low: <= 5307
WoodCraft,Armored Security Door,Entrance,Steel,Armored,Main Entrance,100x220 cm,High,8.9,Piece,Fixed,1,Apartment,False,13870,Doors,Entrance,Not Applicable,High: > 9745
WoodCraft,Armored Security Door,Entrance,Steel,Armored,Main Entrance,100x220 cm,High,8.9,Piece,Fixed,1,Apartment,False,13931,Doors,Entrance,Not Applicable,High: > 9745
DoorTech,Interior MDF Door,Interior,MDF,Solid,Bedroom,90x210 cm,Medium,7.2,Piece,Per_Room,1,Bedroom,False,5409,Doors,Interior,Not Applicable,Medium: 5307 - 9745
AluDoor,Interior MDF Door,Interior,MDF,Solid,Bedroom,90x210 cm,Low,7.2,Piece,Per_Room,1,Bedroom,False,3488,Doors,Interior,Not Applicable,Low: <= 5307
AluDoor,Aluminum Balcony Door,Balcony,Aluminum,Sliding,Balcony,180x220 cm,Medium,7.4,Piece,Per_Balcony,1,Balcony,False,5832,Doors,Balcony,Not Applicable,Medium: 5307 - 9745
AluDoor,Armored Security Door,Entrance,Steel,Armored,Main Entrance,100x220 cm,High,8.9,Piece,Fixed,1,Apartment,False,13141,Doors,Entrance,Not Applicable,High: > 9745
Security Doors,Interior MDF Door,Interior,MDF,Solid,Bedroom,90x210 cm,Low,7.2,Piece,Per_Room,1,Bedroom,False,4654,Doors,Interior,Not Applicable,Low: <= 5307
WoodCraft,Interior MDF Door,Interior,MDF,Solid,Bedroom,90x210 cm,Low,7.2,Piece,Per_Room,1,Bedroom,False,3914,Doors,Interior,Not Applicable,Low: <= 5307
WPC Brand,Interior MDF Door,Interior,MDF,Solid,Bedroom,90x210 cm,Low,7.2,Piece,Per_Room,1,Bedroom,False,4234,Doors,Interior,Not Applicable,Low: <= 5307
Security Doors,Armored Security Door,Entrance,Steel,Armored,Main Entrance,100x220 cm,High,8.9,Piece,Fixed,1,Apartment,False,11123,Doors,Entrance,Not Applicable,High: > 9745
WPC Brand,Aluminum Balcony Door,Balcony,Aluminum,Sliding,Balcony,180x220 cm,Medium,7.4,Piece,Per_Balcony,1,Balcony,False,7176,Doors,Balcony,Not Applicable,Medium: 5307 - 9745
DoorTech,Armored Security Door,Entrance,Steel,Armored,Main Entrance,100x220 cm,High,8.9,Piece,Fixed,1,Apartment,False,12559,Doors,Entrance,Not Applicable,High: > 9745
Security Doors,Aluminum Balcony Door,Balcony,Aluminum,Sliding,Balcony,180x220 cm,Medium,7.4,Piece,Per_Balcony,1,Balcony,False,7344,Doors,Balcony,Not Applicable,Medium: 5307 - 9745
WoodCraft,Aluminum Balcony Door,Balcony,Aluminum,Sliding,Balcony,180x220 cm,Medium,7.4,Piece,Per_Balcony,1,Balcony,False,6235,Doors,Balcony,Not Applicable,Medium: 5307 - 9745
WPC Brand,Armored Security Door,Entrance,Steel,Armored,Main Entrance,100x220 cm,High,8.9,Piece,Fixed,1,Apartment,False,12126,Doors,Entrance,Not Applicable,High: > 9745
WoodCraft,Aluminum Balcony Door,Balcony,Aluminum,Sliding,Balcony,180x220 cm,Medium,7.4,Piece,Per_Balcony,1,Balcony,False,5335,Doors,Balcony,Not Applicable,Medium: 5307 - 9745
WoodCraft,Interior MDF Door,Interior,MDF,Solid,Bedroom,90x210 cm,Low,7.2,Piece,Per_Room,1,Bedroom,False,3730,Doors,Interior,Not Applicable,Low: <= 5307
DoorTech,Aluminum Balcony Door,Balcony,Aluminum,Sliding,Balcony,180x220 cm,Medium,7.4,Piece,Per_Balcony,1,Balcony,False,5609,Doors,Balcony,Not Applicable,Medium: 5307 - 9745
WoodCraft,Interior MDF Door,Interior,MDF,Solid,Bedroom,90x210 cm,Medium,7.2,Piece,Per_Room,1,Bedroom,False,5753,Doors,Interior,Not Applicable,Medium: 5307 - 9745
AluDoor,Aluminum Balcony Door,Balcony,Aluminum,Sliding,Balcony,180x220 cm,Medium,7.4,Piece,Per_Balcony,1,Balcony,False,7004,Doors,Balcony,Not Applicable,Medium: 5307 - 9745
WoodCraft,Aluminum Balcony Door,Balcony,Aluminum,Sliding,Balcony,180x220 cm,Medium,7.4,Piece,Per_Balcony,1,Balcony,False,6496,Doors,Balcony,Not Applicable,Medium: 5307 - 9745
DoorTech,Interior MDF Door,Interior,MDF,Solid,Bedroom,90x210 cm,Low,7.2,Piece,Per_Room,1,Bedroom,False,4981,Doors,Interior,Not Applicable,Low: <= 5307
WoodCraft,Armored Security Door,Entrance,Steel,Armored,Main Entrance,100x220 cm,High,8.9,Piece,Fixed,1,Apartment,False,14073,Doors,Entrance,Not Applicable,High: > 9745
AluDoor,Interior MDF Door,Interior,MDF,Solid,Bedroom,90x210 cm,Low,7.2,Piece,Per_Room,1,Bedroom,False,4444,Doors,Interior,Not Applicable,Low: <= 5307
DoorTech,Aluminum Balcony Door,Balcony,Aluminum,Sliding,Balcony,180x220 cm,Low,7.4,Piece,Per_Balcony,1,Balcony,False,4996,Doors,Balcony,Not Applicable,Low: <= 5307
AluDoor,Interior MDF Door,Interior,MDF,Solid,Bedroom,90x210 cm,Low,7.2,Piece,Per_Room,1,Bedroom,False,3664,Doors,Interior,Not Applicable,Low: <= 5307
DoorTech,Interior MDF Door,Interior,MDF,Solid,Bedroom,90x210 cm,Low,7.2,Piece,Per_Room,1,Bedroom,False,3872,Doors,Interior,Not Applicable,Low: <= 5307
WPC Brand,Interior MDF Door,Interior,MDF,Solid,Bedroom,90x210 cm,Low,7.2,Piece,Per_Room,1,Bedroom,False,5053,Doors,Interior,Not Applicable,Low: <= 5307
Security Doors,Interior MDF Door,Interior,MDF,Solid,Bedroom,90x210 cm,Low,7.2,Piece,Per_Room,1,Bedroom,False,5218,Doors,Interior,Not Applicable,Low: <= 5307
WPC Brand,Armored Security Door,Entrance,Steel,Armored,Main Entrance,100x220 cm,High,8.9,Piece,Fixed,1,Apartment,False,10985,Doors,Entrance,Not Applicable,High: > 9745
AluDoor,Aluminum Balcony Door,Balcony,Aluminum,Sliding,Balcony,180x220 cm,Medium,7.4,Piece,Per_Balcony,1,Balcony,False,6258,Doors,Balcony,Not Applicable,Medium: 5307 - 9745
WoodCraft,Interior MDF Door,Interior,MDF,Solid,Bedroom,90x210 cm,Low,7.2,Piece,Per_Room,1,Bedroom,False,3750,Doors,Interior,Not Applicable,Low: <= 5307
WPC Brand,Aluminum Balcony Door,Balcony,Aluminum,Sliding,Balcony,180x220 cm,Medium,7.4,Piece,Per_Balcony,1,Balcony,False,5993,Doors,Balcony,Not Applicable,Medium: 5307 - 9745
Security Doors,Interior MDF Door,Interior,MDF,Solid,Bedroom,90x210 cm,Low,7.2,Piece,Per_Room,1,Bedroom,False,5098,Doors,Interior,Not Applicable,Low: <= 5307
WoodCraft,Interior MDF Door,Interior,MDF,Solid,Bedroom,90x210 cm,Low,7.2,Piece,Per_Room,1,Bedroom,False,4199,Doors,Interior,Not Applicable,Low: <= 5307
DoorTech,Armored Security Door,Entrance,Steel,Armored,Main Entrance,100x220 cm,High,8.9,Piece,Fixed,1,Apartment,False,12062,Doors,Entrance,Not Applicable,High: > 9745
WPC Brand,Aluminum Balcony Door,Balcony,Aluminum,Sliding,Balcony,180x220 cm,Low,7.4,Piece,Per_Balcony,1,Balcony,False,5094,Doors,Balcony,Not Applicable,Low: <= 5307
WPC Brand,Interior MDF Door,Interior,MDF,Solid,Bedroom,90x210 cm,Low,7.2,Piece,Per_Room,1,Bedroom,False,3811,Doors,Interior,Not Applicable,Low: <= 5307
DoorTech,Aluminum Balcony Door,Balcony,Aluminum,Sliding,Balcony,180x220 cm,Medium,7.4,Piece,Per_Balcony,1,Balcony,False,5686,Doors,Balcony,Not Applicable,Medium: 5307 - 9745
WPC Brand,Aluminum Balcony Door,Balcony,Aluminum,Sliding,Balcony,180x220 cm,Medium,7.4,Piece,Per_Balcony,1,Balcony,False,6874,Doors,Balcony,Not Applicable,Medium: 5307 - 9745
AluDoor,Armored Security Door,Entrance,Steel,Armored,Main Entrance,100x220 cm,High,8.9,Piece,Fixed,1,Apartment,False,13679,Doors,Entrance,Not Applicable,High: > 9745
WoodCraft,Interior MDF Door,Interior,MDF,Solid,Bedroom,90x210 cm,Low,7.2,Piece,Per_Room,1,Bedroom,False,3943,Doors,Interior,Not Applicable,Low: <= 5307
AluDoor,Interior MDF Door,Interior,MDF,Solid,Bedroom,90x210 cm,Medium,7.2,Piece,Per_Room,1,Bedroom,False,5457,Doors,Interior,Not Applicable,Medium: 5307 - 9745
Security Doors,Armored Security Door,Entrance,Steel,Armored,Main Entrance,100x220 cm,High,8.9,Piece,Fixed,1,Apartment,False,11691,Doors,Entrance,Not Applicable,High: > 9745
Security Doors,Aluminum Balcony Door,Balcony,Aluminum,Sliding,Balcony,180x220 cm,Medium,7.4,Piece,Per_Balcony,1,Balcony,False,6882,Doors,Balcony,Not Applicable,Medium: 5307 - 9745
WoodCraft,Aluminum Balcony Door,Balcony,Aluminum,Sliding,Balcony,180x220 cm,Medium,7.4,Piece,Per_Balcony,1,Balcony,False,5671,Doors,Balcony,Not Applicable,Medium: 5307 - 9745
WPC Brand,Aluminum Balcony Door,Balcony,Aluminum,Sliding,Balcony,180x220 cm,Medium,7.4,Piece,Per_Balcony,1,Balcony,False,5837,Doors,Balcony,Not Applicable,Medium: 5307 - 9745
AluDoor,Armored Security Door,Entrance,Steel,Armored,Main Entrance,100x220 cm,High,8.9,Piece,Fixed,1,Apartment,False,14357,Doors,Entrance,Not Applicable,High: > 9745
DoorTech,Armored Security Door,Entrance,Steel,Armored,Main Entrance,100x220 cm,High,8.9,Piece,Fixed,1,Apartment,False,12700,Doors,Entrance,Not Applicable,High: > 9745
WPC Brand,Interior MDF Door,Interior,MDF,Solid,Bedroom,90x210 cm,Low,7.2,Piece,Per_Room,1,Bedroom,False,4988,Doors,Interior,Not Applicable,Low: <= 5307
Security Doors,Armored Security Door,Entrance,Steel,Armored,Main Entrance,100x220 cm,High,8.9,Piece,Fixed,1,Apartment,False,10197,Doors,Entrance,Not Applicable,High: > 9745
DoorTech,Aluminum Balcony Door,Balcony,Aluminum,Sliding,Balcony,180x220 cm,Low,7.4,Piece,Per_Balcony,1,Balcony,False,5155,Doors,Balcony,Not Applicable,Low: <= 5307
WoodCraft,Interior MDF Door,Interior,MDF,Solid,Bedroom,90x210 cm,Low,7.2,Piece,Per_Room,1,Bedroom,False,5262,Doors,Interior,Not Applicable,Low: <= 5307
AluDoor,Aluminum Balcony Door,Balcony,Aluminum,Sliding,Balcony,180x220 cm,Medium,7.4,Piece,Per_Balcony,1,Balcony,False,6886,Doors,Balcony,Not Applicable,Medium: 5307 - 9745
WPC Brand,Interior MDF Door,Interior,MDF,Solid,Bedroom,90x210 cm,Low,7.2,Piece,Per_Room,1,Bedroom,False,4982,Doors,Interior,Not Applicable,Low: <= 5307
WoodCraft,Aluminum Balcony Door,Balcony,Aluminum,Sliding,Balcony,180x220 cm,Medium,7.4,Piece,Per_Balcony,1,Balcony,False,6520,Doors,Balcony,Not Applicable,Medium: 5307 - 9745
DoorTech,Interior MDF Door,Interior,MDF,Solid,Bedroom,90x210 cm,Low,7.2,Piece,Per_Room,1,Bedroom,False,4460,Doors,Interior,Not Applicable,Low: <= 5307
WoodCraft,Aluminum Balcony Door,Balcony,Aluminum,Sliding,Balcony,180x220 cm,Medium,7.4,Piece,Per_Balcony,1,Balcony,False,5521,Doors,Balcony,Not Applicable,Medium: 5307 - 9745
Security Doors,Aluminum Balcony Door,Balcony,Aluminum,Sliding,Balcony,180x220 cm,Low,7.4,Piece,Per_Balcony,1,Balcony,False,5195,Doors,Balcony,Not Applicable,Low: <= 5307
DoorTech,Aluminum Balcony Door,Balcony,Aluminum,Sliding,Balcony,180x220 cm,Medium,7.4,Piece,Per_Balcony,1,Balcony,False,6045,Doors,Balcony,Not Applicable,Medium: 5307 - 9745
WPC Brand,Aluminum Balcony Door,Balcony,Aluminum,Sliding,Balcony,180x220 cm,Medium,7.4,Piece,Per_Balcony,1,Balcony,False,5309,Doors,Balcony,Not Applicable,Medium: 5307 - 9745
DoorTech,Interior MDF Door,Interior,MDF,Solid,Bedroom,90x210 cm,Low,7.2,Piece,Per_Room,1,Bedroom,False,5262,Doors,Interior,Not Applicable,Low: <= 5307
AluDoor,Aluminum Balcony Door,Balcony,Aluminum,Sliding,Balcony,180x220 cm,Medium,7.4,Piece,Per_Balcony,1,Balcony,False,5560,Doors,Balcony,Not Applicable,Medium: 5307 - 9745
DoorTech,Interior MDF Door,Interior,MDF,Solid,Bedroom,90x210 cm,Low,7.2,Piece,Per_Room,1,Bedroom,False,4916,Doors,Interior,Not Applicable,Low: <= 5307
DoorTech,Armored Security Door,Entrance,Steel,Armored,Main Entrance,100x220 cm,High,8.9,Piece,Fixed,1,Apartment,False,13311,Doors,Entrance,Not Applicable,High: > 9745
AluDoor,Interior MDF Door,Interior,MDF,Solid,Bedroom,90x210 cm,Low,7.2,Piece,Per_Room,1,Bedroom,False,4497,Doors,Interior,Not Applicable,Low: <= 5307
Security Doors,Armored Security Door,Entrance,Steel,Armored,Main Entrance,100x220 cm,High,8.9,Piece,Fixed,1,Apartment,False,14322,Doors,Entrance,Not Applicable,High: > 9745
WPC Brand,Interior MDF Door,Interior,MDF,Solid,Bedroom,90x210 cm,Low,7.2,Piece,Per_Room,1,Bedroom,False,4687,Doors,Interior,Not Applicable,Low: <= 5307
WoodCraft,Armored Security Door,Entrance,Steel,Armored,Main Entrance,100x220 cm,High,8.9,Piece,Fixed,1,Apartment,False,13303,Doors,Entrance,Not Applicable,High: > 9745
Security Doors,Aluminum Balcony Door,Balcony,Aluminum,Sliding,Balcony,180x220 cm,Medium,7.4,Piece,Per_Balcony,1,Balcony,False,5881,Doors,Balcony,Not Applicable,Medium: 5307 - 9745
AluDoor,Armored Security Door,Entrance,Steel,Armored,Main Entrance,100x220 cm,High,8.9,Piece,Fixed,1,Apartment,False,9946,Doors,Entrance,Not Applicable,High: > 9745
WoodCraft,Aluminum Balcony Door,Balcony,Aluminum,Sliding,Balcony,180x220 cm,Low,7.4,Piece,Per_Balcony,1,Balcony,False,4670,Doors,Balcony,Not Applicable,Low: <= 5307
WoodCraft,Aluminum Balcony Door,Balcony,Aluminum,Sliding,Balcony,180x220 cm,Low,7.4,Piece,Per_Balcony,1,Balcony,False,4730,Doors,Balcony,Not Applicable,Low: <= 5307
Security Doors,Armored Security Door,Entrance,Steel,Armored,Main Entrance,100x220 cm,High,8.9,Piece,Fixed,1,Apartment,False,10594,Doors,Entrance,Not Applicable,High: > 9745
WPC Brand,Armored Security Door,Entrance,Steel,Armored,Main Entrance,100x220 cm,High,8.9,Piece,Fixed,1,Apartment,False,9835,Doors,Entrance,Not Applicable,High: > 9745
WPC Brand,Armored Security Door,Entrance,Steel,Armored,Main Entrance,100x220 cm,High,8.9,Piece,Fixed,1,Apartment,False,10986,Doors,Entrance,Not Applicable,High: > 9745
DoorTech,Armored Security Door,Entrance,Steel,Armored,Main Entrance,100x220 cm,High,8.9,Piece,Fixed,1,Apartment,False,13531,Doors,Entrance,Not Applicable,High: > 9745
WoodCraft,Interior MDF Door,Interior,MDF,Solid,Bedroom,90x210 cm,Low,7.2,Piece,Per_Room,1,Bedroom,False,3605,Doors,Interior,Not Applicable,Low: <= 5307
WPC Brand,Aluminum Balcony Door,Balcony,Aluminum,Sliding,Balcony,180x220 cm,Medium,7.4,Piece,Per_Balcony,1,Balcony,False,6687,Doors,Balcony,Not Applicable,Medium: 5307 - 9745
WPC Brand,Interior MDF Door,Interior,MDF,Solid,Bedroom,90x210 cm,Low,7.2,Piece,Per_Room,1,Bedroom,False,3249,Doors,Interior,Not Applicable,Low: <= 5307
WoodCraft,Armored Security Door,Entrance,Steel,Armored,Main Entrance,100x220 cm,High,8.9,Piece,Fixed,1,Apartment,False,12384,Doors,Entrance,Not Applicable,High: > 9745
WPC Brand,Aluminum Balcony Door,Balcony,Aluminum,Sliding,Balcony,180x220 cm,Medium,7.4,Piece,Per_Balcony,1,Balcony,False,6821,Doors,Balcony,Not Applicable,Medium: 5307 - 9745
DoorTech,Armored Security Door,Entrance,Steel,Armored,Main Entrance,100x220 cm,High,8.9,Piece,Fixed,1,Apartment,False,10776,Doors,Entrance,Not Applicable,High: > 9745
WoodCraft,Aluminum Balcony Door,Balcony,Aluminum,Sliding,Balcony,180x220 cm,Medium,7.4,Piece,Per_Balcony,1,Balcony,False,5466,Doors,Balcony,Not Applicable,Medium: 5307 - 9745
WPC Brand,Armored Security Door,Entrance,Steel,Armored,Main Entrance,100x220 cm,High,8.9,Piece,Fixed,1,Apartment,False,14481,Doors,Entrance,Not Applicable,High: > 9745
DoorTech,Aluminum Balcony Door,Balcony,Aluminum,Sliding,Balcony,180x220 cm,Medium,7.4,Piece,Per_Balcony,1,Balcony,False,6492,Doors,Balcony,Not Applicable,Medium: 5307 - 9745
AluDoor,Armored Security Door,Entrance,Steel,Armored,Main Entrance,100x220 cm,High,8.9,Piece,Fixed,1,Apartment,False,13272,Doors,Entrance,Not Applicable,High: > 9745
Security Doors,Armored Security Door,Entrance,Steel,Armored,Main Entrance,100x220 cm,High,8.9,Piece,Fixed,1,Apartment,False,10882,Doors,Entrance,Not Applicable,High: > 9745
WoodCraft,Interior MDF Door,Interior,MDF,Solid,Bedroom,90x210 cm,Low,7.2,Piece,Per_Room,1,Bedroom,False,4610,Doors,Interior,Not Applicable,Low: <= 5307
DoorTech,Armored Security Door,Entrance,Steel,Armored,Main Entrance,100x220 cm,High,8.9,Piece,Fixed,1,Apartment,False,14043,Doors,Entrance,Not Applicable,High: > 9745
WPC Brand,Aluminum Balcony Door,Balcony,Aluminum,Sliding,Balcony,180x220 cm,Medium,7.4,Piece,Per_Balcony,1,Balcony,False,5555,Doors,Balcony,Not Applicable,Medium: 5307 - 9745
WoodCraft,Armored Security Door,Entrance,Steel,Armored,Main Entrance,100x220 cm,Medium,8.9,Piece,Fixed,1,Apartment,False,9603,Doors,Entrance,Not Applicable,Medium: 5307 - 9745
Security Doors,Aluminum Balcony Door,Balcony,Aluminum,Sliding,Balcony,180x220 cm,Medium,7.4,Piece,Per_Balcony,1,Balcony,False,5418,Doors,Balcony,Not Applicable,Medium: 5307 - 9745
AluDoor,Aluminum Balcony Door,Balcony,Aluminum,Sliding,Balcony,180x220 cm,Medium,7.4,Piece,Per_Balcony,1,Balcony,False,6930,Doors,Balcony,Not Applicable,Medium: 5307 - 9745
WoodCraft,Interior MDF Door,Interior,MDF,Solid,Bedroom,90x210 cm,Low,7.2,Piece,Per_Room,1,Bedroom,False,4898,Doors,Interior,Not Applicable,Low: <= 5307
Security Doors,Armored Security Door,Entrance,Steel,Armored,Main Entrance,100x220 cm,High,8.9,Piece,Fixed,1,Apartment,False,13054,Doors,Entrance,Not Applicable,High: > 9745
DoorTech,Aluminum Balcony Door,Balcony,Aluminum,Sliding,Balcony,180x220 cm,Medium,7.4,Piece,Per_Balcony,1,Balcony,False,7455,Doors,Balcony,Not Applicable,Medium: 5307 - 9745
WoodCraft,Interior MDF Door,Interior,MDF,Solid,Bedroom,90x210 cm,Medium,7.2,Piece,Per_Room,1,Bedroom,False,5718,Doors,Interior,Not Applicable,Medium: 5307 - 9745
AluDoor,Aluminum Balcony Door,Balcony,Aluminum,Sliding,Balcony,180x220 cm,Low,7.4,Piece,Per_Balcony,1,Balcony,False,4558,Doors,Balcony,Not Applicable,Low: <= 5307
WoodCraft,Armored Security Door,Entrance,Steel,Armored,Main Entrance,100x220 cm,High,8.9,Piece,Fixed,1,Apartment,False,13103,Doors,Entrance,Not Applicable,High: > 9745
WPC Brand,Aluminum Balcony Door,Balcony,Aluminum,Sliding,Balcony,180x220 cm,Low,7.4,Piece,Per_Balcony,1,Balcony,False,4502,Doors,Balcony,Not Applicable,Low: <= 5307
AluDoor,Aluminum Balcony Door,Balcony,Aluminum,Sliding,Balcony,180x220 cm,Medium,7.4,Piece,Per_Balcony,1,Balcony,False,6868,Doors,Balcony,Not Applicable,Medium: 5307 - 9745
DoorTech,Armored Security Door,Entrance,Steel,Armored,Main Entrance,100x220 cm,High,8.9,Piece,Fixed,1,Apartment,False,12157,Doors,Entrance,Not Applicable,High: > 9745
WoodCraft,Interior MDF Door,Interior,MDF,Solid,Bedroom,90x210 cm,Low,7.2,Piece,Per_Room,1,Bedroom,False,3218,Doors,Interior,Not Applicable,Low: <= 5307
AluDoor,Armored Security Door,Entrance,Steel,Armored,Main Entrance,100x220 cm,High,8.9,Piece,Fixed,1,Apartment,False,12448,Doors,Entrance,Not Applicable,High: > 9745
WoodCraft,Armored Security Door,Entrance,Steel,Armored,Main Entrance,100x220 cm,High,8.9,Piece,Fixed,1,Apartment,False,13541,Doors,Entrance,Not Applicable,High: > 9745
WoodCraft,Aluminum Balcony Door,Balcony,Aluminum,Sliding,Balcony,180x220 cm,Medium,7.4,Piece,Per_Balcony,1,Balcony,False,6656,Doors,Balcony,Not Applicable,Medium: 5307 - 9745
AluDoor,Armored Security Door,Entrance,Steel,Armored,Main Entrance,100x220 cm,High,8.9,Piece,Fixed,1,Apartment,False,14295,Doors,Entrance,Not Applicable,High: > 9745
AluDoor,Interior MDF Door,Interior,MDF,Solid,Bedroom,90x210 cm,Medium,7.2,Piece,Per_Room,1,Bedroom,False,5647,Doors,Interior,Not Applicable,Medium: 5307 - 9745
AluDoor,Armored Security Door,Entrance,Steel,Armored,Main Entrance,100x220 cm,High,8.9,Piece,Fixed,1,Apartment,False,12297,Doors,Entrance,Not Applicable,High: > 9745
WoodCraft,Interior MDF Door,Interior,MDF,Solid,Bedroom,90x210 cm,Low,7.2,Piece,Per_Room,1,Bedroom,False,4749,Doors,Interior,Not Applicable,Low: <= 5307
DoorTech,Aluminum Balcony Door,Balcony,Aluminum,Sliding,Balcony,180x220 cm,Low,7.4,Piece,Per_Balcony,1,Balcony,False,4688,Doors,Balcony,Not Applicable,Low: <= 5307
WoodCraft,Armored Security Door,Entrance,Steel,Armored,Main Entrance,100x220 cm,High,8.9,Piece,Fixed,1,Apartment,False,11004,Doors,Entrance,Not Applicable,High: > 9745
DoorTech,Aluminum Balcony Door,Balcony,Aluminum,Sliding,Balcony,180x220 cm,Low,7.4,Piece,Per_Balcony,1,Balcony,False,4587,Doors,Balcony,Not Applicable,Low: <= 5307
Security Doors,Armored Security Door,Entrance,Steel,Armored,Main Entrance,100x220 cm,High,8.9,Piece,Fixed,1,Apartment,False,11405,Doors,Entrance,Not Applicable,High: > 9745
Security Doors,Armored Security Door,Entrance,Steel,Armored,Main Entrance,100x220 cm,High,8.9,Piece,Fixed,1,Apartment,False,13874,Doors,Entrance,Not Applicable,High: > 9745
WPC Brand,Interior MDF Door,Interior,MDF,Solid,Bedroom,90x210 cm,Medium,7.2,Piece,Per_Room,1,Bedroom,False,5659,Doors,Interior,Not Applicable,Medium: 5307 - 9745
DoorTech,Interior MDF Door,Interior,MDF,Solid,Bedroom,90x210 cm,Medium,7.2,Piece,Per_Room,1,Bedroom,False,5426,Doors,Interior,Not Applicable,Medium: 5307 - 9745
AluDoor,Interior MDF Door,Interior,MDF,Solid,Bedroom,90x210 cm,Low,7.2,Piece,Per_Room,1,Bedroom,False,4592,Doors,Interior,Not Applicable,Low: <= 5307
Security Doors,Interior MDF Door,Interior,MDF,Solid,Bedroom,90x210 cm,Low,7.2,Piece,Per_Room,1,Bedroom,False,5045,Doors,Interior,Not Applicable,Low: <= 5307
WoodCraft,Armored Security Door,Entrance,Steel,Armored,Main Entrance,100x220 cm,High,8.9,Piece,Fixed,1,Apartment,False,11875,Doors,Entrance,Not Applicable,High: > 9745
WPC Brand,Interior MDF Door,Interior,MDF,Solid,Bedroom,90x210 cm,Low,7.2,Piece,Per_Room,1,Bedroom,False,5077,Doors,Interior,Not Applicable,Low: <= 5307
Security Doors,Interior MDF Door,Interior,MDF,Solid,Bedroom,90x210 cm,Low,7.2,Piece,Per_Room,1,Bedroom,False,3909,Doors,Interior,Not Applicable,Low: <= 5307
Security Doors,Interior MDF Door,Interior,MDF,Solid,Bedroom,90x210 cm,Medium,7.2,Piece,Per_Room,1,Bedroom,False,5489,Doors,Interior,Not Applicable,Medium: 5307 - 9745
WoodCraft,Armored Security Door,Entrance,Steel,Armored,Main Entrance,100x220 cm,High,8.9,Piece,Fixed,1,Apartment,False,13687,Doors,Entrance,Not Applicable,High: > 9745
WoodCraft,Aluminum Balcony Door,Balcony,Aluminum,Sliding,Balcony,180x220 cm,Medium,7.4,Piece,Per_Balcony,1,Balcony,False,7484,Doors,Balcony,Not Applicable,Medium: 5307 - 9745
WoodCraft,Armored Security Door,Entrance,Steel,Armored,Main Entrance,100x220 cm,High,8.9,Piece,Fixed,1,Apartment,False,9752,Doors,Entrance,Not Applicable,High: > 9745
DoorTech,Armored Security Door,Entrance,Steel,Armored,Main Entrance,100x220 cm,High,8.9,Piece,Fixed,1,Apartment,False,11173,Doors,Entrance,Not Applicable,High: > 9745
DoorTech,Aluminum Balcony Door,Balcony,Aluminum,Sliding,Balcony,180x220 cm,Medium,7.4,Piece,Per_Balcony,1,Balcony,False,7105,Doors,Balcony,Not Applicable,Medium: 5307 - 9745
WPC Brand,Interior MDF Door,Interior,MDF,Solid,Bedroom,90x210 cm,Low,7.2,Piece,Per_Room,1,Bedroom,False,4275,Doors,Interior,Not Applicable,Low: <= 5307
DoorTech,Interior MDF Door,Interior,MDF,Solid,Bedroom,90x210 cm,Low,7.2,Piece,Per_Room,1,Bedroom,False,4243,Doors,Interior,Not Applicable,Low: <= 5307
DoorTech,Aluminum Balcony Door,Balcony,Aluminum,Sliding,Balcony,180x220 cm,Medium,7.4,Piece,Per_Balcony,1,Balcony,False,6633,Doors,Balcony,Not Applicable,Medium: 5307 - 9745
WPC Brand,Interior MDF Door,Interior,MDF,Solid,Bedroom,90x210 cm,Low,7.2,Piece,Per_Room,1,Bedroom,False,3488,Doors,Interior,Not Applicable,Low: <= 5307
Security Doors,Aluminum Balcony Door,Balcony,Aluminum,Sliding,Balcony,180x220 cm,Medium,7.4,Piece,Per_Balcony,1,Balcony,False,6759,Doors,Balcony,Not Applicable,Medium: 5307 - 9745
AluDoor,Aluminum Balcony Door,Balcony,Aluminum,Sliding,Balcony,180x220 cm,Medium,7.4,Piece,Per_Balcony,1,Balcony,False,6497,Doors,Balcony,Not Applicable,Medium: 5307 - 9745
WoodCraft,Armored Security Door,Entrance,Steel,Armored,Main Entrance,100x220 cm,High,8.9,Piece,Fixed,1,Apartment,False,11637,Doors,Entrance,Not Applicable,High: > 9745
Security Doors,Interior MDF Door,Interior,MDF,Solid,Bedroom,90x210 cm,Low,7.2,Piece,Per_Room,1,Bedroom,False,3506,Doors,Interior,Not Applicable,Low: <= 5307
AluDoor,Aluminum Balcony Door,Balcony,Aluminum,Sliding,Balcony,180x220 cm,Medium,7.4,Piece,Per_Balcony,1,Balcony,False,5793,Doors,Balcony,Not Applicable,Medium: 5307 - 9745
AluDoor,Aluminum Balcony Door,Balcony,Aluminum,Sliding,Balcony,180x220 cm,Medium,7.4,Piece,Per_Balcony,1,Balcony,False,7034,Doors,Balcony,Not Applicable,Medium: 5307 - 9745
WoodCraft,Armored Security Door,Entrance,Steel,Armored,Main Entrance,100x220 cm,High,8.9,Piece,Fixed,1,Apartment,False,10652,Doors,Entrance,Not Applicable,High: > 9745
DoorTech,Interior MDF Door,Interior,MDF,Solid,Bedroom,90x210 cm,Medium,7.2,Piece,Per_Room,1,Bedroom,False,5502,Doors,Interior,Not Applicable,Medium: 5307 - 9745
Security Doors,Armored Security Door,Entrance,Steel,Armored,Main Entrance,100x220 cm,High,8.9,Piece,Fixed,1,Apartment,False,10281,Doors,Entrance,Not Applicable,High: > 9745
WPC Brand,Aluminum Balcony Door,Balcony,Aluminum,Sliding,Balcony,180x220 cm,Medium,7.4,Piece,Per_Balcony,1,Balcony,False,6637,Doors,Balcony,Not Applicable,Medium: 5307 - 9745
AluDoor,Armored Security Door,Entrance,Steel,Armored,Main Entrance,100x220 cm,High,8.9,Piece,Fixed,1,Apartment,False,10993,Doors,Entrance,Not Applicable,High: > 9745
WPC Brand,Armored Security Door,Entrance,Steel,Armored,Main Entrance,100x220 cm,High,8.9,Piece,Fixed,1,Apartment,False,11391,Doors,Entrance,Not Applicable,High: > 9745
Security Doors,Aluminum Balcony Door,Balcony,Aluminum,Sliding,Balcony,180x220 cm,Low,7.4,Piece,Per_Balcony,1,Balcony,False,4945,Doors,Balcony,Not Applicable,Low: <= 5307
DoorTech,Interior MDF Door,Interior,MDF,Solid,Bedroom,90x210 cm,Low,7.2,Piece,Per_Room,1,Bedroom,False,3411,Doors,Interior,Not Applicable,Low: <= 5307
WPC Brand,Interior MDF Door,Interior,MDF,Solid,Bedroom,90x210 cm,Low,7.2,Piece,Per_Room,1,Bedroom,False,4173,Doors,Interior,Not Applicable,Low: <= 5307
Security Doors,Interior MDF Door,Interior,MDF,Solid,Bedroom,90x210 cm,Medium,7.2,Piece,Per_Room,1,Bedroom,False,5461,Doors,Interior,Not Applicable,Medium: 5307 - 9745
WoodCraft,Armored Security Door,Entrance,Steel,Armored,Main Entrance,100x220 cm,Medium,8.9,Piece,Fixed,1,Apartment,False,9617,Doors,Entrance,Not Applicable,Medium: 5307 - 9745
AluDoor,Armored Security Door,Entrance,Steel,Armored,Main Entrance,100x220 cm,High,8.9,Piece,Fixed,1,Apartment,False,13009,Doors,Entrance,Not Applicable,High: > 9745
WoodCraft,Interior MDF Door,Interior,MDF,Solid,Bedroom,90x210 cm,Low,7.2,Piece,Per_Room,1,Bedroom,False,4547,Doors,Interior,Not Applicable,Low: <= 5307
Security Doors,Aluminum Balcony Door,Balcony,Aluminum,Sliding,Balcony,180x220 cm,Medium,7.4,Piece,Per_Balcony,1,Balcony,False,6351,Doors,Balcony,Not Applicable,Medium: 5307 - 9745
WoodCraft,Aluminum Balcony Door,Balcony,Aluminum,Sliding,Balcony,180x220 cm,Medium,7.4,Piece,Per_Balcony,1,Balcony,False,6099,Doors,Balcony,Not Applicable,Medium: 5307 - 9745
WoodCraft,Aluminum Balcony Door,Balcony,Aluminum,Sliding,Balcony,180x220 cm,Low,7.4,Piece,Per_Balcony,1,Balcony,False,5290,Doors,Balcony,Not Applicable,Low: <= 5307
WoodCraft,Armored Security Door,Entrance,Steel,Armored,Main Entrance,100x220 cm,High,8.9,Piece,Fixed,1,Apartment,False,12837,Doors,Entrance,Not Applicable,High: > 9745
DoorTech,Aluminum Balcony Door,Balcony,Aluminum,Sliding,Balcony,180x220 cm,Medium,7.4,Piece,Per_Balcony,1,Balcony,False,6902,Doors,Balcony,Not Applicable,Medium: 5307 - 9745
Security Doors,Aluminum Balcony Door,Balcony,Aluminum,Sliding,Balcony,180x220 cm,Medium,7.4,Piece,Per_Balcony,1,Balcony,False,6570,Doors,Balcony,Not Applicable,Medium: 5307 - 9745
DoorTech,Armored Security Door,Entrance,Steel,Armored,Main Entrance,100x220 cm,High,8.9,Piece,Fixed,1,Apartment,False,12162,Doors,Entrance,Not Applicable,High: > 9745
AluDoor,Armored Security Door,Entrance,Steel,Armored,Main Entrance,100x220 cm,High,8.9,Piece,Fixed,1,Apartment,False,10831,Doors,Entrance,Not Applicable,High: > 9745
WPC Brand,Armored Security Door,Entrance,Steel,Armored,Main Entrance,100x220 cm,High,8.9,Piece,Fixed,1,Apartment,False,12067,Doors,Entrance,Not Applicable,High: > 9745
Security Doors,Interior MDF Door,Interior,MDF,Solid,Bedroom,90x210 cm,Low,7.2,Piece,Per_Room,1,Bedroom,False,3562,Doors,Interior,Not Applicable,Low: <= 5307
AluDoor,Aluminum Balcony Door,Balcony,Aluminum,Sliding,Balcony,180x220 cm,Medium,7.4,Piece,Per_Balcony,1,Balcony,False,5770,Doors,Balcony,Not Applicable,Medium: 5307 - 9745
WPC Brand,Aluminum Balcony Door,Balcony,Aluminum,Sliding,Balcony,180x220 cm,Low,7.4,Piece,Per_Balcony,1,Balcony,False,4669,Doors,Balcony,Not Applicable,Low: <= 5307
Security Doors,Aluminum Balcony Door,Balcony,Aluminum,Sliding,Balcony,180x220 cm,Medium,7.4,Piece,Per_Balcony,1,Balcony,False,5441,Doors,Balcony,Not Applicable,Medium: 5307 - 9745
Security Doors,Aluminum Balcony Door,Balcony,Aluminum,Sliding,Balcony,180x220 cm,Medium,7.4,Piece,Per_Balcony,1,Balcony,False,7419,Doors,Balcony,Not Applicable,Medium: 5307 - 9745
DoorTech,Aluminum Balcony Door,Balcony,Aluminum,Sliding,Balcony,180x220 cm,Medium,7.4,Piece,Per_Balcony,1,Balcony,False,6410,Doors,Balcony,Not Applicable,Medium: 5307 - 9745
Security Doors,Armored Security Door,Entrance,Steel,Armored,Main Entrance,100x220 cm,High,8.9,Piece,Fixed,1,Apartment,False,14467,Doors,Entrance,Not Applicable,High: > 9745
WoodCraft,Aluminum Balcony Door,Balcony,Aluminum,Sliding,Balcony,180x220 cm,Medium,7.4,Piece,Per_Balcony,1,Balcony,False,6298,Doors,Balcony,Not Applicable,Medium: 5307 - 9745
WoodCraft,Aluminum Balcony Door,Balcony,Aluminum,Sliding,Balcony,180x220 cm,Low,7.4,Piece,Per_Balcony,1,Balcony,False,5153,Doors,Balcony,Not Applicable,Low: <= 5307
DoorTech,Armored Security Door,Entrance,Steel,Armored,Main Entrance,100x220 cm,High,8.9,Piece,Fixed,1,Apartment,False,12577,Doors,Entrance,Not Applicable,High: > 9745
WPC Brand,Interior MDF Door,Interior,MDF,Solid,Bedroom,90x210 cm,Low,7.2,Piece,Per_Room,1,Bedroom,False,3916,Doors,Interior,Not Applicable,Low: <= 5307
DoorTech,Armored Security Door,Entrance,Steel,Armored,Main Entrance,100x220 cm,High,8.9,Piece,Fixed,1,Apartment,False,11882,Doors,Entrance,Not Applicable,High: > 9745
WPC Brand,Armored Security Door,Entrance,Steel,Armored,Main Entrance,100x220 cm,High,8.9,Piece,Fixed,1,Apartment,False,12749,Doors,Entrance,Not Applicable,High: > 9745
Security Doors,Aluminum Balcony Door,Balcony,Aluminum,Sliding,Balcony,180x220 cm,Medium,7.4,Piece,Per_Balcony,1,Balcony,False,5722,Doors,Balcony,Not Applicable,Medium: 5307 - 9745
DoorTech,Aluminum Balcony Door,Balcony,Aluminum,Sliding,Balcony,180x220 cm,Medium,7.4,Piece,Per_Balcony,1,Balcony,False,6074,Doors,Balcony,Not Applicable,Medium: 5307 - 9745
DoorTech,Aluminum Balcony Door,Balcony,Aluminum,Sliding,Balcony,180x220 cm,Medium,7.4,Piece,Per_Balcony,1,Balcony,False,6752,Doors,Balcony,Not Applicable,Medium: 5307 - 9745
WoodCraft,Aluminum Balcony Door,Balcony,Aluminum,Sliding,Balcony,180x220 cm,Medium,7.4,Piece,Per_Balcony,1,Balcony,False,7398,Doors,Balcony,Not Applicable,Medium: 5307 - 9745
Security Doors,Interior MDF Door,Interior,MDF,Solid,Bedroom,90x210 cm,Low,7.2,Piece,Per_Room,1,Bedroom,False,4809,Doors,Interior,Not Applicable,Low: <= 5307
WoodCraft,Aluminum Balcony Door,Balcony,Aluminum,Sliding,Balcony,180x220 cm,Medium,7.4,Piece,Per_Balcony,1,Balcony,False,6701,Doors,Balcony,Not Applicable,Medium: 5307 - 9745
Security Doors,Interior MDF Door,Interior,MDF,Solid,Bedroom,90x210 cm,Low,7.2,Piece,Per_Room,1,Bedroom,False,3914,Doors,Interior,Not Applicable,Low: <= 5307
Security Doors,Interior MDF Door,Interior,MDF,Solid,Bedroom,90x210 cm,Low,7.2,Piece,Per_Room,1,Bedroom,False,4931,Doors,Interior,Not Applicable,Low: <= 5307
WPC Brand,Aluminum Balcony Door,Balcony,Aluminum,Sliding,Balcony,180x220 cm,Medium,7.4,Piece,Per_Balcony,1,Balcony,False,6867,Doors,Balcony,Not Applicable,Medium: 5307 - 9745
AluDoor,Aluminum Balcony Door,Balcony,Aluminum,Sliding,Balcony,180x220 cm,Medium,7.4,Piece,Per_Balcony,1,Balcony,False,6317,Doors,Balcony,Not Applicable,Medium: 5307 - 9745
DoorTech,Interior MDF Door,Interior,MDF,Solid,Bedroom,90x210 cm,Medium,7.2,Piece,Per_Room,1,Bedroom,False,5615,Doors,Interior,Not Applicable,Medium: 5307 - 9745
AluDoor,Aluminum Balcony Door,Balcony,Aluminum,Sliding,Balcony,180x220 cm,Medium,7.4,Piece,Per_Balcony,1,Balcony,False,7460,Doors,Balcony,Not Applicable,Medium: 5307 - 9745
WPC Brand,Interior MDF Door,Interior,MDF,Solid,Bedroom,90x210 cm,Low,7.2,Piece,Per_Room,1,Bedroom,False,4664,Doors,Interior,Not Applicable,Low: <= 5307
AluDoor,Armored Security Door,Entrance,Steel,Armored,Main Entrance,100x220 cm,High,8.9,Piece,Fixed,1,Apartment,False,11238,Doors,Entrance,Not Applicable,High: > 9745
WoodCraft,Interior MDF Door,Interior,MDF,Solid,Bedroom,90x210 cm,Low,7.2,Piece,Per_Room,1,Bedroom,False,4574,Doors,Interior,Not Applicable,Low: <= 5307
WoodCraft,Interior MDF Door,Interior,MDF,Solid,Bedroom,90x210 cm,Low,7.2,Piece,Per_Room,1,Bedroom,False,4296,Doors,Interior,Not Applicable,Low: <= 5307
DoorTech,Aluminum Balcony Door,Balcony,Aluminum,Sliding,Balcony,180x220 cm,Medium,7.4,Piece,Per_Balcony,1,Balcony,False,6141,Doors,Balcony,Not Applicable,Medium: 5307 - 9745
Security Doors,Interior MDF Door,Interior,MDF,Solid,Bedroom,90x210 cm,Low,7.2,Piece,Per_Room,1,Bedroom,False,4663,Doors,Interior,Not Applicable,Low: <= 5307
Security Doors,Aluminum Balcony Door,Balcony,Aluminum,Sliding,Balcony,180x220 cm,Low,7.4,Piece,Per_Balcony,1,Balcony,False,5242,Doors,Balcony,Not Applicable,Low: <= 5307
WPC Brand,Armored Security Door,Entrance,Steel,Armored,Main Entrance,100x220 cm,High,8.9,Piece,Fixed,1,Apartment,False,11127,Doors,Entrance,Not Applicable,High: > 9745
WoodCraft,Interior MDF Door,Interior,MDF,Solid,Bedroom,90x210 cm,Low,7.2,Piece,Per_Room,1,Bedroom,False,3438,Doors,Interior,Not Applicable,Low: <= 5307
AluDoor,Interior MDF Door,Interior,MDF,Solid,Bedroom,90x210 cm,Low,7.2,Piece,Per_Room,1,Bedroom,False,4045,Doors,Interior,Not Applicable,Low: <= 5307
WPC Brand,Interior MDF Door,Interior,MDF,Solid,Bedroom,90x210 cm,Medium,7.2,Piece,Per_Room,1,Bedroom,False,5356,Doors,Interior,Not Applicable,Medium: 5307 - 9745
WoodCraft,Aluminum Balcony Door,Balcony,Aluminum,Sliding,Balcony,180x220 cm,Low,7.4,Piece,Per_Balcony,1,Balcony,False,4855,Doors,Balcony,Not Applicable,Low: <= 5307
AluDoor,Interior MDF Door,Interior,MDF,Solid,Bedroom,90x210 cm,Medium,7.2,Piece,Per_Room,1,Bedroom,False,5575,Doors,Interior,Not Applicable,Medium: 5307 - 9745
WoodCraft,Aluminum Balcony Door,Balcony,Aluminum,Sliding,Balcony,180x220 cm,Low,7.4,Piece,Per_Balcony,1,Balcony,False,4920,Doors,Balcony,Not Applicable,Low: <= 5307
WPC Brand,Interior MDF Door,Interior,MDF,Solid,Bedroom,90x210 cm,Medium,7.2,Piece,Per_Room,1,Bedroom,False,5419,Doors,Interior,Not Applicable,Medium: 5307 - 9745
Security Doors,Aluminum Balcony Door,Balcony,Aluminum,Sliding,Balcony,180x220 cm,Low,7.4,Piece,Per_Balcony,1,Balcony,False,5267,Doors,Balcony,Not Applicable,Low: <= 5307
Security Doors,Interior MDF Door,Interior,MDF,Solid,Bedroom,90x210 cm,Low,7.2,Piece,Per_Room,1,Bedroom,False,3329,Doors,Interior,Not Applicable,Low: <= 5307
WPC Brand,Aluminum Balcony Door,Balcony,Aluminum,Sliding,Balcony,180x220 cm,Low,7.4,Piece,Per_Balcony,1,Balcony,False,4988,Doors,Balcony,Not Applicable,Low: <= 5307
WPC Brand,Interior MDF Door,Interior,MDF,Solid,Bedroom,90x210 cm,Low,7.2,Piece,Per_Room,1,Bedroom,False,5090,Doors,Interior,Not Applicable,Low: <= 5307
Security Doors,Aluminum Balcony Door,Balcony,Aluminum,Sliding,Balcony,180x220 cm,Low,7.4,Piece,Per_Balcony,1,Balcony,False,4976,Doors,Balcony,Not Applicable,Low: <= 5307
WPC Brand,Armored Security Door,Entrance,Steel,Armored,Main Entrance,100x220 cm,High,8.9,Piece,Fixed,1,Apartment,False,14489,Doors,Entrance,Not Applicable,High: > 9745
AluDoor,Armored Security Door,Entrance,Steel,Armored,Main Entrance,100x220 cm,High,8.9,Piece,Fixed,1,Apartment,False,12976,Doors,Entrance,Not Applicable,High: > 9745
Security Doors,Interior MDF Door,Interior,MDF,Solid,Bedroom,90x210 cm,Medium,7.2,Piece,Per_Room,1,Bedroom,False,5555,Doors,Interior,Not Applicable,Medium: 5307 - 9745
WPC Brand,Armored Security Door,Entrance,Steel,Armored,Main Entrance,100x220 cm,High,8.9,Piece,Fixed,1,Apartment,False,10248,Doors,Entrance,Not Applicable,High: > 9745
WoodCraft,Interior MDF Door,Interior,MDF,Solid,Bedroom,90x210 cm,Medium,7.2,Piece,Per_Room,1,Bedroom,False,5356,Doors,Interior,Not Applicable,Medium: 5307 - 9745
Security Doors,Aluminum Balcony Door,Balcony,Aluminum,Sliding,Balcony,180x220 cm,Low,7.4,Piece,Per_Balcony,1,Balcony,False,4584,Doors,Balcony,Not Applicable,Low: <= 5307
DoorTech,Armored Security Door,Entrance,Steel,Armored,Main Entrance,100x220 cm,Medium,8.9,Piece,Fixed,1,Apartment,False,9731,Doors,Entrance,Not Applicable,Medium: 5307 - 9745
WPC Brand,Armored Security Door,Entrance,Steel,Armored,Main Entrance,100x220 cm,High,8.9,Piece,Fixed,1,Apartment,False,11453,Doors,Entrance,Not Applicable,High: > 9745
WoodCraft,Armored Security Door,Entrance,Steel,Armored,Main Entrance,100x220 cm,High,8.9,Piece,Fixed,1,Apartment,False,9928,Doors,Entrance,Not Applicable,High: > 9745
DoorTech,Armored Security Door,Entrance,Steel,Armored,Main Entrance,100x220 cm,High,8.9,Piece,Fixed,1,Apartment,False,10997,Doors,Entrance,Not Applicable,High: > 9745
AluDoor,Aluminum Balcony Door,Balcony,Aluminum,Sliding,Balcony,180x220 cm,Medium,7.4,Piece,Per_Balcony,1,Balcony,False,6876,Doors,Balcony,Not Applicable,Medium: 5307 - 9745
AluDoor,Armored Security Door,Entrance,Steel,Armored,Main Entrance,100x220 cm,High,8.9,Piece,Fixed,1,Apartment,False,10030,Doors,Entrance,Not Applicable,High: > 9745
WPC Brand,Armored Security Door,Entrance,Steel,Armored,Main Entrance,100x220 cm,High,8.9,Piece,Fixed,1,Apartment,False,12423,Doors,Entrance,Not Applicable,High: > 9745
WoodCraft,Interior MDF Door,Interior,MDF,Solid,Bedroom,90x210 cm,Low,7.2,Piece,Per_Room,1,Bedroom,False,3744,Doors,Interior,Not Applicable,Low: <= 5307
WPC Brand,Aluminum Balcony Door,Balcony,Aluminum,Sliding,Balcony,180x220 cm,Medium,7.4,Piece,Per_Balcony,1,Balcony,False,5729,Doors,Balcony,Not Applicable,Medium: 5307 - 9745
Security Doors,Interior MDF Door,Interior,MDF,Solid,Bedroom,90x210 cm,Low,7.2,Piece,Per_Room,1,Bedroom,False,3367,Doors,Interior,Not Applicable,Low: <= 5307
DoorTech,Aluminum Balcony Door,Balcony,Aluminum,Sliding,Balcony,180x220 cm,Medium,7.4,Piece,Per_Balcony,1,Balcony,False,5841,Doors,Balcony,Not Applicable,Medium: 5307 - 9745
DoorTech,Armored Security Door,Entrance,Steel,Armored,Main Entrance,100x220 cm,High,8.9,Piece,Fixed,1,Apartment,False,12850,Doors,Entrance,Not Applicable,High: > 9745
AluDoor,Armored Security Door,Entrance,Steel,Armored,Main Entrance,100x220 cm,High,8.9,Piece,Fixed,1,Apartment,False,13458,Doors,Entrance,Not Applicable,High: > 9745
Security Doors,Aluminum Balcony Door,Balcony,Aluminum,Sliding,Balcony,180x220 cm,Low,7.4,Piece,Per_Balcony,1,Balcony,False,5154,Doors,Balcony,Not Applicable,Low: <= 5307
AluDoor,Interior MDF Door,Interior,MDF,Solid,Bedroom,90x210 cm,Low,7.2,Piece,Per_Room,1,Bedroom,False,4765,Doors,Interior,Not Applicable,Low: <= 5307
AluDoor,Interior MDF Door,Interior,MDF,Solid,Bedroom,90x210 cm,Low,7.2,Piece,Per_Room,1,Bedroom,False,3369,Doors,Interior,Not Applicable,Low: <= 5307
DoorTech,Interior MDF Door,Interior,MDF,Solid,Bedroom,90x210 cm,Low,7.2,Piece,Per_Room,1,Bedroom,False,4242,Doors,Interior,Not Applicable,Low: <= 5307
WPC Brand,Aluminum Balcony Door,Balcony,Aluminum,Sliding,Balcony,180x220 cm,Medium,7.4,Piece,Per_Balcony,1,Balcony,False,7276,Doors,Balcony,Not Applicable,Medium: 5307 - 9745
WPC Brand,Interior MDF Door,Interior,MDF,Solid,Bedroom,90x210 cm,Low,7.2,Piece,Per_Room,1,Bedroom,False,4244,Doors,Interior,Not Applicable,Low: <= 5307
WoodCraft,Aluminum Balcony Door,Balcony,Aluminum,Sliding,Balcony,180x220 cm,Medium,7.4,Piece,Per_Balcony,1,Balcony,False,5984,Doors,Balcony,Not Applicable,Medium: 5307 - 9745
DoorTech,Armored Security Door,Entrance,Steel,Armored,Main Entrance,100x220 cm,High,8.9,Piece,Fixed,1,Apartment,False,13851,Doors,Entrance,Not Applicable,High: > 9745
WoodCraft,Aluminum Balcony Door,Balcony,Aluminum,Sliding,Balcony,180x220 cm,Medium,7.4,Piece,Per_Balcony,1,Balcony,False,5864,Doors,Balcony,Not Applicable,Medium: 5307 - 9745
WPC Brand,Aluminum Balcony Door,Balcony,Aluminum,Sliding,Balcony,180x220 cm,Medium,7.4,Piece,Per_Balcony,1,Balcony,False,5355,Doors,Balcony,Not Applicable,Medium: 5307 - 9745
WoodCraft,Armored Security Door,Entrance,Steel,Armored,Main Entrance,100x220 cm,High,8.9,Piece,Fixed,1,Apartment,False,14488,Doors,Entrance,Not Applicable,High: > 9745
Security Doors,Aluminum Balcony Door,Balcony,Aluminum,Sliding,Balcony,180x220 cm,Medium,7.4,Piece,Per_Balcony,1,Balcony,False,7300,Doors,Balcony,Not Applicable,Medium: 5307 - 9745
AluDoor,Armored Security Door,Entrance,Steel,Armored,Main Entrance,100x220 cm,High,8.9,Piece,Fixed,1,Apartment,False,13288,Doors,Entrance,Not Applicable,High: > 9745
WoodCraft,Interior MDF Door,Interior,MDF,Solid,Bedroom,90x210 cm,Low,7.2,Piece,Per_Room,1,Bedroom,False,5114,Doors,Interior,Not Applicable,Low: <= 5307
DoorTech,Armored Security Door,Entrance,Steel,Armored,Main Entrance,100x220 cm,High,8.9,Piece,Fixed,1,Apartment,False,13984,Doors,Entrance,Not Applicable,High: > 9745
WoodCraft,Aluminum Balcony Door,Balcony,Aluminum,Sliding,Balcony,180x220 cm,Medium,7.4,Piece,Per_Balcony,1,Balcony,False,6022,Doors,Balcony,Not Applicable,Medium: 5307 - 9745
DoorTech,Interior MDF Door,Interior,MDF,Solid,Bedroom,90x210 cm,Low,7.2,Piece,Per_Room,1,Bedroom,False,3241,Doors,Interior,Not Applicable,Low: <= 5307
AluDoor,Aluminum Balcony Door,Balcony,Aluminum,Sliding,Balcony,180x220 cm,Medium,7.4,Piece,Per_Balcony,1,Balcony,False,5897,Doors,Balcony,Not Applicable,Medium: 5307 - 9745
WPC Brand,Aluminum Balcony Door,Balcony,Aluminum,Sliding,Balcony,180x220 cm,Medium,7.4,Piece,Per_Balcony,1,Balcony,False,6690,Doors,Balcony,Not Applicable,Medium: 5307 - 9745
WoodCraft,Armored Security Door,Entrance,Steel,Armored,Main Entrance,100x220 cm,High,8.9,Piece,Fixed,1,Apartment,False,12679,Doors,Entrance,Not Applicable,High: > 9745
AluDoor,Interior MDF Door,Interior,MDF,Solid,Bedroom,90x210 cm,Medium,7.2,Piece,Per_Room,1,Bedroom,False,5715,Doors,Interior,Not Applicable,Medium: 5307 - 9745
WoodCraft,Armored Security Door,Entrance,Steel,Armored,Main Entrance,100x220 cm,High,8.9,Piece,Fixed,1,Apartment,False,9997,Doors,Entrance,Not Applicable,High: > 9745
WoodCraft,Interior MDF Door,Interior,MDF,Solid,Bedroom,90x210 cm,Low,7.2,Piece,Per_Room,1,Bedroom,False,4935,Doors,Interior,Not Applicable,Low: <= 5307
Security Doors,Interior MDF Door,Interior,MDF,Solid,Bedroom,90x210 cm,Low,7.2,Piece,Per_Room,1,Bedroom,False,3644,Doors,Interior,Not Applicable,Low: <= 5307
Security Doors,Aluminum Balcony Door,Balcony,Aluminum,Sliding,Balcony,180x220 cm,Low,7.4,Piece,Per_Balcony,1,Balcony,False,4796,Doors,Balcony,Not Applicable,Low: <= 5307
DoorTech,Interior MDF Door,Interior,MDF,Solid,Bedroom,90x210 cm,Low,7.2,Piece,Per_Room,1,Bedroom,False,4990,Doors,Interior,Not Applicable,Low: <= 5307
DoorTech,Interior MDF Door,Interior,MDF,Solid,Bedroom,90x210 cm,Low,7.2,Piece,Per_Room,1,Bedroom,False,4877,Doors,Interior,Not Applicable,Low: <= 5307
AluDoor,Armored Security Door,Entrance,Steel,Armored,Main Entrance,100x220 cm,High,8.9,Piece,Fixed,1,Apartment,False,10981,Doors,Entrance,Not Applicable,High: > 9745
DoorTech,Armored Security Door,Entrance,Steel,Armored,Main Entrance,100x220 cm,High,8.9,Piece,Fixed,1,Apartment,False,13937,Doors,Entrance,Not Applicable,High: > 9745
WoodCraft,Interior MDF Door,Interior,MDF,Solid,Bedroom,90x210 cm,Low,7.2,Piece,Per_Room,1,Bedroom,False,3658,Doors,Interior,Not Applicable,Low: <= 5307
WoodCraft,Armored Security Door,Entrance,Steel,Armored,Main Entrance,100x220 cm,High,8.9,Piece,Fixed,1,Apartment,False,11498,Doors,Entrance,Not Applicable,High: > 9745
Security Doors,Interior MDF Door,Interior,MDF,Solid,Bedroom,90x210 cm,Medium,7.2,Piece,Per_Room,1,Bedroom,False,5722,Doors,Interior,Not Applicable,Medium: 5307 - 9745
WoodCraft,Armored Security Door,Entrance,Steel,Armored,Main Entrance,100x220 cm,High,8.9,Piece,Fixed,1,Apartment,False,9966,Doors,Entrance,Not Applicable,High: > 9745
WoodCraft,Aluminum Balcony Door,Balcony,Aluminum,Sliding,Balcony,180x220 cm,Low,7.4,Piece,Per_Balcony,1,Balcony,False,4909,Doors,Balcony,Not Applicable,Low: <= 5307
Security Doors,Aluminum Balcony Door,Balcony,Aluminum,Sliding,Balcony,180x220 cm,Low,7.4,Piece,Per_Balcony,1,Balcony,False,5087,Doors,Balcony,Not Applicable,Low: <= 5307
Security Doors,Interior MDF Door,Interior,MDF,Solid,Bedroom,90x210 cm,Low,7.2,Piece,Per_Room,1,Bedroom,False,3465,Doors,Interior,Not Applicable,Low: <= 5307
WPC Brand,Aluminum Balcony Door,Balcony,Aluminum,Sliding,Balcony,180x220 cm,Medium,7.4,Piece,Per_Balcony,1,Balcony,False,7117,Doors,Balcony,Not Applicable,Medium: 5307 - 9745
WoodCraft,Armored Security Door,Entrance,Steel,Armored,Main Entrance,100x220 cm,High,8.9,Piece,Fixed,1,Apartment,False,11215,Doors,Entrance,Not Applicable,High: > 9745
WPC Brand,Aluminum Balcony Door,Balcony,Aluminum,Sliding,Balcony,180x220 cm,Medium,7.4,Piece,Per_Balcony,1,Balcony,False,6152,Doors,Balcony,Not Applicable,Medium: 5307 - 9745
Security Doors,Armored Security Door,Entrance,Steel,Armored,Main Entrance,100x220 cm,High,8.9,Piece,Fixed,1,Apartment,False,9825,Doors,Entrance,Not Applicable,High: > 9745
DoorTech,Armored Security Door,Entrance,Steel,Armored,Main Entrance,100x220 cm,High,8.9,Piece,Fixed,1,Apartment,False,13639,Doors,Entrance,Not Applicable,High: > 9745
DoorTech,Interior MDF Door,Interior,MDF,Solid,Bedroom,90x210 cm,Low,7.2,Piece,Per_Room,1,Bedroom,False,5220,Doors,Interior,Not Applicable,Low: <= 5307
AluDoor,Aluminum Balcony Door,Balcony,Aluminum,Sliding,Balcony,180x220 cm,Medium,7.4,Piece,Per_Balcony,1,Balcony,False,5865,Doors,Balcony,Not Applicable,Medium: 5307 - 9745
WPC Brand,Interior MDF Door,Interior,MDF,Solid,Bedroom,90x210 cm,Low,7.2,Piece,Per_Room,1,Bedroom,False,4741,Doors,Interior,Not Applicable,Low: <= 5307
AluDoor,Armored Security Door,Entrance,Steel,Armored,Main Entrance,100x220 cm,High,8.9,Piece,Fixed,1,Apartment,False,11171,Doors,Entrance,Not Applicable,High: > 9745
WoodCraft,Armored Security Door,Entrance,Steel,Armored,Main Entrance,100x220 cm,High,8.9,Piece,Fixed,1,Apartment,False,11519,Doors,Entrance,Not Applicable,High: > 9745
AluDoor,Interior MDF Door,Interior,MDF,Solid,Bedroom,90x210 cm,Medium,7.2,Piece,Per_Room,1,Bedroom,False,5738,Doors,Interior,Not Applicable,Medium: 5307 - 9745
Security Doors,Aluminum Balcony Door,Balcony,Aluminum,Sliding,Balcony,180x220 cm,Medium,7.4,Piece,Per_Balcony,1,Balcony,False,5989,Doors,Balcony,Not Applicable,Medium: 5307 - 9745
WoodCraft,Interior MDF Door,Interior,MDF,Solid,Bedroom,90x210 cm,Low,7.2,Piece,Per_Room,1,Bedroom,False,4713,Doors,Interior,Not Applicable,Low: <= 5307
AluDoor,Armored Security Door,Entrance,Steel,Armored,Main Entrance,100x220 cm,Medium,8.9,Piece,Fixed,1,Apartment,False,9621,Doors,Entrance,Not Applicable,Medium: 5307 - 9745
DoorTech,Aluminum Balcony Door,Balcony,Aluminum,Sliding,Balcony,180x220 cm,Medium,7.4,Piece,Per_Balcony,1,Balcony,False,6929,Doors,Balcony,Not Applicable,Medium: 5307 - 9745
AluDoor,Interior MDF Door,Interior,MDF,Solid,Bedroom,90x210 cm,Medium,7.2,Piece,Per_Room,1,Bedroom,False,5673,Doors,Interior,Not Applicable,Medium: 5307 - 9745
WPC Brand,Interior MDF Door,Interior,MDF,Solid,Bedroom,90x210 cm,Low,7.2,Piece,Per_Room,1,Bedroom,False,4468,Doors,Interior,Not Applicable,Low: <= 5307
DoorTech,Armored Security Door,Entrance,Steel,Armored,Main Entrance,100x220 cm,High,8.9,Piece,Fixed,1,Apartment,False,11013,Doors,Entrance,Not Applicable,High: > 9745
AluDoor,Armored Security Door,Entrance,Steel,Armored,Main Entrance,100x220 cm,High,8.9,Piece,Fixed,1,Apartment,False,11273,Doors,Entrance,Not Applicable,High: > 9745
Security Doors,Interior MDF Door,Interior,MDF,Solid,Bedroom,90x210 cm,Low,7.2,Piece,Per_Room,1,Bedroom,False,4171,Doors,Interior,Not Applicable,Low: <= 5307
AluDoor,Interior MDF Door,Interior,MDF,Solid,Bedroom,90x210 cm,Low,7.2,Piece,Per_Room,1,Bedroom,False,4312,Doors,Interior,Not Applicable,Low: <= 5307
WoodCraft,Armored Security Door,Entrance,Steel,Armored,Main Entrance,100x220 cm,High,8.9,Piece,Fixed,1,Apartment,False,14434,Doors,Entrance,Not Applicable,High: > 9745
WoodCraft,Aluminum Balcony Door,Balcony,Aluminum,Sliding,Balcony,180x220 cm,Medium,7.4,Piece,Per_Balcony,1,Balcony,False,5652,Doors,Balcony,Not Applicable,Medium: 5307 - 9745
Security Doors,Aluminum Balcony Door,Balcony,Aluminum,Sliding,Balcony,180x220 cm,Medium,7.4,Piece,Per_Balcony,1,Balcony,False,5414,Doors,Balcony,Not Applicable,Medium: 5307 - 9745
WPC Brand,Armored Security Door,Entrance,Steel,Armored,Main Entrance,100x220 cm,High,8.9,Piece,Fixed,1,Apartment,False,11721,Doors,Entrance,Not Applicable,High: > 9745
WPC Brand,Armored Security Door,Entrance,Steel,Armored,Main Entrance,100x220 cm,High,8.9,Piece,Fixed,1,Apartment,False,12803,Doors,Entrance,Not Applicable,High: > 9745
DoorTech,Armored Security Door,Entrance,Steel,Armored,Main Entrance,100x220 cm,High,8.9,Piece,Fixed,1,Apartment,False,11669,Doors,Entrance,Not Applicable,High: > 9745
AluDoor,Interior MDF Door,Interior,MDF,Solid,Bedroom,90x210 cm,Medium,7.2,Piece,Per_Room,1,Bedroom,False,5714,Doors,Interior,Not Applicable,Medium: 5307 - 9745
Security Doors,Interior MDF Door,Interior,MDF,Solid,Bedroom,90x210 cm,Low,7.2,Piece,Per_Room,1,Bedroom,False,3321,Doors,Interior,Not Applicable,Low: <= 5307
AluDoor,Armored Security Door,Entrance,Steel,Armored,Main Entrance,100x220 cm,High,8.9,Piece,Fixed,1,Apartment,False,11151,Doors,Entrance,Not Applicable,High: > 9745
DoorTech,Armored Security Door,Entrance,Steel,Armored,Main Entrance,100x220 cm,High,8.9,Piece,Fixed,1,Apartment,False,13161,Doors,Entrance,Not Applicable,High: > 9745
WPC Brand,Aluminum Balcony Door,Balcony,Aluminum,Sliding,Balcony,180x220 cm,Medium,7.4,Piece,Per_Balcony,1,Balcony,False,7391,Doors,Balcony,Not Applicable,Medium: 5307 - 9745
Security Doors,Interior MDF Door,Interior,MDF,Solid,Bedroom,90x210 cm,Medium,7.2,Piece,Per_Room,1,Bedroom,False,5355,Doors,Interior,Not Applicable,Medium: 5307 - 9745
DoorTech,Aluminum Balcony Door,Balcony,Aluminum,Sliding,Balcony,180x220 cm,Medium,7.4,Piece,Per_Balcony,1,Balcony,False,7087,Doors,Balcony,Not Applicable,Medium: 5307 - 9745
WPC Brand,Aluminum Balcony Door,Balcony,Aluminum,Sliding,Balcony,180x220 cm,Low,7.4,Piece,Per_Balcony,1,Balcony,False,4901,Doors,Balcony,Not Applicable,Low: <= 5307
Security Doors,Aluminum Balcony Door,Balcony,Aluminum,Sliding,Balcony,180x220 cm,Low,7.4,Piece,Per_Balcony,1,Balcony,False,4600,Doors,Balcony,Not Applicable,Low: <= 5307
Security Doors,Interior MDF Door,Interior,MDF,Solid,Bedroom,90x210 cm,Low,7.2,Piece,Per_Room,1,Bedroom,False,3866,Doors,Interior,Not Applicable,Low: <= 5307
WoodCraft,Interior MDF Door,Interior,MDF,Solid,Bedroom,90x210 cm,Low,7.2,Piece,Per_Room,1,Bedroom,False,4772,Doors,Interior,Not Applicable,Low: <= 5307
Security Doors,Aluminum Balcony Door,Balcony,Aluminum,Sliding,Balcony,180x220 cm,Medium,7.4,Piece,Per_Balcony,1,Balcony,False,5437,Doors,Balcony,Not Applicable,Medium: 5307 - 9745
DoorTech,Interior MDF Door,Interior,MDF,Solid,Bedroom,90x210 cm,Low,7.2,Piece,Per_Room,1,Bedroom,False,3649,Doors,Interior,Not Applicable,Low: <= 5307
WoodCraft,Aluminum Balcony Door,Balcony,Aluminum,Sliding,Balcony,180x220 cm,Medium,7.4,Piece,Per_Balcony,1,Balcony,False,6753,Doors,Balcony,Not Applicable,Medium: 5307 - 9745
WoodCraft,Interior MDF Door,Interior,MDF,Solid,Bedroom,90x210 cm,Low,7.2,Piece,Per_Room,1,Bedroom,False,3992,Doors,Interior,Not Applicable,Low: <= 5307
DoorTech,Aluminum Balcony Door,Balcony,Aluminum,Sliding,Balcony,180x220 cm,Medium,7.4,Piece,Per_Balcony,1,Balcony,False,7342,Doors,Balcony,Not Applicable,Medium: 5307 - 9745
WoodCraft,Interior MDF Door,Interior,MDF,Solid,Bedroom,90x210 cm,Low,7.2,Piece,Per_Room,1,Bedroom,False,3814,Doors,Interior,Not Applicable,Low: <= 5307
WoodCraft,Aluminum Balcony Door,Balcony,Aluminum,Sliding,Balcony,180x220 cm,Medium,7.4,Piece,Per_Balcony,1,Balcony,False,6094,Doors,Balcony,Not Applicable,Medium: 5307 - 9745
DoorTech,Aluminum Balcony Door,Balcony,Aluminum,Sliding,Balcony,180x220 cm,Medium,7.4,Piece,Per_Balcony,1,Balcony,False,7181,Doors,Balcony,Not Applicable,Medium: 5307 - 9745
Security Doors,Aluminum Balcony Door,Balcony,Aluminum,Sliding,Balcony,180x220 cm,Low,7.4,Piece,Per_Balcony,1,Balcony,False,4518,Doors,Balcony,Not Applicable,Low: <= 5307
AluDoor,Interior MDF Door,Interior,MDF,Solid,Bedroom,90x210 cm,Low,7.2,Piece,Per_Room,1,Bedroom,False,4079,Doors,Interior,Not Applicable,Low: <= 5307
WoodCraft,Aluminum Balcony Door,Balcony,Aluminum,Sliding,Balcony,180x220 cm,Medium,7.4,Piece,Per_Balcony,1,Balcony,False,5979,Doors,Balcony,Not Applicable,Medium: 5307 - 9745
WoodCraft,Armored Security Door,Entrance,Steel,Armored,Main Entrance,100x220 cm,High,8.9,Piece,Fixed,1,Apartment,False,10561,Doors,Entrance,Not Applicable,High: > 9745
DoorTech,Aluminum Balcony Door,Balcony,Aluminum,Sliding,Balcony,180x220 cm,Medium,7.4,Piece,Per_Balcony,1,Balcony,False,5714,Doors,Balcony,Not Applicable,Medium: 5307 - 9745
Security Doors,Aluminum Balcony Door,Balcony,Aluminum,Sliding,Balcony,180x220 cm,Medium,7.4,Piece,Per_Balcony,1,Balcony,False,6740,Doors,Balcony,Not Applicable,Medium: 5307 - 9745
WoodCraft,Armored Security Door,Entrance,Steel,Armored,Main Entrance,100x220 cm,High,8.9,Piece,Fixed,1,Apartment,False,13234,Doors,Entrance,Not Applicable,High: > 9745
DoorTech,Interior MDF Door,Interior,MDF,Solid,Bedroom,90x210 cm,Low,7.2,Piece,Per_Room,1,Bedroom,False,4368,Doors,Interior,Not Applicable,Low: <= 5307
WoodCraft,Interior MDF Door,Interior,MDF,Solid,Bedroom,90x210 cm,Low,7.2,Piece,Per_Room,1,Bedroom,False,4021,Doors,Interior,Not Applicable,Low: <= 5307
Security Doors,Interior MDF Door,Interior,MDF,Solid,Bedroom,90x210 cm,Low,7.2,Piece,Per_Room,1,Bedroom,False,4553,Doors,Interior,Not Applicable,Low: <= 5307
WPC Brand,Interior MDF Door,Interior,MDF,Solid,Bedroom,90x210 cm,Low,7.2,Piece,Per_Room,1,Bedroom,False,3268,Doors,Interior,Not Applicable,Low: <= 5307
AluDoor,Armored Security Door,Entrance,Steel,Armored,Main Entrance,100x220 cm,High,8.9,Piece,Fixed,1,Apartment,False,10474,Doors,Entrance,Not Applicable,High: > 9745
AluDoor,Aluminum Balcony Door,Balcony,Aluminum,Sliding,Balcony,180x220 cm,Medium,7.4,Piece,Per_Balcony,1,Balcony,False,6794,Doors,Balcony,Not Applicable,Medium: 5307 - 9745
DoorTech,Aluminum Balcony Door,Balcony,Aluminum,Sliding,Balcony,180x220 cm,Medium,7.4,Piece,Per_Balcony,1,Balcony,False,7124,Doors,Balcony,Not Applicable,Medium: 5307 - 9745
WoodCraft,Interior MDF Door,Interior,MDF,Solid,Bedroom,90x210 cm,Low,7.2,Piece,Per_Room,1,Bedroom,False,3443,Doors,Interior,Not Applicable,Low: <= 5307
WPC Brand,Aluminum Balcony Door,Balcony,Aluminum,Sliding,Balcony,180x220 cm,Medium,7.4,Piece,Per_Balcony,1,Balcony,False,6225,Doors,Balcony,Not Applicable,Medium: 5307 - 9745
DoorTech,Interior MDF Door,Interior,MDF,Solid,Bedroom,90x210 cm,Low,7.2,Piece,Per_Room,1,Bedroom,False,3978,Doors,Interior,Not Applicable,Low: <= 5307
Security Doors,Armored Security Door,Entrance,Steel,Armored,Main Entrance,100x220 cm,High,8.9,Piece,Fixed,1,Apartment,False,13005,Doors,Entrance,Not Applicable,High: > 9745
WPC Brand,Armored Security Door,Entrance,Steel,Armored,Main Entrance,100x220 cm,High,8.9,Piece,Fixed,1,Apartment,False,10612,Doors,Entrance,Not Applicable,High: > 9745
AluDoor,Aluminum Balcony Door,Balcony,Aluminum,Sliding,Balcony,180x220 cm,Medium,7.4,Piece,Per_Balcony,1,Balcony,False,6076,Doors,Balcony,Not Applicable,Medium: 5307 - 9745
WoodCraft,Aluminum Balcony Door,Balcony,Aluminum,Sliding,Balcony,180x220 cm,Low,7.4,Piece,Per_Balcony,1,Balcony,False,4793,Doors,Balcony,Not Applicable,Low: <= 5307
Security Doors,Aluminum Balcony Door,Balcony,Aluminum,Sliding,Balcony,180x220 cm,Medium,7.4,Piece,Per_Balcony,1,Balcony,False,6069,Doors,Balcony,Not Applicable,Medium: 5307 - 9745
Security Doors,Aluminum Balcony Door,Balcony,Aluminum,Sliding,Balcony,180x220 cm,Medium,7.4,Piece,Per_Balcony,1,Balcony,False,6762,Doors,Balcony,Not Applicable,Medium: 5307 - 9745
DoorTech,Aluminum Balcony Door,Balcony,Aluminum,Sliding,Balcony,180x220 cm,Low,7.4,Piece,Per_Balcony,1,Balcony,False,4560,Doors,Balcony,Not Applicable,Low: <= 5307
Security Doors,Aluminum Balcony Door,Balcony,Aluminum,Sliding,Balcony,180x220 cm,Medium,7.4,Piece,Per_Balcony,1,Balcony,False,7390,Doors,Balcony,Not Applicable,Medium: 5307 - 9745
DoorTech,Armored Security Door,Entrance,Steel,Armored,Main Entrance,100x220 cm,High,8.9,Piece,Fixed,1,Apartment,False,14497,Doors,Entrance,Not Applicable,High: > 9745
WoodCraft,Interior MDF Door,Interior,MDF,Solid,Bedroom,90x210 cm,Low,7.2,Piece,Per_Room,1,Bedroom,False,4118,Doors,Interior,Not Applicable,Low: <= 5307
Security Doors,Aluminum Balcony Door,Balcony,Aluminum,Sliding,Balcony,180x220 cm,Medium,7.4,Piece,Per_Balcony,1,Balcony,False,5375,Doors,Balcony,Not Applicable,Medium: 5307 - 9745
WoodCraft,Armored Security Door,Entrance,Steel,Armored,Main Entrance,100x220 cm,High,8.9,Piece,Fixed,1,Apartment,False,13793,Doors,Entrance,Not Applicable,High: > 9745
Security Doors,Armored Security Door,Entrance,Steel,Armored,Main Entrance,100x220 cm,High,8.9,Piece,Fixed,1,Apartment,False,14028,Doors,Entrance,Not Applicable,High: > 9745
WoodCraft,Aluminum Balcony Door,Balcony,Aluminum,Sliding,Balcony,180x220 cm,Low,7.4,Piece,Per_Balcony,1,Balcony,False,4976,Doors,Balcony,Not Applicable,Low: <= 5307
DoorTech,Interior MDF Door,Interior,MDF,Solid,Bedroom,90x210 cm,Low,7.2,Piece,Per_Room,1,Bedroom,False,3593,Doors,Interior,Not Applicable,Low: <= 5307
WoodCraft,Aluminum Balcony Door,Balcony,Aluminum,Sliding,Balcony,180x220 cm,Medium,7.4,Piece,Per_Balcony,1,Balcony,False,6150,Doors,Balcony,Not Applicable,Medium: 5307 - 9745
AluDoor,Interior MDF Door,Interior,MDF,Solid,Bedroom,90x210 cm,Low,7.2,Piece,Per_Room,1,Bedroom,False,3398,Doors,Interior,Not Applicable,Low: <= 5307
AluDoor,Aluminum Balcony Door,Balcony,Aluminum,Sliding,Balcony,180x220 cm,Medium,7.4,Piece,Per_Balcony,1,Balcony,False,6621,Doors,Balcony,Not Applicable,Medium: 5307 - 9745
DoorTech,Interior MDF Door,Interior,MDF,Solid,Bedroom,90x210 cm,Low,7.2,Piece,Per_Room,1,Bedroom,False,3242,Doors,Interior,Not Applicable,Low: <= 5307
AluDoor,Armored Security Door,Entrance,Steel,Armored,Main Entrance,100x220 cm,High,8.9,Piece,Fixed,1,Apartment,False,11896,Doors,Entrance,Not Applicable,High: > 9745
WoodCraft,Aluminum Balcony Door,Balcony,Aluminum,Sliding,Balcony,180x220 cm,Low,7.4,Piece,Per_Balcony,1,Balcony,False,4900,Doors,Balcony,Not Applicable,Low: <= 5307
WoodCraft,Aluminum Balcony Door,Balcony,Aluminum,Sliding,Balcony,180x220 cm,Medium,7.4,Piece,Per_Balcony,1,Balcony,False,5602,Doors,Balcony,Not Applicable,Medium: 5307 - 9745
Security Doors,Aluminum Balcony Door,Balcony,Aluminum,Sliding,Balcony,180x220 cm,Medium,7.4,Piece,Per_Balcony,1,Balcony,False,6959,Doors,Balcony,Not Applicable,Medium: 5307 - 9745
DoorTech,Aluminum Balcony Door,Balcony,Aluminum,Sliding,Balcony,180x220 cm,Low,7.4,Piece,Per_Balcony,1,Balcony,False,4601,Doors,Balcony,Not Applicable,Low: <= 5307
Security Doors,Interior MDF Door,Interior,MDF,Solid,Bedroom,90x210 cm,Low,7.2,Piece,Per_Room,1,Bedroom,False,4068,Doors,Interior,Not Applicable,Low: <= 5307
WPC Brand,Interior MDF Door,Interior,MDF,Solid,Bedroom,90x210 cm,Medium,7.2,Piece,Per_Room,1,Bedroom,False,5735,Doors,Interior,Not Applicable,Medium: 5307 - 9745
DoorTech,Interior MDF Door,Interior,MDF,Solid,Bedroom,90x210 cm,Medium,7.2,Piece,Per_Room,1,Bedroom,False,5400,Doors,Interior,Not Applicable,Medium: 5307 - 9745
WPC Brand,Aluminum Balcony Door,Balcony,Aluminum,Sliding,Balcony,180x220 cm,Low,7.4,Piece,Per_Balcony,1,Balcony,False,5139,Doors,Balcony,Not Applicable,Low: <= 5307
WPC Brand,Armored Security Door,Entrance,Steel,Armored,Main Entrance,100x220 cm,High,8.9,Piece,Fixed,1,Apartment,False,13919,Doors,Entrance,Not Applicable,High: > 9745
WoodCraft,Interior MDF Door,Interior,MDF,Solid,Bedroom,90x210 cm,Low,7.2,Piece,Per_Room,1,Bedroom,False,4310,Doors,Interior,Not Applicable,Low: <= 5307
AluDoor,Aluminum Balcony Door,Balcony,Aluminum,Sliding,Balcony,180x220 cm,Medium,7.4,Piece,Per_Balcony,1,Balcony,False,7271,Doors,Balcony,Not Applicable,Medium: 5307 - 9745
AluDoor,Aluminum Balcony Door,Balcony,Aluminum,Sliding,Balcony,180x220 cm,Medium,7.4,Piece,Per_Balcony,1,Balcony,False,7421,Doors,Balcony,Not Applicable,Medium: 5307 - 9745
WPC Brand,Interior MDF Door,Interior,MDF,Solid,Bedroom,90x210 cm,Low,7.2,Piece,Per_Room,1,Bedroom,False,4377,Doors,Interior,Not Applicable,Low: <= 5307
WoodCraft,Aluminum Balcony Door,Balcony,Aluminum,Sliding,Balcony,180x220 cm,Medium,7.4,Piece,Per_Balcony,1,Balcony,False,6864,Doors,Balcony,Not Applicable,Medium: 5307 - 9745
WoodCraft,Interior MDF Door,Interior,MDF,Solid,Bedroom,90x210 cm,Low,7.2,Piece,Per_Room,1,Bedroom,False,4073,Doors,Interior,Not Applicable,Low: <= 5307
WPC Brand,Aluminum Balcony Door,Balcony,Aluminum,Sliding,Balcony,180x220 cm,Low,7.4,Piece,Per_Balcony,1,Balcony,False,5105,Doors,Balcony,Not Applicable,Low: <= 5307
Security Doors,Armored Security Door,Entrance,Steel,Armored,Main Entrance,100x220 cm,High,8.9,Piece,Fixed,1,Apartment,False,13880,Doors,Entrance,Not Applicable,High: > 9745
AluDoor,Armored Security Door,Entrance,Steel,Armored,Main Entrance,100x220 cm,High,8.9,Piece,Fixed,1,Apartment,False,10217,Doors,Entrance,Not Applicable,High: > 9745
WPC Brand,Interior MDF Door,Interior,MDF,Solid,Bedroom,90x210 cm,Medium,7.2,Piece,Per_Room,1,Bedroom,False,5484,Doors,Interior,Not Applicable,Medium: 5307 - 9745
DoorTech,Aluminum Balcony Door,Balcony,Aluminum,Sliding,Balcony,180x220 cm,Low,7.4,Piece,Per_Balcony,1,Balcony,False,4818,Doors,Balcony,Not Applicable,Low: <= 5307
Security Doors,Aluminum Balcony Door,Balcony,Aluminum,Sliding,Balcony,180x220 cm,Medium,7.4,Piece,Per_Balcony,1,Balcony,False,6111,Doors,Balcony,Not Applicable,Medium: 5307 - 9745
Security Doors,Aluminum Balcony Door,Balcony,Aluminum,Sliding,Balcony,180x220 cm,Medium,7.4,Piece,Per_Balcony,1,Balcony,False,7449,Doors,Balcony,Not Applicable,Medium: 5307 - 9745
DoorTech,Armored Security Door,Entrance,Steel,Armored,Main Entrance,100x220 cm,High,8.9,Piece,Fixed,1,Apartment,False,10848,Doors,Entrance,Not Applicable,High: > 9745
WoodCraft,Aluminum Balcony Door,Balcony,Aluminum,Sliding,Balcony,180x220 cm,Medium,7.4,Piece,Per_Balcony,1,Balcony,False,7487,Doors,Balcony,Not Applicable,Medium: 5307 - 9745
WPC Brand,Interior MDF Door,Interior,MDF,Solid,Bedroom,90x210 cm,Low,7.2,Piece,Per_Room,1,Bedroom,False,4543,Doors,Interior,Not Applicable,Low: <= 5307
WPC Brand,Aluminum Balcony Door,Balcony,Aluminum,Sliding,Balcony,180x220 cm,Medium,7.4,Piece,Per_Balcony,1,Balcony,False,6738,Doors,Balcony,Not Applicable,Medium: 5307 - 9745
DoorTech,Interior MDF Door,Interior,MDF,Solid,Bedroom,90x210 cm,Low,7.2,Piece,Per_Room,1,Bedroom,False,4796,Doors,Interior,Not Applicable,Low: <= 5307
WoodCraft,Armored Security Door,Entrance,Steel,Armored,Main Entrance,100x220 cm,High,8.9,Piece,Fixed,1,Apartment,False,9874,Doors,Entrance,Not Applicable,High: > 9745
Security Doors,Armored Security Door,Entrance,Steel,Armored,Main Entrance,100x220 cm,High,8.9,Piece,Fixed,1,Apartment,False,10023,Doors,Entrance,Not Applicable,High: > 9745
DoorTech,Interior MDF Door,Interior,MDF,Solid,Bedroom,90x210 cm,Low,7.2,Piece,Per_Room,1,Bedroom,False,4331,Doors,Interior,Not Applicable,Low: <= 5307
WoodCraft,Aluminum Balcony Door,Balcony,Aluminum,Sliding,Balcony,180x220 cm,Medium,7.4,Piece,Per_Balcony,1,Balcony,False,7272,Doors,Balcony,Not Applicable,Medium: 5307 - 9745
AluDoor,Aluminum Balcony Door,Balcony,Aluminum,Sliding,Balcony,180x220 cm,Low,7.4,Piece,Per_Balcony,1,Balcony,False,4912,Doors,Balcony,Not Applicable,Low: <= 5307
Security Doors,Armored Security Door,Entrance,Steel,Armored,Main Entrance,100x220 cm,High,8.9,Piece,Fixed,1,Apartment,False,12635,Doors,Entrance,Not Applicable,High: > 9745
WPC Brand,Interior MDF Door,Interior,MDF,Solid,Bedroom,90x210 cm,Low,7.2,Piece,Per_Room,1,Bedroom,False,4246,Doors,Interior,Not Applicable,Low: <= 5307
Security Doors,Aluminum Balcony Door,Balcony,Aluminum,Sliding,Balcony,180x220 cm,Medium,7.4,Piece,Per_Balcony,1,Balcony,False,5418,Doors,Balcony,Not Applicable,Medium: 5307 - 9745
WoodCraft,Aluminum Balcony Door,Balcony,Aluminum,Sliding,Balcony,180x220 cm,Medium,7.4,Piece,Per_Balcony,1,Balcony,False,6487,Doors,Balcony,Not Applicable,Medium: 5307 - 9745
Security Doors,Armored Security Door,Entrance,Steel,Armored,Main Entrance,100x220 cm,High,8.9,Piece,Fixed,1,Apartment,False,10462,Doors,Entrance,Not Applicable,High: > 9745
WPC Brand,Interior MDF Door,Interior,MDF,Solid,Bedroom,90x210 cm,Low,7.2,Piece,Per_Room,1,Bedroom,False,3902,Doors,Interior,Not Applicable,Low: <= 5307
DoorTech,Interior MDF Door,Interior,MDF,Solid,Bedroom,90x210 cm,Medium,7.2,Piece,Per_Room,1,Bedroom,False,5673,Doors,Interior,Not Applicable,Medium: 5307 - 9745
DoorTech,Interior MDF Door,Interior,MDF,Solid,Bedroom,90x210 cm,Medium,7.2,Piece,Per_Room,1,Bedroom,False,5389,Doors,Interior,Not Applicable,Medium: 5307 - 9745
WPC Brand,Aluminum Balcony Door,Balcony,Aluminum,Sliding,Balcony,180x220 cm,Medium,7.4,Piece,Per_Balcony,1,Balcony,False,5448,Doors,Balcony,Not Applicable,Medium: 5307 - 9745
WoodCraft,Interior MDF Door,Interior,MDF,Solid,Bedroom,90x210 cm,Medium,7.2,Piece,Per_Room,1,Bedroom,False,5340,Doors,Interior,Not Applicable,Medium: 5307 - 9745
DoorTech,Interior MDF Door,Interior,MDF,Solid,Bedroom,90x210 cm,Medium,7.2,Piece,Per_Room,1,Bedroom,False,5556,Doors,Interior,Not Applicable,Medium: 5307 - 9745
WoodCraft,Armored Security Door,Entrance,Steel,Armored,Main Entrance,100x220 cm,Medium,8.9,Piece,Fixed,1,Apartment,False,9512,Doors,Entrance,Not Applicable,Medium: 5307 - 9745
WPC Brand,Interior MDF Door,Interior,MDF,Solid,Bedroom,90x210 cm,Low,7.2,Piece,Per_Room,1,Bedroom,False,3999,Doors,Interior,Not Applicable,Low: <= 5307
AluDoor,Armored Security Door,Entrance,Steel,Armored,Main Entrance,100x220 cm,Medium,8.9,Piece,Fixed,1,Apartment,False,9506,Doors,Entrance,Not Applicable,Medium: 5307 - 9745
Security Doors,Interior MDF Door,Interior,MDF,Solid,Bedroom,90x210 cm,Medium,7.2,Piece,Per_Room,1,Bedroom,False,5507,Doors,Interior,Not Applicable,Medium: 5307 - 9745
AluDoor,Armored Security Door,Entrance,Steel,Armored,Main Entrance,100x220 cm,High,8.9,Piece,Fixed,1,Apartment,False,13694,Doors,Entrance,Not Applicable,High: > 9745
AluDoor,Armored Security Door,Entrance,Steel,Armored,Main Entrance,100x220 cm,High,8.9,Piece,Fixed,1,Apartment,False,11863,Doors,Entrance,Not Applicable,High: > 9745
AluDoor,Interior MDF Door,Interior,MDF,Solid,Bedroom,90x210 cm,Medium,7.2,Piece,Per_Room,1,Bedroom,False,5539,Doors,Interior,Not Applicable,Medium: 5307 - 9745
WoodCraft,Armored Security Door,Entrance,Steel,Armored,Main Entrance,100x220 cm,High,8.9,Piece,Fixed,1,Apartment,False,13615,Doors,Entrance,Not Applicable,High: > 9745
DoorTech,Interior MDF Door,Interior,MDF,Solid,Bedroom,90x210 cm,Medium,7.2,Piece,Per_Room,1,Bedroom,False,5402,Doors,Interior,Not Applicable,Medium: 5307 - 9745
Security Doors,Aluminum Balcony Door,Balcony,Aluminum,Sliding,Balcony,180x220 cm,Medium,7.4,Piece,Per_Balcony,1,Balcony,False,7360,Doors,Balcony,Not Applicable,Medium: 5307 - 9745
WPC Brand,Armored Security Door,Entrance,Steel,Armored,Main Entrance,100x220 cm,High,8.9,Piece,Fixed,1,Apartment,False,9769,Doors,Entrance,Not Applicable,High: > 9745
AluDoor,Interior MDF Door,Interior,MDF,Solid,Bedroom,90x210 cm,Low,7.2,Piece,Per_Room,1,Bedroom,False,5188,Doors,Interior,Not Applicable,Low: <= 5307
DoorTech,Interior MDF Door,Interior,MDF,Solid,Bedroom,90x210 cm,Low,7.2,Piece,Per_Room,1,Bedroom,False,4710,Doors,Interior,Not Applicable,Low: <= 5307
WPC Brand,Interior MDF Door,Interior,MDF,Solid,Bedroom,90x210 cm,Low,7.2,Piece,Per_Room,1,Bedroom,False,3823,Doors,Interior,Not Applicable,Low: <= 5307
WoodCraft,Aluminum Balcony Door,Balcony,Aluminum,Sliding,Balcony,180x220 cm,Medium,7.4,Piece,Per_Balcony,1,Balcony,False,6123,Doors,Balcony,Not Applicable,Medium: 5307 - 9745
DoorTech,Interior MDF Door,Interior,MDF,Solid,Bedroom,90x210 cm,Low,7.2,Piece,Per_Room,1,Bedroom,False,3974,Doors,Interior,Not Applicable,Low: <= 5307
DoorTech,Aluminum Balcony Door,Balcony,Aluminum,Sliding,Balcony,180x220 cm,Medium,7.4,Piece,Per_Balcony,1,Balcony,False,5936,Doors,Balcony,Not Applicable,Medium: 5307 - 9745
WPC Brand,Armored Security Door,Entrance,Steel,Armored,Main Entrance,100x220 cm,High,8.9,Piece,Fixed,1,Apartment,False,10554,Doors,Entrance,Not Applicable,High: > 9745
AluDoor,Aluminum Balcony Door,Balcony,Aluminum,Sliding,Balcony,180x220 cm,Medium,7.4,Piece,Per_Balcony,1,Balcony,False,5519,Doors,Balcony,Not Applicable,Medium: 5307 - 9745
Security Doors,Interior MDF Door,Interior,MDF,Solid,Bedroom,90x210 cm,Low,7.2,Piece,Per_Room,1,Bedroom,False,4523,Doors,Interior,Not Applicable,Low: <= 5307
DoorTech,Armored Security Door,Entrance,Steel,Armored,Main Entrance,100x220 cm,High,8.9,Piece,Fixed,1,Apartment,False,12016,Doors,Entrance,Not Applicable,High: > 9745
AluDoor,Armored Security Door,Entrance,Steel,Armored,Main Entrance,100x220 cm,High,8.9,Piece,Fixed,1,Apartment,False,11224,Doors,Entrance,Not Applicable,High: > 9745
WPC Brand,Interior MDF Door,Interior,MDF,Solid,Bedroom,90x210 cm,Low,7.2,Piece,Per_Room,1,Bedroom,False,4260,Doors,Interior,Not Applicable,Low: <= 5307
AluDoor,Aluminum Balcony Door,Balcony,Aluminum,Sliding,Balcony,180x220 cm,Low,7.4,Piece,Per_Balcony,1,Balcony,False,5187,Doors,Balcony,Not Applicable,Low: <= 5307
WPC Brand,Interior MDF Door,Interior,MDF,Solid,Bedroom,90x210 cm,Medium,7.2,Piece,Per_Room,1,Bedroom,False,5745,Doors,Interior,Not Applicable,Medium: 5307 - 9745
AluDoor,Aluminum Balcony Door,Balcony,Aluminum,Sliding,Balcony,180x220 cm,Low,7.4,Piece,Per_Balcony,1,Balcony,False,4990,Doors,Balcony,Not Applicable,Low: <= 5307
DoorTech,Interior MDF Door,Interior,MDF,Solid,Bedroom,90x210 cm,Medium,7.2,Piece,Per_Room,1,Bedroom,False,5786,Doors,Interior,Not Applicable,Medium: 5307 - 9745
DoorTech,Armored Security Door,Entrance,Steel,Armored,Main Entrance,100x220 cm,High,8.9,Piece,Fixed,1,Apartment,False,13930,Doors,Entrance,Not Applicable,High: > 9745
WoodCraft,Armored Security Door,Entrance,Steel,Armored,Main Entrance,100x220 cm,High,8.9,Piece,Fixed,1,Apartment,False,12889,Doors,Entrance,Not Applicable,High: > 9745
AluDoor,Interior MDF Door,Interior,MDF,Solid,Bedroom,90x210 cm,Medium,7.2,Piece,Per_Room,1,Bedroom,False,5433,Doors,Interior,Not Applicable,Medium: 5307 - 9745
WoodCraft,Armored Security Door,Entrance,Steel,Armored,Main Entrance,100x220 cm,High,8.9,Piece,Fixed,1,Apartment,False,11745,Doors,Entrance,Not Applicable,High: > 9745
WPC Brand,Aluminum Balcony Door,Balcony,Aluminum,Sliding,Balcony,180x220 cm,Low,7.4,Piece,Per_Balcony,1,Balcony,False,5117,Doors,Balcony,Not Applicable,Low: <= 5307
WPC Brand,Interior MDF Door,Interior,MDF,Solid,Bedroom,90x210 cm,Low,7.2,Piece,Per_Room,1,Bedroom,False,5252,Doors,Interior,Not Applicable,Low: <= 5307
WoodCraft,Aluminum Balcony Door,Balcony,Aluminum,Sliding,Balcony,180x220 cm,Medium,7.4,Piece,Per_Balcony,1,Balcony,False,7099,Doors,Balcony,Not Applicable,Medium: 5307 - 9745
DoorTech,Armored Security Door,Entrance,Steel,Armored,Main Entrance,100x220 cm,High,8.9,Piece,Fixed,1,Apartment,False,14107,Doors,Entrance,Not Applicable,High: > 9745
WPC Brand,Aluminum Balcony Door,Balcony,Aluminum,Sliding,Balcony,180x220 cm,Medium,7.4,Piece,Per_Balcony,1,Balcony,False,5909,Doors,Balcony,Not Applicable,Medium: 5307 - 9745
WPC Brand,Armored Security Door,Entrance,Steel,Armored,Main Entrance,100x220 cm,High,8.9,Piece,Fixed,1,Apartment,False,13104,Doors,Entrance,Not Applicable,High: > 9745
WPC Brand,Aluminum Balcony Door,Balcony,Aluminum,Sliding,Balcony,180x220 cm,Medium,7.4,Piece,Per_Balcony,1,Balcony,False,6640,Doors,Balcony,Not Applicable,Medium: 5307 - 9745
WoodCraft,Aluminum Balcony Door,Balcony,Aluminum,Sliding,Balcony,180x220 cm,Medium,7.4,Piece,Per_Balcony,1,Balcony,False,6281,Doors,Balcony,Not Applicable,Medium: 5307 - 9745
Security Doors,Interior MDF Door,Interior,MDF,Solid,Bedroom,90x210 cm,Low,7.2,Piece,Per_Room,1,Bedroom,False,4289,Doors,Interior,Not Applicable,Low: <= 5307
Security Doors,Interior MDF Door,Interior,MDF,Solid,Bedroom,90x210 cm,Medium,7.2,Piece,Per_Room,1,Bedroom,False,5488,Doors,Interior,Not Applicable,Medium: 5307 - 9745
AluDoor,Interior MDF Door,Interior,MDF,Solid,Bedroom,90x210 cm,Low,7.2,Piece,Per_Room,1,Bedroom,False,4121,Doors,Interior,Not Applicable,Low: <= 5307
AluDoor,Armored Security Door,Entrance,Steel,Armored,Main Entrance,100x220 cm,High,8.9,Piece,Fixed,1,Apartment,False,12418,Doors,Entrance,Not Applicable,High: > 9745
Security Doors,Armored Security Door,Entrance,Steel,Armored,Main Entrance,100x220 cm,High,8.9,Piece,Fixed,1,Apartment,False,11788,Doors,Entrance,Not Applicable,High: > 9745
WPC Brand,Armored Security Door,Entrance,Steel,Armored,Main Entrance,100x220 cm,High,8.9,Piece,Fixed,1,Apartment,False,10170,Doors,Entrance,Not Applicable,High: > 9745
WPC Brand,Armored Security Door,Entrance,Steel,Armored,Main Entrance,100x220 cm,High,8.9,Piece,Fixed,1,Apartment,False,13653,Doors,Entrance,Not Applicable,High: > 9745
WPC Brand,Interior MDF Door,Interior,MDF,Solid,Bedroom,90x210 cm,Low,7.2,Piece,Per_Room,1,Bedroom,False,4372,Doors,Interior,Not Applicable,Low: <= 5307
DoorTech,Aluminum Balcony Door,Balcony,Aluminum,Sliding,Balcony,180x220 cm,Medium,7.4,Piece,Per_Balcony,1,Balcony,False,5470,Doors,Balcony,Not Applicable,Medium: 5307 - 9745
Security Doors,Armored Security Door,Entrance,Steel,Armored,Main Entrance,100x220 cm,High,8.9,Piece,Fixed,1,Apartment,False,9893,Doors,Entrance,Not Applicable,High: > 9745
Security Doors,Interior MDF Door,Interior,MDF,Solid,Bedroom,90x210 cm,Low,7.2,Piece,Per_Room,1,Bedroom,False,3558,Doors,Interior,Not Applicable,Low: <= 5307
WoodCraft,Interior MDF Door,Interior,MDF,Solid,Bedroom,90x210 cm,Low,7.2,Piece,Per_Room,1,Bedroom,False,5147,Doors,Interior,Not Applicable,Low: <= 5307
DoorTech,Aluminum Balcony Door,Balcony,Aluminum,Sliding,Balcony,180x220 cm,Medium,7.4,Piece,Per_Balcony,1,Balcony,False,5530,Doors,Balcony,Not Applicable,Medium: 5307 - 9745
Security Doors,Armored Security Door,Entrance,Steel,Armored,Main Entrance,100x220 cm,High,8.9,Piece,Fixed,1,Apartment,False,14046,Doors,Entrance,Not Applicable,High: > 9745
Security Doors,Interior MDF Door,Interior,MDF,Solid,Bedroom,90x210 cm,Medium,7.2,Piece,Per_Room,1,Bedroom,False,5693,Doors,Interior,Not Applicable,Medium: 5307 - 9745
WPC Brand,Aluminum Balcony Door,Balcony,Aluminum,Sliding,Balcony,180x220 cm,Medium,7.4,Piece,Per_Balcony,1,Balcony,False,5593,Doors,Balcony,Not Applicable,Medium: 5307 - 9745
DoorTech,Interior MDF Door,Interior,MDF,Solid,Bedroom,90x210 cm,Low,7.2,Piece,Per_Room,1,Bedroom,False,4614,Doors,Interior,Not Applicable,Low: <= 5307
Security Doors,Interior MDF Door,Interior,MDF,Solid,Bedroom,90x210 cm,Low,7.2,Piece,Per_Room,1,Bedroom,False,3707,Doors,Interior,Not Applicable,Low: <= 5307
DoorTech,Armored Security Door,Entrance,Steel,Armored,Main Entrance,100x220 cm,High,8.9,Piece,Fixed,1,Apartment,False,14395,Doors,Entrance,Not Applicable,High: > 9745
WPC Brand,Armored Security Door,Entrance,Steel,Armored,Main Entrance,100x220 cm,High,8.9,Piece,Fixed,1,Apartment,False,11003,Doors,Entrance,Not Applicable,High: > 9745
Security Doors,Armored Security Door,Entrance,Steel,Armored,Main Entrance,100x220 cm,High,8.9,Piece,Fixed,1,Apartment,False,10620,Doors,Entrance,Not Applicable,High: > 9745
AluDoor,Aluminum Balcony Door,Balcony,Aluminum,Sliding,Balcony,180x220 cm,Medium,7.4,Piece,Per_Balcony,1,Balcony,False,7024,Doors,Balcony,Not Applicable,Medium: 5307 - 9745
Security Doors,Armored Security Door,Entrance,Steel,Armored,Main Entrance,100x220 cm,High,8.9,Piece,Fixed,1,Apartment,False,9907,Doors,Entrance,Not Applicable,High: > 9745
WoodCraft,Armored Security Door,Entrance,Steel,Armored,Main Entrance,100x220 cm,High,8.9,Piece,Fixed,1,Apartment,False,9846,Doors,Entrance,Not Applicable,High: > 9745
DoorTech,Aluminum Balcony Door,Balcony,Aluminum,Sliding,Balcony,180x220 cm,Medium,7.4,Piece,Per_Balcony,1,Balcony,False,5532,Doors,Balcony,Not Applicable,Medium: 5307 - 9745
WoodCraft,Aluminum Balcony Door,Balcony,Aluminum,Sliding,Balcony,180x220 cm,Medium,7.4,Piece,Per_Balcony,1,Balcony,False,6098,Doors,Balcony,Not Applicable,Medium: 5307 - 9745
WoodCraft,Aluminum Balcony Door,Balcony,Aluminum,Sliding,Balcony,180x220 cm,Medium,7.4,Piece,Per_Balcony,1,Balcony,False,5308,Doors,Balcony,Not Applicable,Medium: 5307 - 9745
Security Doors,Armored Security Door,Entrance,Steel,Armored,Main Entrance,100x220 cm,High,8.9,Piece,Fixed,1,Apartment,False,12680,Doors,Entrance,Not Applicable,High: > 9745
Security Doors,Armored Security Door,Entrance,Steel,Armored,Main Entrance,100x220 cm,High,8.9,Piece,Fixed,1,Apartment,False,13453,Doors,Entrance,Not Applicable,High: > 9745
DoorTech,Interior MDF Door,Interior,MDF,Solid,Bedroom,90x210 cm,Low,7.2,Piece,Per_Room,1,Bedroom,False,5290,Doors,Interior,Not Applicable,Low: <= 5307
DoorTech,Aluminum Balcony Door,Balcony,Aluminum,Sliding,Balcony,180x220 cm,Low,7.4,Piece,Per_Balcony,1,Balcony,False,5172,Doors,Balcony,Not Applicable,Low: <= 5307
Security Doors,Aluminum Balcony Door,Balcony,Aluminum,Sliding,Balcony,180x220 cm,Medium,7.4,Piece,Per_Balcony,1,Balcony,False,6624,Doors,Balcony,Not Applicable,Medium: 5307 - 9745
AluDoor,Aluminum Balcony Door,Balcony,Aluminum,Sliding,Balcony,180x220 cm,Medium,7.4,Piece,Per_Balcony,1,Balcony,False,6421,Doors,Balcony,Not Applicable,Medium: 5307 - 9745
WoodCraft,Interior MDF Door,Interior,MDF,Solid,Bedroom,90x210 cm,Medium,7.2,Piece,Per_Room,1,Bedroom,False,5637,Doors,Interior,Not Applicable,Medium: 5307 - 9745
WoodCraft,Armored Security Door,Entrance,Steel,Armored,Main Entrance,100x220 cm,High,8.9,Piece,Fixed,1,Apartment,False,11493,Doors,Entrance,Not Applicable,High: > 9745
DoorTech,Aluminum Balcony Door,Balcony,Aluminum,Sliding,Balcony,180x220 cm,Medium,7.4,Piece,Per_Balcony,1,Balcony,False,7320,Doors,Balcony,Not Applicable,Medium: 5307 - 9745
AluDoor,Interior MDF Door,Interior,MDF,Solid,Bedroom,90x210 cm,Medium,7.2,Piece,Per_Room,1,Bedroom,False,5454,Doors,Interior,Not Applicable,Medium: 5307 - 9745
Security Doors,Interior MDF Door,Interior,MDF,Solid,Bedroom,90x210 cm,Low,7.2,Piece,Per_Room,1,Bedroom,False,4123,Doors,Interior,Not Applicable,Low: <= 5307
WPC Brand,Interior MDF Door,Interior,MDF,Solid,Bedroom,90x210 cm,Low,7.2,Piece,Per_Room,1,Bedroom,False,4191,Doors,Interior,Not Applicable,Low: <= 5307
WPC Brand,Armored Security Door,Entrance,Steel,Armored,Main Entrance,100x220 cm,High,8.9,Piece,Fixed,1,Apartment,False,11404,Doors,Entrance,Not Applicable,High: > 9745
WPC Brand,Armored Security Door,Entrance,Steel,Armored,Main Entrance,100x220 cm,High,8.9,Piece,Fixed,1,Apartment,False,13758,Doors,Entrance,Not Applicable,High: > 9745
Security Doors,Interior MDF Door,Interior,MDF,Solid,Bedroom,90x210 cm,Low,7.2,Piece,Per_Room,1,Bedroom,False,3363,Doors,Interior,Not Applicable,Low: <= 5307
Security Doors,Aluminum Balcony Door,Balcony,Aluminum,Sliding,Balcony,180x220 cm,Medium,7.4,Piece,Per_Balcony,1,Balcony,False,5984,Doors,Balcony,Not Applicable,Medium: 5307 - 9745
Security Doors,Interior MDF Door,Interior,MDF,Solid,Bedroom,90x210 cm,Medium,7.2,Piece,Per_Room,1,Bedroom,False,5445,Doors,Interior,Not Applicable,Medium: 5307 - 9745
Security Doors,Interior MDF Door,Interior,MDF,Solid,Bedroom,90x210 cm,Low,7.2,Piece,Per_Room,1,Bedroom,False,3225,Doors,Interior,Not Applicable,Low: <= 5307
WoodCraft,Interior MDF Door,Interior,MDF,Solid,Bedroom,90x210 cm,Low,7.2,Piece,Per_Room,1,Bedroom,False,3668,Doors,Interior,Not Applicable,Low: <= 5307
DoorTech,Interior MDF Door,Interior,MDF,Solid,Bedroom,90x210 cm,Low,7.2,Piece,Per_Room,1,Bedroom,False,3831,Doors,Interior,Not Applicable,Low: <= 5307
DoorTech,Aluminum Balcony Door,Balcony,Aluminum,Sliding,Balcony,180x220 cm,Medium,7.4,Piece,Per_Balcony,1,Balcony,False,6184,Doors,Balcony,Not Applicable,Medium: 5307 - 9745
WPC Brand,Armored Security Door,Entrance,Steel,Armored,Main Entrance,100x220 cm,High,8.9,Piece,Fixed,1,Apartment,False,10708,Doors,Entrance,Not Applicable,High: > 9745
AluDoor,Interior MDF Door,Interior,MDF,Solid,Bedroom,90x210 cm,Low,7.2,Piece,Per_Room,1,Bedroom,False,3219,Doors,Interior,Not Applicable,Low: <= 5307
WPC Brand,Armored Security Door,Entrance,Steel,Armored,Main Entrance,100x220 cm,High,8.9,Piece,Fixed,1,Apartment,False,14063,Doors,Entrance,Not Applicable,High: > 9745
Security Doors,Armored Security Door,Entrance,Steel,Armored,Main Entrance,100x220 cm,High,8.9,Piece,Fixed,1,Apartment,False,10989,Doors,Entrance,Not Applicable,High: > 9745
AluDoor,Aluminum Balcony Door,Balcony,Aluminum,Sliding,Balcony,180x220 cm,Medium,7.4,Piece,Per_Balcony,1,Balcony,False,6407,Doors,Balcony,Not Applicable,Medium: 5307 - 9745
WPC Brand,Interior MDF Door,Interior,MDF,Solid,Bedroom,90x210 cm,Low,7.2,Piece,Per_Room,1,Bedroom,False,3641,Doors,Interior,Not Applicable,Low: <= 5307
DoorTech,Aluminum Balcony Door,Balcony,Aluminum,Sliding,Balcony,180x220 cm,Medium,7.4,Piece,Per_Balcony,1,Balcony,False,6260,Doors,Balcony,Not Applicable,Medium: 5307 - 9745
Security Doors,Armored Security Door,Entrance,Steel,Armored,Main Entrance,100x220 cm,High,8.9,Piece,Fixed,1,Apartment,False,10534,Doors,Entrance,Not Applicable,High: > 9745
DoorTech,Aluminum Balcony Door,Balcony,Aluminum,Sliding,Balcony,180x220 cm,Low,7.4,Piece,Per_Balcony,1,Balcony,False,4561,Doors,Balcony,Not Applicable,Low: <= 5307
DoorTech,Aluminum Balcony Door,Balcony,Aluminum,Sliding,Balcony,180x220 cm,Medium,7.4,Piece,Per_Balcony,1,Balcony,False,6623,Doors,Balcony,Not Applicable,Medium: 5307 - 9745
Security Doors,Aluminum Balcony Door,Balcony,Aluminum,Sliding,Balcony,180x220 cm,Medium,7.4,Piece,Per_Balcony,1,Balcony,False,6901,Doors,Balcony,Not Applicable,Medium: 5307 - 9745
DoorTech,Armored Security Door,Entrance,Steel,Armored,Main Entrance,100x220 cm,High,8.9,Piece,Fixed,1,Apartment,False,11977,Doors,Entrance,Not Applicable,High: > 9745
WoodCraft,Aluminum Balcony Door,Balcony,Aluminum,Sliding,Balcony,180x220 cm,Medium,7.4,Piece,Per_Balcony,1,Balcony,False,6085,Doors,Balcony,Not Applicable,Medium: 5307 - 9745
AluDoor,Aluminum Balcony Door,Balcony,Aluminum,Sliding,Balcony,180x220 cm,Low,7.4,Piece,Per_Balcony,1,Balcony,False,4637,Doors,Balcony,Not Applicable,Low: <= 5307
Security Doors,Aluminum Balcony Door,Balcony,Aluminum,Sliding,Balcony,180x220 cm,Low,7.4,Piece,Per_Balcony,1,Balcony,False,5100,Doors,Balcony,Not Applicable,Low: <= 5307
DoorTech,Interior MDF Door,Interior,MDF,Solid,Bedroom,90x210 cm,Low,7.2,Piece,Per_Room,1,Bedroom,False,3457,Doors,Interior,Not Applicable,Low: <= 5307
WPC Brand,Armored Security Door,Entrance,Steel,Armored,Main Entrance,100x220 cm,High,8.9,Piece,Fixed,1,Apartment,False,11940,Doors,Entrance,Not Applicable,High: > 9745
Security Doors,Armored Security Door,Entrance,Steel,Armored,Main Entrance,100x220 cm,High,8.9,Piece,Fixed,1,Apartment,False,10664,Doors,Entrance,Not Applicable,High: > 9745
WPC Brand,Armored Security Door,Entrance,Steel,Armored,Main Entrance,100x220 cm,High,8.9,Piece,Fixed,1,Apartment,False,13200,Doors,Entrance,Not Applicable,High: > 9745
Security Doors,Interior MDF Door,Interior,MDF,Solid,Bedroom,90x210 cm,Low,7.2,Piece,Per_Room,1,Bedroom,False,3214,Doors,Interior,Not Applicable,Low: <= 5307
AluDoor,Interior MDF Door,Interior,MDF,Solid,Bedroom,90x210 cm,Medium,7.2,Piece,Per_Room,1,Bedroom,False,5437,Doors,Interior,Not Applicable,Medium: 5307 - 9745
AluDoor,Armored Security Door,Entrance,Steel,Armored,Main Entrance,100x220 cm,High,8.9,Piece,Fixed,1,Apartment,False,13180,Doors,Entrance,Not Applicable,High: > 9745
AluDoor,Aluminum Balcony Door,Balcony,Aluminum,Sliding,Balcony,180x220 cm,Medium,7.4,Piece,Per_Balcony,1,Balcony,False,6055,Doors,Balcony,Not Applicable,Medium: 5307 - 9745
AluDoor,Interior MDF Door,Interior,MDF,Solid,Bedroom,90x210 cm,Low,7.2,Piece,Per_Room,1,Bedroom,False,4168,Doors,Interior,Not Applicable,Low: <= 5307
DoorTech,Aluminum Balcony Door,Balcony,Aluminum,Sliding,Balcony,180x220 cm,Medium,7.4,Piece,Per_Balcony,1,Balcony,False,6204,Doors,Balcony,Not Applicable,Medium: 5307 - 9745
DoorTech,Aluminum Balcony Door,Balcony,Aluminum,Sliding,Balcony,180x220 cm,Medium,7.4,Piece,Per_Balcony,1,Balcony,False,6533,Doors,Balcony,Not Applicable,Medium: 5307 - 9745
WPC Brand,Armored Security Door,Entrance,Steel,Armored,Main Entrance,100x220 cm,High,8.9,Piece,Fixed,1,Apartment,False,12493,Doors,Entrance,Not Applicable,High: > 9745
DoorTech,Interior MDF Door,Interior,MDF,Solid,Bedroom,90x210 cm,Low,7.2,Piece,Per_Room,1,Bedroom,False,3570,Doors,Interior,Not Applicable,Low: <= 5307
DoorTech,Interior MDF Door,Interior,MDF,Solid,Bedroom,90x210 cm,Low,7.2,Piece,Per_Room,1,Bedroom,False,3391,Doors,Interior,Not Applicable,Low: <= 5307
WoodCraft,Interior MDF Door,Interior,MDF,Solid,Bedroom,90x210 cm,Low,7.2,Piece,Per_Room,1,Bedroom,False,3824,Doors,Interior,Not Applicable,Low: <= 5307
Security Doors,Interior MDF Door,Interior,MDF,Solid,Bedroom,90x210 cm,Low,7.2,Piece,Per_Room,1,Bedroom,False,3630,Doors,Interior,Not Applicable,Low: <= 5307
AluDoor,Armored Security Door,Entrance,Steel,Armored,Main Entrance,100x220 cm,High,8.9,Piece,Fixed,1,Apartment,False,10364,Doors,Entrance,Not Applicable,High: > 9745
WoodCraft,Interior MDF Door,Interior,MDF,Solid,Bedroom,90x210 cm,Low,7.2,Piece,Per_Room,1,Bedroom,False,3487,Doors,Interior,Not Applicable,Low: <= 5307
WPC Brand,Interior MDF Door,Interior,MDF,Solid,Bedroom,90x210 cm,Low,7.2,Piece,Per_Room,1,Bedroom,False,3556,Doors,Interior,Not Applicable,Low: <= 5307
Security Doors,Armored Security Door,Entrance,Steel,Armored,Main Entrance,100x220 cm,High,8.9,Piece,Fixed,1,Apartment,False,14471,Doors,Entrance,Not Applicable,High: > 9745
DoorTech,Armored Security Door,Entrance,Steel,Armored,Main Entrance,100x220 cm,High,8.9,Piece,Fixed,1,Apartment,False,12089,Doors,Entrance,Not Applicable,High: > 9745
WPC Brand,Interior MDF Door,Interior,MDF,Solid,Bedroom,90x210 cm,Low,7.2,Piece,Per_Room,1,Bedroom,False,3918,Doors,Interior,Not Applicable,Low: <= 5307
WPC Brand,Aluminum Balcony Door,Balcony,Aluminum,Sliding,Balcony,180x220 cm,Low,7.4,Piece,Per_Balcony,1,Balcony,False,4506,Doors,Balcony,Not Applicable,Low: <= 5307
Security Doors,Armored Security Door,Entrance,Steel,Armored,Main Entrance,100x220 cm,High,8.9,Piece,Fixed,1,Apartment,False,14066,Doors,Entrance,Not Applicable,High: > 9745
DoorTech,Aluminum Balcony Door,Balcony,Aluminum,Sliding,Balcony,180x220 cm,Low,7.4,Piece,Per_Balcony,1,Balcony,False,5188,Doors,Balcony,Not Applicable,Low: <= 5307
DoorTech,Interior MDF Door,Interior,MDF,Solid,Bedroom,90x210 cm,Low,7.2,Piece,Per_Room,1,Bedroom,False,3593,Doors,Interior,Not Applicable,Low: <= 5307
AluDoor,Armored Security Door,Entrance,Steel,Armored,Main Entrance,100x220 cm,High,8.9,Piece,Fixed,1,Apartment,False,11863,Doors,Entrance,Not Applicable,High: > 9745
DoorTech,Aluminum Balcony Door,Balcony,Aluminum,Sliding,Balcony,180x220 cm,Medium,7.4,Piece,Per_Balcony,1,Balcony,False,6923,Doors,Balcony,Not Applicable,Medium: 5307 - 9745
WoodCraft,Interior MDF Door,Interior,MDF,Solid,Bedroom,90x210 cm,Medium,7.2,Piece,Per_Room,1,Bedroom,False,5350,Doors,Interior,Not Applicable,Medium: 5307 - 9745
Security Doors,Interior MDF Door,Interior,MDF,Solid,Bedroom,90x210 cm,Low,7.2,Piece,Per_Room,1,Bedroom,False,4041,Doors,Interior,Not Applicable,Low: <= 5307
Security Doors,Aluminum Balcony Door,Balcony,Aluminum,Sliding,Balcony,180x220 cm,Medium,7.4,Piece,Per_Balcony,1,Balcony,False,6937,Doors,Balcony,Not Applicable,Medium: 5307 - 9745
WoodCraft,Armored Security Door,Entrance,Steel,Armored,Main Entrance,100x220 cm,High,8.9,Piece,Fixed,1,Apartment,False,13799,Doors,Entrance,Not Applicable,High: > 9745
DoorTech,Armored Security Door,Entrance,Steel,Armored,Main Entrance,100x220 cm,High,8.9,Piece,Fixed,1,Apartment,False,11314,Doors,Entrance,Not Applicable,High: > 9745
WPC Brand,Aluminum Balcony Door,Balcony,Aluminum,Sliding,Balcony,180x220 cm,Medium,7.4,Piece,Per_Balcony,1,Balcony,False,6039,Doors,Balcony,Not Applicable,Medium: 5307 - 9745
AluDoor,Armored Security Door,Entrance,Steel,Armored,Main Entrance,100x220 cm,High,8.9,Piece,Fixed,1,Apartment,False,14445,Doors,Entrance,Not Applicable,High: > 9745
WPC Brand,Armored Security Door,Entrance,Steel,Armored,Main Entrance,100x220 cm,High,8.9,Piece,Fixed,1,Apartment,False,11921,Doors,Entrance,Not Applicable,High: > 9745
AluDoor,Interior MDF Door,Interior,MDF,Solid,Bedroom,90x210 cm,Low,7.2,Piece,Per_Room,1,Bedroom,False,4293,Doors,Interior,Not Applicable,Low: <= 5307
WPC Brand,Armored Security Door,Entrance,Steel,Armored,Main Entrance,100x220 cm,High,8.9,Piece,Fixed,1,Apartment,False,12870,Doors,Entrance,Not Applicable,High: > 9745
DoorTech,Interior MDF Door,Interior,MDF,Solid,Bedroom,90x210 cm,Medium,7.2,Piece,Per_Room,1,Bedroom,False,5664,Doors,Interior,Not Applicable,Medium: 5307 - 9745
Security Doors,Armored Security Door,Entrance,Steel,Armored,Main Entrance,100x220 cm,High,8.9,Piece,Fixed,1,Apartment,False,13673,Doors,Entrance,Not Applicable,High: > 9745
WPC Brand,Aluminum Balcony Door,Balcony,Aluminum,Sliding,Balcony,180x220 cm,Low,7.4,Piece,Per_Balcony,1,Balcony,False,4584,Doors,Balcony,Not Applicable,Low: <= 5307
AluDoor,Armored Security Door,Entrance,Steel,Armored,Main Entrance,100x220 cm,High,8.9,Piece,Fixed,1,Apartment,False,10206,Doors,Entrance,Not Applicable,High: > 9745
DoorTech,Interior MDF Door,Interior,MDF,Solid,Bedroom,90x210 cm,Low,7.2,Piece,Per_Room,1,Bedroom,False,4173,Doors,Interior,Not Applicable,Low: <= 5307
DoorTech,Armored Security Door,Entrance,Steel,Armored,Main Entrance,100x220 cm,High,8.9,Piece,Fixed,1,Apartment,False,14384,Doors,Entrance,Not Applicable,High: > 9745
WPC Brand,Interior MDF Door,Interior,MDF,Solid,Bedroom,90x210 cm,Low,7.2,Piece,Per_Room,1,Bedroom,False,3708,Doors,Interior,Not Applicable,Low: <= 5307
AluDoor,Armored Security Door,Entrance,Steel,Armored,Main Entrance,100x220 cm,High,8.9,Piece,Fixed,1,Apartment,False,12579,Doors,Entrance,Not Applicable,High: > 9745
Security Doors,Armored Security Door,Entrance,Steel,Armored,Main Entrance,100x220 cm,High,8.9,Piece,Fixed,1,Apartment,False,10103,Doors,Entrance,Not Applicable,High: > 9745
WPC Brand,Armored Security Door,Entrance,Steel,Armored,Main Entrance,100x220 cm,High,8.9,Piece,Fixed,1,Apartment,False,13177,Doors,Entrance,Not Applicable,High: > 9745
AluDoor,Armored Security Door,Entrance,Steel,Armored,Main Entrance,100x220 cm,High,8.9,Piece,Fixed,1,Apartment,False,11492,Doors,Entrance,Not Applicable,High: > 9745
AluDoor,Interior MDF Door,Interior,MDF,Solid,Bedroom,90x210 cm,Low,7.2,Piece,Per_Room,1,Bedroom,False,3276,Doors,Interior,Not Applicable,Low: <= 5307
WPC Brand,Armored Security Door,Entrance,Steel,Armored,Main Entrance,100x220 cm,High,8.9,Piece,Fixed,1,Apartment,False,9794,Doors,Entrance,Not Applicable,High: > 9745
WPC Brand,Aluminum Balcony Door,Balcony,Aluminum,Sliding,Balcony,180x220 cm,Medium,7.4,Piece,Per_Balcony,1,Balcony,False,7311,Doors,Balcony,Not Applicable,Medium: 5307 - 9745
WoodCraft,Interior MDF Door,Interior,MDF,Solid,Bedroom,90x210 cm,Medium,7.2,Piece,Per_Room,1,Bedroom,False,5778,Doors,Interior,Not Applicable,Medium: 5307 - 9745
AluDoor,Aluminum Balcony Door,Balcony,Aluminum,Sliding,Balcony,180x220 cm,Medium,7.4,Piece,Per_Balcony,1,Balcony,False,5890,Doors,Balcony,Not Applicable,Medium: 5307 - 9745
AluDoor,Aluminum Balcony Door,Balcony,Aluminum,Sliding,Balcony,180x220 cm,Low,7.4,Piece,Per_Balcony,1,Balcony,False,5250,Doors,Balcony,Not Applicable,Low: <= 5307
DoorTech,Interior MDF Door,Interior,MDF,Solid,Bedroom,90x210 cm,Low,7.2,Piece,Per_Room,1,Bedroom,False,3346,Doors,Interior,Not Applicable,Low: <= 5307
Security Doors,Armored Security Door,Entrance,Steel,Armored,Main Entrance,100x220 cm,High,8.9,Piece,Fixed,1,Apartment,False,14197,Doors,Entrance,Not Applicable,High: > 9745
WoodCraft,Interior MDF Door,Interior,MDF,Solid,Bedroom,90x210 cm,Low,7.2,Piece,Per_Room,1,Bedroom,False,3760,Doors,Interior,Not Applicable,Low: <= 5307
WoodCraft,Aluminum Balcony Door,Balcony,Aluminum,Sliding,Balcony,180x220 cm,Medium,7.4,Piece,Per_Balcony,1,Balcony,False,6880,Doors,Balcony,Not Applicable,Medium: 5307 - 9745
AluDoor,Armored Security Door,Entrance,Steel,Armored,Main Entrance,100x220 cm,High,8.9,Piece,Fixed,1,Apartment,False,10898,Doors,Entrance,Not Applicable,High: > 9745
WPC Brand,Armored Security Door,Entrance,Steel,Armored,Main Entrance,100x220 cm,High,8.9,Piece,Fixed,1,Apartment,False,10470,Doors,Entrance,Not Applicable,High: > 9745
WoodCraft,Armored Security Door,Entrance,Steel,Armored,Main Entrance,100x220 cm,High,8.9,Piece,Fixed,1,Apartment,False,10346,Doors,Entrance,Not Applicable,High: > 9745
WoodCraft,Interior MDF Door,Interior,MDF,Solid,Bedroom,90x210 cm,Low,7.2,Piece,Per_Room,1,Bedroom,False,4512,Doors,Interior,Not Applicable,Low: <= 5307
