Brand,Product_Name,Category,Product_Type,Application,Specification,Quality_Level,Quality_Score,Unit,Quantity_Rule,Rule_Value,Required_For,Optional,Price_EGP,Subcategory,Grade,Quality_Price_Band
Lecico,Rain Shower,Sanitary,Rain Shower,Master Bathroom,Chrome,Medium,9.0,Set,Per_Master_Bathroom,1,Master Bathroom,True,6507,Rain Shower,Not Applicable,Medium: 5006 - 7542
GROHE,Wash Basin,Sanitary,Pedestal,Bathroom,60 cm,Low,7.4,Piece,Per_Bathroom,1,Bathroom,False,3979,Pedestal,Not Applicable,Low: <= 5006
Roca,Shower Cabin,Sanitary,Sliding Cabin,Master Bathroom,90x90 cm,High,8.4,Piece,Per_Master_Bathroom,1,Master Bathroom,True,10610,Sliding Cabin,Not Applicable,High: > 7542
GROHE,Close Coupled Toilet,Sanitary,Floor Mounted,Bathroom,Ceramic,Medium,7.6,Piece,Per_Bathroom,1,Bathroom,False,6322,Floor Mounted,Not Applicable,Medium: 5006 - 7542
Ideal Standard,Shower Cabin,Sanitary,Sliding Cabin,Master Bathroom,90x90 cm,High,8.4,Piece,Per_Master_Bathroom,1,Master Bathroom,True,10845,Sliding Cabin,Not Applicable,High: > 7542
Roca,Close Coupled Toilet,Sanitary,Floor Mounted,Bathroom,Ceramic,High,7.6,Piece,Per_Bathroom,1,Bathroom,False,8034,Floor Mounted,Not Applicable,High: > 7542
Ceramica Cleopatra,Shower Cabin,Sanitary,Sliding Cabin,Master Bathroom,90x90 cm,High,8.4,Piece,Per_Master_Bathroom,1,Master Bathroom,True,8513,Sliding Cabin,Not Applicable,High: > 7542
Lecico,Wash Basin,Sanitary,Pedestal,Bathroom,60 cm,Low,7.4,Piece,Per_Bathroom,1,Bathroom,False,1812,Pedestal,Not Applicable,Low: <= 5006
Lecico,Shower Cabin,Sanitary,Sliding Cabin,Master Bathroom,90x90 cm,Medium,8.4,Piece,Per_Master_Bathroom,1,Master Bathroom,True,7316,Sliding Cabin,Not Applicable,Medium: 5006 - 7542
Ideal Standard,Shower Cabin,Sanitary,Sliding Cabin,Master Bathroom,90x90 cm,Medium,8.4,Piece,Per_Master_Bathroom,1,Master Bathroom,True,7541,Sliding Cabin,Not Applicable,Medium: 5006 - 7542
GROHE,Rain Shower,Sanitary,Rain Shower,Master Bathroom,Chrome,High,9.0,Set,Per_Master_Bathroom,1,Master Bathroom,True,10602,Rain Shower,Not Applicable,High: > 7542
Ceramica Cleopatra,Close Coupled Toilet,Sanitary,Floor Mounted,Bathroom,Ceramic,Low,7.6,Piece,Per_Bathroom,1,Bathroom,False,4917,Floor Mounted,Not Applicable,Low: <= 5006
Lecico,Rain Shower,Sanitary,Rain Shower,Master Bathroom,Chrome,High,9.0,Set,Per_Master_Bathroom,1,Master Bathroom,True,10877,Rain Shower,Not Applicable,High: > 7542
Roca,Wash Basin,Sanitary,Pedestal,Bathroom,60 cm,Low,7.4,Piece,Per_Bathroom,1,Bathroom,False,3572,Pedestal,Not Applicable,Low: <= 5006
Ceramica Cleopatra,Rain Shower,Sanitary,Rain Shower,Master Bathroom,Chrome,High,9.0,Set,Per_Master_Bathroom,1,Master Bathroom,True,10910,Rain Shower,Not Applicable,High: > 7542
Roca,Shower Cabin,Sanitary,Sliding Cabin,Master Bathroom,90x90 cm,Medium,8.4,Piece,Per_Master_Bathroom,1,Master Bathroom,True,7038,Sliding Cabin,Not Applicable,Medium: 5006 - 7542
Lecico,Close Coupled Toilet,Sanitary,Floor Mounted,Bathroom,Ceramic,High,7.6,Piece,Per_Bathroom,1,Bathroom,False,7876,Floor Mounted,Not Applicable,High: > 7542
Ceramica Cleopatra,Close Coupled Toilet,Sanitary,Floor Mounted,Bathroom,Ceramic,High,7.6,Piece,Per_Bathroom,1,Bathroom,False,8229,Floor Mounted,Not Applicable,High: > 7542
GROHE,Close Coupled Toilet,Sanitary,Floor Mounted,Bathroom,Ceramic,Medium,7.6,Piece,Per_Bathroom,1,Bathroom,False,6781,Floor Mounted,Not Applicable,Medium: 5006 - 7542
Roca,Rain Shower,Sanitary,Rain Shower,Master Bathroom,Chrome,High,9.0,Set,Per_Master_Bathroom,1,Master Bathroom,True,9800,Rain Shower,Not Applicable,High: > 7542
GROHE,Close Coupled Toilet,Sanitary,Floor Mounted,Bathroom,Ceramic,Medium,7.6,Piece,Per_Bathroom,1,Bathroom,False,6215,Floor Mounted,Not Applicable,Medium: 5006 - 7542
GROHE,Shower Cabin,Sanitary,Sliding Cabin,Master Bathroom,90x90 cm,High,8.4,Piece,Per_Master_Bathroom,1,Master Bathroom,True,9572,Sliding Cabin,Not Applicable,High: > 7542
Ceramica Cleopatra,Close Coupled Toilet,Sanitary,Floor Mounted,Bathroom,Ceramic,Low,7.6,Piece,Per_Bathroom,1,Bathroom,False,4080,Floor Mounted,Not Applicable,Low: <= 5006
Roca,Rain Shower,Sanitary,Rain Shower,Master Bathroom,Chrome,High,9.0,Set,Per_Master_Bathroom,1,Master Bathroom,True,8705,Rain Shower,Not Applicable,High: > 7542
Roca,Shower Cabin,Sanitary,Sliding Cabin,Master Bathroom,90x90 cm,High,8.4,Piece,Per_Master_Bathroom,1,Master Bathroom,True,7740,Sliding Cabin,Not Applicable,High: > 7542
Ceramica Cleopatra,Rain Shower,Sanitary,Rain Shower,Master Bathroom,Chrome,Low,9.0,Set,Per_Master_Bathroom,1,Master Bathroom,True,4557,Rain Shower,Not Applicable,Low: <= 5006
GROHE,Rain Shower,Sanitary,Rain Shower,Master Bathroom,Chrome,Low,9.0,Set,Per_Master_Bathroom,1,Master Bathroom,True,4600,Rain Shower,Not Applicable,Low: <= 5006
GROHE,Shower Cabin,Sanitary,Sliding Cabin,Master Bathroom,90x90 cm,High,8.4,Piece,Per_Master_Bathroom,1,Master Bathroom,True,9126,Sliding Cabin,Not Applicable,High: > 7542
Ceramica Cleopatra,Shower Cabin,Sanitary,Sliding Cabin,Master Bathroom,90x90 cm,Medium,8.4,Piece,Per_Master_Bathroom,1,Master Bathroom,True,7371,Sliding Cabin,Not Applicable,Medium: 5006 - 7542
Ideal Standard,Close Coupled Toilet,Sanitary,Floor Mounted,Bathroom,Ceramic,Low,7.6,Piece,Per_Bathroom,1,Bathroom,False,3885,Floor Mounted,Not Applicable,Low: <= 5006
Ideal Standard,Rain Shower,Sanitary,Rain Shower,Master Bathroom,Chrome,Medium,9.0,Set,Per_Master_Bathroom,1,Master Bathroom,True,6275,Rain Shower,Not Applicable,Medium: 5006 - 7542
Ideal Standard,Rain Shower,Sanitary,Rain Shower,Master Bathroom,Chrome,Medium,9.0,Set,Per_Master_Bathroom,1,Master Bathroom,True,6442,Rain Shower,Not Applicable,Medium: 5006 - 7542
GROHE,Rain Shower,Sanitary,Rain Shower,Master Bathroom,Chrome,High,9.0,Set,Per_Master_Bathroom,1,Master Bathroom,True,9641,Rain Shower,Not Applicable,High: > 7542
Ceramica Cleopatra,Rain Shower,Sanitary,Rain Shower,Master Bathroom,Chrome,High,9.0,Set,Per_Master_Bathroom,1,Master Bathroom,True,10640,Rain Shower,Not Applicable,High: > 7542
Ceramica Cleopatra,Rain Shower,Sanitary,Rain Shower,Master Bathroom,Chrome,High,9.0,Set,Per_Master_Bathroom,1,Master Bathroom,True,8600,Rain Shower,Not Applicable,High: > 7542
Ideal Standard,Wash Basin,Sanitary,Pedestal,Bathroom,60 cm,Low,7.4,Piece,Per_Bathroom,1,Bathroom,False,3389,Pedestal,Not Applicable,Low: <= 5006
Roca,Rain Shower,Sanitary,Rain Shower,Master Bathroom,Chrome,High,9.0,Set,Per_Master_Bathroom,1,Master Bathroom,True,8385,Rain Shower,Not Applicable,High: > 7542
GROHE,Close Coupled Toilet,Sanitary,Floor Mounted,Bathroom,Ceramic,Medium,7.6,Piece,Per_Bathroom,1,Bathroom,False,6744,Floor Mounted,Not Applicable,Medium: 5006 - 7542
Lecico,Shower Cabin,Sanitary,Sliding Cabin,Master Bathroom,90x90 cm,Medium,8.4,Piece,Per_Master_Bathroom,1,Master Bathroom,True,5050,Sliding Cabin,Not Applicable,Medium: 5006 - 7542
Ceramica Cleopatra,Shower Cabin,Sanitary,Sliding Cabin,Master Bathroom,90x90 cm,Medium,8.4,Piece,Per_Master_Bathroom,1,Master Bathroom,True,6352,Sliding Cabin,Not Applicable,Medium: 5006 - 7542
Ideal Standard,Shower Cabin,Sanitary,Sliding Cabin,Master Bathroom,90x90 cm,High,8.4,Piece,Per_Master_Bathroom,1,Master Bathroom,True,10738,Sliding Cabin,Not Applicable,High: > 7542
Roca,Rain Shower,Sanitary,Rain Shower,Master Bathroom,Chrome,High,9.0,Set,Per_Master_Bathroom,1,Master Bathroom,True,7572,Rain Shower,Not Applicable,High: > 7542
Roca,Close Coupled Toilet,Sanitary,Floor Mounted,Bathroom,Ceramic,High,7.6,Piece,Per_Bathroom,1,Bathroom,False,7693,Floor Mounted,Not Applicable,High: > 7542
Roca,Rain Shower,Sanitary,Rain Shower,Master Bathroom,Chrome,High,9.0,Set,Per_Master_Bathroom,1,Master Bathroom,True,9217,Rain Shower,Not Applicable,High: > 7542
GROHE,Shower Cabin,Sanitary,Sliding Cabin,Master Bathroom,90x90 cm,Medium,8.4,Piece,Per_Master_Bathroom,1,Master Bathroom,True,6296,Sliding Cabin,Not Applicable,Medium: 5006 - 7542
Lecico,Close Coupled Toilet,Sanitary,Floor Mounted,Bathroom,Ceramic,Medium,7.6,Piece,Per_Bathroom,1,Bathroom,False,7198,Floor Mounted,Not Applicable,Medium: 5006 - 7542
GROHE,Wash Basin,Sanitary,Pedestal,Bathroom,60 cm,Low,7.4,Piece,Per_Bathroom,1,Bathroom,False,4029,Pedestal,Not Applicable,Low: <= 5006
GROHE,Shower Cabin,Sanitary,Sliding Cabin,Master Bathroom,90x90 cm,Medium,8.4,Piece,Per_Master_Bathroom,1,Master Bathroom,True,5286,Sliding Cabin,Not Applicable,Medium: 5006 - 7542
Roca,Shower Cabin,Sanitary,Sliding Cabin,Master Bathroom,90x90 cm,High,8.4,Piece,Per_Master_Bathroom,1,Master Bathroom,True,7698,Sliding Cabin,Not Applicable,High: > 7542
Ceramica Cleopatra,Rain Shower,Sanitary,Rain Shower,Master Bathroom,Chrome,High,9.0,Set,Per_Master_Bathroom,1,Master Bathroom,True,10498,Rain Shower,Not Applicable,High: > 7542
Roca,Shower Cabin,Sanitary,Sliding Cabin,Master Bathroom,90x90 cm,High,8.4,Piece,Per_Master_Bathroom,1,Master Bathroom,True,8450,Sliding Cabin,Not Applicable,High: > 7542
Roca,Close Coupled Toilet,Sanitary,Floor Mounted,Bathroom,Ceramic,High,7.6,Piece,Per_Bathroom,1,Bathroom,False,7968,Floor Mounted,Not Applicable,High: > 7542
GROHE,Rain Shower,Sanitary,Rain Shower,Master Bathroom,Chrome,Medium,9.0,Set,Per_Master_Bathroom,1,Master Bathroom,True,6115,Rain Shower,Not Applicable,Medium: 5006 - 7542
Lecico,Shower Cabin,Sanitary,Sliding Cabin,Master Bathroom,90x90 cm,High,8.4,Piece,Per_Master_Bathroom,1,Master Bathroom,True,8034,Sliding Cabin,Not Applicable,High: > 7542
Ceramica Cleopatra,Rain Shower,Sanitary,Rain Shower,Master Bathroom,Chrome,High,9.0,Set,Per_Master_Bathroom,1,Master Bathroom,True,9399,Rain Shower,Not Applicable,High: > 7542
Lecico,Wash Basin,Sanitary,Pedestal,Bathroom,60 cm,Low,7.4,Piece,Per_Bathroom,1,Bathroom,False,2422,Pedestal,Not Applicable,Low: <= 5006
Lecico,Close Coupled Toilet,Sanitary,Floor Mounted,Bathroom,Ceramic,Medium,7.6,Piece,Per_Bathroom,1,Bathroom,False,6818,Floor Mounted,Not Applicable,Medium: 5006 - 7542
Roca,Rain Shower,Sanitary,Rain Shower,Master Bathroom,Chrome,High,9.0,Set,Per_Master_Bathroom,1,Master Bathroom,True,8639,Rain Shower,Not Applicable,High: > 7542
Ceramica Cleopatra,Close Coupled Toilet,Sanitary,Floor Mounted,Bathroom,Ceramic,Low,7.6,Piece,Per_Bathroom,1,Bathroom,False,3866,Floor Mounted,Not Applicable,Low: <= 5006
Ceramica Cleopatra,Rain Shower,Sanitary,Rain Shower,Master Bathroom,Chrome,High,9.0,Set,Per_Master_Bathroom,1,Master Bathroom,True,10060,Rain Shower,Not Applicable,High: > 7542
Lecico,Wash Basin,Sanitary,Pedestal,Bathroom,60 cm,Low,7.4,Piece,Per_Bathroom,1,Bathroom,False,1997,Pedestal,Not Applicable,Low: <= 5006
Roca,Wash Basin,Sanitary,Pedestal,Bathroom,60 cm,Low,7.4,Piece,Per_Bathroom,1,Bathroom,False,2927,Pedestal,Not Applicable,Low: <= 5006
GROHE,Close Coupled Toilet,Sanitary,Floor Mounted,Bathroom,Ceramic,Medium,7.6,Piece,Per_Bathroom,1,Bathroom,False,5556,Floor Mounted,Not Applicable,Medium: 5006 - 7542
Roca,Shower Cabin,Sanitary,Sliding Cabin,Master Bathroom,90x90 cm,High,8.4,Piece,Per_Master_Bathroom,1,Master Bathroom,True,9702,Sliding Cabin,Not Applicable,High: > 7542
Roca,Close Coupled Toilet,Sanitary,Floor Mounted,Bathroom,Ceramic,Medium,7.6,Piece,Per_Bathroom,1,Bathroom,False,5955,Floor Mounted,Not Applicable,Medium: 5006 - 7542
GROHE,Close Coupled Toilet,Sanitary,Floor Mounted,Bathroom,Ceramic,Medium,7.6,Piece,Per_Bathroom,1,Bathroom,False,6442,Floor Mounted,Not Applicable,Medium: 5006 - 7542
GROHE,Rain Shower,Sanitary,Rain Shower,Master Bathroom,Chrome,High,9.0,Set,Per_Master_Bathroom,1,Master Bathroom,True,9952,Rain Shower,Not Applicable,High: > 7542
Roca,Shower Cabin,Sanitary,Sliding Cabin,Master Bathroom,90x90 cm,Medium,8.4,Piece,Per_Master_Bathroom,1,Master Bathroom,True,6822,Sliding Cabin,Not Applicable,Medium: 5006 - 7542
Lecico,Wash Basin,Sanitary,Pedestal,Bathroom,60 cm,Low,7.4,Piece,Per_Bathroom,1,Bathroom,False,4060,Pedestal,Not Applicable,Low: <= 5006
GROHE,Wash Basin,Sanitary,Pedestal,Bathroom,60 cm,Low,7.4,Piece,Per_Bathroom,1,Bathroom,False,2816,Pedestal,Not Applicable,Low: <= 5006
GROHE,Close Coupled Toilet,Sanitary,Floor Mounted,Bathroom,Ceramic,Medium,7.6,Piece,Per_Bathroom,1,Bathroom,False,5703,Floor Mounted,Not Applicable,Medium: 5006 - 7542
Ceramica Cleopatra,Close Coupled Toilet,Sanitary,Floor Mounted,Bathroom,Ceramic,Medium,7.6,Piece,Per_Bathroom,1,Bathroom,False,5827,Floor Mounted,Not Applicable,Medium: 5006 - 7542
Lecico,Wash Basin,Sanitary,Pedestal,Bathroom,60 cm,Low,7.4,Piece,Per_Bathroom,1,Bathroom,False,2176,Pedestal,Not Applicable,Low: <= 5006
GROHE,Shower Cabin,Sanitary,Sliding Cabin,Master Bathroom,90x90 cm,Medium,8.4,Piece,Per_Master_Bathroom,1,Master Bathroom,True,5972,Sliding Cabin,Not Applicable,Medium: 5006 - 7542
Ceramica Cleopatra,Shower Cabin,Sanitary,Sliding Cabin,Master Bathroom,90x90 cm,Medium,8.4,Piece,Per_Master_Bathroom,1,Master Bathroom,True,6246,Sliding Cabin,Not Applicable,Medium: 5006 - 7542
GROHE,Close Coupled Toilet,Sanitary,Floor Mounted,Bathroom,Ceramic,Medium,7.6,Piece,Per_Bathroom,1,Bathroom,False,7466,Floor Mounted,Not Applicable,Medium: 5006 - 7542
Roca,Shower Cabin,Sanitary,Sliding Cabin,Master Bathroom,90x90 cm,High,8.4,Piece,Per_Master_Bathroom,1,Master Bathroom,True,8612,Sliding Cabin,Not Applicable,High: > 7542
Roca,Shower Cabin,Sanitary,Sliding Cabin,Master Bathroom,90x90 cm,Low,8.4,Piece,Per_Master_Bathroom,1,Master Bathroom,True,4695,Sliding Cabin,Not Applicable,Low: <= 5006
Lecico,Rain Shower,Sanitary,Rain Shower,Master Bathroom,Chrome,High,9.0,Set,Per_Master_Bathroom,1,Master Bathroom,True,7662,Rain Shower,Not Applicable,High: > 7542
Ideal Standard,Shower Cabin,Sanitary,Sliding Cabin,Master Bathroom,90x90 cm,Medium,8.4,Piece,Per_Master_Bathroom,1,Master Bathroom,True,7240,Sliding Cabin,Not Applicable,Medium: 5006 - 7542
Roca,Rain Shower,Sanitary,Rain Shower,Master Bathroom,Chrome,High,9.0,Set,Per_Master_Bathroom,1,Master Bathroom,True,9980,Rain Shower,Not Applicable,High: > 7542
Ideal Standard,Close Coupled Toilet,Sanitary,Floor Mounted,Bathroom,Ceramic,Medium,7.6,Piece,Per_Bathroom,1,Bathroom,False,7299,Floor Mounted,Not Applicable,Medium: 5006 - 7542
Ceramica Cleopatra,Close Coupled Toilet,Sanitary,Floor Mounted,Bathroom,Ceramic,High,7.6,Piece,Per_Bathroom,1,Bathroom,False,7742,Floor Mounted,Not Applicable,High: > 7542
Ideal Standard,Wash Basin,Sanitary,Pedestal,Bathroom,60 cm,Low,7.4,Piece,Per_Bathroom,1,Bathroom,False,3245,Pedestal,Not Applicable,Low: <= 5006
Ceramica Cleopatra,Shower Cabin,Sanitary,Sliding Cabin,Master Bathroom,90x90 cm,High,8.4,Piece,Per_Master_Bathroom,1,Master Bathroom,True,7886,Sliding Cabin,Not Applicable,High: > 7542
Ideal Standard,Rain Shower,Sanitary,Rain Shower,Master Bathroom,Chrome,Medium,9.0,Set,Per_Master_Bathroom,1,Master Bathroom,True,6764,Rain Shower,Not Applicable,Medium: 5006 - 7542
Ceramica Cleopatra,Close Coupled Toilet,Sanitary,Floor Mounted,Bathroom,Ceramic,High,7.6,Piece,Per_Bathroom,1,Bathroom,False,7994,Floor Mounted,Not Applicable,High: > 7542
Lecico,Wash Basin,Sanitary,Pedestal,Bathroom,60 cm,Low,7.4,Piece,Per_Bathroom,1,Bathroom,False,2440,Pedestal,Not Applicable,Low: <= 5006
Ideal Standard,Rain Shower,Sanitary,Rain Shower,Master Bathroom,Chrome,High,9.0,Set,Per_Master_Bathroom,1,Master Bathroom,True,8498,Rain Shower,Not Applicable,High: > 7542
Ceramica Cleopatra,Wash Basin,Sanitary,Pedestal,Bathroom,60 cm,Low,7.4,Piece,Per_Bathroom,1,Bathroom,False,2873,Pedestal,Not Applicable,Low: <= 5006
Roca,Shower Cabin,Sanitary,Sliding Cabin,Master Bathroom,90x90 cm,Medium,8.4,Piece,Per_Master_Bathroom,1,Master Bathroom,True,6119,Sliding Cabin,Not Applicable,Medium: 5006 - 7542
Ceramica Cleopatra,Shower Cabin,Sanitary,Sliding Cabin,Master Bathroom,90x90 cm,High,8.4,Piece,Per_Master_Bathroom,1,Master Bathroom,True,9009,Sliding Cabin,Not Applicable,High: > 7542
Lecico,Shower Cabin,Sanitary,Sliding Cabin,Master Bathroom,90x90 cm,High,8.4,Piece,Per_Master_Bathroom,1,Master Bathroom,True,9028,Sliding Cabin,Not Applicable,High: > 7542
Lecico,Shower Cabin,Sanitary,Sliding Cabin,Master Bathroom,90x90 cm,Low,8.4,Piece,Per_Master_Bathroom,1,Master Bathroom,True,4719,Sliding Cabin,Not Applicable,Low: <= 5006
Ceramica Cleopatra,Close Coupled Toilet,Sanitary,Floor Mounted,Bathroom,Ceramic,High,7.6,Piece,Per_Bathroom,1,Bathroom,False,7761,Floor Mounted,Not Applicable,High: > 7542
Roca,Shower Cabin,Sanitary,Sliding Cabin,Master Bathroom,90x90 cm,Medium,8.4,Piece,Per_Master_Bathroom,1,Master Bathroom,True,7180,Sliding Cabin,Not Applicable,Medium: 5006 - 7542
GROHE,Rain Shower,Sanitary,Rain Shower,Master Bathroom,Chrome,High,9.0,Set,Per_Master_Bathroom,1,Master Bathroom,True,7823,Rain Shower,Not Applicable,High: > 7542
Roca,Wash Basin,Sanitary,Pedestal,Bathroom,60 cm,Low,7.4,Piece,Per_Bathroom,1,Bathroom,False,2756,Pedestal,Not Applicable,Low: <= 5006
Roca,Wash Basin,Sanitary,Pedestal,Bathroom,60 cm,Low,7.4,Piece,Per_Bathroom,1,Bathroom,False,2160,Pedestal,Not Applicable,Low: <= 5006
Ceramica Cleopatra,Close Coupled Toilet,Sanitary,Floor Mounted,Bathroom,Ceramic,Low,7.6,Piece,Per_Bathroom,1,Bathroom,False,4343,Floor Mounted,Not Applicable,Low: <= 5006
GROHE,Close Coupled Toilet,Sanitary,Floor Mounted,Bathroom,Ceramic,Low,7.6,Piece,Per_Bathroom,1,Bathroom,False,4258,Floor Mounted,Not Applicable,Low: <= 5006
Roca,Close Coupled Toilet,Sanitary,Floor Mounted,Bathroom,Ceramic,Medium,7.6,Piece,Per_Bathroom,1,Bathroom,False,7499,Floor Mounted,Not Applicable,Medium: 5006 - 7542
Ideal Standard,Wash Basin,Sanitary,Pedestal,Bathroom,60 cm,Low,7.4,Piece,Per_Bathroom,1,Bathroom,False,2056,Pedestal,Not Applicable,Low: <= 5006
Lecico,Rain Shower,Sanitary,Rain Shower,Master Bathroom,Chrome,High,9.0,Set,Per_Master_Bathroom,1,Master Bathroom,True,9734,Rain Shower,Not Applicable,High: > 7542
Roca,Shower Cabin,Sanitary,Sliding Cabin,Master Bathroom,90x90 cm,High,8.4,Piece,Per_Master_Bathroom,1,Master Bathroom,True,10171,Sliding Cabin,Not Applicable,High: > 7542
Lecico,Close Coupled Toilet,Sanitary,Floor Mounted,Bathroom,Ceramic,Low,7.6,Piece,Per_Bathroom,1,Bathroom,False,4604,Floor Mounted,Not Applicable,Low: <= 5006
Ideal Standard,Wash Basin,Sanitary,Pedestal,Bathroom,60 cm,Low,7.4,Piece,Per_Bathroom,1,Bathroom,False,2675,Pedestal,Not Applicable,Low: <= 5006
Ideal Standard,Rain Shower,Sanitary,Rain Shower,Master Bathroom,Chrome,Medium,9.0,Set,Per_Master_Bathroom,1,Master Bathroom,True,6410,Rain Shower,Not Applicable,Medium: 5006 - 7542
Ideal Standard,Wash Basin,Sanitary,Pedestal,Bathroom,60 cm,Low,7.4,Piece,Per_Bathroom,1,Bathroom,False,3671,Pedestal,Not Applicable,Low: <= 5006
Ideal Standard,Rain Shower,Sanitary,Rain Shower,Master Bathroom,Chrome,High,9.0,Set,Per_Master_Bathroom,1,Master Bathroom,True,10115,Rain Shower,Not Applicable,High: > 7542
Ceramica Cleopatra,Shower Cabin,Sanitary,Sliding Cabin,Master Bathroom,90x90 cm,High,8.4,Piece,Per_Master_Bathroom,1,Master Bathroom,True,8375,Sliding Cabin,Not Applicable,High: > 7542
Lecico,Rain Shower,Sanitary,Rain Shower,Master Bathroom,Chrome,Medium,9.0,Set,Per_Master_Bathroom,1,Master Bathroom,True,6414,Rain Shower,Not Applicable,Medium: 5006 - 7542
Ideal Standard,Wash Basin,Sanitary,Pedestal,Bathroom,60 cm,Low,7.4,Piece,Per_Bathroom,1,Bathroom,False,3946,Pedestal,Not Applicable,Low: <= 5006
Roca,Shower Cabin,Sanitary,Sliding Cabin,Master Bathroom,90x90 cm,High,8.4,Piece,Per_Master_Bathroom,1,Master Bathroom,True,8539,Sliding Cabin,Not Applicable,High: > 7542
Ideal Standard,Close Coupled Toilet,Sanitary,Floor Mounted,Bathroom,Ceramic,High,7.6,Piece,Per_Bathroom,1,Bathroom,False,7636,Floor Mounted,Not Applicable,High: > 7542
Ceramica Cleopatra,Wash Basin,Sanitary,Pedestal,Bathroom,60 cm,Low,7.4,Piece,Per_Bathroom,1,Bathroom,False,2814,Pedestal,Not Applicable,Low: <= 5006
Lecico,Rain Shower,Sanitary,Rain Shower,Master Bathroom,Chrome,High,9.0,Set,Per_Master_Bathroom,1,Master Bathroom,True,10284,Rain Shower,Not Applicable,High: > 7542
Ceramica Cleopatra,Close Coupled Toilet,Sanitary,Floor Mounted,Bathroom,Ceramic,Medium,7.6,Piece,Per_Bathroom,1,Bathroom,False,6107,Floor Mounted,Not Applicable,Medium: 5006 - 7542
Ceramica Cleopatra,Rain Shower,Sanitary,Rain Shower,Master Bathroom,Chrome,Medium,9.0,Set,Per_Master_Bathroom,1,Master Bathroom,True,6986,Rain Shower,Not Applicable,Medium: 5006 - 7542
Ideal Standard,Wash Basin,Sanitary,Pedestal,Bathroom,60 cm,Low,7.4,Piece,Per_Bathroom,1,Bathroom,False,2071,Pedestal,Not Applicable,Low: <= 5006
Roca,Rain Shower,Sanitary,Rain Shower,Master Bathroom,Chrome,Medium,9.0,Set,Per_Master_Bathroom,1,Master Bathroom,True,6588,Rain Shower,Not Applicable,Medium: 5006 - 7542
Ideal Standard,Close Coupled Toilet,Sanitary,Floor Mounted,Bathroom,Ceramic,High,7.6,Piece,Per_Bathroom,1,Bathroom,False,8345,Floor Mounted,Not Applicable,High: > 7542
Lecico,Close Coupled Toilet,Sanitary,Floor Mounted,Bathroom,Ceramic,Medium,7.6,Piece,Per_Bathroom,1,Bathroom,False,7354,Floor Mounted,Not Applicable,Medium: 5006 - 7542
Ceramica Cleopatra,Rain Shower,Sanitary,Rain Shower,Master Bathroom,Chrome,Medium,9.0,Set,Per_Master_Bathroom,1,Master Bathroom,True,6919,Rain Shower,Not Applicable,Medium: 5006 - 7542
Lecico,Wash Basin,Sanitary,Pedestal,Bathroom,60 cm,Low,7.4,Piece,Per_Bathroom,1,Bathroom,False,3242,Pedestal,Not Applicable,Low: <= 5006
Lecico,Close Coupled Toilet,Sanitary,Floor Mounted,Bathroom,Ceramic,High,7.6,Piece,Per_Bathroom,1,Bathroom,False,7828,Floor Mounted,Not Applicable,High: > 7542
Ideal Standard,Close Coupled Toilet,Sanitary,Floor Mounted,Bathroom,Ceramic,Medium,7.6,Piece,Per_Bathroom,1,Bathroom,False,7468,Floor Mounted,Not Applicable,Medium: 5006 - 7542
Ideal Standard,Wash Basin,Sanitary,Pedestal,Bathroom,60 cm,Low,7.4,Piece,Per_Bathroom,1,Bathroom,False,4081,Pedestal,Not Applicable,Low: <= 5006
Roca,Wash Basin,Sanitary,Pedestal,Bathroom,60 cm,Low,7.4,Piece,Per_Bathroom,1,Bathroom,False,4015,Pedestal,Not Applicable,Low: <= 5006
GROHE,Shower Cabin,Sanitary,Sliding Cabin,Master Bathroom,90x90 cm,Medium,8.4,Piece,Per_Master_Bathroom,1,Master Bathroom,True,7374,Sliding Cabin,Not Applicable,Medium: 5006 - 7542
Roca,Shower Cabin,Sanitary,Sliding Cabin,Master Bathroom,90x90 cm,Medium,8.4,Piece,Per_Master_Bathroom,1,Master Bathroom,True,6791,Sliding Cabin,Not Applicable,Medium: 5006 - 7542
Lecico,Wash Basin,Sanitary,Pedestal,Bathroom,60 cm,Low,7.4,Piece,Per_Bathroom,1,Bathroom,False,3692,Pedestal,Not Applicable,Low: <= 5006
Ideal Standard,Wash Basin,Sanitary,Pedestal,Bathroom,60 cm,Low,7.4,Piece,Per_Bathroom,1,Bathroom,False,3641,Pedestal,Not Applicable,Low: <= 5006
Lecico,Close Coupled Toilet,Sanitary,Floor Mounted,Bathroom,Ceramic,Medium,7.6,Piece,Per_Bathroom,1,Bathroom,False,7113,Floor Mounted,Not Applicable,Medium: 5006 - 7542
GROHE,Close Coupled Toilet,Sanitary,Floor Mounted,Bathroom,Ceramic,Low,7.6,Piece,Per_Bathroom,1,Bathroom,False,4868,Floor Mounted,Not Applicable,Low: <= 5006
Lecico,Close Coupled Toilet,Sanitary,Floor Mounted,Bathroom,Ceramic,Low,7.6,Piece,Per_Bathroom,1,Bathroom,False,4966,Floor Mounted,Not Applicable,Low: <= 5006
Ceramica Cleopatra,Wash Basin,Sanitary,Pedestal,Bathroom,60 cm,Low,7.4,Piece,Per_Bathroom,1,Bathroom,False,2079,Pedestal,Not Applicable,Low: <= 5006
Ideal Standard,Wash Basin,Sanitary,Pedestal,Bathroom,60 cm,Low,7.4,Piece,Per_Bathroom,1,Bathroom,False,2360,Pedestal,Not Applicable,Low: <= 5006
Ideal Standard,Shower Cabin,Sanitary,Sliding Cabin,Master Bathroom,90x90 cm,Low,8.4,Piece,Per_Master_Bathroom,1,Master Bathroom,True,4774,Sliding Cabin,Not Applicable,Low: <= 5006
Lecico,Wash Basin,Sanitary,Pedestal,Bathroom,60 cm,Low,7.4,Piece,Per_Bathroom,1,Bathroom,False,1840,Pedestal,Not Applicable,Low: <= 5006
Lecico,Wash Basin,Sanitary,Pedestal,Bathroom,60 cm,Low,7.4,Piece,Per_Bathroom,1,Bathroom,False,2992,Pedestal,Not Applicable,Low: <= 5006
Lecico,Rain Shower,Sanitary,Rain Shower,Master Bathroom,Chrome,Medium,9.0,Set,Per_Master_Bathroom,1,Master Bathroom,True,6866,Rain Shower,Not Applicable,Medium: 5006 - 7542
GROHE,Shower Cabin,Sanitary,Sliding Cabin,Master Bathroom,90x90 cm,Medium,8.4,Piece,Per_Master_Bathroom,1,Master Bathroom,True,5341,Sliding Cabin,Not Applicable,Medium: 5006 - 7542
Roca,Shower Cabin,Sanitary,Sliding Cabin,Master Bathroom,90x90 cm,Medium,8.4,Piece,Per_Master_Bathroom,1,Master Bathroom,True,5389,Sliding Cabin,Not Applicable,Medium: 5006 - 7542
Ceramica Cleopatra,Wash Basin,Sanitary,Pedestal,Bathroom,60 cm,Low,7.4,Piece,Per_Bathroom,1,Bathroom,False,3774,Pedestal,Not Applicable,Low: <= 5006
Ideal Standard,Rain Shower,Sanitary,Rain Shower,Master Bathroom,Chrome,Medium,9.0,Set,Per_Master_Bathroom,1,Master Bathroom,True,7088,Rain Shower,Not Applicable,Medium: 5006 - 7542
Lecico,Wash Basin,Sanitary,Pedestal,Bathroom,60 cm,Low,7.4,Piece,Per_Bathroom,1,Bathroom,False,3610,Pedestal,Not Applicable,Low: <= 5006
Ceramica Cleopatra,Shower Cabin,Sanitary,Sliding Cabin,Master Bathroom,90x90 cm,Medium,8.4,Piece,Per_Master_Bathroom,1,Master Bathroom,True,6172,Sliding Cabin,Not Applicable,Medium: 5006 - 7542
Roca,Shower Cabin,Sanitary,Sliding Cabin,Master Bathroom,90x90 cm,Medium,8.4,Piece,Per_Master_Bathroom,1,Master Bathroom,True,7376,Sliding Cabin,Not Applicable,Medium: 5006 - 7542
Lecico,Shower Cabin,Sanitary,Sliding Cabin,Master Bathroom,90x90 cm,Low,8.4,Piece,Per_Master_Bathroom,1,Master Bathroom,True,5004,Sliding Cabin,Not Applicable,Low: <= 5006
Ideal Standard,Wash Basin,Sanitary,Pedestal,Bathroom,60 cm,Low,7.4,Piece,Per_Bathroom,1,Bathroom,False,3139,Pedestal,Not Applicable,Low: <= 5006
Ceramica Cleopatra,Close Coupled Toilet,Sanitary,Floor Mounted,Bathroom,Ceramic,Medium,7.6,Piece,Per_Bathroom,1,Bathroom,False,5640,Floor Mounted,Not Applicable,Medium: 5006 - 7542
Ideal Standard,Rain Shower,Sanitary,Rain Shower,Master Bathroom,Chrome,High,9.0,Set,Per_Master_Bathroom,1,Master Bathroom,True,8215,Rain Shower,Not Applicable,High: > 7542
Roca,Close Coupled Toilet,Sanitary,Floor Mounted,Bathroom,Ceramic,Medium,7.6,Piece,Per_Bathroom,1,Bathroom,False,6116,Floor Mounted,Not Applicable,Medium: 5006 - 7542
Lecico,Close Coupled Toilet,Sanitary,Floor Mounted,Bathroom,Ceramic,High,7.6,Piece,Per_Bathroom,1,Bathroom,False,7869,Floor Mounted,Not Applicable,High: > 7542
Ideal Standard,Shower Cabin,Sanitary,Sliding Cabin,Master Bathroom,90x90 cm,Medium,8.4,Piece,Per_Master_Bathroom,1,Master Bathroom,True,7372,Sliding Cabin,Not Applicable,Medium: 5006 - 7542
Ideal Standard,Shower Cabin,Sanitary,Sliding Cabin,Master Bathroom,90x90 cm,High,8.4,Piece,Per_Master_Bathroom,1,Master Bathroom,True,10469,Sliding Cabin,Not Applicable,High: > 7542
GROHE,Shower Cabin,Sanitary,Sliding Cabin,Master Bathroom,90x90 cm,High,8.4,Piece,Per_Master_Bathroom,1,Master Bathroom,True,10264,Sliding Cabin,Not Applicable,High: > 7542
Ceramica Cleopatra,Wash Basin,Sanitary,Pedestal,Bathroom,60 cm,Low,7.4,Piece,Per_Bathroom,1,Bathroom,False,2975,Pedestal,Not Applicable,Low: <= 5006
Ceramica Cleopatra,Close Coupled Toilet,Sanitary,Floor Mounted,Bathroom,Ceramic,Medium,7.6,Piece,Per_Bathroom,1,Bathroom,False,6733,Floor Mounted,Not Applicable,Medium: 5006 - 7542
GROHE,Rain Shower,Sanitary,Rain Shower,Master Bathroom,Chrome,High,9.0,Set,Per_Master_Bathroom,1,Master Bathroom,True,10717,Rain Shower,Not Applicable,High: > 7542
GROHE,Rain Shower,Sanitary,Rain Shower,Master Bathroom,Chrome,Medium,9.0,Set,Per_Master_Bathroom,1,Master Bathroom,True,6150,Rain Shower,Not Applicable,Medium: 5006 - 7542
GROHE,Rain Shower,Sanitary,Rain Shower,Master Bathroom,Chrome,High,9.0,Set,Per_Master_Bathroom,1,Master Bathroom,True,8250,Rain Shower,Not Applicable,High: > 7542
Lecico,Rain Shower,Sanitary,Rain Shower,Master Bathroom,Chrome,Medium,9.0,Set,Per_Master_Bathroom,1,Master Bathroom,True,6367,Rain Shower,Not Applicable,Medium: 5006 - 7542
Ceramica Cleopatra,Rain Shower,Sanitary,Rain Shower,Master Bathroom,Chrome,High,9.0,Set,Per_Master_Bathroom,1,Master Bathroom,True,9704,Rain Shower,Not Applicable,High: > 7542
Ideal Standard,Rain Shower,Sanitary,Rain Shower,Master Bathroom,Chrome,High,9.0,Set,Per_Master_Bathroom,1,Master Bathroom,True,8113,Rain Shower,Not Applicable,High: > 7542
Lecico,Close Coupled Toilet,Sanitary,Floor Mounted,Bathroom,Ceramic,Medium,7.6,Piece,Per_Bathroom,1,Bathroom,False,6011,Floor Mounted,Not Applicable,Medium: 5006 - 7542
GROHE,Rain Shower,Sanitary,Rain Shower,Master Bathroom,Chrome,Medium,9.0,Set,Per_Master_Bathroom,1,Master Bathroom,True,6027,Rain Shower,Not Applicable,Medium: 5006 - 7542
Lecico,Rain Shower,Sanitary,Rain Shower,Master Bathroom,Chrome,High,9.0,Set,Per_Master_Bathroom,1,Master Bathroom,True,9020,Rain Shower,Not Applicable,High: > 7542
Lecico,Close Coupled Toilet,Sanitary,Floor Mounted,Bathroom,Ceramic,Low,7.6,Piece,Per_Bathroom,1,Bathroom,False,4509,Floor Mounted,Not Applicable,Low: <= 5006
Ceramica Cleopatra,Close Coupled Toilet,Sanitary,Floor Mounted,Bathroom,Ceramic,Medium,7.6,Piece,Per_Bathroom,1,Bathroom,False,7242,Floor Mounted,Not Applicable,Medium: 5006 - 7542
GROHE,Rain Shower,Sanitary,Rain Shower,Master Bathroom,Chrome,High,9.0,Set,Per_Master_Bathroom,1,Master Bathroom,True,10888,Rain Shower,Not Applicable,High: > 7542
Lecico,Wash Basin,Sanitary,Pedestal,Bathroom,60 cm,Low,7.4,Piece,Per_Bathroom,1,Bathroom,False,2624,Pedestal,Not Applicable,Low: <= 5006
Ceramica Cleopatra,Close Coupled Toilet,Sanitary,Floor Mounted,Bathroom,Ceramic,Medium,7.6,Piece,Per_Bathroom,1,Bathroom,False,7051,Floor Mounted,Not Applicable,Medium: 5006 - 7542
Ceramica Cleopatra,Wash Basin,Sanitary,Pedestal,Bathroom,60 cm,Low,7.4,Piece,Per_Bathroom,1,Bathroom,False,2383,Pedestal,Not Applicable,Low: <= 5006
Ideal Standard,Close Coupled Toilet,Sanitary,Floor Mounted,Bathroom,Ceramic,Low,7.6,Piece,Per_Bathroom,1,Bathroom,False,4952,Floor Mounted,Not Applicable,Low: <= 5006
Ideal Standard,Shower Cabin,Sanitary,Sliding Cabin,Master Bathroom,90x90 cm,Medium,8.4,Piece,Per_Master_Bathroom,1,Master Bathroom,True,5230,Sliding Cabin,Not Applicable,Medium: 5006 - 7542
Ceramica Cleopatra,Rain Shower,Sanitary,Rain Shower,Master Bathroom,Chrome,High,9.0,Set,Per_Master_Bathroom,1,Master Bathroom,True,8220,Rain Shower,Not Applicable,High: > 7542
Roca,Close Coupled Toilet,Sanitary,Floor Mounted,Bathroom,Ceramic,High,7.6,Piece,Per_Bathroom,1,Bathroom,False,7855,Floor Mounted,Not Applicable,High: > 7542
Ideal Standard,Rain Shower,Sanitary,Rain Shower,Master Bathroom,Chrome,Medium,9.0,Set,Per_Master_Bathroom,1,Master Bathroom,True,5347,Rain Shower,Not Applicable,Medium: 5006 - 7542
Lecico,Close Coupled Toilet,Sanitary,Floor Mounted,Bathroom,Ceramic,Medium,7.6,Piece,Per_Bathroom,1,Bathroom,False,5139,Floor Mounted,Not Applicable,Medium: 5006 - 7542
Lecico,Close Coupled Toilet,Sanitary,Floor Mounted,Bathroom,Ceramic,Medium,7.6,Piece,Per_Bathroom,1,Bathroom,False,7500,Floor Mounted,Not Applicable,Medium: 5006 - 7542
GROHE,Rain Shower,Sanitary,Rain Shower,Master Bathroom,Chrome,Medium,9.0,Set,Per_Master_Bathroom,1,Master Bathroom,True,5677,Rain Shower,Not Applicable,Medium: 5006 - 7542
Roca,Shower Cabin,Sanitary,Sliding Cabin,Master Bathroom,90x90 cm,Low,8.4,Piece,Per_Master_Bathroom,1,Master Bathroom,True,4978,Sliding Cabin,Not Applicable,Low: <= 5006
Ideal Standard,Wash Basin,Sanitary,Pedestal,Bathroom,60 cm,Low,7.4,Piece,Per_Bathroom,1,Bathroom,False,3346,Pedestal,Not Applicable,Low: <= 5006
Lecico,Wash Basin,Sanitary,Pedestal,Bathroom,60 cm,Low,7.4,Piece,Per_Bathroom,1,Bathroom,False,2671,Pedestal,Not Applicable,Low: <= 5006
GROHE,Rain Shower,Sanitary,Rain Shower,Master Bathroom,Chrome,High,9.0,Set,Per_Master_Bathroom,1,Master Bathroom,True,10597,Rain Shower,Not Applicable,High: > 7542
GROHE,Wash Basin,Sanitary,Pedestal,Bathroom,60 cm,Low,7.4,Piece,Per_Bathroom,1,Bathroom,False,3324,Pedestal,Not Applicable,Low: <= 5006
Ideal Standard,Shower Cabin,Sanitary,Sliding Cabin,Master Bathroom,90x90 cm,Medium,8.4,Piece,Per_Master_Bathroom,1,Master Bathroom,True,5529,Sliding Cabin,Not Applicable,Medium: 5006 - 7542
Ideal Standard,Rain Shower,Sanitary,Rain Shower,Master Bathroom,Chrome,Medium,9.0,Set,Per_Master_Bathroom,1,Master Bathroom,True,7148,Rain Shower,Not Applicable,Medium: 5006 - 7542
GROHE,Close Coupled Toilet,Sanitary,Floor Mounted,Bathroom,Ceramic,High,7.6,Piece,Per_Bathroom,1,Bathroom,False,7636,Floor Mounted,Not Applicable,High: > 7542
Lecico,Close Coupled Toilet,Sanitary,Floor Mounted,Bathroom,Ceramic,Medium,7.6,Piece,Per_Bathroom,1,Bathroom,False,5594,Floor Mounted,Not Applicable,Medium: 5006 - 7542
Roca,Close Coupled Toilet,Sanitary,Floor Mounted,Bathroom,Ceramic,Low,7.6,Piece,Per_Bathroom,1,Bathroom,False,4482,Floor Mounted,Not Applicable,Low: <= 5006
Roca,Wash Basin,Sanitary,Pedestal,Bathroom,60 cm,Low,7.4,Piece,Per_Bathroom,1,Bathroom,False,2389,Pedestal,Not Applicable,Low: <= 5006
GROHE,Wash Basin,Sanitary,Pedestal,Bathroom,60 cm,Low,7.4,Piece,Per_Bathroom,1,Bathroom,False,2588,Pedestal,Not Applicable,Low: <= 5006
Ceramica Cleopatra,Wash Basin,Sanitary,Pedestal,Bathroom,60 cm,Low,7.4,Piece,Per_Bathroom,1,Bathroom,False,3529,Pedestal,Not Applicable,Low: <= 5006
Ideal Standard,Wash Basin,Sanitary,Pedestal,Bathroom,60 cm,Low,7.4,Piece,Per_Bathroom,1,Bathroom,False,2808,Pedestal,Not Applicable,Low: <= 5006
Ideal Standard,Rain Shower,Sanitary,Rain Shower,Master Bathroom,Chrome,Medium,9.0,Set,Per_Master_Bathroom,1,Master Bathroom,True,7113,Rain Shower,Not Applicable,Medium: 5006 - 7542
Ideal Standard,Shower Cabin,Sanitary,Sliding Cabin,Master Bathroom,90x90 cm,High,8.4,Piece,Per_Master_Bathroom,1,Master Bathroom,True,8185,Sliding Cabin,Not Applicable,High: > 7542
GROHE,Wash Basin,Sanitary,Pedestal,Bathroom,60 cm,Low,7.4,Piece,Per_Bathroom,1,Bathroom,False,3438,Pedestal,Not Applicable,Low: <= 5006
Ceramica Cleopatra,Wash Basin,Sanitary,Pedestal,Bathroom,60 cm,Low,7.4,Piece,Per_Bathroom,1,Bathroom,False,2100,Pedestal,Not Applicable,Low: <= 5006
GROHE,Wash Basin,Sanitary,Pedestal,Bathroom,60 cm,Low,7.4,Piece,Per_Bathroom,1,Bathroom,False,1810,Pedestal,Not Applicable,Low: <= 5006
Lecico,Close Coupled Toilet,Sanitary,Floor Mounted,Bathroom,Ceramic,Medium,7.6,Piece,Per_Bathroom,1,Bathroom,False,5277,Floor Mounted,Not Applicable,Medium: 5006 - 7542
GROHE,Wash Basin,Sanitary,Pedestal,Bathroom,60 cm,Low,7.4,Piece,Per_Bathroom,1,Bathroom,False,1839,Pedestal,Not Applicable,Low: <= 5006
Lecico,Wash Basin,Sanitary,Pedestal,Bathroom,60 cm,Low,7.4,Piece,Per_Bathroom,1,Bathroom,False,1895,Pedestal,Not Applicable,Low: <= 5006
Ceramica Cleopatra,Shower Cabin,Sanitary,Sliding Cabin,Master Bathroom,90x90 cm,Medium,8.4,Piece,Per_Master_Bathroom,1,Master Bathroom,True,7457,Sliding Cabin,Not Applicable,Medium: 5006 - 7542
Lecico,Close Coupled Toilet,Sanitary,Floor Mounted,Bathroom,Ceramic,Medium,7.6,Piece,Per_Bathroom,1,Bathroom,False,5479,Floor Mounted,Not Applicable,Medium: 5006 - 7542
Roca,Wash Basin,Sanitary,Pedestal,Bathroom,60 cm,Low,7.4,Piece,Per_Bathroom,1,Bathroom,False,3800,Pedestal,Not Applicable,Low: <= 5006
Lecico,Wash Basin,Sanitary,Pedestal,Bathroom,60 cm,Low,7.4,Piece,Per_Bathroom,1,Bathroom,False,2444,Pedestal,Not Applicable,Low: <= 5006
Ideal Standard,Shower Cabin,Sanitary,Sliding Cabin,Master Bathroom,90x90 cm,Medium,8.4,Piece,Per_Master_Bathroom,1,Master Bathroom,True,5794,Sliding Cabin,Not Applicable,Medium: 5006 - 7542
Ideal Standard,Rain Shower,Sanitary,Rain Shower,Master Bathroom,Chrome,High,9.0,Set,Per_Master_Bathroom,1,Master Bathroom,True,8752,Rain Shower,Not Applicable,High: > 7542
Ceramica Cleopatra,Wash Basin,Sanitary,Pedestal,Bathroom,60 cm,Low,7.4,Piece,Per_Bathroom,1,Bathroom,False,4101,Pedestal,Not Applicable,Low: <= 5006
Lecico,Rain Shower,Sanitary,Rain Shower,Master Bathroom,Chrome,High,9.0,Set,Per_Master_Bathroom,1,Master Bathroom,True,10632,Rain Shower,Not Applicable,High: > 7542
Roca,Shower Cabin,Sanitary,Sliding Cabin,Master Bathroom,90x90 cm,High,8.4,Piece,Per_Master_Bathroom,1,Master Bathroom,True,9182,Sliding Cabin,Not Applicable,High: > 7542
GROHE,Wash Basin,Sanitary,Pedestal,Bathroom,60 cm,Low,7.4,Piece,Per_Bathroom,1,Bathroom,False,2896,Pedestal,Not Applicable,Low: <= 5006
Roca,Rain Shower,Sanitary,Rain Shower,Master Bathroom,Chrome,High,9.0,Set,Per_Master_Bathroom,1,Master Bathroom,True,8173,Rain Shower,Not Applicable,High: > 7542
GROHE,Close Coupled Toilet,Sanitary,Floor Mounted,Bathroom,Ceramic,Low,7.6,Piece,Per_Bathroom,1,Bathroom,False,4838,Floor Mounted,Not Applicable,Low: <= 5006
Ceramica Cleopatra,Shower Cabin,Sanitary,Sliding Cabin,Master Bathroom,90x90 cm,High,8.4,Piece,Per_Master_Bathroom,1,Master Bathroom,True,8257,Sliding Cabin,Not Applicable,High: > 7542
Roca,Wash Basin,Sanitary,Pedestal,Bathroom,60 cm,Low,7.4,Piece,Per_Bathroom,1,Bathroom,False,3648,Pedestal,Not Applicable,Low: <= 5006
GROHE,Rain Shower,Sanitary,Rain Shower,Master Bathroom,Chrome,Medium,9.0,Set,Per_Master_Bathroom,1,Master Bathroom,True,6865,Rain Shower,Not Applicable,Medium: 5006 - 7542
Ideal Standard,Shower Cabin,Sanitary,Sliding Cabin,Master Bathroom,90x90 cm,Medium,8.4,Piece,Per_Master_Bathroom,1,Master Bathroom,True,6840,Sliding Cabin,Not Applicable,Medium: 5006 - 7542
Ideal Standard,Shower Cabin,Sanitary,Sliding Cabin,Master Bathroom,90x90 cm,Medium,8.4,Piece,Per_Master_Bathroom,1,Master Bathroom,True,6543,Sliding Cabin,Not Applicable,Medium: 5006 - 7542
Lecico,Close Coupled Toilet,Sanitary,Floor Mounted,Bathroom,Ceramic,Medium,7.6,Piece,Per_Bathroom,1,Bathroom,False,6518,Floor Mounted,Not Applicable,Medium: 5006 - 7542
GROHE,Rain Shower,Sanitary,Rain Shower,Master Bathroom,Chrome,High,9.0,Set,Per_Master_Bathroom,1,Master Bathroom,True,8080,Rain Shower,Not Applicable,High: > 7542
GROHE,Shower Cabin,Sanitary,Sliding Cabin,Master Bathroom,90x90 cm,Low,8.4,Piece,Per_Master_Bathroom,1,Master Bathroom,True,4665,Sliding Cabin,Not Applicable,Low: <= 5006
Ceramica Cleopatra,Close Coupled Toilet,Sanitary,Floor Mounted,Bathroom,Ceramic,Medium,7.6,Piece,Per_Bathroom,1,Bathroom,False,7036,Floor Mounted,Not Applicable,Medium: 5006 - 7542
GROHE,Shower Cabin,Sanitary,Sliding Cabin,Master Bathroom,90x90 cm,High,8.4,Piece,Per_Master_Bathroom,1,Master Bathroom,True,8607,Sliding Cabin,Not Applicable,High: > 7542
Ceramica Cleopatra,Close Coupled Toilet,Sanitary,Floor Mounted,Bathroom,Ceramic,Low,7.6,Piece,Per_Bathroom,1,Bathroom,False,4006,Floor Mounted,Not Applicable,Low: <= 5006
Lecico,Close Coupled Toilet,Sanitary,Floor Mounted,Bathroom,Ceramic,Low,7.6,Piece,Per_Bathroom,1,Bathroom,False,4872,Floor Mounted,Not Applicable,Low: <= 5006
Lecico,Wash Basin,Sanitary,Pedestal,Bathroom,60 cm,Low,7.4,Piece,Per_Bathroom,1,Bathroom,False,1951,Pedestal,Not Applicable,Low: <= 5006
Ideal Standard,Wash Basin,Sanitary,Pedestal,Bathroom,60 cm,Low,7.4,Piece,Per_Bathroom,1,Bathroom,False,2624,Pedestal,Not Applicable,Low: <= 5006
Lecico,Wash Basin,Sanitary,Pedestal,Bathroom,60 cm,Low,7.4,Piece,Per_Bathroom,1,Bathroom,False,3914,Pedestal,Not Applicable,Low: <= 5006
Lecico,Rain Shower,Sanitary,Rain Shower,Master Bathroom,Chrome,Low,9.0,Set,Per_Master_Bathroom,1,Master Bathroom,True,4905,Rain Shower,Not Applicable,Low: <= 5006
GROHE,Shower Cabin,Sanitary,Sliding Cabin,Master Bathroom,90x90 cm,High,8.4,Piece,Per_Master_Bathroom,1,Master Bathroom,True,10236,Sliding Cabin,Not Applicable,High: > 7542
Ceramica Cleopatra,Shower Cabin,Sanitary,Sliding Cabin,Master Bathroom,90x90 cm,Medium,8.4,Piece,Per_Master_Bathroom,1,Master Bathroom,True,7521,Sliding Cabin,Not Applicable,Medium: 5006 - 7542
Lecico,Shower Cabin,Sanitary,Sliding Cabin,Master Bathroom,90x90 cm,Medium,8.4,Piece,Per_Master_Bathroom,1,Master Bathroom,True,6887,Sliding Cabin,Not Applicable,Medium: 5006 - 7542
Lecico,Rain Shower,Sanitary,Rain Shower,Master Bathroom,Chrome,Medium,9.0,Set,Per_Master_Bathroom,1,Master Bathroom,True,6351,Rain Shower,Not Applicable,Medium: 5006 - 7542
Ideal Standard,Wash Basin,Sanitary,Pedestal,Bathroom,60 cm,Low,7.4,Piece,Per_Bathroom,1,Bathroom,False,3513,Pedestal,Not Applicable,Low: <= 5006
GROHE,Close Coupled Toilet,Sanitary,Floor Mounted,Bathroom,Ceramic,Low,7.6,Piece,Per_Bathroom,1,Bathroom,False,4031,Floor Mounted,Not Applicable,Low: <= 5006
GROHE,Rain Shower,Sanitary,Rain Shower,Master Bathroom,Chrome,Medium,9.0,Set,Per_Master_Bathroom,1,Master Bathroom,True,5984,Rain Shower,Not Applicable,Medium: 5006 - 7542
Roca,Rain Shower,Sanitary,Rain Shower,Master Bathroom,Chrome,Medium,9.0,Set,Per_Master_Bathroom,1,Master Bathroom,True,7103,Rain Shower,Not Applicable,Medium: 5006 - 7542
Ceramica Cleopatra,Wash Basin,Sanitary,Pedestal,Bathroom,60 cm,Low,7.4,Piece,Per_Bathroom,1,Bathroom,False,3226,Pedestal,Not Applicable,Low: <= 5006
Roca,Rain Shower,Sanitary,Rain Shower,Master Bathroom,Chrome,Medium,9.0,Set,Per_Master_Bathroom,1,Master Bathroom,True,5221,Rain Shower,Not Applicable,Medium: 5006 - 7542
GROHE,Wash Basin,Sanitary,Pedestal,Bathroom,60 cm,Low,7.4,Piece,Per_Bathroom,1,Bathroom,False,3340,Pedestal,Not Applicable,Low: <= 5006
Lecico,Rain Shower,Sanitary,Rain Shower,Master Bathroom,Chrome,High,9.0,Set,Per_Master_Bathroom,1,Master Bathroom,True,10003,Rain Shower,Not Applicable,High: > 7542
GROHE,Wash Basin,Sanitary,Pedestal,Bathroom,60 cm,Low,7.4,Piece,Per_Bathroom,1,Bathroom,False,3069,Pedestal,Not Applicable,Low: <= 5006
Roca,Rain Shower,Sanitary,Rain Shower,Master Bathroom,Chrome,High,9.0,Set,Per_Master_Bathroom,1,Master Bathroom,True,9553,Rain Shower,Not Applicable,High: > 7542
Ideal Standard,Close Coupled Toilet,Sanitary,Floor Mounted,Bathroom,Ceramic,Medium,7.6,Piece,Per_Bathroom,1,Bathroom,False,5760,Floor Mounted,Not Applicable,Medium: 5006 - 7542
Lecico,Wash Basin,Sanitary,Pedestal,Bathroom,60 cm,Low,7.4,Piece,Per_Bathroom,1,Bathroom,False,2099,Pedestal,Not Applicable,Low: <= 5006
Ceramica Cleopatra,Rain Shower,Sanitary,Rain Shower,Master Bathroom,Chrome,Low,9.0,Set,Per_Master_Bathroom,1,Master Bathroom,True,4635,Rain Shower,Not Applicable,Low: <= 5006
Lecico,Rain Shower,Sanitary,Rain Shower,Master Bathroom,Chrome,High,9.0,Set,Per_Master_Bathroom,1,Master Bathroom,True,9898,Rain Shower,Not Applicable,High: > 7542
Roca,Rain Shower,Sanitary,Rain Shower,Master Bathroom,Chrome,Medium,9.0,Set,Per_Master_Bathroom,1,Master Bathroom,True,6334,Rain Shower,Not Applicable,Medium: 5006 - 7542
Lecico,Wash Basin,Sanitary,Pedestal,Bathroom,60 cm,Low,7.4,Piece,Per_Bathroom,1,Bathroom,False,3060,Pedestal,Not Applicable,Low: <= 5006
Roca,Close Coupled Toilet,Sanitary,Floor Mounted,Bathroom,Ceramic,Medium,7.6,Piece,Per_Bathroom,1,Bathroom,False,7506,Floor Mounted,Not Applicable,Medium: 5006 - 7542
GROHE,Rain Shower,Sanitary,Rain Shower,Master Bathroom,Chrome,Medium,9.0,Set,Per_Master_Bathroom,1,Master Bathroom,True,6637,Rain Shower,Not Applicable,Medium: 5006 - 7542
Lecico,Rain Shower,Sanitary,Rain Shower,Master Bathroom,Chrome,Medium,9.0,Set,Per_Master_Bathroom,1,Master Bathroom,True,7308,Rain Shower,Not Applicable,Medium: 5006 - 7542
GROHE,Shower Cabin,Sanitary,Sliding Cabin,Master Bathroom,90x90 cm,High,8.4,Piece,Per_Master_Bathroom,1,Master Bathroom,True,7973,Sliding Cabin,Not Applicable,High: > 7542
Roca,Wash Basin,Sanitary,Pedestal,Bathroom,60 cm,Low,7.4,Piece,Per_Bathroom,1,Bathroom,False,2902,Pedestal,Not Applicable,Low: <= 5006
Ceramica Cleopatra,Rain Shower,Sanitary,Rain Shower,Master Bathroom,Chrome,Medium,9.0,Set,Per_Master_Bathroom,1,Master Bathroom,True,5223,Rain Shower,Not Applicable,Medium: 5006 - 7542
Roca,Wash Basin,Sanitary,Pedestal,Bathroom,60 cm,Low,7.4,Piece,Per_Bathroom,1,Bathroom,False,2481,Pedestal,Not Applicable,Low: <= 5006
GROHE,Shower Cabin,Sanitary,Sliding Cabin,Master Bathroom,90x90 cm,Medium,8.4,Piece,Per_Master_Bathroom,1,Master Bathroom,True,6239,Sliding Cabin,Not Applicable,Medium: 5006 - 7542
Ceramica Cleopatra,Close Coupled Toilet,Sanitary,Floor Mounted,Bathroom,Ceramic,High,7.6,Piece,Per_Bathroom,1,Bathroom,False,8196,Floor Mounted,Not Applicable,High: > 7542
Roca,Wash Basin,Sanitary,Pedestal,Bathroom,60 cm,Low,7.4,Piece,Per_Bathroom,1,Bathroom,False,3816,Pedestal,Not Applicable,Low: <= 5006
Ideal Standard,Close Coupled Toilet,Sanitary,Floor Mounted,Bathroom,Ceramic,Medium,7.6,Piece,Per_Bathroom,1,Bathroom,False,6917,Floor Mounted,Not Applicable,Medium: 5006 - 7542
Lecico,Close Coupled Toilet,Sanitary,Floor Mounted,Bathroom,Ceramic,Medium,7.6,Piece,Per_Bathroom,1,Bathroom,False,6126,Floor Mounted,Not Applicable,Medium: 5006 - 7542
Ideal Standard,Wash Basin,Sanitary,Pedestal,Bathroom,60 cm,Low,7.4,Piece,Per_Bathroom,1,Bathroom,False,2806,Pedestal,Not Applicable,Low: <= 5006
Roca,Rain Shower,Sanitary,Rain Shower,Master Bathroom,Chrome,High,9.0,Set,Per_Master_Bathroom,1,Master Bathroom,True,8274,Rain Shower,Not Applicable,High: > 7542
GROHE,Rain Shower,Sanitary,Rain Shower,Master Bathroom,Chrome,High,9.0,Set,Per_Master_Bathroom,1,Master Bathroom,True,8102,Rain Shower,Not Applicable,High: > 7542
Ceramica Cleopatra,Close Coupled Toilet,Sanitary,Floor Mounted,Bathroom,Ceramic,Medium,7.6,Piece,Per_Bathroom,1,Bathroom,False,5337,Floor Mounted,Not Applicable,Medium: 5006 - 7542
Ideal Standard,Close Coupled Toilet,Sanitary,Floor Mounted,Bathroom,Ceramic,Low,7.6,Piece,Per_Bathroom,1,Bathroom,False,4257,Floor Mounted,Not Applicable,Low: <= 5006
Roca,Wash Basin,Sanitary,Pedestal,Bathroom,60 cm,Low,7.4,Piece,Per_Bathroom,1,Bathroom,False,3722,Pedestal,Not Applicable,Low: <= 5006
GROHE,Shower Cabin,Sanitary,Sliding Cabin,Master Bathroom,90x90 cm,High,8.4,Piece,Per_Master_Bathroom,1,Master Bathroom,True,9152,Sliding Cabin,Not Applicable,High: > 7542
GROHE,Shower Cabin,Sanitary,Sliding Cabin,Master Bathroom,90x90 cm,Medium,8.4,Piece,Per_Master_Bathroom,1,Master Bathroom,True,5299,Sliding Cabin,Not Applicable,Medium: 5006 - 7542
Lecico,Rain Shower,Sanitary,Rain Shower,Master Bathroom,Chrome,Medium,9.0,Set,Per_Master_Bathroom,1,Master Bathroom,True,7087,Rain Shower,Not Applicable,Medium: 5006 - 7542
Roca,Wash Basin,Sanitary,Pedestal,Bathroom,60 cm,Low,7.4,Piece,Per_Bathroom,1,Bathroom,False,2997,Pedestal,Not Applicable,Low: <= 5006
Lecico,Close Coupled Toilet,Sanitary,Floor Mounted,Bathroom,Ceramic,Medium,7.6,Piece,Per_Bathroom,1,Bathroom,False,6191,Floor Mounted,Not Applicable,Medium: 5006 - 7542
Ideal Standard,Close Coupled Toilet,Sanitary,Floor Mounted,Bathroom,Ceramic,Low,7.6,Piece,Per_Bathroom,1,Bathroom,False,4980,Floor Mounted,Not Applicable,Low: <= 5006
Ideal Standard,Shower Cabin,Sanitary,Sliding Cabin,Master Bathroom,90x90 cm,High,8.4,Piece,Per_Master_Bathroom,1,Master Bathroom,True,10402,Sliding Cabin,Not Applicable,High: > 7542
GROHE,Rain Shower,Sanitary,Rain Shower,Master Bathroom,Chrome,Medium,9.0,Set,Per_Master_Bathroom,1,Master Bathroom,True,5280,Rain Shower,Not Applicable,Medium: 5006 - 7542
GROHE,Shower Cabin,Sanitary,Sliding Cabin,Master Bathroom,90x90 cm,Medium,8.4,Piece,Per_Master_Bathroom,1,Master Bathroom,True,7449,Sliding Cabin,Not Applicable,Medium: 5006 - 7542
Ceramica Cleopatra,Close Coupled Toilet,Sanitary,Floor Mounted,Bathroom,Ceramic,Low,7.6,Piece,Per_Bathroom,1,Bathroom,False,4124,Floor Mounted,Not Applicable,Low: <= 5006
Ideal Standard,Wash Basin,Sanitary,Pedestal,Bathroom,60 cm,Low,7.4,Piece,Per_Bathroom,1,Bathroom,False,1899,Pedestal,Not Applicable,Low: <= 5006
Roca,Close Coupled Toilet,Sanitary,Floor Mounted,Bathroom,Ceramic,High,7.6,Piece,Per_Bathroom,1,Bathroom,False,8418,Floor Mounted,Not Applicable,High: > 7542
Roca,Shower Cabin,Sanitary,Sliding Cabin,Master Bathroom,90x90 cm,Medium,8.4,Piece,Per_Master_Bathroom,1,Master Bathroom,True,6585,Sliding Cabin,Not Applicable,Medium: 5006 - 7542
Ideal Standard,Wash Basin,Sanitary,Pedestal,Bathroom,60 cm,Low,7.4,Piece,Per_Bathroom,1,Bathroom,False,2464,Pedestal,Not Applicable,Low: <= 5006
Lecico,Wash Basin,Sanitary,Pedestal,Bathroom,60 cm,Low,7.4,Piece,Per_Bathroom,1,Bathroom,False,2749,Pedestal,Not Applicable,Low: <= 5006
Ceramica Cleopatra,Wash Basin,Sanitary,Pedestal,Bathroom,60 cm,Low,7.4,Piece,Per_Bathroom,1,Bathroom,False,3095,Pedestal,Not Applicable,Low: <= 5006
Lecico,Shower Cabin,Sanitary,Sliding Cabin,Master Bathroom,90x90 cm,High,8.4,Piece,Per_Master_Bathroom,1,Master Bathroom,True,9049,Sliding Cabin,Not Applicable,High: > 7542
Lecico,Close Coupled Toilet,Sanitary,Floor Mounted,Bathroom,Ceramic,High,7.6,Piece,Per_Bathroom,1,Bathroom,False,8125,Floor Mounted,Not Applicable,High: > 7542
Ceramica Cleopatra,Shower Cabin,Sanitary,Sliding Cabin,Master Bathroom,90x90 cm,High,8.4,Piece,Per_Master_Bathroom,1,Master Bathroom,True,8863,Sliding Cabin,Not Applicable,High: > 7542
Ceramica Cleopatra,Rain Shower,Sanitary,Rain Shower,Master Bathroom,Chrome,High,9.0,Set,Per_Master_Bathroom,1,Master Bathroom,True,10363,Rain Shower,Not Applicable,High: > 7542
Roca,Rain Shower,Sanitary,Rain Shower,Master Bathroom,Chrome,Medium,9.0,Set,Per_Master_Bathroom,1,Master Bathroom,True,6600,Rain Shower,Not Applicable,Medium: 5006 - 7542
Lecico,Rain Shower,Sanitary,Rain Shower,Master Bathroom,Chrome,High,9.0,Set,Per_Master_Bathroom,1,Master Bathroom,True,10580,Rain Shower,Not Applicable,High: > 7542
Ceramica Cleopatra,Close Coupled Toilet,Sanitary,Floor Mounted,Bathroom,Ceramic,High,7.6,Piece,Per_Bathroom,1,Bathroom,False,7820,Floor Mounted,Not Applicable,High: > 7542
Roca,Close Coupled Toilet,Sanitary,Floor Mounted,Bathroom,Ceramic,Low,7.6,Piece,Per_Bathroom,1,Bathroom,False,3856,Floor Mounted,Not Applicable,Low: <= 5006
Ideal Standard,Close Coupled Toilet,Sanitary,Floor Mounted,Bathroom,Ceramic,High,7.6,Piece,Per_Bathroom,1,Bathroom,False,7625,Floor Mounted,Not Applicable,High: > 7542
Ceramica Cleopatra,Close Coupled Toilet,Sanitary,Floor Mounted,Bathroom,Ceramic,Low,7.6,Piece,Per_Bathroom,1,Bathroom,False,4027,Floor Mounted,Not Applicable,Low: <= 5006
Ceramica Cleopatra,Wash Basin,Sanitary,Pedestal,Bathroom,60 cm,Low,7.4,Piece,Per_Bathroom,1,Bathroom,False,3810,Pedestal,Not Applicable,Low: <= 5006
GROHE,Rain Shower,Sanitary,Rain Shower,Master Bathroom,Chrome,High,9.0,Set,Per_Master_Bathroom,1,Master Bathroom,True,7836,Rain Shower,Not Applicable,High: > 7542
GROHE,Rain Shower,Sanitary,Rain Shower,Master Bathroom,Chrome,High,9.0,Set,Per_Master_Bathroom,1,Master Bathroom,True,7745,Rain Shower,Not Applicable,High: > 7542
GROHE,Close Coupled Toilet,Sanitary,Floor Mounted,Bathroom,Ceramic,High,7.6,Piece,Per_Bathroom,1,Bathroom,False,7721,Floor Mounted,Not Applicable,High: > 7542
GROHE,Close Coupled Toilet,Sanitary,Floor Mounted,Bathroom,Ceramic,High,7.6,Piece,Per_Bathroom,1,Bathroom,False,7913,Floor Mounted,Not Applicable,High: > 7542
Roca,Rain Shower,Sanitary,Rain Shower,Master Bathroom,Chrome,High,9.0,Set,Per_Master_Bathroom,1,Master Bathroom,True,8227,Rain Shower,Not Applicable,High: > 7542
Ideal Standard,Rain Shower,Sanitary,Rain Shower,Master Bathroom,Chrome,High,9.0,Set,Per_Master_Bathroom,1,Master Bathroom,True,8464,Rain Shower,Not Applicable,High: > 7542
GROHE,Shower Cabin,Sanitary,Sliding Cabin,Master Bathroom,90x90 cm,High,8.4,Piece,Per_Master_Bathroom,1,Master Bathroom,True,9611,Sliding Cabin,Not Applicable,High: > 7542
Ideal Standard,Close Coupled Toilet,Sanitary,Floor Mounted,Bathroom,Ceramic,Low,7.6,Piece,Per_Bathroom,1,Bathroom,False,3926,Floor Mounted,Not Applicable,Low: <= 5006
GROHE,Rain Shower,Sanitary,Rain Shower,Master Bathroom,Chrome,Medium,9.0,Set,Per_Master_Bathroom,1,Master Bathroom,True,5418,Rain Shower,Not Applicable,Medium: 5006 - 7542
Lecico,Close Coupled Toilet,Sanitary,Floor Mounted,Bathroom,Ceramic,Medium,7.6,Piece,Per_Bathroom,1,Bathroom,False,5199,Floor Mounted,Not Applicable,Medium: 5006 - 7542
Roca,Close Coupled Toilet,Sanitary,Floor Mounted,Bathroom,Ceramic,Medium,7.6,Piece,Per_Bathroom,1,Bathroom,False,5398,Floor Mounted,Not Applicable,Medium: 5006 - 7542
Ideal Standard,Close Coupled Toilet,Sanitary,Floor Mounted,Bathroom,Ceramic,High,7.6,Piece,Per_Bathroom,1,Bathroom,False,8079,Floor Mounted,Not Applicable,High: > 7542
Ideal Standard,Close Coupled Toilet,Sanitary,Floor Mounted,Bathroom,Ceramic,Medium,7.6,Piece,Per_Bathroom,1,Bathroom,False,5640,Floor Mounted,Not Applicable,Medium: 5006 - 7542
Lecico,Shower Cabin,Sanitary,Sliding Cabin,Master Bathroom,90x90 cm,High,8.4,Piece,Per_Master_Bathroom,1,Master Bathroom,True,8778,Sliding Cabin,Not Applicable,High: > 7542
GROHE,Close Coupled Toilet,Sanitary,Floor Mounted,Bathroom,Ceramic,High,7.6,Piece,Per_Bathroom,1,Bathroom,False,8460,Floor Mounted,Not Applicable,High: > 7542
GROHE,Rain Shower,Sanitary,Rain Shower,Master Bathroom,Chrome,Medium,9.0,Set,Per_Master_Bathroom,1,Master Bathroom,True,5931,Rain Shower,Not Applicable,Medium: 5006 - 7542
GROHE,Wash Basin,Sanitary,Pedestal,Bathroom,60 cm,Low,7.4,Piece,Per_Bathroom,1,Bathroom,False,2452,Pedestal,Not Applicable,Low: <= 5006
Roca,Rain Shower,Sanitary,Rain Shower,Master Bathroom,Chrome,Medium,9.0,Set,Per_Master_Bathroom,1,Master Bathroom,True,5646,Rain Shower,Not Applicable,Medium: 5006 - 7542
GROHE,Rain Shower,Sanitary,Rain Shower,Master Bathroom,Chrome,High,9.0,Set,Per_Master_Bathroom,1,Master Bathroom,True,10395,Rain Shower,Not Applicable,High: > 7542
Ceramica Cleopatra,Shower Cabin,Sanitary,Sliding Cabin,Master Bathroom,90x90 cm,Medium,8.4,Piece,Per_Master_Bathroom,1,Master Bathroom,True,5370,Sliding Cabin,Not Applicable,Medium: 5006 - 7542
GROHE,Wash Basin,Sanitary,Pedestal,Bathroom,60 cm,Low,7.4,Piece,Per_Bathroom,1,Bathroom,False,3482,Pedestal,Not Applicable,Low: <= 5006
Lecico,Rain Shower,Sanitary,Rain Shower,Master Bathroom,Chrome,High,9.0,Set,Per_Master_Bathroom,1,Master Bathroom,True,8320,Rain Shower,Not Applicable,High: > 7542
GROHE,Close Coupled Toilet,Sanitary,Floor Mounted,Bathroom,Ceramic,Medium,7.6,Piece,Per_Bathroom,1,Bathroom,False,5564,Floor Mounted,Not Applicable,Medium: 5006 - 7542
Lecico,Shower Cabin,Sanitary,Sliding Cabin,Master Bathroom,90x90 cm,High,8.4,Piece,Per_Master_Bathroom,1,Master Bathroom,True,10761,Sliding Cabin,Not Applicable,High: > 7542
Roca,Wash Basin,Sanitary,Pedestal,Bathroom,60 cm,Low,7.4,Piece,Per_Bathroom,1,Bathroom,False,2530,Pedestal,Not Applicable,Low: <= 5006
Ideal Standard,Close Coupled Toilet,Sanitary,Floor Mounted,Bathroom,Ceramic,High,7.6,Piece,Per_Bathroom,1,Bathroom,False,8010,Floor Mounted,Not Applicable,High: > 7542
Ideal Standard,Wash Basin,Sanitary,Pedestal,Bathroom,60 cm,Low,7.4,Piece,Per_Bathroom,1,Bathroom,False,2896,Pedestal,Not Applicable,Low: <= 5006
GROHE,Rain Shower,Sanitary,Rain Shower,Master Bathroom,Chrome,Medium,9.0,Set,Per_Master_Bathroom,1,Master Bathroom,True,5713,Rain Shower,Not Applicable,Medium: 5006 - 7542
Ceramica Cleopatra,Wash Basin,Sanitary,Pedestal,Bathroom,60 cm,Low,7.4,Piece,Per_Bathroom,1,Bathroom,False,3157,Pedestal,Not Applicable,Low: <= 5006
GROHE,Shower Cabin,Sanitary,Sliding Cabin,Master Bathroom,90x90 cm,High,8.4,Piece,Per_Master_Bathroom,1,Master Bathroom,True,8205,Sliding Cabin,Not Applicable,High: > 7542
Ceramica Cleopatra,Shower Cabin,Sanitary,Sliding Cabin,Master Bathroom,90x90 cm,High,8.4,Piece,Per_Master_Bathroom,1,Master Bathroom,True,10492,Sliding Cabin,Not Applicable,High: > 7542
Lecico,Shower Cabin,Sanitary,Sliding Cabin,Master Bathroom,90x90 cm,Medium,8.4,Piece,Per_Master_Bathroom,1,Master Bathroom,True,5938,Sliding Cabin,Not Applicable,Medium: 5006 - 7542
Lecico,Wash Basin,Sanitary,Pedestal,Bathroom,60 cm,Low,7.4,Piece,Per_Bathroom,1,Bathroom,False,2108,Pedestal,Not Applicable,Low: <= 5006
GROHE,Rain Shower,Sanitary,Rain Shower,Master Bathroom,Chrome,High,9.0,Set,Per_Master_Bathroom,1,Master Bathroom,True,10117,Rain Shower,Not Applicable,High: > 7542
GROHE,Close Coupled Toilet,Sanitary,Floor Mounted,Bathroom,Ceramic,Low,7.6,Piece,Per_Bathroom,1,Bathroom,False,4190,Floor Mounted,Not Applicable,Low: <= 5006
Ideal Standard,Close Coupled Toilet,Sanitary,Floor Mounted,Bathroom,Ceramic,High,7.6,Piece,Per_Bathroom,1,Bathroom,False,7900,Floor Mounted,Not Applicable,High: > 7542
Lecico,Wash Basin,Sanitary,Pedestal,Bathroom,60 cm,Low,7.4,Piece,Per_Bathroom,1,Bathroom,False,2307,Pedestal,Not Applicable,Low: <= 5006
Ceramica Cleopatra,Close Coupled Toilet,Sanitary,Floor Mounted,Bathroom,Ceramic,High,7.6,Piece,Per_Bathroom,1,Bathroom,False,7924,Floor Mounted,Not Applicable,High: > 7542
Roca,Wash Basin,Sanitary,Pedestal,Bathroom,60 cm,Low,7.4,Piece,Per_Bathroom,1,Bathroom,False,3467,Pedestal,Not Applicable,Low: <= 5006
GROHE,Wash Basin,Sanitary,Pedestal,Bathroom,60 cm,Low,7.4,Piece,Per_Bathroom,1,Bathroom,False,3669,Pedestal,Not Applicable,Low: <= 5006
Ideal Standard,Rain Shower,Sanitary,Rain Shower,Master Bathroom,Chrome,High,9.0,Set,Per_Master_Bathroom,1,Master Bathroom,True,8645,Rain Shower,Not Applicable,High: > 7542
Lecico,Close Coupled Toilet,Sanitary,Floor Mounted,Bathroom,Ceramic,Medium,7.6,Piece,Per_Bathroom,1,Bathroom,False,7274,Floor Mounted,Not Applicable,Medium: 5006 - 7542
Ceramica Cleopatra,Shower Cabin,Sanitary,Sliding Cabin,Master Bathroom,90x90 cm,Medium,8.4,Piece,Per_Master_Bathroom,1,Master Bathroom,True,6301,Sliding Cabin,Not Applicable,Medium: 5006 - 7542
Ideal Standard,Rain Shower,Sanitary,Rain Shower,Master Bathroom,Chrome,High,9.0,Set,Per_Master_Bathroom,1,Master Bathroom,True,7640,Rain Shower,Not Applicable,High: > 7542
Lecico,Shower Cabin,Sanitary,Sliding Cabin,Master Bathroom,90x90 cm,Medium,8.4,Piece,Per_Master_Bathroom,1,Master Bathroom,True,5767,Sliding Cabin,Not Applicable,Medium: 5006 - 7542
Lecico,Close Coupled Toilet,Sanitary,Floor Mounted,Bathroom,Ceramic,Medium,7.6,Piece,Per_Bathroom,1,Bathroom,False,7406,Floor Mounted,Not Applicable,Medium: 5006 - 7542
Ideal Standard,Close Coupled Toilet,Sanitary,Floor Mounted,Bathroom,Ceramic,Low,7.6,Piece,Per_Bathroom,1,Bathroom,False,3996,Floor Mounted,Not Applicable,Low: <= 5006
GROHE,Rain Shower,Sanitary,Rain Shower,Master Bathroom,Chrome,High,9.0,Set,Per_Master_Bathroom,1,Master Bathroom,True,9593,Rain Shower,Not Applicable,High: > 7542
Lecico,Rain Shower,Sanitary,Rain Shower,Master Bathroom,Chrome,High,9.0,Set,Per_Master_Bathroom,1,Master Bathroom,True,7682,Rain Shower,Not Applicable,High: > 7542
Lecico,Close Coupled Toilet,Sanitary,Floor Mounted,Bathroom,Ceramic,Medium,7.6,Piece,Per_Bathroom,1,Bathroom,False,6545,Floor Mounted,Not Applicable,Medium: 5006 - 7542
GROHE,Rain Shower,Sanitary,Rain Shower,Master Bathroom,Chrome,Low,9.0,Set,Per_Master_Bathroom,1,Master Bathroom,True,4543,Rain Shower,Not Applicable,Low: <= 5006
Roca,Close Coupled Toilet,Sanitary,Floor Mounted,Bathroom,Ceramic,Low,7.6,Piece,Per_Bathroom,1,Bathroom,False,4896,Floor Mounted,Not Applicable,Low: <= 5006
GROHE,Shower Cabin,Sanitary,Sliding Cabin,Master Bathroom,90x90 cm,High,8.4,Piece,Per_Master_Bathroom,1,Master Bathroom,True,8604,Sliding Cabin,Not Applicable,High: > 7542
Ideal Standard,Close Coupled Toilet,Sanitary,Floor Mounted,Bathroom,Ceramic,Medium,7.6,Piece,Per_Bathroom,1,Bathroom,False,6733,Floor Mounted,Not Applicable,Medium: 5006 - 7542
Ceramica Cleopatra,Rain Shower,Sanitary,Rain Shower,Master Bathroom,Chrome,Medium,9.0,Set,Per_Master_Bathroom,1,Master Bathroom,True,6194,Rain Shower,Not Applicable,Medium: 5006 - 7542
Roca,Close Coupled Toilet,Sanitary,Floor Mounted,Bathroom,Ceramic,Medium,7.6,Piece,Per_Bathroom,1,Bathroom,False,6666,Floor Mounted,Not Applicable,Medium: 5006 - 7542
Lecico,Close Coupled Toilet,Sanitary,Floor Mounted,Bathroom,Ceramic,Low,7.6,Piece,Per_Bathroom,1,Bathroom,False,3813,Floor Mounted,Not Applicable,Low: <= 5006
Roca,Shower Cabin,Sanitary,Sliding Cabin,Master Bathroom,90x90 cm,High,8.4,Piece,Per_Master_Bathroom,1,Master Bathroom,True,9926,Sliding Cabin,Not Applicable,High: > 7542
Ideal Standard,Shower Cabin,Sanitary,Sliding Cabin,Master Bathroom,90x90 cm,High,8.4,Piece,Per_Master_Bathroom,1,Master Bathroom,True,9097,Sliding Cabin,Not Applicable,High: > 7542
Lecico,Shower Cabin,Sanitary,Sliding Cabin,Master Bathroom,90x90 cm,High,8.4,Piece,Per_Master_Bathroom,1,Master Bathroom,True,10157,Sliding Cabin,Not Applicable,High: > 7542
Lecico,Close Coupled Toilet,Sanitary,Floor Mounted,Bathroom,Ceramic,High,7.6,Piece,Per_Bathroom,1,Bathroom,False,7683,Floor Mounted,Not Applicable,High: > 7542
GROHE,Shower Cabin,Sanitary,Sliding Cabin,Master Bathroom,90x90 cm,High,8.4,Piece,Per_Master_Bathroom,1,Master Bathroom,True,7814,Sliding Cabin,Not Applicable,High: > 7542
GROHE,Close Coupled Toilet,Sanitary,Floor Mounted,Bathroom,Ceramic,Low,7.6,Piece,Per_Bathroom,1,Bathroom,False,4038,Floor Mounted,Not Applicable,Low: <= 5006
Ceramica Cleopatra,Rain Shower,Sanitary,Rain Shower,Master Bathroom,Chrome,High,9.0,Set,Per_Master_Bathroom,1,Master Bathroom,True,10181,Rain Shower,Not Applicable,High: > 7542
Lecico,Wash Basin,Sanitary,Pedestal,Bathroom,60 cm,Low,7.4,Piece,Per_Bathroom,1,Bathroom,False,2635,Pedestal,Not Applicable,Low: <= 5006
Ideal Standard,Rain Shower,Sanitary,Rain Shower,Master Bathroom,Chrome,Medium,9.0,Set,Per_Master_Bathroom,1,Master Bathroom,True,5011,Rain Shower,Not Applicable,Medium: 5006 - 7542
GROHE,Shower Cabin,Sanitary,Sliding Cabin,Master Bathroom,90x90 cm,High,8.4,Piece,Per_Master_Bathroom,1,Master Bathroom,True,9295,Sliding Cabin,Not Applicable,High: > 7542
Lecico,Shower Cabin,Sanitary,Sliding Cabin,Master Bathroom,90x90 cm,Low,8.4,Piece,Per_Master_Bathroom,1,Master Bathroom,True,4973,Sliding Cabin,Not Applicable,Low: <= 5006
Ceramica Cleopatra,Wash Basin,Sanitary,Pedestal,Bathroom,60 cm,Low,7.4,Piece,Per_Bathroom,1,Bathroom,False,1959,Pedestal,Not Applicable,Low: <= 5006
Ceramica Cleopatra,Close Coupled Toilet,Sanitary,Floor Mounted,Bathroom,Ceramic,Medium,7.6,Piece,Per_Bathroom,1,Bathroom,False,6887,Floor Mounted,Not Applicable,Medium: 5006 - 7542
Ceramica Cleopatra,Wash Basin,Sanitary,Pedestal,Bathroom,60 cm,Low,7.4,Piece,Per_Bathroom,1,Bathroom,False,2585,Pedestal,Not Applicable,Low: <= 5006
Roca,Rain Shower,Sanitary,Rain Shower,Master Bathroom,Chrome,High,9.0,Set,Per_Master_Bathroom,1,Master Bathroom,True,7669,Rain Shower,Not Applicable,High: > 7542
Ideal Standard,Close Coupled Toilet,Sanitary,Floor Mounted,Bathroom,Ceramic,High,7.6,Piece,Per_Bathroom,1,Bathroom,False,8068,Floor Mounted,Not Applicable,High: > 7542
Lecico,Shower Cabin,Sanitary,Sliding Cabin,Master Bathroom,90x90 cm,Medium,8.4,Piece,Per_Master_Bathroom,1,Master Bathroom,True,5880,Sliding Cabin,Not Applicable,Medium: 5006 - 7542
Roca,Shower Cabin,Sanitary,Sliding Cabin,Master Bathroom,90x90 cm,High,8.4,Piece,Per_Master_Bathroom,1,Master Bathroom,True,9131,Sliding Cabin,Not Applicable,High: > 7542
GROHE,Wash Basin,Sanitary,Pedestal,Bathroom,60 cm,Low,7.4,Piece,Per_Bathroom,1,Bathroom,False,2898,Pedestal,Not Applicable,Low: <= 5006
GROHE,Close Coupled Toilet,Sanitary,Floor Mounted,Bathroom,Ceramic,Medium,7.6,Piece,Per_Bathroom,1,Bathroom,False,6706,Floor Mounted,Not Applicable,Medium: 5006 - 7542
Ceramica Cleopatra,Close Coupled Toilet,Sanitary,Floor Mounted,Bathroom,Ceramic,High,7.6,Piece,Per_Bathroom,1,Bathroom,False,7845,Floor Mounted,Not Applicable,High: > 7542
Ceramica Cleopatra,Rain Shower,Sanitary,Rain Shower,Master Bathroom,Chrome,High,9.0,Set,Per_Master_Bathroom,1,Master Bathroom,True,9359,Rain Shower,Not Applicable,High: > 7542
GROHE,Close Coupled Toilet,Sanitary,Floor Mounted,Bathroom,Ceramic,Medium,7.6,Piece,Per_Bathroom,1,Bathroom,False,6986,Floor Mounted,Not Applicable,Medium: 5006 - 7542
Ideal Standard,Wash Basin,Sanitary,Pedestal,Bathroom,60 cm,Low,7.4,Piece,Per_Bathroom,1,Bathroom,False,3470,Pedestal,Not Applicable,Low: <= 5006
Ideal Standard,Wash Basin,Sanitary,Pedestal,Bathroom,60 cm,Low,7.4,Piece,Per_Bathroom,1,Bathroom,False,2458,Pedestal,Not Applicable,Low: <= 5006
Ideal Standard,Wash Basin,Sanitary,Pedestal,Bathroom,60 cm,Low,7.4,Piece,Per_Bathroom,1,Bathroom,False,1851,Pedestal,Not Applicable,Low: <= 5006
Ideal Standard,Rain Shower,Sanitary,Rain Shower,Master Bathroom,Chrome,High,9.0,Set,Per_Master_Bathroom,1,Master Bathroom,True,9519,Rain Shower,Not Applicable,High: > 7542
Roca,Close Coupled Toilet,Sanitary,Floor Mounted,Bathroom,Ceramic,Low,7.6,Piece,Per_Bathroom,1,Bathroom,False,4061,Floor Mounted,Not Applicable,Low: <= 5006
Ideal Standard,Close Coupled Toilet,Sanitary,Floor Mounted,Bathroom,Ceramic,Medium,7.6,Piece,Per_Bathroom,1,Bathroom,False,6698,Floor Mounted,Not Applicable,Medium: 5006 - 7542
Roca,Close Coupled Toilet,Sanitary,Floor Mounted,Bathroom,Ceramic,Medium,7.6,Piece,Per_Bathroom,1,Bathroom,False,5655,Floor Mounted,Not Applicable,Medium: 5006 - 7542
Roca,Wash Basin,Sanitary,Pedestal,Bathroom,60 cm,Low,7.4,Piece,Per_Bathroom,1,Bathroom,False,3982,Pedestal,Not Applicable,Low: <= 5006
Lecico,Shower Cabin,Sanitary,Sliding Cabin,Master Bathroom,90x90 cm,Medium,8.4,Piece,Per_Master_Bathroom,1,Master Bathroom,True,6726,Sliding Cabin,Not Applicable,Medium: 5006 - 7542
GROHE,Shower Cabin,Sanitary,Sliding Cabin,Master Bathroom,90x90 cm,Low,8.4,Piece,Per_Master_Bathroom,1,Master Bathroom,True,4731,Sliding Cabin,Not Applicable,Low: <= 5006
Ideal Standard,Shower Cabin,Sanitary,Sliding Cabin,Master Bathroom,90x90 cm,High,8.4,Piece,Per_Master_Bathroom,1,Master Bathroom,True,8579,Sliding Cabin,Not Applicable,High: > 7542
Ceramica Cleopatra,Rain Shower,Sanitary,Rain Shower,Master Bathroom,Chrome,Medium,9.0,Set,Per_Master_Bathroom,1,Master Bathroom,True,6055,Rain Shower,Not Applicable,Medium: 5006 - 7542
Ceramica Cleopatra,Rain Shower,Sanitary,Rain Shower,Master Bathroom,Chrome,Medium,9.0,Set,Per_Master_Bathroom,1,Master Bathroom,True,6684,Rain Shower,Not Applicable,Medium: 5006 - 7542
Roca,Close Coupled Toilet,Sanitary,Floor Mounted,Bathroom,Ceramic,Low,7.6,Piece,Per_Bathroom,1,Bathroom,False,4073,Floor Mounted,Not Applicable,Low: <= 5006
GROHE,Wash Basin,Sanitary,Pedestal,Bathroom,60 cm,Low,7.4,Piece,Per_Bathroom,1,Bathroom,False,2356,Pedestal,Not Applicable,Low: <= 5006
Lecico,Rain Shower,Sanitary,Rain Shower,Master Bathroom,Chrome,High,9.0,Set,Per_Master_Bathroom,1,Master Bathroom,True,10945,Rain Shower,Not Applicable,High: > 7542
Lecico,Close Coupled Toilet,Sanitary,Floor Mounted,Bathroom,Ceramic,Medium,7.6,Piece,Per_Bathroom,1,Bathroom,False,6314,Floor Mounted,Not Applicable,Medium: 5006 - 7542
Ceramica Cleopatra,Shower Cabin,Sanitary,Sliding Cabin,Master Bathroom,90x90 cm,Medium,8.4,Piece,Per_Master_Bathroom,1,Master Bathroom,True,5730,Sliding Cabin,Not Applicable,Medium: 5006 - 7542
Lecico,Wash Basin,Sanitary,Pedestal,Bathroom,60 cm,Low,7.4,Piece,Per_Bathroom,1,Bathroom,False,3010,Pedestal,Not Applicable,Low: <= 5006
Roca,Wash Basin,Sanitary,Pedestal,Bathroom,60 cm,Low,7.4,Piece,Per_Bathroom,1,Bathroom,False,2784,Pedestal,Not Applicable,Low: <= 5006
Roca,Rain Shower,Sanitary,Rain Shower,Master Bathroom,Chrome,High,9.0,Set,Per_Master_Bathroom,1,Master Bathroom,True,10623,Rain Shower,Not Applicable,High: > 7542
Lecico,Shower Cabin,Sanitary,Sliding Cabin,Master Bathroom,90x90 cm,High,8.4,Piece,Per_Master_Bathroom,1,Master Bathroom,True,7679,Sliding Cabin,Not Applicable,High: > 7542
Roca,Shower Cabin,Sanitary,Sliding Cabin,Master Bathroom,90x90 cm,Medium,8.4,Piece,Per_Master_Bathroom,1,Master Bathroom,True,6063,Sliding Cabin,Not Applicable,Medium: 5006 - 7542
Ceramica Cleopatra,Rain Shower,Sanitary,Rain Shower,Master Bathroom,Chrome,Medium,9.0,Set,Per_Master_Bathroom,1,Master Bathroom,True,5902,Rain Shower,Not Applicable,Medium: 5006 - 7542
Ideal Standard,Wash Basin,Sanitary,Pedestal,Bathroom,60 cm,Low,7.4,Piece,Per_Bathroom,1,Bathroom,False,2797,Pedestal,Not Applicable,Low: <= 5006
Ceramica Cleopatra,Close Coupled Toilet,Sanitary,Floor Mounted,Bathroom,Ceramic,High,7.6,Piece,Per_Bathroom,1,Bathroom,False,7930,Floor Mounted,Not Applicable,High: > 7542
GROHE,Close Coupled Toilet,Sanitary,Floor Mounted,Bathroom,Ceramic,Medium,7.6,Piece,Per_Bathroom,1,Bathroom,False,5009,Floor Mounted,Not Applicable,Medium: 5006 - 7542
Lecico,Wash Basin,Sanitary,Pedestal,Bathroom,60 cm,Low,7.4,Piece,Per_Bathroom,1,Bathroom,False,2082,Pedestal,Not Applicable,Low: <= 5006
Ceramica Cleopatra,Wash Basin,Sanitary,Pedestal,Bathroom,60 cm,Low,7.4,Piece,Per_Bathroom,1,Bathroom,False,1861,Pedestal,Not Applicable,Low: <= 5006
Lecico,Close Coupled Toilet,Sanitary,Floor Mounted,Bathroom,Ceramic,Medium,7.6,Piece,Per_Bathroom,1,Bathroom,False,5131,Floor Mounted,Not Applicable,Medium: 5006 - 7542
Ideal Standard,Shower Cabin,Sanitary,Sliding Cabin,Master Bathroom,90x90 cm,Medium,8.4,Piece,Per_Master_Bathroom,1,Master Bathroom,True,5543,Sliding Cabin,Not Applicable,Medium: 5006 - 7542
GROHE,Wash Basin,Sanitary,Pedestal,Bathroom,60 cm,Low,7.4,Piece,Per_Bathroom,1,Bathroom,False,3331,Pedestal,Not Applicable,Low: <= 5006
Ideal Standard,Shower Cabin,Sanitary,Sliding Cabin,Master Bathroom,90x90 cm,Low,8.4,Piece,Per_Master_Bathroom,1,Master Bathroom,True,4762,Sliding Cabin,Not Applicable,Low: <= 5006
Lecico,Close Coupled Toilet,Sanitary,Floor Mounted,Bathroom,Ceramic,Medium,7.6,Piece,Per_Bathroom,1,Bathroom,False,6970,Floor Mounted,Not Applicable,Medium: 5006 - 7542
Lecico,Close Coupled Toilet,Sanitary,Floor Mounted,Bathroom,Ceramic,High,7.6,Piece,Per_Bathroom,1,Bathroom,False,8091,Floor Mounted,Not Applicable,High: > 7542
Lecico,Wash Basin,Sanitary,Pedestal,Bathroom,60 cm,Low,7.4,Piece,Per_Bathroom,1,Bathroom,False,2622,Pedestal,Not Applicable,Low: <= 5006
Ceramica Cleopatra,Close Coupled Toilet,Sanitary,Floor Mounted,Bathroom,Ceramic,Medium,7.6,Piece,Per_Bathroom,1,Bathroom,False,6791,Floor Mounted,Not Applicable,Medium: 5006 - 7542
Ceramica Cleopatra,Shower Cabin,Sanitary,Sliding Cabin,Master Bathroom,90x90 cm,Medium,8.4,Piece,Per_Master_Bathroom,1,Master Bathroom,True,5053,Sliding Cabin,Not Applicable,Medium: 5006 - 7542
GROHE,Close Coupled Toilet,Sanitary,Floor Mounted,Bathroom,Ceramic,Low,7.6,Piece,Per_Bathroom,1,Bathroom,False,4636,Floor Mounted,Not Applicable,Low: <= 5006
GROHE,Close Coupled Toilet,Sanitary,Floor Mounted,Bathroom,Ceramic,Medium,7.6,Piece,Per_Bathroom,1,Bathroom,False,6722,Floor Mounted,Not Applicable,Medium: 5006 - 7542
Ceramica Cleopatra,Close Coupled Toilet,Sanitary,Floor Mounted,Bathroom,Ceramic,Medium,7.6,Piece,Per_Bathroom,1,Bathroom,False,5787,Floor Mounted,Not Applicable,Medium: 5006 - 7542
Ceramica Cleopatra,Rain Shower,Sanitary,Rain Shower,Master Bathroom,Chrome,High,9.0,Set,Per_Master_Bathroom,1,Master Bathroom,True,10732,Rain Shower,Not Applicable,High: > 7542
GROHE,Close Coupled Toilet,Sanitary,Floor Mounted,Bathroom,Ceramic,Medium,7.6,Piece,Per_Bathroom,1,Bathroom,False,6182,Floor Mounted,Not Applicable,Medium: 5006 - 7542
Roca,Shower Cabin,Sanitary,Sliding Cabin,Master Bathroom,90x90 cm,High,8.4,Piece,Per_Master_Bathroom,1,Master Bathroom,True,9064,Sliding Cabin,Not Applicable,High: > 7542
Roca,Shower Cabin,Sanitary,Sliding Cabin,Master Bathroom,90x90 cm,High,8.4,Piece,Per_Master_Bathroom,1,Master Bathroom,True,8388,Sliding Cabin,Not Applicable,High: > 7542
Roca,Shower Cabin,Sanitary,Sliding Cabin,Master Bathroom,90x90 cm,Medium,8.4,Piece,Per_Master_Bathroom,1,Master Bathroom,True,5027,Sliding Cabin,Not Applicable,Medium: 5006 - 7542
Ceramica Cleopatra,Close Coupled Toilet,Sanitary,Floor Mounted,Bathroom,Ceramic,Medium,7.6,Piece,Per_Bathroom,1,Bathroom,False,6845,Floor Mounted,Not Applicable,Medium: 5006 - 7542
GROHE,Rain Shower,Sanitary,Rain Shower,Master Bathroom,Chrome,High,9.0,Set,Per_Master_Bathroom,1,Master Bathroom,True,10817,Rain Shower,Not Applicable,High: > 7542
GROHE,Close Coupled Toilet,Sanitary,Floor Mounted,Bathroom,Ceramic,Medium,7.6,Piece,Per_Bathroom,1,Bathroom,False,5698,Floor Mounted,Not Applicable,Medium: 5006 - 7542
Ideal Standard,Close Coupled Toilet,Sanitary,Floor Mounted,Bathroom,Ceramic,Low,7.6,Piece,Per_Bathroom,1,Bathroom,False,4293,Floor Mounted,Not Applicable,Low: <= 5006
Roca,Shower Cabin,Sanitary,Sliding Cabin,Master Bathroom,90x90 cm,Medium,8.4,Piece,Per_Master_Bathroom,1,Master Bathroom,True,6913,Sliding Cabin,Not Applicable,Medium: 5006 - 7542
Ideal Standard,Close Coupled Toilet,Sanitary,Floor Mounted,Bathroom,Ceramic,Medium,7.6,Piece,Per_Bathroom,1,Bathroom,False,5468,Floor Mounted,Not Applicable,Medium: 5006 - 7542
Ideal Standard,Wash Basin,Sanitary,Pedestal,Bathroom,60 cm,Low,7.4,Piece,Per_Bathroom,1,Bathroom,False,2343,Pedestal,Not Applicable,Low: <= 5006
Ideal Standard,Rain Shower,Sanitary,Rain Shower,Master Bathroom,Chrome,Medium,9.0,Set,Per_Master_Bathroom,1,Master Bathroom,True,6493,Rain Shower,Not Applicable,Medium: 5006 - 7542
Lecico,Close Coupled Toilet,Sanitary,Floor Mounted,Bathroom,Ceramic,Medium,7.6,Piece,Per_Bathroom,1,Bathroom,False,6911,Floor Mounted,Not Applicable,Medium: 5006 - 7542
Ceramica Cleopatra,Close Coupled Toilet,Sanitary,Floor Mounted,Bathroom,Ceramic,Medium,7.6,Piece,Per_Bathroom,1,Bathroom,False,5171,Floor Mounted,Not Applicable,Medium: 5006 - 7542
GROHE,Wash Basin,Sanitary,Pedestal,Bathroom,60 cm,Low,7.4,Piece,Per_Bathroom,1,Bathroom,False,3611,Pedestal,Not Applicable,Low: <= 5006
Ceramica Cleopatra,Close Coupled Toilet,Sanitary,Floor Mounted,Bathroom,Ceramic,High,7.6,Piece,Per_Bathroom,1,Bathroom,False,8072,Floor Mounted,Not Applicable,High: > 7542
Roca,Rain Shower,Sanitary,Rain Shower,Master Bathroom,Chrome,Medium,9.0,Set,Per_Master_Bathroom,1,Master Bathroom,True,5282,Rain Shower,Not Applicable,Medium: 5006 - 7542
GROHE,Rain Shower,Sanitary,Rain Shower,Master Bathroom,Chrome,High,9.0,Set,Per_Master_Bathroom,1,Master Bathroom,True,8839,Rain Shower,Not Applicable,High: > 7542
GROHE,Shower Cabin,Sanitary,Sliding Cabin,Master Bathroom,90x90 cm,Medium,8.4,Piece,Per_Master_Bathroom,1,Master Bathroom,True,5583,Sliding Cabin,Not Applicable,Medium: 5006 - 7542
GROHE,Wash Basin,Sanitary,Pedestal,Bathroom,60 cm,Low,7.4,Piece,Per_Bathroom,1,Bathroom,False,2009,Pedestal,Not Applicable,Low: <= 5006
Lecico,Rain Shower,Sanitary,Rain Shower,Master Bathroom,Chrome,High,9.0,Set,Per_Master_Bathroom,1,Master Bathroom,True,7888,Rain Shower,Not Applicable,High: > 7542
Roca,Close Coupled Toilet,Sanitary,Floor Mounted,Bathroom,Ceramic,Low,7.6,Piece,Per_Bathroom,1,Bathroom,False,4999,Floor Mounted,Not Applicable,Low: <= 5006
Roca,Wash Basin,Sanitary,Pedestal,Bathroom,60 cm,Low,7.4,Piece,Per_Bathroom,1,Bathroom,False,3296,Pedestal,Not Applicable,Low: <= 5006
GROHE,Rain Shower,Sanitary,Rain Shower,Master Bathroom,Chrome,Medium,9.0,Set,Per_Master_Bathroom,1,Master Bathroom,True,6206,Rain Shower,Not Applicable,Medium: 5006 - 7542
Lecico,Shower Cabin,Sanitary,Sliding Cabin,Master Bathroom,90x90 cm,Low,8.4,Piece,Per_Master_Bathroom,1,Master Bathroom,True,4568,Sliding Cabin,Not Applicable,Low: <= 5006
GROHE,Rain Shower,Sanitary,Rain Shower,Master Bathroom,Chrome,Medium,9.0,Set,Per_Master_Bathroom,1,Master Bathroom,True,6735,Rain Shower,Not Applicable,Medium: 5006 - 7542
Ideal Standard,Shower Cabin,Sanitary,Sliding Cabin,Master Bathroom,90x90 cm,Medium,8.4,Piece,Per_Master_Bathroom,1,Master Bathroom,True,5425,Sliding Cabin,Not Applicable,Medium: 5006 - 7542
Lecico,Rain Shower,Sanitary,Rain Shower,Master Bathroom,Chrome,High,9.0,Set,Per_Master_Bathroom,1,Master Bathroom,True,9234,Rain Shower,Not Applicable,High: > 7542
GROHE,Close Coupled Toilet,Sanitary,Floor Mounted,Bathroom,Ceramic,Medium,7.6,Piece,Per_Bathroom,1,Bathroom,False,7136,Floor Mounted,Not Applicable,Medium: 5006 - 7542
Lecico,Wash Basin,Sanitary,Pedestal,Bathroom,60 cm,Low,7.4,Piece,Per_Bathroom,1,Bathroom,False,3063,Pedestal,Not Applicable,Low: <= 5006
Lecico,Close Coupled Toilet,Sanitary,Floor Mounted,Bathroom,Ceramic,Medium,7.6,Piece,Per_Bathroom,1,Bathroom,False,6123,Floor Mounted,Not Applicable,Medium: 5006 - 7542
GROHE,Wash Basin,Sanitary,Pedestal,Bathroom,60 cm,Low,7.4,Piece,Per_Bathroom,1,Bathroom,False,2358,Pedestal,Not Applicable,Low: <= 5006
GROHE,Close Coupled Toilet,Sanitary,Floor Mounted,Bathroom,Ceramic,Low,7.6,Piece,Per_Bathroom,1,Bathroom,False,4405,Floor Mounted,Not Applicable,Low: <= 5006
GROHE,Rain Shower,Sanitary,Rain Shower,Master Bathroom,Chrome,High,9.0,Set,Per_Master_Bathroom,1,Master Bathroom,True,9690,Rain Shower,Not Applicable,High: > 7542
Ceramica Cleopatra,Rain Shower,Sanitary,Rain Shower,Master Bathroom,Chrome,High,9.0,Set,Per_Master_Bathroom,1,Master Bathroom,True,9757,Rain Shower,Not Applicable,High: > 7542
Roca,Rain Shower,Sanitary,Rain Shower,Master Bathroom,Chrome,Medium,9.0,Set,Per_Master_Bathroom,1,Master Bathroom,True,6235,Rain Shower,Not Applicable,Medium: 5006 - 7542
Roca,Rain Shower,Sanitary,Rain Shower,Master Bathroom,Chrome,Low,9.0,Set,Per_Master_Bathroom,1,Master Bathroom,True,4915,Rain Shower,Not Applicable,Low: <= 5006
Lecico,Wash Basin,Sanitary,Pedestal,Bathroom,60 cm,Low,7.4,Piece,Per_Bathroom,1,Bathroom,False,4104,Pedestal,Not Applicable,Low: <= 5006
Lecico,Wash Basin,Sanitary,Pedestal,Bathroom,60 cm,Low,7.4,Piece,Per_Bathroom,1,Bathroom,False,3433,Pedestal,Not Applicable,Low: <= 5006
Roca,Wash Basin,Sanitary,Pedestal,Bathroom,60 cm,Low,7.4,Piece,Per_Bathroom,1,Bathroom,False,2188,Pedestal,Not Applicable,Low: <= 5006
Roca,Shower Cabin,Sanitary,Sliding Cabin,Master Bathroom,90x90 cm,High,8.4,Piece,Per_Master_Bathroom,1,Master Bathroom,True,9910,Sliding Cabin,Not Applicable,High: > 7542
Ceramica Cleopatra,Shower Cabin,Sanitary,Sliding Cabin,Master Bathroom,90x90 cm,High,8.4,Piece,Per_Master_Bathroom,1,Master Bathroom,True,8290,Sliding Cabin,Not Applicable,High: > 7542
GROHE,Close Coupled Toilet,Sanitary,Floor Mounted,Bathroom,Ceramic,Medium,7.6,Piece,Per_Bathroom,1,Bathroom,False,5638,Floor Mounted,Not Applicable,Medium: 5006 - 7542
GROHE,Close Coupled Toilet,Sanitary,Floor Mounted,Bathroom,Ceramic,Medium,7.6,Piece,Per_Bathroom,1,Bathroom,False,7471,Floor Mounted,Not Applicable,Medium: 5006 - 7542
Ceramica Cleopatra,Rain Shower,Sanitary,Rain Shower,Master Bathroom,Chrome,Medium,9.0,Set,Per_Master_Bathroom,1,Master Bathroom,True,6208,Rain Shower,Not Applicable,Medium: 5006 - 7542
Roca,Wash Basin,Sanitary,Pedestal,Bathroom,60 cm,Low,7.4,Piece,Per_Bathroom,1,Bathroom,False,2910,Pedestal,Not Applicable,Low: <= 5006
GROHE,Wash Basin,Sanitary,Pedestal,Bathroom,60 cm,Low,7.4,Piece,Per_Bathroom,1,Bathroom,False,3334,Pedestal,Not Applicable,Low: <= 5006
Roca,Rain Shower,Sanitary,Rain Shower,Master Bathroom,Chrome,High,9.0,Set,Per_Master_Bathroom,1,Master Bathroom,True,10692,Rain Shower,Not Applicable,High: > 7542
Ceramica Cleopatra,Close Coupled Toilet,Sanitary,Floor Mounted,Bathroom,Ceramic,Medium,7.6,Piece,Per_Bathroom,1,Bathroom,False,5433,Floor Mounted,Not Applicable,Medium: 5006 - 7542
GROHE,Rain Shower,Sanitary,Rain Shower,Master Bathroom,Chrome,High,9.0,Set,Per_Master_Bathroom,1,Master Bathroom,True,8188,Rain Shower,Not Applicable,High: > 7542
Roca,Shower Cabin,Sanitary,Sliding Cabin,Master Bathroom,90x90 cm,High,8.4,Piece,Per_Master_Bathroom,1,Master Bathroom,True,10083,Sliding Cabin,Not Applicable,High: > 7542
Lecico,Shower Cabin,Sanitary,Sliding Cabin,Master Bathroom,90x90 cm,High,8.4,Piece,Per_Master_Bathroom,1,Master Bathroom,True,9530,Sliding Cabin,Not Applicable,High: > 7542
Lecico,Shower Cabin,Sanitary,Sliding Cabin,Master Bathroom,90x90 cm,High,8.4,Piece,Per_Master_Bathroom,1,Master Bathroom,True,9858,Sliding Cabin,Not Applicable,High: > 7542
Roca,Rain Shower,Sanitary,Rain Shower,Master Bathroom,Chrome,High,9.0,Set,Per_Master_Bathroom,1,Master Bathroom,True,9974,Rain Shower,Not Applicable,High: > 7542
Ceramica Cleopatra,Close Coupled Toilet,Sanitary,Floor Mounted,Bathroom,Ceramic,High,7.6,Piece,Per_Bathroom,1,Bathroom,False,8214,Floor Mounted,Not Applicable,High: > 7542
Roca,Wash Basin,Sanitary,Pedestal,Bathroom,60 cm,Low,7.4,Piece,Per_Bathroom,1,Bathroom,False,2169,Pedestal,Not Applicable,Low: <= 5006
Ideal Standard,Wash Basin,Sanitary,Pedestal,Bathroom,60 cm,Low,7.4,Piece,Per_Bathroom,1,Bathroom,False,2906,Pedestal,Not Applicable,Low: <= 5006
Roca,Rain Shower,Sanitary,Rain Shower,Master Bathroom,Chrome,Medium,9.0,Set,Per_Master_Bathroom,1,Master Bathroom,True,5649,Rain Shower,Not Applicable,Medium: 5006 - 7542
Roca,Shower Cabin,Sanitary,Sliding Cabin,Master Bathroom,90x90 cm,Medium,8.4,Piece,Per_Master_Bathroom,1,Master Bathroom,True,7095,Sliding Cabin,Not Applicable,Medium: 5006 - 7542
Lecico,Rain Shower,Sanitary,Rain Shower,Master Bathroom,Chrome,High,9.0,Set,Per_Master_Bathroom,1,Master Bathroom,True,7682,Rain Shower,Not Applicable,High: > 7542
Roca,Rain Shower,Sanitary,Rain Shower,Master Bathroom,Chrome,High,9.0,Set,Per_Master_Bathroom,1,Master Bathroom,True,9256,Rain Shower,Not Applicable,High: > 7542
Ideal Standard,Rain Shower,Sanitary,Rain Shower,Master Bathroom,Chrome,Medium,9.0,Set,Per_Master_Bathroom,1,Master Bathroom,True,7011,Rain Shower,Not Applicable,Medium: 5006 - 7542
GROHE,Wash Basin,Sanitary,Pedestal,Bathroom,60 cm,Low,7.4,Piece,Per_Bathroom,1,Bathroom,False,3875,Pedestal,Not Applicable,Low: <= 5006
Ideal Standard,Rain Shower,Sanitary,Rain Shower,Master Bathroom,Chrome,Medium,9.0,Set,Per_Master_Bathroom,1,Master Bathroom,True,7419,Rain Shower,Not Applicable,Medium: 5006 - 7542
Ceramica Cleopatra,Close Coupled Toilet,Sanitary,Floor Mounted,Bathroom,Ceramic,High,7.6,Piece,Per_Bathroom,1,Bathroom,False,7770,Floor Mounted,Not Applicable,High: > 7542
Ideal Standard,Shower Cabin,Sanitary,Sliding Cabin,Master Bathroom,90x90 cm,Medium,8.4,Piece,Per_Master_Bathroom,1,Master Bathroom,True,6133,Sliding Cabin,Not Applicable,Medium: 5006 - 7542
Ceramica Cleopatra,Close Coupled Toilet,Sanitary,Floor Mounted,Bathroom,Ceramic,Medium,7.6,Piece,Per_Bathroom,1,Bathroom,False,7129,Floor Mounted,Not Applicable,Medium: 5006 - 7542
Lecico,Close Coupled Toilet,Sanitary,Floor Mounted,Bathroom,Ceramic,High,7.6,Piece,Per_Bathroom,1,Bathroom,False,7650,Floor Mounted,Not Applicable,High: > 7542
GROHE,Close Coupled Toilet,Sanitary,Floor Mounted,Bathroom,Ceramic,Low,7.6,Piece,Per_Bathroom,1,Bathroom,False,4492,Floor Mounted,Not Applicable,Low: <= 5006
Roca,Close Coupled Toilet,Sanitary,Floor Mounted,Bathroom,Ceramic,Medium,7.6,Piece,Per_Bathroom,1,Bathroom,False,5074,Floor Mounted,Not Applicable,Medium: 5006 - 7542
Ideal Standard,Rain Shower,Sanitary,Rain Shower,Master Bathroom,Chrome,High,9.0,Set,Per_Master_Bathroom,1,Master Bathroom,True,10081,Rain Shower,Not Applicable,High: > 7542
Roca,Shower Cabin,Sanitary,Sliding Cabin,Master Bathroom,90x90 cm,High,8.4,Piece,Per_Master_Bathroom,1,Master Bathroom,True,10861,Sliding Cabin,Not Applicable,High: > 7542
Ceramica Cleopatra,Close Coupled Toilet,Sanitary,Floor Mounted,Bathroom,Ceramic,High,7.6,Piece,Per_Bathroom,1,Bathroom,False,8079,Floor Mounted,Not Applicable,High: > 7542
Ideal Standard,Close Coupled Toilet,Sanitary,Floor Mounted,Bathroom,Ceramic,High,7.6,Piece,Per_Bathroom,1,Bathroom,False,7552,Floor Mounted,Not Applicable,High: > 7542
Ideal Standard,Rain Shower,Sanitary,Rain Shower,Master Bathroom,Chrome,High,9.0,Set,Per_Master_Bathroom,1,Master Bathroom,True,9150,Rain Shower,Not Applicable,High: > 7542
Ideal Standard,Shower Cabin,Sanitary,Sliding Cabin,Master Bathroom,90x90 cm,High,8.4,Piece,Per_Master_Bathroom,1,Master Bathroom,True,9812,Sliding Cabin,Not Applicable,High: > 7542
Ideal Standard,Close Coupled Toilet,Sanitary,Floor Mounted,Bathroom,Ceramic,Medium,7.6,Piece,Per_Bathroom,1,Bathroom,False,5354,Floor Mounted,Not Applicable,Medium: 5006 - 7542
Ceramica Cleopatra,Wash Basin,Sanitary,Pedestal,Bathroom,60 cm,Low,7.4,Piece,Per_Bathroom,1,Bathroom,False,2343,Pedestal,Not Applicable,Low: <= 5006
Lecico,Wash Basin,Sanitary,Pedestal,Bathroom,60 cm,Low,7.4,Piece,Per_Bathroom,1,Bathroom,False,2723,Pedestal,Not Applicable,Low: <= 5006
Ideal Standard,Close Coupled Toilet,Sanitary,Floor Mounted,Bathroom,Ceramic,High,7.6,Piece,Per_Bathroom,1,Bathroom,False,7820,Floor Mounted,Not Applicable,High: > 7542
Lecico,Wash Basin,Sanitary,Pedestal,Bathroom,60 cm,Low,7.4,Piece,Per_Bathroom,1,Bathroom,False,3205,Pedestal,Not Applicable,Low: <= 5006
Ideal Standard,Rain Shower,Sanitary,Rain Shower,Master Bathroom,Chrome,High,9.0,Set,Per_Master_Bathroom,1,Master Bathroom,True,10910,Rain Shower,Not Applicable,High: > 7542
GROHE,Close Coupled Toilet,Sanitary,Floor Mounted,Bathroom,Ceramic,Medium,7.6,Piece,Per_Bathroom,1,Bathroom,False,6494,Floor Mounted,Not Applicable,Medium: 5006 - 7542
GROHE,Shower Cabin,Sanitary,Sliding Cabin,Master Bathroom,90x90 cm,Medium,8.4,Piece,Per_Master_Bathroom,1,Master Bathroom,True,7373,Sliding Cabin,Not Applicable,Medium: 5006 - 7542
Ideal Standard,Close Coupled Toilet,Sanitary,Floor Mounted,Bathroom,Ceramic,Low,7.6,Piece,Per_Bathroom,1,Bathroom,False,4972,Floor Mounted,Not Applicable,Low: <= 5006
Ideal Standard,Wash Basin,Sanitary,Pedestal,Bathroom,60 cm,Low,7.4,Piece,Per_Bathroom,1,Bathroom,False,3895,Pedestal,Not Applicable,Low: <= 5006
Ideal Standard,Wash Basin,Sanitary,Pedestal,Bathroom,60 cm,Low,7.4,Piece,Per_Bathroom,1,Bathroom,False,2277,Pedestal,Not Applicable,Low: <= 5006
GROHE,Close Coupled Toilet,Sanitary,Floor Mounted,Bathroom,Ceramic,Medium,7.6,Piece,Per_Bathroom,1,Bathroom,False,5826,Floor Mounted,Not Applicable,Medium: 5006 - 7542
Roca,Wash Basin,Sanitary,Pedestal,Bathroom,60 cm,Low,7.4,Piece,Per_Bathroom,1,Bathroom,False,2691,Pedestal,Not Applicable,Low: <= 5006
Roca,Rain Shower,Sanitary,Rain Shower,Master Bathroom,Chrome,High,9.0,Set,Per_Master_Bathroom,1,Master Bathroom,True,8040,Rain Shower,Not Applicable,High: > 7542
Roca,Close Coupled Toilet,Sanitary,Floor Mounted,Bathroom,Ceramic,Low,7.6,Piece,Per_Bathroom,1,Bathroom,False,4961,Floor Mounted,Not Applicable,Low: <= 5006
Ideal Standard,Close Coupled Toilet,Sanitary,Floor Mounted,Bathroom,Ceramic,Low,7.6,Piece,Per_Bathroom,1,Bathroom,False,4978,Floor Mounted,Not Applicable,Low: <= 5006
Ceramica Cleopatra,Rain Shower,Sanitary,Rain Shower,Master Bathroom,Chrome,Low,9.0,Set,Per_Master_Bathroom,1,Master Bathroom,True,4524,Rain Shower,Not Applicable,Low: <= 5006
Roca,Shower Cabin,Sanitary,Sliding Cabin,Master Bathroom,90x90 cm,Medium,8.4,Piece,Per_Master_Bathroom,1,Master Bathroom,True,6837,Sliding Cabin,Not Applicable,Medium: 5006 - 7542
Ideal Standard,Shower Cabin,Sanitary,Sliding Cabin,Master Bathroom,90x90 cm,Medium,8.4,Piece,Per_Master_Bathroom,1,Master Bathroom,True,5944,Sliding Cabin,Not Applicable,Medium: 5006 - 7542
Ideal Standard,Shower Cabin,Sanitary,Sliding Cabin,Master Bathroom,90x90 cm,High,8.4,Piece,Per_Master_Bathroom,1,Master Bathroom,True,10585,Sliding Cabin,Not Applicable,High: > 7542
GROHE,Close Coupled Toilet,Sanitary,Floor Mounted,Bathroom,Ceramic,Medium,7.6,Piece,Per_Bathroom,1,Bathroom,False,7364,Floor Mounted,Not Applicable,Medium: 5006 - 7542
Roca,Wash Basin,Sanitary,Pedestal,Bathroom,60 cm,Low,7.4,Piece,Per_Bathroom,1,Bathroom,False,2192,Pedestal,Not Applicable,Low: <= 5006
GROHE,Shower Cabin,Sanitary,Sliding Cabin,Master Bathroom,90x90 cm,Medium,8.4,Piece,Per_Master_Bathroom,1,Master Bathroom,True,6250,Sliding Cabin,Not Applicable,Medium: 5006 - 7542
Roca,Wash Basin,Sanitary,Pedestal,Bathroom,60 cm,Low,7.4,Piece,Per_Bathroom,1,Bathroom,False,1951,Pedestal,Not Applicable,Low: <= 5006
Lecico,Wash Basin,Sanitary,Pedestal,Bathroom,60 cm,Low,7.4,Piece,Per_Bathroom,1,Bathroom,False,3061,Pedestal,Not Applicable,Low: <= 5006
Roca,Rain Shower,Sanitary,Rain Shower,Master Bathroom,Chrome,Medium,9.0,Set,Per_Master_Bathroom,1,Master Bathroom,True,6131,Rain Shower,Not Applicable,Medium: 5006 - 7542
GROHE,Close Coupled Toilet,Sanitary,Floor Mounted,Bathroom,Ceramic,Medium,7.6,Piece,Per_Bathroom,1,Bathroom,False,5898,Floor Mounted,Not Applicable,Medium: 5006 - 7542
Roca,Rain Shower,Sanitary,Rain Shower,Master Bathroom,Chrome,High,9.0,Set,Per_Master_Bathroom,1,Master Bathroom,True,9128,Rain Shower,Not Applicable,High: > 7542
Roca,Wash Basin,Sanitary,Pedestal,Bathroom,60 cm,Low,7.4,Piece,Per_Bathroom,1,Bathroom,False,3146,Pedestal,Not Applicable,Low: <= 5006
GROHE,Close Coupled Toilet,Sanitary,Floor Mounted,Bathroom,Ceramic,Low,7.6,Piece,Per_Bathroom,1,Bathroom,False,4756,Floor Mounted,Not Applicable,Low: <= 5006
Lecico,Close Coupled Toilet,Sanitary,Floor Mounted,Bathroom,Ceramic,Low,7.6,Piece,Per_Bathroom,1,Bathroom,False,3996,Floor Mounted,Not Applicable,Low: <= 5006
Ceramica Cleopatra,Close Coupled Toilet,Sanitary,Floor Mounted,Bathroom,Ceramic,High,7.6,Piece,Per_Bathroom,1,Bathroom,False,7709,Floor Mounted,Not Applicable,High: > 7542
Ideal Standard,Close Coupled Toilet,Sanitary,Floor Mounted,Bathroom,Ceramic,Medium,7.6,Piece,Per_Bathroom,1,Bathroom,False,6235,Floor Mounted,Not Applicable,Medium: 5006 - 7542
GROHE,Wash Basin,Sanitary,Pedestal,Bathroom,60 cm,Low,7.4,Piece,Per_Bathroom,1,Bathroom,False,2547,Pedestal,Not Applicable,Low: <= 5006
GROHE,Wash Basin,Sanitary,Pedestal,Bathroom,60 cm,Low,7.4,Piece,Per_Bathroom,1,Bathroom,False,2961,Pedestal,Not Applicable,Low: <= 5006
Ideal Standard,Rain Shower,Sanitary,Rain Shower,Master Bathroom,Chrome,High,9.0,Set,Per_Master_Bathroom,1,Master Bathroom,True,10431,Rain Shower,Not Applicable,High: > 7542
Ceramica Cleopatra,Rain Shower,Sanitary,Rain Shower,Master Bathroom,Chrome,High,9.0,Set,Per_Master_Bathroom,1,Master Bathroom,True,9438,Rain Shower,Not Applicable,High: > 7542
Ceramica Cleopatra,Rain Shower,Sanitary,Rain Shower,Master Bathroom,Chrome,Low,9.0,Set,Per_Master_Bathroom,1,Master Bathroom,True,4647,Rain Shower,Not Applicable,Low: <= 5006
Ideal Standard,Wash Basin,Sanitary,Pedestal,Bathroom,60 cm,Low,7.4,Piece,Per_Bathroom,1,Bathroom,False,2144,Pedestal,Not Applicable,Low: <= 5006
Lecico,Wash Basin,Sanitary,Pedestal,Bathroom,60 cm,Low,7.4,Piece,Per_Bathroom,1,Bathroom,False,3771,Pedestal,Not Applicable,Low: <= 5006
Ceramica Cleopatra,Shower Cabin,Sanitary,Sliding Cabin,Master Bathroom,90x90 cm,Medium,8.4,Piece,Per_Master_Bathroom,1,Master Bathroom,True,6044,Sliding Cabin,Not Applicable,Medium: 5006 - 7542
GROHE,Wash Basin,Sanitary,Pedestal,Bathroom,60 cm,Low,7.4,Piece,Per_Bathroom,1,Bathroom,False,3796,Pedestal,Not Applicable,Low: <= 5006
Ceramica Cleopatra,Wash Basin,Sanitary,Pedestal,Bathroom,60 cm,Low,7.4,Piece,Per_Bathroom,1,Bathroom,False,2299,Pedestal,Not Applicable,Low: <= 5006
Ceramica Cleopatra,Shower Cabin,Sanitary,Sliding Cabin,Master Bathroom,90x90 cm,High,8.4,Piece,Per_Master_Bathroom,1,Master Bathroom,True,9643,Sliding Cabin,Not Applicable,High: > 7542
Roca,Close Coupled Toilet,Sanitary,Floor Mounted,Bathroom,Ceramic,High,7.6,Piece,Per_Bathroom,1,Bathroom,False,8150,Floor Mounted,Not Applicable,High: > 7542
Lecico,Rain Shower,Sanitary,Rain Shower,Master Bathroom,Chrome,High,9.0,Set,Per_Master_Bathroom,1,Master Bathroom,True,8765,Rain Shower,Not Applicable,High: > 7542
Ideal Standard,Rain Shower,Sanitary,Rain Shower,Master Bathroom,Chrome,High,9.0,Set,Per_Master_Bathroom,1,Master Bathroom,True,9239,Rain Shower,Not Applicable,High: > 7542
GROHE,Wash Basin,Sanitary,Pedestal,Bathroom,60 cm,Low,7.4,Piece,Per_Bathroom,1,Bathroom,False,2427,Pedestal,Not Applicable,Low: <= 5006
Roca,Close Coupled Toilet,Sanitary,Floor Mounted,Bathroom,Ceramic,Low,7.6,Piece,Per_Bathroom,1,Bathroom,False,4826,Floor Mounted,Not Applicable,Low: <= 5006
Lecico,Close Coupled Toilet,Sanitary,Floor Mounted,Bathroom,Ceramic,Low,7.6,Piece,Per_Bathroom,1,Bathroom,False,4536,Floor Mounted,Not Applicable,Low: <= 5006
Ceramica Cleopatra,Wash Basin,Sanitary,Pedestal,Bathroom,60 cm,Low,7.4,Piece,Per_Bathroom,1,Bathroom,False,1957,Pedestal,Not Applicable,Low: <= 5006
Ideal Standard,Shower Cabin,Sanitary,Sliding Cabin,Master Bathroom,90x90 cm,Medium,8.4,Piece,Per_Master_Bathroom,1,Master Bathroom,True,6174,Sliding Cabin,Not Applicable,Medium: 5006 - 7542
Ideal Standard,Close Coupled Toilet,Sanitary,Floor Mounted,Bathroom,Ceramic,Medium,7.6,Piece,Per_Bathroom,1,Bathroom,False,5327,Floor Mounted,Not Applicable,Medium: 5006 - 7542
Ideal Standard,Shower Cabin,Sanitary,Sliding Cabin,Master Bathroom,90x90 cm,High,8.4,Piece,Per_Master_Bathroom,1,Master Bathroom,True,10180,Sliding Cabin,Not Applicable,High: > 7542
Roca,Shower Cabin,Sanitary,Sliding Cabin,Master Bathroom,90x90 cm,High,8.4,Piece,Per_Master_Bathroom,1,Master Bathroom,True,7800,Sliding Cabin,Not Applicable,High: > 7542
GROHE,Wash Basin,Sanitary,Pedestal,Bathroom,60 cm,Low,7.4,Piece,Per_Bathroom,1,Bathroom,False,3991,Pedestal,Not Applicable,Low: <= 5006
GROHE,Shower Cabin,Sanitary,Sliding Cabin,Master Bathroom,90x90 cm,High,8.4,Piece,Per_Master_Bathroom,1,Master Bathroom,True,9501,Sliding Cabin,Not Applicable,High: > 7542
Ceramica Cleopatra,Shower Cabin,Sanitary,Sliding Cabin,Master Bathroom,90x90 cm,High,8.4,Piece,Per_Master_Bathroom,1,Master Bathroom,True,8772,Sliding Cabin,Not Applicable,High: > 7542
Lecico,Rain Shower,Sanitary,Rain Shower,Master Bathroom,Chrome,Medium,9.0,Set,Per_Master_Bathroom,1,Master Bathroom,True,6977,Rain Shower,Not Applicable,Medium: 5006 - 7542
Ceramica Cleopatra,Shower Cabin,Sanitary,Sliding Cabin,Master Bathroom,90x90 cm,Medium,8.4,Piece,Per_Master_Bathroom,1,Master Bathroom,True,5518,Sliding Cabin,Not Applicable,Medium: 5006 - 7542
GROHE,Wash Basin,Sanitary,Pedestal,Bathroom,60 cm,Low,7.4,Piece,Per_Bathroom,1,Bathroom,False,3583,Pedestal,Not Applicable,Low: <= 5006
Lecico,Close Coupled Toilet,Sanitary,Floor Mounted,Bathroom,Ceramic,Low,7.6,Piece,Per_Bathroom,1,Bathroom,False,3870,Floor Mounted,Not Applicable,Low: <= 5006
Ceramica Cleopatra,Wash Basin,Sanitary,Pedestal,Bathroom,60 cm,Low,7.4,Piece,Per_Bathroom,1,Bathroom,False,1960,Pedestal,Not Applicable,Low: <= 5006
Roca,Close Coupled Toilet,Sanitary,Floor Mounted,Bathroom,Ceramic,Medium,7.6,Piece,Per_Bathroom,1,Bathroom,False,6115,Floor Mounted,Not Applicable,Medium: 5006 - 7542
Ideal Standard,Wash Basin,Sanitary,Pedestal,Bathroom,60 cm,Low,7.4,Piece,Per_Bathroom,1,Bathroom,False,3932,Pedestal,Not Applicable,Low: <= 5006
Roca,Shower Cabin,Sanitary,Sliding Cabin,Master Bathroom,90x90 cm,Medium,8.4,Piece,Per_Master_Bathroom,1,Master Bathroom,True,6499,Sliding Cabin,Not Applicable,Medium: 5006 - 7542
Lecico,Rain Shower,Sanitary,Rain Shower,Master Bathroom,Chrome,Medium,9.0,Set,Per_Master_Bathroom,1,Master Bathroom,True,5082,Rain Shower,Not Applicable,Medium: 5006 - 7542
Ceramica Cleopatra,Shower Cabin,Sanitary,Sliding Cabin,Master Bathroom,90x90 cm,High,8.4,Piece,Per_Master_Bathroom,1,Master Bathroom,True,9718,Sliding Cabin,Not Applicable,High: > 7542
Ceramica Cleopatra,Close Coupled Toilet,Sanitary,Floor Mounted,Bathroom,Ceramic,Low,7.6,Piece,Per_Bathroom,1,Bathroom,False,3946,Floor Mounted,Not Applicable,Low: <= 5006
Lecico,Rain Shower,Sanitary,Rain Shower,Master Bathroom,Chrome,Medium,9.0,Set,Per_Master_Bathroom,1,Master Bathroom,True,5253,Rain Shower,Not Applicable,Medium: 5006 - 7542
Roca,Close Coupled Toilet,Sanitary,Floor Mounted,Bathroom,Ceramic,Medium,7.6,Piece,Per_Bathroom,1,Bathroom,False,5356,Floor Mounted,Not Applicable,Medium: 5006 - 7542
Roca,Wash Basin,Sanitary,Pedestal,Bathroom,60 cm,Low,7.4,Piece,Per_Bathroom,1,Bathroom,False,3890,Pedestal,Not Applicable,Low: <= 5006
GROHE,Rain Shower,Sanitary,Rain Shower,Master Bathroom,Chrome,High,9.0,Set,Per_Master_Bathroom,1,Master Bathroom,True,9184,Rain Shower,Not Applicable,High: > 7542
Lecico,Shower Cabin,Sanitary,Sliding Cabin,Master Bathroom,90x90 cm,Medium,8.4,Piece,Per_Master_Bathroom,1,Master Bathroom,True,6998,Sliding Cabin,Not Applicable,Medium: 5006 - 7542
Roca,Rain Shower,Sanitary,Rain Shower,Master Bathroom,Chrome,High,9.0,Set,Per_Master_Bathroom,1,Master Bathroom,True,7903,Rain Shower,Not Applicable,High: > 7542
Ideal Standard,Close Coupled Toilet,Sanitary,Floor Mounted,Bathroom,Ceramic,High,7.6,Piece,Per_Bathroom,1,Bathroom,False,7593,Floor Mounted,Not Applicable,High: > 7542
Ideal Standard,Shower Cabin,Sanitary,Sliding Cabin,Master Bathroom,90x90 cm,Medium,8.4,Piece,Per_Master_Bathroom,1,Master Bathroom,True,5693,Sliding Cabin,Not Applicable,Medium: 5006 - 7542
Roca,Shower Cabin,Sanitary,Sliding Cabin,Master Bathroom,90x90 cm,Medium,8.4,Piece,Per_Master_Bathroom,1,Master Bathroom,True,5577,Sliding Cabin,Not Applicable,Medium: 5006 - 7542
Ideal Standard,Rain Shower,Sanitary,Rain Shower,Master Bathroom,Chrome,High,9.0,Set,Per_Master_Bathroom,1,Master Bathroom,True,9267,Rain Shower,Not Applicable,High: > 7542
Ideal Standard,Wash Basin,Sanitary,Pedestal,Bathroom,60 cm,Low,7.4,Piece,Per_Bathroom,1,Bathroom,False,2707,Pedestal,Not Applicable,Low: <= 5006
Ceramica Cleopatra,Shower Cabin,Sanitary,Sliding Cabin,Master Bathroom,90x90 cm,High,8.4,Piece,Per_Master_Bathroom,1,Master Bathroom,True,8714,Sliding Cabin,Not Applicable,High: > 7542
Lecico,Wash Basin,Sanitary,Pedestal,Bathroom,60 cm,Low,7.4,Piece,Per_Bathroom,1,Bathroom,False,2387,Pedestal,Not Applicable,Low: <= 5006
GROHE,Rain Shower,Sanitary,Rain Shower,Master Bathroom,Chrome,High,9.0,Set,Per_Master_Bathroom,1,Master Bathroom,True,8675,Rain Shower,Not Applicable,High: > 7542
Ideal Standard,Wash Basin,Sanitary,Pedestal,Bathroom,60 cm,Low,7.4,Piece,Per_Bathroom,1,Bathroom,False,2000,Pedestal,Not Applicable,Low: <= 5006
Lecico,Rain Shower,Sanitary,Rain Shower,Master Bathroom,Chrome,High,9.0,Set,Per_Master_Bathroom,1,Master Bathroom,True,10386,Rain Shower,Not Applicable,High: > 7542
Lecico,Rain Shower,Sanitary,Rain Shower,Master Bathroom,Chrome,High,9.0,Set,Per_Master_Bathroom,1,Master Bathroom,True,7849,Rain Shower,Not Applicable,High: > 7542
Ceramica Cleopatra,Close Coupled Toilet,Sanitary,Floor Mounted,Bathroom,Ceramic,Low,7.6,Piece,Per_Bathroom,1,Bathroom,False,4380,Floor Mounted,Not Applicable,Low: <= 5006
Ideal Standard,Close Coupled Toilet,Sanitary,Floor Mounted,Bathroom,Ceramic,Medium,7.6,Piece,Per_Bathroom,1,Bathroom,False,6731,Floor Mounted,Not Applicable,Medium: 5006 - 7542
Lecico,Close Coupled Toilet,Sanitary,Floor Mounted,Bathroom,Ceramic,Medium,7.6,Piece,Per_Bathroom,1,Bathroom,False,5096,Floor Mounted,Not Applicable,Medium: 5006 - 7542
Roca,Rain Shower,Sanitary,Rain Shower,Master Bathroom,Chrome,Medium,9.0,Set,Per_Master_Bathroom,1,Master Bathroom,True,7376,Rain Shower,Not Applicable,Medium: 5006 - 7542
Ideal Standard,Close Coupled Toilet,Sanitary,Floor Mounted,Bathroom,Ceramic,High,7.6,Piece,Per_Bathroom,1,Bathroom,False,8020,Floor Mounted,Not Applicable,High: > 7542
GROHE,Wash Basin,Sanitary,Pedestal,Bathroom,60 cm,Low,7.4,Piece,Per_Bathroom,1,Bathroom,False,4110,Pedestal,Not Applicable,Low: <= 5006
Ideal Standard,Rain Shower,Sanitary,Rain Shower,Master Bathroom,Chrome,Medium,9.0,Set,Per_Master_Bathroom,1,Master Bathroom,True,5100,Rain Shower,Not Applicable,Medium: 5006 - 7542
Ceramica Cleopatra,Close Coupled Toilet,Sanitary,Floor Mounted,Bathroom,Ceramic,Medium,7.6,Piece,Per_Bathroom,1,Bathroom,False,6449,Floor Mounted,Not Applicable,Medium: 5006 - 7542
Roca,Wash Basin,Sanitary,Pedestal,Bathroom,60 cm,Low,7.4,Piece,Per_Bathroom,1,Bathroom,False,3849,Pedestal,Not Applicable,Low: <= 5006
GROHE,Shower Cabin,Sanitary,Sliding Cabin,Master Bathroom,90x90 cm,Medium,8.4,Piece,Per_Master_Bathroom,1,Master Bathroom,True,6238,Sliding Cabin,Not Applicable,Medium: 5006 - 7542
Lecico,Shower Cabin,Sanitary,Sliding Cabin,Master Bathroom,90x90 cm,Medium,8.4,Piece,Per_Master_Bathroom,1,Master Bathroom,True,6032,Sliding Cabin,Not Applicable,Medium: 5006 - 7542
Ceramica Cleopatra,Wash Basin,Sanitary,Pedestal,Bathroom,60 cm,Low,7.4,Piece,Per_Bathroom,1,Bathroom,False,3656,Pedestal,Not Applicable,Low: <= 5006
GROHE,Shower Cabin,Sanitary,Sliding Cabin,Master Bathroom,90x90 cm,Medium,8.4,Piece,Per_Master_Bathroom,1,Master Bathroom,True,5539,Sliding Cabin,Not Applicable,Medium: 5006 - 7542
GROHE,Rain Shower,Sanitary,Rain Shower,Master Bathroom,Chrome,High,9.0,Set,Per_Master_Bathroom,1,Master Bathroom,True,9251,Rain Shower,Not Applicable,High: > 7542
Ceramica Cleopatra,Wash Basin,Sanitary,Pedestal,Bathroom,60 cm,Low,7.4,Piece,Per_Bathroom,1,Bathroom,False,3234,Pedestal,Not Applicable,Low: <= 5006
GROHE,Shower Cabin,Sanitary,Sliding Cabin,Master Bathroom,90x90 cm,Medium,8.4,Piece,Per_Master_Bathroom,1,Master Bathroom,True,7297,Sliding Cabin,Not Applicable,Medium: 5006 - 7542
Roca,Close Coupled Toilet,Sanitary,Floor Mounted,Bathroom,Ceramic,High,7.6,Piece,Per_Bathroom,1,Bathroom,False,7666,Floor Mounted,Not Applicable,High: > 7542
Roca,Close Coupled Toilet,Sanitary,Floor Mounted,Bathroom,Ceramic,Medium,7.6,Piece,Per_Bathroom,1,Bathroom,False,7423,Floor Mounted,Not Applicable,Medium: 5006 - 7542
Lecico,Shower Cabin,Sanitary,Sliding Cabin,Master Bathroom,90x90 cm,Low,8.4,Piece,Per_Master_Bathroom,1,Master Bathroom,True,4727,Sliding Cabin,Not Applicable,Low: <= 5006
Ceramica Cleopatra,Close Coupled Toilet,Sanitary,Floor Mounted,Bathroom,Ceramic,High,7.6,Piece,Per_Bathroom,1,Bathroom,False,7646,Floor Mounted,Not Applicable,High: > 7542
Roca,Shower Cabin,Sanitary,Sliding Cabin,Master Bathroom,90x90 cm,Medium,8.4,Piece,Per_Master_Bathroom,1,Master Bathroom,True,6506,Sliding Cabin,Not Applicable,Medium: 5006 - 7542
Lecico,Close Coupled Toilet,Sanitary,Floor Mounted,Bathroom,Ceramic,Low,7.6,Piece,Per_Bathroom,1,Bathroom,False,4141,Floor Mounted,Not Applicable,Low: <= 5006
GROHE,Shower Cabin,Sanitary,Sliding Cabin,Master Bathroom,90x90 cm,Medium,8.4,Piece,Per_Master_Bathroom,1,Master Bathroom,True,5218,Sliding Cabin,Not Applicable,Medium: 5006 - 7542
Ideal Standard,Rain Shower,Sanitary,Rain Shower,Master Bathroom,Chrome,Medium,9.0,Set,Per_Master_Bathroom,1,Master Bathroom,True,5051,Rain Shower,Not Applicable,Medium: 5006 - 7542
Ceramica Cleopatra,Rain Shower,Sanitary,Rain Shower,Master Bathroom,Chrome,Medium,9.0,Set,Per_Master_Bathroom,1,Master Bathroom,True,6427,Rain Shower,Not Applicable,Medium: 5006 - 7542
Lecico,Close Coupled Toilet,Sanitary,Floor Mounted,Bathroom,Ceramic,High,7.6,Piece,Per_Bathroom,1,Bathroom,False,8227,Floor Mounted,Not Applicable,High: > 7542
Ideal Standard,Shower Cabin,Sanitary,Sliding Cabin,Master Bathroom,90x90 cm,High,8.4,Piece,Per_Master_Bathroom,1,Master Bathroom,True,8912,Sliding Cabin,Not Applicable,High: > 7542
Ideal Standard,Wash Basin,Sanitary,Pedestal,Bathroom,60 cm,Low,7.4,Piece,Per_Bathroom,1,Bathroom,False,2934,Pedestal,Not Applicable,Low: <= 5006
Ceramica Cleopatra,Rain Shower,Sanitary,Rain Shower,Master Bathroom,Chrome,Medium,9.0,Set,Per_Master_Bathroom,1,Master Bathroom,True,5406,Rain Shower,Not Applicable,Medium: 5006 - 7542
Roca,Close Coupled Toilet,Sanitary,Floor Mounted,Bathroom,Ceramic,Low,7.6,Piece,Per_Bathroom,1,Bathroom,False,4241,Floor Mounted,Not Applicable,Low: <= 5006
GROHE,Rain Shower,Sanitary,Rain Shower,Master Bathroom,Chrome,Medium,9.0,Set,Per_Master_Bathroom,1,Master Bathroom,True,6009,Rain Shower,Not Applicable,Medium: 5006 - 7542
Ideal Standard,Close Coupled Toilet,Sanitary,Floor Mounted,Bathroom,Ceramic,Medium,7.6,Piece,Per_Bathroom,1,Bathroom,False,7309,Floor Mounted,Not Applicable,Medium: 5006 - 7542
Ceramica Cleopatra,Close Coupled Toilet,Sanitary,Floor Mounted,Bathroom,Ceramic,High,7.6,Piece,Per_Bathroom,1,Bathroom,False,8188,Floor Mounted,Not Applicable,High: > 7542
Lecico,Rain Shower,Sanitary,Rain Shower,Master Bathroom,Chrome,High,9.0,Set,Per_Master_Bathroom,1,Master Bathroom,True,7695,Rain Shower,Not Applicable,High: > 7542
GROHE,Rain Shower,Sanitary,Rain Shower,Master Bathroom,Chrome,High,9.0,Set,Per_Master_Bathroom,1,Master Bathroom,True,8617,Rain Shower,Not Applicable,High: > 7542
GROHE,Shower Cabin,Sanitary,Sliding Cabin,Master Bathroom,90x90 cm,Medium,8.4,Piece,Per_Master_Bathroom,1,Master Bathroom,True,5596,Sliding Cabin,Not Applicable,Medium: 5006 - 7542
GROHE,Close Coupled Toilet,Sanitary,Floor Mounted,Bathroom,Ceramic,Low,7.6,Piece,Per_Bathroom,1,Bathroom,False,4854,Floor Mounted,Not Applicable,Low: <= 5006
Ideal Standard,Wash Basin,Sanitary,Pedestal,Bathroom,60 cm,Low,7.4,Piece,Per_Bathroom,1,Bathroom,False,2160,Pedestal,Not Applicable,Low: <= 5006
Lecico,Wash Basin,Sanitary,Pedestal,Bathroom,60 cm,Low,7.4,Piece,Per_Bathroom,1,Bathroom,False,3409,Pedestal,Not Applicable,Low: <= 5006
GROHE,Shower Cabin,Sanitary,Sliding Cabin,Master Bathroom,90x90 cm,Low,8.4,Piece,Per_Master_Bathroom,1,Master Bathroom,True,4557,Sliding Cabin,Not Applicable,Low: <= 5006
Roca,Wash Basin,Sanitary,Pedestal,Bathroom,60 cm,Low,7.4,Piece,Per_Bathroom,1,Bathroom,False,3545,Pedestal,Not Applicable,Low: <= 5006
GROHE,Shower Cabin,Sanitary,Sliding Cabin,Master Bathroom,90x90 cm,High,8.4,Piece,Per_Master_Bathroom,1,Master Bathroom,True,9529,Sliding Cabin,Not Applicable,High: > 7542
Roca,Shower Cabin,Sanitary,Sliding Cabin,Master Bathroom,90x90 cm,Medium,8.4,Piece,Per_Master_Bathroom,1,Master Bathroom,True,5061,Sliding Cabin,Not Applicable,Medium: 5006 - 7542
Ceramica Cleopatra,Wash Basin,Sanitary,Pedestal,Bathroom,60 cm,Low,7.4,Piece,Per_Bathroom,1,Bathroom,False,4002,Pedestal,Not Applicable,Low: <= 5006
Ideal Standard,Rain Shower,Sanitary,Rain Shower,Master Bathroom,Chrome,High,9.0,Set,Per_Master_Bathroom,1,Master Bathroom,True,9128,Rain Shower,Not Applicable,High: > 7542
Ideal Standard,Rain Shower,Sanitary,Rain Shower,Master Bathroom,Chrome,High,9.0,Set,Per_Master_Bathroom,1,Master Bathroom,True,10356,Rain Shower,Not Applicable,High: > 7542
Lecico,Shower Cabin,Sanitary,Sliding Cabin,Master Bathroom,90x90 cm,High,8.4,Piece,Per_Master_Bathroom,1,Master Bathroom,True,10794,Sliding Cabin,Not Applicable,High: > 7542
Lecico,Shower Cabin,Sanitary,Sliding Cabin,Master Bathroom,90x90 cm,High,8.4,Piece,Per_Master_Bathroom,1,Master Bathroom,True,8893,Sliding Cabin,Not Applicable,High: > 7542
GROHE,Close Coupled Toilet,Sanitary,Floor Mounted,Bathroom,Ceramic,High,7.6,Piece,Per_Bathroom,1,Bathroom,False,8310,Floor Mounted,Not Applicable,High: > 7542
Roca,Rain Shower,Sanitary,Rain Shower,Master Bathroom,Chrome,High,9.0,Set,Per_Master_Bathroom,1,Master Bathroom,True,7986,Rain Shower,Not Applicable,High: > 7542
GROHE,Wash Basin,Sanitary,Pedestal,Bathroom,60 cm,Low,7.4,Piece,Per_Bathroom,1,Bathroom,False,3252,Pedestal,Not Applicable,Low: <= 5006
Ceramica Cleopatra,Rain Shower,Sanitary,Rain Shower,Master Bathroom,Chrome,High,9.0,Set,Per_Master_Bathroom,1,Master Bathroom,True,8223,Rain Shower,Not Applicable,High: > 7542
Roca,Wash Basin,Sanitary,Pedestal,Bathroom,60 cm,Low,7.4,Piece,Per_Bathroom,1,Bathroom,False,3085,Pedestal,Not Applicable,Low: <= 5006
Lecico,Rain Shower,Sanitary,Rain Shower,Master Bathroom,Chrome,Medium,9.0,Set,Per_Master_Bathroom,1,Master Bathroom,True,6424,Rain Shower,Not Applicable,Medium: 5006 - 7542
Lecico,Rain Shower,Sanitary,Rain Shower,Master Bathroom,Chrome,Medium,9.0,Set,Per_Master_Bathroom,1,Master Bathroom,True,7378,Rain Shower,Not Applicable,Medium: 5006 - 7542
Ideal Standard,Shower Cabin,Sanitary,Sliding Cabin,Master Bathroom,90x90 cm,High,8.4,Piece,Per_Master_Bathroom,1,Master Bathroom,True,9895,Sliding Cabin,Not Applicable,High: > 7542
GROHE,Shower Cabin,Sanitary,Sliding Cabin,Master Bathroom,90x90 cm,High,8.4,Piece,Per_Master_Bathroom,1,Master Bathroom,True,8975,Sliding Cabin,Not Applicable,High: > 7542
GROHE,Close Coupled Toilet,Sanitary,Floor Mounted,Bathroom,Ceramic,High,7.6,Piece,Per_Bathroom,1,Bathroom,False,8057,Floor Mounted,Not Applicable,High: > 7542
Ideal Standard,Shower Cabin,Sanitary,Sliding Cabin,Master Bathroom,90x90 cm,High,8.4,Piece,Per_Master_Bathroom,1,Master Bathroom,True,8913,Sliding Cabin,Not Applicable,High: > 7542
Ideal Standard,Close Coupled Toilet,Sanitary,Floor Mounted,Bathroom,Ceramic,Medium,7.6,Piece,Per_Bathroom,1,Bathroom,False,6244,Floor Mounted,Not Applicable,Medium: 5006 - 7542
Ceramica Cleopatra,Shower Cabin,Sanitary,Sliding Cabin,Master Bathroom,90x90 cm,High,8.4,Piece,Per_Master_Bathroom,1,Master Bathroom,True,7985,Sliding Cabin,Not Applicable,High: > 7542
Roca,Wash Basin,Sanitary,Pedestal,Bathroom,60 cm,Low,7.4,Piece,Per_Bathroom,1,Bathroom,False,3265,Pedestal,Not Applicable,Low: <= 5006
Ceramica Cleopatra,Close Coupled Toilet,Sanitary,Floor Mounted,Bathroom,Ceramic,Medium,7.6,Piece,Per_Bathroom,1,Bathroom,False,5835,Floor Mounted,Not Applicable,Medium: 5006 - 7542
Ideal Standard,Wash Basin,Sanitary,Pedestal,Bathroom,60 cm,Low,7.4,Piece,Per_Bathroom,1,Bathroom,False,3592,Pedestal,Not Applicable,Low: <= 5006
GROHE,Rain Shower,Sanitary,Rain Shower,Master Bathroom,Chrome,Medium,9.0,Set,Per_Master_Bathroom,1,Master Bathroom,True,6784,Rain Shower,Not Applicable,Medium: 5006 - 7542
Ceramica Cleopatra,Wash Basin,Sanitary,Pedestal,Bathroom,60 cm,Low,7.4,Piece,Per_Bathroom,1,Bathroom,False,2164,Pedestal,Not Applicable,Low: <= 5006
Lecico,Rain Shower,Sanitary,Rain Shower,Master Bathroom,Chrome,Low,9.0,Set,Per_Master_Bathroom,1,Master Bathroom,True,4560,Rain Shower,Not Applicable,Low: <= 5006
Roca,Rain Shower,Sanitary,Rain Shower,Master Bathroom,Chrome,Medium,9.0,Set,Per_Master_Bathroom,1,Master Bathroom,True,5058,Rain Shower,Not Applicable,Medium: 5006 - 7542
Lecico,Shower Cabin,Sanitary,Sliding Cabin,Master Bathroom,90x90 cm,Low,8.4,Piece,Per_Master_Bathroom,1,Master Bathroom,True,4643,Sliding Cabin,Not Applicable,Low: <= 5006
GROHE,Rain Shower,Sanitary,Rain Shower,Master Bathroom,Chrome,High,9.0,Set,Per_Master_Bathroom,1,Master Bathroom,True,7975,Rain Shower,Not Applicable,High: > 7542
Ideal Standard,Close Coupled Toilet,Sanitary,Floor Mounted,Bathroom,Ceramic,Low,7.6,Piece,Per_Bathroom,1,Bathroom,False,4292,Floor Mounted,Not Applicable,Low: <= 5006
GROHE,Wash Basin,Sanitary,Pedestal,Bathroom,60 cm,Low,7.4,Piece,Per_Bathroom,1,Bathroom,False,2399,Pedestal,Not Applicable,Low: <= 5006
Ceramica Cleopatra,Wash Basin,Sanitary,Pedestal,Bathroom,60 cm,Low,7.4,Piece,Per_Bathroom,1,Bathroom,False,3514,Pedestal,Not Applicable,Low: <= 5006
Roca,Close Coupled Toilet,Sanitary,Floor Mounted,Bathroom,Ceramic,Low,7.6,Piece,Per_Bathroom,1,Bathroom,False,4424,Floor Mounted,Not Applicable,Low: <= 5006
Roca,Shower Cabin,Sanitary,Sliding Cabin,Master Bathroom,90x90 cm,High,8.4,Piece,Per_Master_Bathroom,1,Master Bathroom,True,8458,Sliding Cabin,Not Applicable,High: > 7542
Ceramica Cleopatra,Shower Cabin,Sanitary,Sliding Cabin,Master Bathroom,90x90 cm,High,8.4,Piece,Per_Master_Bathroom,1,Master Bathroom,True,7969,Sliding Cabin,Not Applicable,High: > 7542
Roca,Close Coupled Toilet,Sanitary,Floor Mounted,Bathroom,Ceramic,Medium,7.6,Piece,Per_Bathroom,1,Bathroom,False,5372,Floor Mounted,Not Applicable,Medium: 5006 - 7542
Ceramica Cleopatra,Shower Cabin,Sanitary,Sliding Cabin,Master Bathroom,90x90 cm,Medium,8.4,Piece,Per_Master_Bathroom,1,Master Bathroom,True,5796,Sliding Cabin,Not Applicable,Medium: 5006 - 7542
Ideal Standard,Rain Shower,Sanitary,Rain Shower,Master Bathroom,Chrome,High,9.0,Set,Per_Master_Bathroom,1,Master Bathroom,True,8032,Rain Shower,Not Applicable,High: > 7542
GROHE,Wash Basin,Sanitary,Pedestal,Bathroom,60 cm,Low,7.4,Piece,Per_Bathroom,1,Bathroom,False,3214,Pedestal,Not Applicable,Low: <= 5006
Roca,Wash Basin,Sanitary,Pedestal,Bathroom,60 cm,Low,7.4,Piece,Per_Bathroom,1,Bathroom,False,3343,Pedestal,Not Applicable,Low: <= 5006
Ceramica Cleopatra,Rain Shower,Sanitary,Rain Shower,Master Bathroom,Chrome,Medium,9.0,Set,Per_Master_Bathroom,1,Master Bathroom,True,5541,Rain Shower,Not Applicable,Medium: 5006 - 7542
Ideal Standard,Rain Shower,Sanitary,Rain Shower,Master Bathroom,Chrome,Medium,9.0,Set,Per_Master_Bathroom,1,Master Bathroom,True,6437,Rain Shower,Not Applicable,Medium: 5006 - 7542
GROHE,Shower Cabin,Sanitary,Sliding Cabin,Master Bathroom,90x90 cm,High,8.4,Piece,Per_Master_Bathroom,1,Master Bathroom,True,8523,Sliding Cabin,Not Applicable,High: > 7542
Lecico,Close Coupled Toilet,Sanitary,Floor Mounted,Bathroom,Ceramic,Medium,7.6,Piece,Per_Bathroom,1,Bathroom,False,5707,Floor Mounted,Not Applicable,Medium: 5006 - 7542
Ceramica Cleopatra,Rain Shower,Sanitary,Rain Shower,Master Bathroom,Chrome,Low,9.0,Set,Per_Master_Bathroom,1,Master Bathroom,True,4583,Rain Shower,Not Applicable,Low: <= 5006
Lecico,Wash Basin,Sanitary,Pedestal,Bathroom,60 cm,Low,7.4,Piece,Per_Bathroom,1,Bathroom,False,3606,Pedestal,Not Applicable,Low: <= 5006
Ideal Standard,Shower Cabin,Sanitary,Sliding Cabin,Master Bathroom,90x90 cm,High,8.4,Piece,Per_Master_Bathroom,1,Master Bathroom,True,8626,Sliding Cabin,Not Applicable,High: > 7542
Ideal Standard,Close Coupled Toilet,Sanitary,Floor Mounted,Bathroom,Ceramic,Medium,7.6,Piece,Per_Bathroom,1,Bathroom,False,7542,Floor Mounted,Not Applicable,Medium: 5006 - 7542
Ideal Standard,Rain Shower,Sanitary,Rain Shower,Master Bathroom,Chrome,High,9.0,Set,Per_Master_Bathroom,1,Master Bathroom,True,9616,Rain Shower,Not Applicable,High: > 7542
Ceramica Cleopatra,Rain Shower,Sanitary,Rain Shower,Master Bathroom,Chrome,High,9.0,Set,Per_Master_Bathroom,1,Master Bathroom,True,10111,Rain Shower,Not Applicable,High: > 7542
GROHE,Shower Cabin,Sanitary,Sliding Cabin,Master Bathroom,90x90 cm,Medium,8.4,Piece,Per_Master_Bathroom,1,Master Bathroom,True,5729,Sliding Cabin,Not Applicable,Medium: 5006 - 7542
Ceramica Cleopatra,Wash Basin,Sanitary,Pedestal,Bathroom,60 cm,Low,7.4,Piece,Per_Bathroom,1,Bathroom,False,4132,Pedestal,Not Applicable,Low: <= 5006
Ideal Standard,Close Coupled Toilet,Sanitary,Floor Mounted,Bathroom,Ceramic,Low,7.6,Piece,Per_Bathroom,1,Bathroom,False,4138,Floor Mounted,Not Applicable,Low: <= 5006
Lecico,Close Coupled Toilet,Sanitary,Floor Mounted,Bathroom,Ceramic,High,7.6,Piece,Per_Bathroom,1,Bathroom,False,8191,Floor Mounted,Not Applicable,High: > 7542
Ideal Standard,Rain Shower,Sanitary,Rain Shower,Master Bathroom,Chrome,High,9.0,Set,Per_Master_Bathroom,1,Master Bathroom,True,9068,Rain Shower,Not Applicable,High: > 7542
Ceramica Cleopatra,Close Coupled Toilet,Sanitary,Floor Mounted,Bathroom,Ceramic,Medium,7.6,Piece,Per_Bathroom,1,Bathroom,False,7322,Floor Mounted,Not Applicable,Medium: 5006 - 7542
GROHE,Rain Shower,Sanitary,Rain Shower,Master Bathroom,Chrome,Low,9.0,Set,Per_Master_Bathroom,1,Master Bathroom,True,4595,Rain Shower,Not Applicable,Low: <= 5006
Ideal Standard,Close Coupled Toilet,Sanitary,Floor Mounted,Bathroom,Ceramic,Medium,7.6,Piece,Per_Bathroom,1,Bathroom,False,7114,Floor Mounted,Not Applicable,Medium: 5006 - 7542
GROHE,Rain Shower,Sanitary,Rain Shower,Master Bathroom,Chrome,Medium,9.0,Set,Per_Master_Bathroom,1,Master Bathroom,True,5068,Rain Shower,Not Applicable,Medium: 5006 - 7542
Ceramica Cleopatra,Wash Basin,Sanitary,Pedestal,Bathroom,60 cm,Low,7.4,Piece,Per_Bathroom,1,Bathroom,False,3484,Pedestal,Not Applicable,Low: <= 5006
Ceramica Cleopatra,Wash Basin,Sanitary,Pedestal,Bathroom,60 cm,Low,7.4,Piece,Per_Bathroom,1,Bathroom,False,3380,Pedestal,Not Applicable,Low: <= 5006
Lecico,Rain Shower,Sanitary,Rain Shower,Master Bathroom,Chrome,Medium,9.0,Set,Per_Master_Bathroom,1,Master Bathroom,True,7068,Rain Shower,Not Applicable,Medium: 5006 - 7542
Ceramica Cleopatra,Shower Cabin,Sanitary,Sliding Cabin,Master Bathroom,90x90 cm,High,8.4,Piece,Per_Master_Bathroom,1,Master Bathroom,True,7700,Sliding Cabin,Not Applicable,High: > 7542
GROHE,Rain Shower,Sanitary,Rain Shower,Master Bathroom,Chrome,High,9.0,Set,Per_Master_Bathroom,1,Master Bathroom,True,10239,Rain Shower,Not Applicable,High: > 7542
GROHE,Wash Basin,Sanitary,Pedestal,Bathroom,60 cm,Low,7.4,Piece,Per_Bathroom,1,Bathroom,False,4116,Pedestal,Not Applicable,Low: <= 5006
Ceramica Cleopatra,Close Coupled Toilet,Sanitary,Floor Mounted,Bathroom,Ceramic,Medium,7.6,Piece,Per_Bathroom,1,Bathroom,False,6612,Floor Mounted,Not Applicable,Medium: 5006 - 7542
Lecico,Close Coupled Toilet,Sanitary,Floor Mounted,Bathroom,Ceramic,Medium,7.6,Piece,Per_Bathroom,1,Bathroom,False,5541,Floor Mounted,Not Applicable,Medium: 5006 - 7542
Ceramica Cleopatra,Shower Cabin,Sanitary,Sliding Cabin,Master Bathroom,90x90 cm,Low,8.4,Piece,Per_Master_Bathroom,1,Master Bathroom,True,4934,Sliding Cabin,Not Applicable,Low: <= 5006
Lecico,Wash Basin,Sanitary,Pedestal,Bathroom,60 cm,Low,7.4,Piece,Per_Bathroom,1,Bathroom,False,2492,Pedestal,Not Applicable,Low: <= 5006
Ideal Standard,Shower Cabin,Sanitary,Sliding Cabin,Master Bathroom,90x90 cm,Medium,8.4,Piece,Per_Master_Bathroom,1,Master Bathroom,True,7176,Sliding Cabin,Not Applicable,Medium: 5006 - 7542
GROHE,Close Coupled Toilet,Sanitary,Floor Mounted,Bathroom,Ceramic,Medium,7.6,Piece,Per_Bathroom,1,Bathroom,False,5846,Floor Mounted,Not Applicable,Medium: 5006 - 7542
Ceramica Cleopatra,Close Coupled Toilet,Sanitary,Floor Mounted,Bathroom,Ceramic,Medium,7.6,Piece,Per_Bathroom,1,Bathroom,False,6030,Floor Mounted,Not Applicable,Medium: 5006 - 7542
GROHE,Close Coupled Toilet,Sanitary,Floor Mounted,Bathroom,Ceramic,Low,7.6,Piece,Per_Bathroom,1,Bathroom,False,4240,Floor Mounted,Not Applicable,Low: <= 5006
GROHE,Close Coupled Toilet,Sanitary,Floor Mounted,Bathroom,Ceramic,High,7.6,Piece,Per_Bathroom,1,Bathroom,False,8167,Floor Mounted,Not Applicable,High: > 7542
Lecico,Close Coupled Toilet,Sanitary,Floor Mounted,Bathroom,Ceramic,Medium,7.6,Piece,Per_Bathroom,1,Bathroom,False,6803,Floor Mounted,Not Applicable,Medium: 5006 - 7542
GROHE,Close Coupled Toilet,Sanitary,Floor Mounted,Bathroom,Ceramic,High,7.6,Piece,Per_Bathroom,1,Bathroom,False,7723,Floor Mounted,Not Applicable,High: > 7542
GROHE,Rain Shower,Sanitary,Rain Shower,Master Bathroom,Chrome,Medium,9.0,Set,Per_Master_Bathroom,1,Master Bathroom,True,5393,Rain Shower,Not Applicable,Medium: 5006 - 7542
GROHE,Wash Basin,Sanitary,Pedestal,Bathroom,60 cm,Low,7.4,Piece,Per_Bathroom,1,Bathroom,False,3308,Pedestal,Not Applicable,Low: <= 5006
Ceramica Cleopatra,Close Coupled Toilet,Sanitary,Floor Mounted,Bathroom,Ceramic,High,7.6,Piece,Per_Bathroom,1,Bathroom,False,7685,Floor Mounted,Not Applicable,High: > 7542
Lecico,Close Coupled Toilet,Sanitary,Floor Mounted,Bathroom,Ceramic,High,7.6,Piece,Per_Bathroom,1,Bathroom,False,8180,Floor Mounted,Not Applicable,High: > 7542
Ideal Standard,Wash Basin,Sanitary,Pedestal,Bathroom,60 cm,Low,7.4,Piece,Per_Bathroom,1,Bathroom,False,2025,Pedestal,Not Applicable,Low: <= 5006
Ideal Standard,Wash Basin,Sanitary,Pedestal,Bathroom,60 cm,Low,7.4,Piece,Per_Bathroom,1,Bathroom,False,4159,Pedestal,Not Applicable,Low: <= 5006
Roca,Close Coupled Toilet,Sanitary,Floor Mounted,Bathroom,Ceramic,High,7.6,Piece,Per_Bathroom,1,Bathroom,False,7910,Floor Mounted,Not Applicable,High: > 7542
Roca,Rain Shower,Sanitary,Rain Shower,Master Bathroom,Chrome,High,9.0,Set,Per_Master_Bathroom,1,Master Bathroom,True,9226,Rain Shower,Not Applicable,High: > 7542
Roca,Shower Cabin,Sanitary,Sliding Cabin,Master Bathroom,90x90 cm,Low,8.4,Piece,Per_Master_Bathroom,1,Master Bathroom,True,4702,Sliding Cabin,Not Applicable,Low: <= 5006
Ceramica Cleopatra,Shower Cabin,Sanitary,Sliding Cabin,Master Bathroom,90x90 cm,High,8.4,Piece,Per_Master_Bathroom,1,Master Bathroom,True,9104,Sliding Cabin,Not Applicable,High: > 7542
Lecico,Rain Shower,Sanitary,Rain Shower,Master Bathroom,Chrome,High,9.0,Set,Per_Master_Bathroom,1,Master Bathroom,True,9941,Rain Shower,Not Applicable,High: > 7542
GROHE,Shower Cabin,Sanitary,Sliding Cabin,Master Bathroom,90x90 cm,High,8.4,Piece,Per_Master_Bathroom,1,Master Bathroom,True,10289,Sliding Cabin,Not Applicable,High: > 7542
GROHE,Wash Basin,Sanitary,Pedestal,Bathroom,60 cm,Low,7.4,Piece,Per_Bathroom,1,Bathroom,False,3632,Pedestal,Not Applicable,Low: <= 5006
Lecico,Close Coupled Toilet,Sanitary,Floor Mounted,Bathroom,Ceramic,High,7.6,Piece,Per_Bathroom,1,Bathroom,False,8408,Floor Mounted,Not Applicable,High: > 7542
Lecico,Rain Shower,Sanitary,Rain Shower,Master Bathroom,Chrome,High,9.0,Set,Per_Master_Bathroom,1,Master Bathroom,True,10293,Rain Shower,Not Applicable,High: > 7542
Roca,Close Coupled Toilet,Sanitary,Floor Mounted,Bathroom,Ceramic,Low,7.6,Piece,Per_Bathroom,1,Bathroom,False,4024,Floor Mounted,Not Applicable,Low: <= 5006
Ideal Standard,Close Coupled Toilet,Sanitary,Floor Mounted,Bathroom,Ceramic,Low,7.6,Piece,Per_Bathroom,1,Bathroom,False,3998,Floor Mounted,Not Applicable,Low: <= 5006
Roca,Wash Basin,Sanitary,Pedestal,Bathroom,60 cm,Low,7.4,Piece,Per_Bathroom,1,Bathroom,False,2977,Pedestal,Not Applicable,Low: <= 5006
Ceramica Cleopatra,Shower Cabin,Sanitary,Sliding Cabin,Master Bathroom,90x90 cm,Medium,8.4,Piece,Per_Master_Bathroom,1,Master Bathroom,True,6214,Sliding Cabin,Not Applicable,Medium: 5006 - 7542
Ideal Standard,Rain Shower,Sanitary,Rain Shower,Master Bathroom,Chrome,High,9.0,Set,Per_Master_Bathroom,1,Master Bathroom,True,10674,Rain Shower,Not Applicable,High: > 7542
Roca,Rain Shower,Sanitary,Rain Shower,Master Bathroom,Chrome,Medium,9.0,Set,Per_Master_Bathroom,1,Master Bathroom,True,5980,Rain Shower,Not Applicable,Medium: 5006 - 7542
Lecico,Rain Shower,Sanitary,Rain Shower,Master Bathroom,Chrome,High,9.0,Set,Per_Master_Bathroom,1,Master Bathroom,True,10164,Rain Shower,Not Applicable,High: > 7542
Roca,Wash Basin,Sanitary,Pedestal,Bathroom,60 cm,Low,7.4,Piece,Per_Bathroom,1,Bathroom,False,4123,Pedestal,Not Applicable,Low: <= 5006
Ceramica Cleopatra,Close Coupled Toilet,Sanitary,Floor Mounted,Bathroom,Ceramic,Medium,7.6,Piece,Per_Bathroom,1,Bathroom,False,6276,Floor Mounted,Not Applicable,Medium: 5006 - 7542
Roca,Shower Cabin,Sanitary,Sliding Cabin,Master Bathroom,90x90 cm,Medium,8.4,Piece,Per_Master_Bathroom,1,Master Bathroom,True,6884,Sliding Cabin,Not Applicable,Medium: 5006 - 7542
Roca,Close Coupled Toilet,Sanitary,Floor Mounted,Bathroom,Ceramic,Medium,7.6,Piece,Per_Bathroom,1,Bathroom,False,7028,Floor Mounted,Not Applicable,Medium: 5006 - 7542
Ceramica Cleopatra,Close Coupled Toilet,Sanitary,Floor Mounted,Bathroom,Ceramic,High,7.6,Piece,Per_Bathroom,1,Bathroom,False,7873,Floor Mounted,Not Applicable,High: > 7542
Ideal Standard,Wash Basin,Sanitary,Pedestal,Bathroom,60 cm,Low,7.4,Piece,Per_Bathroom,1,Bathroom,False,2728,Pedestal,Not Applicable,Low: <= 5006
Ideal Standard,Rain Shower,Sanitary,Rain Shower,Master Bathroom,Chrome,Medium,9.0,Set,Per_Master_Bathroom,1,Master Bathroom,True,6376,Rain Shower,Not Applicable,Medium: 5006 - 7542
GROHE,Wash Basin,Sanitary,Pedestal,Bathroom,60 cm,Low,7.4,Piece,Per_Bathroom,1,Bathroom,False,2665,Pedestal,Not Applicable,Low: <= 5006
Lecico,Wash Basin,Sanitary,Pedestal,Bathroom,60 cm,Low,7.4,Piece,Per_Bathroom,1,Bathroom,False,2487,Pedestal,Not Applicable,Low: <= 5006
Ceramica Cleopatra,Shower Cabin,Sanitary,Sliding Cabin,Master Bathroom,90x90 cm,Medium,8.4,Piece,Per_Master_Bathroom,1,Master Bathroom,True,6179,Sliding Cabin,Not Applicable,Medium: 5006 - 7542
Ideal Standard,Close Coupled Toilet,Sanitary,Floor Mounted,Bathroom,Ceramic,Medium,7.6,Piece,Per_Bathroom,1,Bathroom,False,7400,Floor Mounted,Not Applicable,Medium: 5006 - 7542
Lecico,Close Coupled Toilet,Sanitary,Floor Mounted,Bathroom,Ceramic,Low,7.6,Piece,Per_Bathroom,1,Bathroom,False,4421,Floor Mounted,Not Applicable,Low: <= 5006
Ideal Standard,Wash Basin,Sanitary,Pedestal,Bathroom,60 cm,Low,7.4,Piece,Per_Bathroom,1,Bathroom,False,1921,Pedestal,Not Applicable,Low: <= 5006
GROHE,Shower Cabin,Sanitary,Sliding Cabin,Master Bathroom,90x90 cm,Low,8.4,Piece,Per_Master_Bathroom,1,Master Bathroom,True,4515,Sliding Cabin,Not Applicable,Low: <= 5006
GROHE,Rain Shower,Sanitary,Rain Shower,Master Bathroom,Chrome,Medium,9.0,Set,Per_Master_Bathroom,1,Master Bathroom,True,5447,Rain Shower,Not Applicable,Medium: 5006 - 7542
Ceramica Cleopatra,Wash Basin,Sanitary,Pedestal,Bathroom,60 cm,Low,7.4,Piece,Per_Bathroom,1,Bathroom,False,2874,Pedestal,Not Applicable,Low: <= 5006
Ideal Standard,Rain Shower,Sanitary,Rain Shower,Master Bathroom,Chrome,High,9.0,Set,Per_Master_Bathroom,1,Master Bathroom,True,9552,Rain Shower,Not Applicable,High: > 7542
Lecico,Shower Cabin,Sanitary,Sliding Cabin,Master Bathroom,90x90 cm,High,8.4,Piece,Per_Master_Bathroom,1,Master Bathroom,True,9364,Sliding Cabin,Not Applicable,High: > 7542
Ideal Standard,Rain Shower,Sanitary,Rain Shower,Master Bathroom,Chrome,Medium,9.0,Set,Per_Master_Bathroom,1,Master Bathroom,True,6243,Rain Shower,Not Applicable,Medium: 5006 - 7542
Lecico,Shower Cabin,Sanitary,Sliding Cabin,Master Bathroom,90x90 cm,High,8.4,Piece,Per_Master_Bathroom,1,Master Bathroom,True,10392,Sliding Cabin,Not Applicable,High: > 7542
GROHE,Rain Shower,Sanitary,Rain Shower,Master Bathroom,Chrome,Medium,9.0,Set,Per_Master_Bathroom,1,Master Bathroom,True,6268,Rain Shower,Not Applicable,Medium: 5006 - 7542
Lecico,Shower Cabin,Sanitary,Sliding Cabin,Master Bathroom,90x90 cm,High,8.4,Piece,Per_Master_Bathroom,1,Master Bathroom,True,7606,Sliding Cabin,Not Applicable,High: > 7542
Lecico,Shower Cabin,Sanitary,Sliding Cabin,Master Bathroom,90x90 cm,High,8.4,Piece,Per_Master_Bathroom,1,Master Bathroom,True,9474,Sliding Cabin,Not Applicable,High: > 7542
Ideal Standard,Close Coupled Toilet,Sanitary,Floor Mounted,Bathroom,Ceramic,Medium,7.6,Piece,Per_Bathroom,1,Bathroom,False,5396,Floor Mounted,Not Applicable,Medium: 5006 - 7542
Lecico,Rain Shower,Sanitary,Rain Shower,Master Bathroom,Chrome,High,9.0,Set,Per_Master_Bathroom,1,Master Bathroom,True,10751,Rain Shower,Not Applicable,High: > 7542
Ceramica Cleopatra,Shower Cabin,Sanitary,Sliding Cabin,Master Bathroom,90x90 cm,High,8.4,Piece,Per_Master_Bathroom,1,Master Bathroom,True,8590,Sliding Cabin,Not Applicable,High: > 7542
Ideal Standard,Rain Shower,Sanitary,Rain Shower,Master Bathroom,Chrome,High,9.0,Set,Per_Master_Bathroom,1,Master Bathroom,True,10238,Rain Shower,Not Applicable,High: > 7542
GROHE,Rain Shower,Sanitary,Rain Shower,Master Bathroom,Chrome,High,9.0,Set,Per_Master_Bathroom,1,Master Bathroom,True,10599,Rain Shower,Not Applicable,High: > 7542
Ideal Standard,Close Coupled Toilet,Sanitary,Floor Mounted,Bathroom,Ceramic,Low,7.6,Piece,Per_Bathroom,1,Bathroom,False,4796,Floor Mounted,Not Applicable,Low: <= 5006
Roca,Shower Cabin,Sanitary,Sliding Cabin,Master Bathroom,90x90 cm,Medium,8.4,Piece,Per_Master_Bathroom,1,Master Bathroom,True,5017,Sliding Cabin,Not Applicable,Medium: 5006 - 7542
Lecico,Rain Shower,Sanitary,Rain Shower,Master Bathroom,Chrome,Medium,9.0,Set,Per_Master_Bathroom,1,Master Bathroom,True,5951,Rain Shower,Not Applicable,Medium: 5006 - 7542
Roca,Rain Shower,Sanitary,Rain Shower,Master Bathroom,Chrome,High,9.0,Set,Per_Master_Bathroom,1,Master Bathroom,True,9961,Rain Shower,Not Applicable,High: > 7542
Ceramica Cleopatra,Rain Shower,Sanitary,Rain Shower,Master Bathroom,Chrome,High,9.0,Set,Per_Master_Bathroom,1,Master Bathroom,True,8957,Rain Shower,Not Applicable,High: > 7542
Roca,Rain Shower,Sanitary,Rain Shower,Master Bathroom,Chrome,Medium,9.0,Set,Per_Master_Bathroom,1,Master Bathroom,True,5225,Rain Shower,Not Applicable,Medium: 5006 - 7542
Roca,Close Coupled Toilet,Sanitary,Floor Mounted,Bathroom,Ceramic,Low,7.6,Piece,Per_Bathroom,1,Bathroom,False,4832,Floor Mounted,Not Applicable,Low: <= 5006
Ideal Standard,Rain Shower,Sanitary,Rain Shower,Master Bathroom,Chrome,High,9.0,Set,Per_Master_Bathroom,1,Master Bathroom,True,8723,Rain Shower,Not Applicable,High: > 7542
Roca,Shower Cabin,Sanitary,Sliding Cabin,Master Bathroom,90x90 cm,Medium,8.4,Piece,Per_Master_Bathroom,1,Master Bathroom,True,5452,Sliding Cabin,Not Applicable,Medium: 5006 - 7542
Roca,Rain Shower,Sanitary,Rain Shower,Master Bathroom,Chrome,Medium,9.0,Set,Per_Master_Bathroom,1,Master Bathroom,True,6439,Rain Shower,Not Applicable,Medium: 5006 - 7542
Lecico,Close Coupled Toilet,Sanitary,Floor Mounted,Bathroom,Ceramic,Medium,7.6,Piece,Per_Bathroom,1,Bathroom,False,6879,Floor Mounted,Not Applicable,Medium: 5006 - 7542
Roca,Shower Cabin,Sanitary,Sliding Cabin,Master Bathroom,90x90 cm,High,8.4,Piece,Per_Master_Bathroom,1,Master Bathroom,True,8191,Sliding Cabin,Not Applicable,High: > 7542
Ceramica Cleopatra,Wash Basin,Sanitary,Pedestal,Bathroom,60 cm,Low,7.4,Piece,Per_Bathroom,1,Bathroom,False,3650,Pedestal,Not Applicable,Low: <= 5006
Ceramica Cleopatra,Shower Cabin,Sanitary,Sliding Cabin,Master Bathroom,90x90 cm,Medium,8.4,Piece,Per_Master_Bathroom,1,Master Bathroom,True,5276,Sliding Cabin,Not Applicable,Medium: 5006 - 7542
Ceramica Cleopatra,Close Coupled Toilet,Sanitary,Floor Mounted,Bathroom,Ceramic,Medium,7.6,Piece,Per_Bathroom,1,Bathroom,False,6217,Floor Mounted,Not Applicable,Medium: 5006 - 7542
GROHE,Shower Cabin,Sanitary,Sliding Cabin,Master Bathroom,90x90 cm,High,8.4,Piece,Per_Master_Bathroom,1,Master Bathroom,True,8602,Sliding Cabin,Not Applicable,High: > 7542
GROHE,Shower Cabin,Sanitary,Sliding Cabin,Master Bathroom,90x90 cm,Medium,8.4,Piece,Per_Master_Bathroom,1,Master Bathroom,True,6159,Sliding Cabin,Not Applicable,Medium: 5006 - 7542
Roca,Close Coupled Toilet,Sanitary,Floor Mounted,Bathroom,Ceramic,Low,7.6,Piece,Per_Bathroom,1,Bathroom,False,3830,Floor Mounted,Not Applicable,Low: <= 5006
Roca,Rain Shower,Sanitary,Rain Shower,Master Bathroom,Chrome,High,9.0,Set,Per_Master_Bathroom,1,Master Bathroom,True,8845,Rain Shower,Not Applicable,High: > 7542
Ceramica Cleopatra,Shower Cabin,Sanitary,Sliding Cabin,Master Bathroom,90x90 cm,Medium,8.4,Piece,Per_Master_Bathroom,1,Master Bathroom,True,5955,Sliding Cabin,Not Applicable,Medium: 5006 - 7542
GROHE,Wash Basin,Sanitary,Pedestal,Bathroom,60 cm,Low,7.4,Piece,Per_Bathroom,1,Bathroom,False,1921,Pedestal,Not Applicable,Low: <= 5006
Lecico,Rain Shower,Sanitary,Rain Shower,Master Bathroom,Chrome,Low,9.0,Set,Per_Master_Bathroom,1,Master Bathroom,True,4690,Rain Shower,Not Applicable,Low: <= 5006
GROHE,Rain Shower,Sanitary,Rain Shower,Master Bathroom,Chrome,High,9.0,Set,Per_Master_Bathroom,1,Master Bathroom,True,9888,Rain Shower,Not Applicable,High: > 7542
Lecico,Shower Cabin,Sanitary,Sliding Cabin,Master Bathroom,90x90 cm,Low,8.4,Piece,Per_Master_Bathroom,1,Master Bathroom,True,4514,Sliding Cabin,Not Applicable,Low: <= 5006
Roca,Wash Basin,Sanitary,Pedestal,Bathroom,60 cm,Low,7.4,Piece,Per_Bathroom,1,Bathroom,False,2326,Pedestal,Not Applicable,Low: <= 5006
Roca,Close Coupled Toilet,Sanitary,Floor Mounted,Bathroom,Ceramic,Medium,7.6,Piece,Per_Bathroom,1,Bathroom,False,5366,Floor Mounted,Not Applicable,Medium: 5006 - 7542
Ceramica Cleopatra,Wash Basin,Sanitary,Pedestal,Bathroom,60 cm,Low,7.4,Piece,Per_Bathroom,1,Bathroom,False,3217,Pedestal,Not Applicable,Low: <= 5006
Ceramica Cleopatra,Close Coupled Toilet,Sanitary,Floor Mounted,Bathroom,Ceramic,Low,7.6,Piece,Per_Bathroom,1,Bathroom,False,4667,Floor Mounted,Not Applicable,Low: <= 5006
Roca,Rain Shower,Sanitary,Rain Shower,Master Bathroom,Chrome,High,9.0,Set,Per_Master_Bathroom,1,Master Bathroom,True,10791,Rain Shower,Not Applicable,High: > 7542
GROHE,Wash Basin,Sanitary,Pedestal,Bathroom,60 cm,Low,7.4,Piece,Per_Bathroom,1,Bathroom,False,1902,Pedestal,Not Applicable,Low: <= 5006
GROHE,Close Coupled Toilet,Sanitary,Floor Mounted,Bathroom,Ceramic,Medium,7.6,Piece,Per_Bathroom,1,Bathroom,False,5959,Floor Mounted,Not Applicable,Medium: 5006 - 7542
Ceramica Cleopatra,Rain Shower,Sanitary,Rain Shower,Master Bathroom,Chrome,Medium,9.0,Set,Per_Master_Bathroom,1,Master Bathroom,True,5186,Rain Shower,Not Applicable,Medium: 5006 - 7542
Ideal Standard,Rain Shower,Sanitary,Rain Shower,Master Bathroom,Chrome,High,9.0,Set,Per_Master_Bathroom,1,Master Bathroom,True,10636,Rain Shower,Not Applicable,High: > 7542
GROHE,Wash Basin,Sanitary,Pedestal,Bathroom,60 cm,Low,7.4,Piece,Per_Bathroom,1,Bathroom,False,1998,Pedestal,Not Applicable,Low: <= 5006
Ideal Standard,Shower Cabin,Sanitary,Sliding Cabin,Master Bathroom,90x90 cm,Medium,8.4,Piece,Per_Master_Bathroom,1,Master Bathroom,True,6918,Sliding Cabin,Not Applicable,Medium: 5006 - 7542
Ceramica Cleopatra,Rain Shower,Sanitary,Rain Shower,Master Bathroom,Chrome,High,9.0,Set,Per_Master_Bathroom,1,Master Bathroom,True,8806,Rain Shower,Not Applicable,High: > 7542
Ideal Standard,Close Coupled Toilet,Sanitary,Floor Mounted,Bathroom,Ceramic,High,7.6,Piece,Per_Bathroom,1,Bathroom,False,8424,Floor Mounted,Not Applicable,High: > 7542
Ceramica Cleopatra,Rain Shower,Sanitary,Rain Shower,Master Bathroom,Chrome,High,9.0,Set,Per_Master_Bathroom,1,Master Bathroom,True,10444,Rain Shower,Not Applicable,High: > 7542
Ideal Standard,Rain Shower,Sanitary,Rain Shower,Master Bathroom,Chrome,High,9.0,Set,Per_Master_Bathroom,1,Master Bathroom,True,9060,Rain Shower,Not Applicable,High: > 7542
Lecico,Wash Basin,Sanitary,Pedestal,Bathroom,60 cm,Low,7.4,Piece,Per_Bathroom,1,Bathroom,False,2095,Pedestal,Not Applicable,Low: <= 5006
Ceramica Cleopatra,Close Coupled Toilet,Sanitary,Floor Mounted,Bathroom,Ceramic,High,7.6,Piece,Per_Bathroom,1,Bathroom,False,7600,Floor Mounted,Not Applicable,High: > 7542
Ceramica Cleopatra,Shower Cabin,Sanitary,Sliding Cabin,Master Bathroom,90x90 cm,High,8.4,Piece,Per_Master_Bathroom,1,Master Bathroom,True,9426,Sliding Cabin,Not Applicable,High: > 7542
Ideal Standard,Close Coupled Toilet,Sanitary,Floor Mounted,Bathroom,Ceramic,Medium,7.6,Piece,Per_Bathroom,1,Bathroom,False,7150,Floor Mounted,Not Applicable,Medium: 5006 - 7542
Ideal Standard,Rain Shower,Sanitary,Rain Shower,Master Bathroom,Chrome,High,9.0,Set,Per_Master_Bathroom,1,Master Bathroom,True,7586,Rain Shower,Not Applicable,High: > 7542
GROHE,Shower Cabin,Sanitary,Sliding Cabin,Master Bathroom,90x90 cm,Medium,8.4,Piece,Per_Master_Bathroom,1,Master Bathroom,True,5145,Sliding Cabin,Not Applicable,Medium: 5006 - 7542
GROHE,Shower Cabin,Sanitary,Sliding Cabin,Master Bathroom,90x90 cm,Low,8.4,Piece,Per_Master_Bathroom,1,Master Bathroom,True,4677,Sliding Cabin,Not Applicable,Low: <= 5006
Ceramica Cleopatra,Wash Basin,Sanitary,Pedestal,Bathroom,60 cm,Low,7.4,Piece,Per_Bathroom,1,Bathroom,False,2361,Pedestal,Not Applicable,Low: <= 5006
Ceramica Cleopatra,Shower Cabin,Sanitary,Sliding Cabin,Master Bathroom,90x90 cm,Medium,8.4,Piece,Per_Master_Bathroom,1,Master Bathroom,True,6409,Sliding Cabin,Not Applicable,Medium: 5006 - 7542
Ideal Standard,Shower Cabin,Sanitary,Sliding Cabin,Master Bathroom,90x90 cm,High,8.4,Piece,Per_Master_Bathroom,1,Master Bathroom,True,10145,Sliding Cabin,Not Applicable,High: > 7542
Ideal Standard,Shower Cabin,Sanitary,Sliding Cabin,Master Bathroom,90x90 cm,Medium,8.4,Piece,Per_Master_Bathroom,1,Master Bathroom,True,7402,Sliding Cabin,Not Applicable,Medium: 5006 - 7542
Roca,Shower Cabin,Sanitary,Sliding Cabin,Master Bathroom,90x90 cm,Medium,8.4,Piece,Per_Master_Bathroom,1,Master Bathroom,True,5551,Sliding Cabin,Not Applicable,Medium: 5006 - 7542
Ideal Standard,Close Coupled Toilet,Sanitary,Floor Mounted,Bathroom,Ceramic,Low,7.6,Piece,Per_Bathroom,1,Bathroom,False,3890,Floor Mounted,Not Applicable,Low: <= 5006
Roca,Wash Basin,Sanitary,Pedestal,Bathroom,60 cm,Low,7.4,Piece,Per_Bathroom,1,Bathroom,False,3526,Pedestal,Not Applicable,Low: <= 5006
Ceramica Cleopatra,Close Coupled Toilet,Sanitary,Floor Mounted,Bathroom,Ceramic,Medium,7.6,Piece,Per_Bathroom,1,Bathroom,False,6320,Floor Mounted,Not Applicable,Medium: 5006 - 7542
Ideal Standard,Rain Shower,Sanitary,Rain Shower,Master Bathroom,Chrome,High,9.0,Set,Per_Master_Bathroom,1,Master Bathroom,True,10404,Rain Shower,Not Applicable,High: > 7542
Ceramica Cleopatra,Wash Basin,Sanitary,Pedestal,Bathroom,60 cm,Low,7.4,Piece,Per_Bathroom,1,Bathroom,False,3040,Pedestal,Not Applicable,Low: <= 5006
Ideal Standard,Wash Basin,Sanitary,Pedestal,Bathroom,60 cm,Low,7.4,Piece,Per_Bathroom,1,Bathroom,False,2583,Pedestal,Not Applicable,Low: <= 5006
GROHE,Rain Shower,Sanitary,Rain Shower,Master Bathroom,Chrome,Medium,9.0,Set,Per_Master_Bathroom,1,Master Bathroom,True,6172,Rain Shower,Not Applicable,Medium: 5006 - 7542
GROHE,Rain Shower,Sanitary,Rain Shower,Master Bathroom,Chrome,High,9.0,Set,Per_Master_Bathroom,1,Master Bathroom,True,10345,Rain Shower,Not Applicable,High: > 7542
Ceramica Cleopatra,Rain Shower,Sanitary,Rain Shower,Master Bathroom,Chrome,High,9.0,Set,Per_Master_Bathroom,1,Master Bathroom,True,9478,Rain Shower,Not Applicable,High: > 7542
Lecico,Shower Cabin,Sanitary,Sliding Cabin,Master Bathroom,90x90 cm,Low,8.4,Piece,Per_Master_Bathroom,1,Master Bathroom,True,4526,Sliding Cabin,Not Applicable,Low: <= 5006
Ideal Standard,Wash Basin,Sanitary,Pedestal,Bathroom,60 cm,Low,7.4,Piece,Per_Bathroom,1,Bathroom,False,2554,Pedestal,Not Applicable,Low: <= 5006
GROHE,Wash Basin,Sanitary,Pedestal,Bathroom,60 cm,Low,7.4,Piece,Per_Bathroom,1,Bathroom,False,2740,Pedestal,Not Applicable,Low: <= 5006
Ideal Standard,Wash Basin,Sanitary,Pedestal,Bathroom,60 cm,Low,7.4,Piece,Per_Bathroom,1,Bathroom,False,2785,Pedestal,Not Applicable,Low: <= 5006
Lecico,Shower Cabin,Sanitary,Sliding Cabin,Master Bathroom,90x90 cm,High,8.4,Piece,Per_Master_Bathroom,1,Master Bathroom,True,10451,Sliding Cabin,Not Applicable,High: > 7542
Ceramica Cleopatra,Close Coupled Toilet,Sanitary,Floor Mounted,Bathroom,Ceramic,Medium,7.6,Piece,Per_Bathroom,1,Bathroom,False,5286,Floor Mounted,Not Applicable,Medium: 5006 - 7542
Roca,Shower Cabin,Sanitary,Sliding Cabin,Master Bathroom,90x90 cm,Medium,8.4,Piece,Per_Master_Bathroom,1,Master Bathroom,True,5038,Sliding Cabin,Not Applicable,Medium: 5006 - 7542
Ceramica Cleopatra,Shower Cabin,Sanitary,Sliding Cabin,Master Bathroom,90x90 cm,Medium,8.4,Piece,Per_Master_Bathroom,1,Master Bathroom,True,5479,Sliding Cabin,Not Applicable,Medium: 5006 - 7542
Roca,Rain Shower,Sanitary,Rain Shower,Master Bathroom,Chrome,Medium,9.0,Set,Per_Master_Bathroom,1,Master Bathroom,True,7366,Rain Shower,Not Applicable,Medium: 5006 - 7542
GROHE,Close Coupled Toilet,Sanitary,Floor Mounted,Bathroom,Ceramic,Medium,7.6,Piece,Per_Bathroom,1,Bathroom,False,7069,Floor Mounted,Not Applicable,Medium: 5006 - 7542
Ceramica Cleopatra,Rain Shower,Sanitary,Rain Shower,Master Bathroom,Chrome,High,9.0,Set,Per_Master_Bathroom,1,Master Bathroom,True,10491,Rain Shower,Not Applicable,High: > 7542
Roca,Rain Shower,Sanitary,Rain Shower,Master Bathroom,Chrome,High,9.0,Set,Per_Master_Bathroom,1,Master Bathroom,True,8382,Rain Shower,Not Applicable,High: > 7542
GROHE,Rain Shower,Sanitary,Rain Shower,Master Bathroom,Chrome,High,9.0,Set,Per_Master_Bathroom,1,Master Bathroom,True,10593,Rain Shower,Not Applicable,High: > 7542
Ideal Standard,Shower Cabin,Sanitary,Sliding Cabin,Master Bathroom,90x90 cm,High,8.4,Piece,Per_Master_Bathroom,1,Master Bathroom,True,7634,Sliding Cabin,Not Applicable,High: > 7542
GROHE,Close Coupled Toilet,Sanitary,Floor Mounted,Bathroom,Ceramic,High,7.6,Piece,Per_Bathroom,1,Bathroom,False,7922,Floor Mounted,Not Applicable,High: > 7542
Ideal Standard,Close Coupled Toilet,Sanitary,Floor Mounted,Bathroom,Ceramic,Medium,7.6,Piece,Per_Bathroom,1,Bathroom,False,5949,Floor Mounted,Not Applicable,Medium: 5006 - 7542
Roca,Shower Cabin,Sanitary,Sliding Cabin,Master Bathroom,90x90 cm,Medium,8.4,Piece,Per_Master_Bathroom,1,Master Bathroom,True,5591,Sliding Cabin,Not Applicable,Medium: 5006 - 7542
Roca,Rain Shower,Sanitary,Rain Shower,Master Bathroom,Chrome,Low,9.0,Set,Per_Master_Bathroom,1,Master Bathroom,True,4632,Rain Shower,Not Applicable,Low: <= 5006
GROHE,Close Coupled Toilet,Sanitary,Floor Mounted,Bathroom,Ceramic,Low,7.6,Piece,Per_Bathroom,1,Bathroom,False,4999,Floor Mounted,Not Applicable,Low: <= 5006
Ideal Standard,Close Coupled Toilet,Sanitary,Floor Mounted,Bathroom,Ceramic,Medium,7.6,Piece,Per_Bathroom,1,Bathroom,False,5573,Floor Mounted,Not Applicable,Medium: 5006 - 7542
Roca,Shower Cabin,Sanitary,Sliding Cabin,Master Bathroom,90x90 cm,Medium,8.4,Piece,Per_Master_Bathroom,1,Master Bathroom,True,5069,Sliding Cabin,Not Applicable,Medium: 5006 - 7542
GROHE,Rain Shower,Sanitary,Rain Shower,Master Bathroom,Chrome,High,9.0,Set,Per_Master_Bathroom,1,Master Bathroom,True,9802,Rain Shower,Not Applicable,High: > 7542
Ideal Standard,Close Coupled Toilet,Sanitary,Floor Mounted,Bathroom,Ceramic,High,7.6,Piece,Per_Bathroom,1,Bathroom,False,7550,Floor Mounted,Not Applicable,High: > 7542
Roca,Wash Basin,Sanitary,Pedestal,Bathroom,60 cm,Low,7.4,Piece,Per_Bathroom,1,Bathroom,False,2549,Pedestal,Not Applicable,Low: <= 5006
Roca,Close Coupled Toilet,Sanitary,Floor Mounted,Bathroom,Ceramic,Medium,7.6,Piece,Per_Bathroom,1,Bathroom,False,7496,Floor Mounted,Not Applicable,Medium: 5006 - 7542
Lecico,Rain Shower,Sanitary,Rain Shower,Master Bathroom,Chrome,High,9.0,Set,Per_Master_Bathroom,1,Master Bathroom,True,7740,Rain Shower,Not Applicable,High: > 7542
Lecico,Close Coupled Toilet,Sanitary,Floor Mounted,Bathroom,Ceramic,High,7.6,Piece,Per_Bathroom,1,Bathroom,False,7777,Floor Mounted,Not Applicable,High: > 7542
Roca,Close Coupled Toilet,Sanitary,Floor Mounted,Bathroom,Ceramic,Medium,7.6,Piece,Per_Bathroom,1,Bathroom,False,5039,Floor Mounted,Not Applicable,Medium: 5006 - 7542
Lecico,Close Coupled Toilet,Sanitary,Floor Mounted,Bathroom,Ceramic,Medium,7.6,Piece,Per_Bathroom,1,Bathroom,False,7384,Floor Mounted,Not Applicable,Medium: 5006 - 7542
Lecico,Rain Shower,Sanitary,Rain Shower,Master Bathroom,Chrome,Low,9.0,Set,Per_Master_Bathroom,1,Master Bathroom,True,4736,Rain Shower,Not Applicable,Low: <= 5006
Ceramica Cleopatra,Close Coupled Toilet,Sanitary,Floor Mounted,Bathroom,Ceramic,Medium,7.6,Piece,Per_Bathroom,1,Bathroom,False,5049,Floor Mounted,Not Applicable,Medium: 5006 - 7542
GROHE,Rain Shower,Sanitary,Rain Shower,Master Bathroom,Chrome,High,9.0,Set,Per_Master_Bathroom,1,Master Bathroom,True,9633,Rain Shower,Not Applicable,High: > 7542
Roca,Rain Shower,Sanitary,Rain Shower,Master Bathroom,Chrome,High,9.0,Set,Per_Master_Bathroom,1,Master Bathroom,True,7996,Rain Shower,Not Applicable,High: > 7542
Ideal Standard,Rain Shower,Sanitary,Rain Shower,Master Bathroom,Chrome,High,9.0,Set,Per_Master_Bathroom,1,Master Bathroom,True,10693,Rain Shower,Not Applicable,High: > 7542
Lecico,Wash Basin,Sanitary,Pedestal,Bathroom,60 cm,Low,7.4,Piece,Per_Bathroom,1,Bathroom,False,1999,Pedestal,Not Applicable,Low: <= 5006
Roca,Shower Cabin,Sanitary,Sliding Cabin,Master Bathroom,90x90 cm,High,8.4,Piece,Per_Master_Bathroom,1,Master Bathroom,True,10418,Sliding Cabin,Not Applicable,High: > 7542
Lecico,Wash Basin,Sanitary,Pedestal,Bathroom,60 cm,Low,7.4,Piece,Per_Bathroom,1,Bathroom,False,1920,Pedestal,Not Applicable,Low: <= 5006
Ceramica Cleopatra,Shower Cabin,Sanitary,Sliding Cabin,Master Bathroom,90x90 cm,Medium,8.4,Piece,Per_Master_Bathroom,1,Master Bathroom,True,6299,Sliding Cabin,Not Applicable,Medium: 5006 - 7542
Roca,Rain Shower,Sanitary,Rain Shower,Master Bathroom,Chrome,Medium,9.0,Set,Per_Master_Bathroom,1,Master Bathroom,True,5820,Rain Shower,Not Applicable,Medium: 5006 - 7542
Roca,Shower Cabin,Sanitary,Sliding Cabin,Master Bathroom,90x90 cm,Medium,8.4,Piece,Per_Master_Bathroom,1,Master Bathroom,True,6987,Sliding Cabin,Not Applicable,Medium: 5006 - 7542
GROHE,Close Coupled Toilet,Sanitary,Floor Mounted,Bathroom,Ceramic,Medium,7.6,Piece,Per_Bathroom,1,Bathroom,False,7053,Floor Mounted,Not Applicable,Medium: 5006 - 7542
Roca,Shower Cabin,Sanitary,Sliding Cabin,Master Bathroom,90x90 cm,High,8.4,Piece,Per_Master_Bathroom,1,Master Bathroom,True,10267,Sliding Cabin,Not Applicable,High: > 7542
Ceramica Cleopatra,Close Coupled Toilet,Sanitary,Floor Mounted,Bathroom,Ceramic,High,7.6,Piece,Per_Bathroom,1,Bathroom,False,8251,Floor Mounted,Not Applicable,High: > 7542
Lecico,Close Coupled Toilet,Sanitary,Floor Mounted,Bathroom,Ceramic,Medium,7.6,Piece,Per_Bathroom,1,Bathroom,False,5499,Floor Mounted,Not Applicable,Medium: 5006 - 7542
Ideal Standard,Wash Basin,Sanitary,Pedestal,Bathroom,60 cm,Low,7.4,Piece,Per_Bathroom,1,Bathroom,False,3730,Pedestal,Not Applicable,Low: <= 5006
Ideal Standard,Rain Shower,Sanitary,Rain Shower,Master Bathroom,Chrome,High,9.0,Set,Per_Master_Bathroom,1,Master Bathroom,True,10419,Rain Shower,Not Applicable,High: > 7542
Lecico,Shower Cabin,Sanitary,Sliding Cabin,Master Bathroom,90x90 cm,Medium,8.4,Piece,Per_Master_Bathroom,1,Master Bathroom,True,6429,Sliding Cabin,Not Applicable,Medium: 5006 - 7542
Roca,Shower Cabin,Sanitary,Sliding Cabin,Master Bathroom,90x90 cm,Medium,8.4,Piece,Per_Master_Bathroom,1,Master Bathroom,True,6695,Sliding Cabin,Not Applicable,Medium: 5006 - 7542
Ceramica Cleopatra,Rain Shower,Sanitary,Rain Shower,Master Bathroom,Chrome,Medium,9.0,Set,Per_Master_Bathroom,1,Master Bathroom,True,6387,Rain Shower,Not Applicable,Medium: 5006 - 7542
Ceramica Cleopatra,Shower Cabin,Sanitary,Sliding Cabin,Master Bathroom,90x90 cm,High,8.4,Piece,Per_Master_Bathroom,1,Master Bathroom,True,9879,Sliding Cabin,Not Applicable,High: > 7542
Ideal Standard,Shower Cabin,Sanitary,Sliding Cabin,Master Bathroom,90x90 cm,High,8.4,Piece,Per_Master_Bathroom,1,Master Bathroom,True,7824,Sliding Cabin,Not Applicable,High: > 7542
Roca,Shower Cabin,Sanitary,Sliding Cabin,Master Bathroom,90x90 cm,Medium,8.4,Piece,Per_Master_Bathroom,1,Master Bathroom,True,5197,Sliding Cabin,Not Applicable,Medium: 5006 - 7542
Ceramica Cleopatra,Shower Cabin,Sanitary,Sliding Cabin,Master Bathroom,90x90 cm,Low,8.4,Piece,Per_Master_Bathroom,1,Master Bathroom,True,4966,Sliding Cabin,Not Applicable,Low: <= 5006
Ideal Standard,Close Coupled Toilet,Sanitary,Floor Mounted,Bathroom,Ceramic,Low,7.6,Piece,Per_Bathroom,1,Bathroom,False,4381,Floor Mounted,Not Applicable,Low: <= 5006
Roca,Shower Cabin,Sanitary,Sliding Cabin,Master Bathroom,90x90 cm,High,8.4,Piece,Per_Master_Bathroom,1,Master Bathroom,True,9975,Sliding Cabin,Not Applicable,High: > 7542
GROHE,Shower Cabin,Sanitary,Sliding Cabin,Master Bathroom,90x90 cm,High,8.4,Piece,Per_Master_Bathroom,1,Master Bathroom,True,10339,Sliding Cabin,Not Applicable,High: > 7542
Ceramica Cleopatra,Rain Shower,Sanitary,Rain Shower,Master Bathroom,Chrome,Medium,9.0,Set,Per_Master_Bathroom,1,Master Bathroom,True,6146,Rain Shower,Not Applicable,Medium: 5006 - 7542
GROHE,Rain Shower,Sanitary,Rain Shower,Master Bathroom,Chrome,High,9.0,Set,Per_Master_Bathroom,1,Master Bathroom,True,9164,Rain Shower,Not Applicable,High: > 7542
Roca,Close Coupled Toilet,Sanitary,Floor Mounted,Bathroom,Ceramic,Medium,7.6,Piece,Per_Bathroom,1,Bathroom,False,6368,Floor Mounted,Not Applicable,Medium: 5006 - 7542
GROHE,Close Coupled Toilet,Sanitary,Floor Mounted,Bathroom,Ceramic,High,7.6,Piece,Per_Bathroom,1,Bathroom,False,8146,Floor Mounted,Not Applicable,High: > 7542
Ideal Standard,Shower Cabin,Sanitary,Sliding Cabin,Master Bathroom,90x90 cm,High,8.4,Piece,Per_Master_Bathroom,1,Master Bathroom,True,7606,Sliding Cabin,Not Applicable,High: > 7542
GROHE,Shower Cabin,Sanitary,Sliding Cabin,Master Bathroom,90x90 cm,High,8.4,Piece,Per_Master_Bathroom,1,Master Bathroom,True,7627,Sliding Cabin,Not Applicable,High: > 7542
Ceramica Cleopatra,Shower Cabin,Sanitary,Sliding Cabin,Master Bathroom,90x90 cm,High,8.4,Piece,Per_Master_Bathroom,1,Master Bathroom,True,10839,Sliding Cabin,Not Applicable,High: > 7542
Ceramica Cleopatra,Close Coupled Toilet,Sanitary,Floor Mounted,Bathroom,Ceramic,High,7.6,Piece,Per_Bathroom,1,Bathroom,False,8125,Floor Mounted,Not Applicable,High: > 7542
Ceramica Cleopatra,Close Coupled Toilet,Sanitary,Floor Mounted,Bathroom,Ceramic,Medium,7.6,Piece,Per_Bathroom,1,Bathroom,False,5066,Floor Mounted,Not Applicable,Medium: 5006 - 7542
Ceramica Cleopatra,Rain Shower,Sanitary,Rain Shower,Master Bathroom,Chrome,Medium,9.0,Set,Per_Master_Bathroom,1,Master Bathroom,True,6843,Rain Shower,Not Applicable,Medium: 5006 - 7542
Ceramica Cleopatra,Close Coupled Toilet,Sanitary,Floor Mounted,Bathroom,Ceramic,Medium,7.6,Piece,Per_Bathroom,1,Bathroom,False,5958,Floor Mounted,Not Applicable,Medium: 5006 - 7542
GROHE,Rain Shower,Sanitary,Rain Shower,Master Bathroom,Chrome,High,9.0,Set,Per_Master_Bathroom,1,Master Bathroom,True,9680,Rain Shower,Not Applicable,High: > 7542
Lecico,Close Coupled Toilet,Sanitary,Floor Mounted,Bathroom,Ceramic,Medium,7.6,Piece,Per_Bathroom,1,Bathroom,False,6986,Floor Mounted,Not Applicable,Medium: 5006 - 7542
Ideal Standard,Shower Cabin,Sanitary,Sliding Cabin,Master Bathroom,90x90 cm,Low,8.4,Piece,Per_Master_Bathroom,1,Master Bathroom,True,4905,Sliding Cabin,Not Applicable,Low: <= 5006
Lecico,Shower Cabin,Sanitary,Sliding Cabin,Master Bathroom,90x90 cm,Medium,8.4,Piece,Per_Master_Bathroom,1,Master Bathroom,True,5675,Sliding Cabin,Not Applicable,Medium: 5006 - 7542
Roca,Rain Shower,Sanitary,Rain Shower,Master Bathroom,Chrome,High,9.0,Set,Per_Master_Bathroom,1,Master Bathroom,True,9622,Rain Shower,Not Applicable,High: > 7542
Ceramica Cleopatra,Shower Cabin,Sanitary,Sliding Cabin,Master Bathroom,90x90 cm,Medium,8.4,Piece,Per_Master_Bathroom,1,Master Bathroom,True,6503,Sliding Cabin,Not Applicable,Medium: 5006 - 7542
Ceramica Cleopatra,Rain Shower,Sanitary,Rain Shower,Master Bathroom,Chrome,High,9.0,Set,Per_Master_Bathroom,1,Master Bathroom,True,8323,Rain Shower,Not Applicable,High: > 7542
GROHE,Shower Cabin,Sanitary,Sliding Cabin,Master Bathroom,90x90 cm,Medium,8.4,Piece,Per_Master_Bathroom,1,Master Bathroom,True,5689,Sliding Cabin,Not Applicable,Medium: 5006 - 7542
Roca,Wash Basin,Sanitary,Pedestal,Bathroom,60 cm,Low,7.4,Piece,Per_Bathroom,1,Bathroom,False,1950,Pedestal,Not Applicable,Low: <= 5006
GROHE,Close Coupled Toilet,Sanitary,Floor Mounted,Bathroom,Ceramic,Medium,7.6,Piece,Per_Bathroom,1,Bathroom,False,6975,Floor Mounted,Not Applicable,Medium: 5006 - 7542
Lecico,Rain Shower,Sanitary,Rain Shower,Master Bathroom,Chrome,Medium,9.0,Set,Per_Master_Bathroom,1,Master Bathroom,True,7193,Rain Shower,Not Applicable,Medium: 5006 - 7542
Ideal Standard,Shower Cabin,Sanitary,Sliding Cabin,Master Bathroom,90x90 cm,Medium,8.4,Piece,Per_Master_Bathroom,1,Master Bathroom,True,6053,Sliding Cabin,Not Applicable,Medium: 5006 - 7542
Lecico,Wash Basin,Sanitary,Pedestal,Bathroom,60 cm,Low,7.4,Piece,Per_Bathroom,1,Bathroom,False,3990,Pedestal,Not Applicable,Low: <= 5006
Roca,Rain Shower,Sanitary,Rain Shower,Master Bathroom,Chrome,Medium,9.0,Set,Per_Master_Bathroom,1,Master Bathroom,True,7075,Rain Shower,Not Applicable,Medium: 5006 - 7542
Ceramica Cleopatra,Wash Basin,Sanitary,Pedestal,Bathroom,60 cm,Low,7.4,Piece,Per_Bathroom,1,Bathroom,False,2506,Pedestal,Not Applicable,Low: <= 5006
Ideal Standard,Rain Shower,Sanitary,Rain Shower,Master Bathroom,Chrome,Medium,9.0,Set,Per_Master_Bathroom,1,Master Bathroom,True,7409,Rain Shower,Not Applicable,Medium: 5006 - 7542
GROHE,Wash Basin,Sanitary,Pedestal,Bathroom,60 cm,Low,7.4,Piece,Per_Bathroom,1,Bathroom,False,3747,Pedestal,Not Applicable,Low: <= 5006
Lecico,Rain Shower,Sanitary,Rain Shower,Master Bathroom,Chrome,High,9.0,Set,Per_Master_Bathroom,1,Master Bathroom,True,10397,Rain Shower,Not Applicable,High: > 7542
Lecico,Close Coupled Toilet,Sanitary,Floor Mounted,Bathroom,Ceramic,Medium,7.6,Piece,Per_Bathroom,1,Bathroom,False,6518,Floor Mounted,Not Applicable,Medium: 5006 - 7542
Ceramica Cleopatra,Rain Shower,Sanitary,Rain Shower,Master Bathroom,Chrome,High,9.0,Set,Per_Master_Bathroom,1,Master Bathroom,True,10374,Rain Shower,Not Applicable,High: > 7542
Roca,Rain Shower,Sanitary,Rain Shower,Master Bathroom,Chrome,Medium,9.0,Set,Per_Master_Bathroom,1,Master Bathroom,True,5650,Rain Shower,Not Applicable,Medium: 5006 - 7542
Roca,Close Coupled Toilet,Sanitary,Floor Mounted,Bathroom,Ceramic,Low,7.6,Piece,Per_Bathroom,1,Bathroom,False,4430,Floor Mounted,Not Applicable,Low: <= 5006
Ideal Standard,Rain Shower,Sanitary,Rain Shower,Master Bathroom,Chrome,Medium,9.0,Set,Per_Master_Bathroom,1,Master Bathroom,True,5134,Rain Shower,Not Applicable,Medium: 5006 - 7542
Roca,Rain Shower,Sanitary,Rain Shower,Master Bathroom,Chrome,Medium,9.0,Set,Per_Master_Bathroom,1,Master Bathroom,True,5607,Rain Shower,Not Applicable,Medium: 5006 - 7542
Ideal Standard,Shower Cabin,Sanitary,Sliding Cabin,Master Bathroom,90x90 cm,Medium,8.4,Piece,Per_Master_Bathroom,1,Master Bathroom,True,5828,Sliding Cabin,Not Applicable,Medium: 5006 - 7542
Lecico,Rain Shower,Sanitary,Rain Shower,Master Bathroom,Chrome,Medium,9.0,Set,Per_Master_Bathroom,1,Master Bathroom,True,5901,Rain Shower,Not Applicable,Medium: 5006 - 7542
GROHE,Close Coupled Toilet,Sanitary,Floor Mounted,Bathroom,Ceramic,Medium,7.6,Piece,Per_Bathroom,1,Bathroom,False,5818,Floor Mounted,Not Applicable,Medium: 5006 - 7542
GROHE,Close Coupled Toilet,Sanitary,Floor Mounted,Bathroom,Ceramic,Medium,7.6,Piece,Per_Bathroom,1,Bathroom,False,7396,Floor Mounted,Not Applicable,Medium: 5006 - 7542
GROHE,Rain Shower,Sanitary,Rain Shower,Master Bathroom,Chrome,Medium,9.0,Set,Per_Master_Bathroom,1,Master Bathroom,True,5062,Rain Shower,Not Applicable,Medium: 5006 - 7542
Roca,Wash Basin,Sanitary,Pedestal,Bathroom,60 cm,Low,7.4,Piece,Per_Bathroom,1,Bathroom,False,3155,Pedestal,Not Applicable,Low: <= 5006
Ceramica Cleopatra,Shower Cabin,Sanitary,Sliding Cabin,Master Bathroom,90x90 cm,Low,8.4,Piece,Per_Master_Bathroom,1,Master Bathroom,True,4888,Sliding Cabin,Not Applicable,Low: <= 5006
Ideal Standard,Rain Shower,Sanitary,Rain Shower,Master Bathroom,Chrome,High,9.0,Set,Per_Master_Bathroom,1,Master Bathroom,True,10313,Rain Shower,Not Applicable,High: > 7542
Roca,Close Coupled Toilet,Sanitary,Floor Mounted,Bathroom,Ceramic,High,7.6,Piece,Per_Bathroom,1,Bathroom,False,7683,Floor Mounted,Not Applicable,High: > 7542
Ceramica Cleopatra,Shower Cabin,Sanitary,Sliding Cabin,Master Bathroom,90x90 cm,Medium,8.4,Piece,Per_Master_Bathroom,1,Master Bathroom,True,7024,Sliding Cabin,Not Applicable,Medium: 5006 - 7542
GROHE,Wash Basin,Sanitary,Pedestal,Bathroom,60 cm,Low,7.4,Piece,Per_Bathroom,1,Bathroom,False,2100,Pedestal,Not Applicable,Low: <= 5006
GROHE,Wash Basin,Sanitary,Pedestal,Bathroom,60 cm,Low,7.4,Piece,Per_Bathroom,1,Bathroom,False,2846,Pedestal,Not Applicable,Low: <= 5006
Ceramica Cleopatra,Shower Cabin,Sanitary,Sliding Cabin,Master Bathroom,90x90 cm,High,8.4,Piece,Per_Master_Bathroom,1,Master Bathroom,True,8896,Sliding Cabin,Not Applicable,High: > 7542
Lecico,Close Coupled Toilet,Sanitary,Floor Mounted,Bathroom,Ceramic,Medium,7.6,Piece,Per_Bathroom,1,Bathroom,False,7526,Floor Mounted,Not Applicable,Medium: 5006 - 7542
Ideal Standard,Close Coupled Toilet,Sanitary,Floor Mounted,Bathroom,Ceramic,Low,7.6,Piece,Per_Bathroom,1,Bathroom,False,4127,Floor Mounted,Not Applicable,Low: <= 5006
Ceramica Cleopatra,Shower Cabin,Sanitary,Sliding Cabin,Master Bathroom,90x90 cm,High,8.4,Piece,Per_Master_Bathroom,1,Master Bathroom,True,9870,Sliding Cabin,Not Applicable,High: > 7542
Ceramica Cleopatra,Close Coupled Toilet,Sanitary,Floor Mounted,Bathroom,Ceramic,Medium,7.6,Piece,Per_Bathroom,1,Bathroom,False,5913,Floor Mounted,Not Applicable,Medium: 5006 - 7542
Roca,Close Coupled Toilet,Sanitary,Floor Mounted,Bathroom,Ceramic,Medium,7.6,Piece,Per_Bathroom,1,Bathroom,False,6372,Floor Mounted,Not Applicable,Medium: 5006 - 7542
GROHE,Wash Basin,Sanitary,Pedestal,Bathroom,60 cm,Low,7.4,Piece,Per_Bathroom,1,Bathroom,False,2618,Pedestal,Not Applicable,Low: <= 5006
GROHE,Close Coupled Toilet,Sanitary,Floor Mounted,Bathroom,Ceramic,Low,7.6,Piece,Per_Bathroom,1,Bathroom,False,4743,Floor Mounted,Not Applicable,Low: <= 5006
Ideal Standard,Shower Cabin,Sanitary,Sliding Cabin,Master Bathroom,90x90 cm,High,8.4,Piece,Per_Master_Bathroom,1,Master Bathroom,True,8147,Sliding Cabin,Not Applicable,High: > 7542
Ideal Standard,Shower Cabin,Sanitary,Sliding Cabin,Master Bathroom,90x90 cm,High,8.4,Piece,Per_Master_Bathroom,1,Master Bathroom,True,10601,Sliding Cabin,Not Applicable,High: > 7542
Ideal Standard,Close Coupled Toilet,Sanitary,Floor Mounted,Bathroom,Ceramic,Medium,7.6,Piece,Per_Bathroom,1,Bathroom,False,5039,Floor Mounted,Not Applicable,Medium: 5006 - 7542
Roca,Shower Cabin,Sanitary,Sliding Cabin,Master Bathroom,90x90 cm,Medium,8.4,Piece,Per_Master_Bathroom,1,Master Bathroom,True,5369,Sliding Cabin,Not Applicable,Medium: 5006 - 7542
Lecico,Close Coupled Toilet,Sanitary,Floor Mounted,Bathroom,Ceramic,High,7.6,Piece,Per_Bathroom,1,Bathroom,False,7624,Floor Mounted,Not Applicable,High: > 7542
Ideal Standard,Rain Shower,Sanitary,Rain Shower,Master Bathroom,Chrome,Low,9.0,Set,Per_Master_Bathroom,1,Master Bathroom,True,4986,Rain Shower,Not Applicable,Low: <= 5006
Roca,Wash Basin,Sanitary,Pedestal,Bathroom,60 cm,Low,7.4,Piece,Per_Bathroom,1,Bathroom,False,2672,Pedestal,Not Applicable,Low: <= 5006
Roca,Shower Cabin,Sanitary,Sliding Cabin,Master Bathroom,90x90 cm,Medium,8.4,Piece,Per_Master_Bathroom,1,Master Bathroom,True,6738,Sliding Cabin,Not Applicable,Medium: 5006 - 7542
GROHE,Shower Cabin,Sanitary,Sliding Cabin,Master Bathroom,90x90 cm,Medium,8.4,Piece,Per_Master_Bathroom,1,Master Bathroom,True,5555,Sliding Cabin,Not Applicable,Medium: 5006 - 7542
Ceramica Cleopatra,Rain Shower,Sanitary,Rain Shower,Master Bathroom,Chrome,High,9.0,Set,Per_Master_Bathroom,1,Master Bathroom,True,7890,Rain Shower,Not Applicable,High: > 7542
Ideal Standard,Wash Basin,Sanitary,Pedestal,Bathroom,60 cm,Low,7.4,Piece,Per_Bathroom,1,Bathroom,False,1832,Pedestal,Not Applicable,Low: <= 5006
GROHE,Shower Cabin,Sanitary,Sliding Cabin,Master Bathroom,90x90 cm,High,8.4,Piece,Per_Master_Bathroom,1,Master Bathroom,True,8911,Sliding Cabin,Not Applicable,High: > 7542
Roca,Rain Shower,Sanitary,Rain Shower,Master Bathroom,Chrome,Low,9.0,Set,Per_Master_Bathroom,1,Master Bathroom,True,4518,Rain Shower,Not Applicable,Low: <= 5006
GROHE,Wash Basin,Sanitary,Pedestal,Bathroom,60 cm,Low,7.4,Piece,Per_Bathroom,1,Bathroom,False,3886,Pedestal,Not Applicable,Low: <= 5006
Roca,Shower Cabin,Sanitary,Sliding Cabin,Master Bathroom,90x90 cm,High,8.4,Piece,Per_Master_Bathroom,1,Master Bathroom,True,9580,Sliding Cabin,Not Applicable,High: > 7542
Ideal Standard,Rain Shower,Sanitary,Rain Shower,Master Bathroom,Chrome,Low,9.0,Set,Per_Master_Bathroom,1,Master Bathroom,True,4645,Rain Shower,Not Applicable,Low: <= 5006
Lecico,Shower Cabin,Sanitary,Sliding Cabin,Master Bathroom,90x90 cm,Medium,8.4,Piece,Per_Master_Bathroom,1,Master Bathroom,True,6145,Sliding Cabin,Not Applicable,Medium: 5006 - 7542
GROHE,Wash Basin,Sanitary,Pedestal,Bathroom,60 cm,Low,7.4,Piece,Per_Bathroom,1,Bathroom,False,1973,Pedestal,Not Applicable,Low: <= 5006
Ideal Standard,Shower Cabin,Sanitary,Sliding Cabin,Master Bathroom,90x90 cm,High,8.4,Piece,Per_Master_Bathroom,1,Master Bathroom,True,9916,Sliding Cabin,Not Applicable,High: > 7542
Ceramica Cleopatra,Close Coupled Toilet,Sanitary,Floor Mounted,Bathroom,Ceramic,Medium,7.6,Piece,Per_Bathroom,1,Bathroom,False,7088,Floor Mounted,Not Applicable,Medium: 5006 - 7542
GROHE,Shower Cabin,Sanitary,Sliding Cabin,Master Bathroom,90x90 cm,High,8.4,Piece,Per_Master_Bathroom,1,Master Bathroom,True,7943,Sliding Cabin,Not Applicable,High: > 7542
Ideal Standard,Shower Cabin,Sanitary,Sliding Cabin,Master Bathroom,90x90 cm,Low,8.4,Piece,Per_Master_Bathroom,1,Master Bathroom,True,4529,Sliding Cabin,Not Applicable,Low: <= 5006
GROHE,Rain Shower,Sanitary,Rain Shower,Master Bathroom,Chrome,High,9.0,Set,Per_Master_Bathroom,1,Master Bathroom,True,10685,Rain Shower,Not Applicable,High: > 7542
Roca,Rain Shower,Sanitary,Rain Shower,Master Bathroom,Chrome,High,9.0,Set,Per_Master_Bathroom,1,Master Bathroom,True,9411,Rain Shower,Not Applicable,High: > 7542
GROHE,Close Coupled Toilet,Sanitary,Floor Mounted,Bathroom,Ceramic,Medium,7.6,Piece,Per_Bathroom,1,Bathroom,False,6408,Floor Mounted,Not Applicable,Medium: 5006 - 7542
GROHE,Shower Cabin,Sanitary,Sliding Cabin,Master Bathroom,90x90 cm,Medium,8.4,Piece,Per_Master_Bathroom,1,Master Bathroom,True,5042,Sliding Cabin,Not Applicable,Medium: 5006 - 7542
Lecico,Wash Basin,Sanitary,Pedestal,Bathroom,60 cm,Low,7.4,Piece,Per_Bathroom,1,Bathroom,False,3950,Pedestal,Not Applicable,Low: <= 5006
Ceramica Cleopatra,Close Coupled Toilet,Sanitary,Floor Mounted,Bathroom,Ceramic,Medium,7.6,Piece,Per_Bathroom,1,Bathroom,False,6538,Floor Mounted,Not Applicable,Medium: 5006 - 7542
Ideal Standard,Rain Shower,Sanitary,Rain Shower,Master Bathroom,Chrome,High,9.0,Set,Per_Master_Bathroom,1,Master Bathroom,True,8835,Rain Shower,Not Applicable,High: > 7542
Ideal Standard,Rain Shower,Sanitary,Rain Shower,Master Bathroom,Chrome,High,9.0,Set,Per_Master_Bathroom,1,Master Bathroom,True,9335,Rain Shower,Not Applicable,High: > 7542
Roca,Wash Basin,Sanitary,Pedestal,Bathroom,60 cm,Low,7.4,Piece,Per_Bathroom,1,Bathroom,False,3801,Pedestal,Not Applicable,Low: <= 5006
Ideal Standard,Shower Cabin,Sanitary,Sliding Cabin,Master Bathroom,90x90 cm,Low,8.4,Piece,Per_Master_Bathroom,1,Master Bathroom,True,4707,Sliding Cabin,Not Applicable,Low: <= 5006
Ideal Standard,Wash Basin,Sanitary,Pedestal,Bathroom,60 cm,Low,7.4,Piece,Per_Bathroom,1,Bathroom,False,3924,Pedestal,Not Applicable,Low: <= 5006
Roca,Rain Shower,Sanitary,Rain Shower,Master Bathroom,Chrome,Medium,9.0,Set,Per_Master_Bathroom,1,Master Bathroom,True,6966,Rain Shower,Not Applicable,Medium: 5006 - 7542
Lecico,Rain Shower,Sanitary,Rain Shower,Master Bathroom,Chrome,Medium,9.0,Set,Per_Master_Bathroom,1,Master Bathroom,True,7238,Rain Shower,Not Applicable,Medium: 5006 - 7542
Lecico,Close Coupled Toilet,Sanitary,Floor Mounted,Bathroom,Ceramic,Low,7.6,Piece,Per_Bathroom,1,Bathroom,False,4912,Floor Mounted,Not Applicable,Low: <= 5006
Ideal Standard,Shower Cabin,Sanitary,Sliding Cabin,Master Bathroom,90x90 cm,High,8.4,Piece,Per_Master_Bathroom,1,Master Bathroom,True,9256,Sliding Cabin,Not Applicable,High: > 7542
GROHE,Close Coupled Toilet,Sanitary,Floor Mounted,Bathroom,Ceramic,Medium,7.6,Piece,Per_Bathroom,1,Bathroom,False,6214,Floor Mounted,Not Applicable,Medium: 5006 - 7542
GROHE,Wash Basin,Sanitary,Pedestal,Bathroom,60 cm,Low,7.4,Piece,Per_Bathroom,1,Bathroom,False,2897,Pedestal,Not Applicable,Low: <= 5006
GROHE,Rain Shower,Sanitary,Rain Shower,Master Bathroom,Chrome,Medium,9.0,Set,Per_Master_Bathroom,1,Master Bathroom,True,5057,Rain Shower,Not Applicable,Medium: 5006 - 7542
Ideal Standard,Close Coupled Toilet,Sanitary,Floor Mounted,Bathroom,Ceramic,Low,7.6,Piece,Per_Bathroom,1,Bathroom,False,3990,Floor Mounted,Not Applicable,Low: <= 5006
Lecico,Rain Shower,Sanitary,Rain Shower,Master Bathroom,Chrome,High,9.0,Set,Per_Master_Bathroom,1,Master Bathroom,True,9993,Rain Shower,Not Applicable,High: > 7542
Roca,Wash Basin,Sanitary,Pedestal,Bathroom,60 cm,Low,7.4,Piece,Per_Bathroom,1,Bathroom,False,3260,Pedestal,Not Applicable,Low: <= 5006
Roca,Wash Basin,Sanitary,Pedestal,Bathroom,60 cm,Low,7.4,Piece,Per_Bathroom,1,Bathroom,False,3919,Pedestal,Not Applicable,Low: <= 5006
Roca,Close Coupled Toilet,Sanitary,Floor Mounted,Bathroom,Ceramic,High,7.6,Piece,Per_Bathroom,1,Bathroom,False,7574,Floor Mounted,Not Applicable,High: > 7542
Ceramica Cleopatra,Close Coupled Toilet,Sanitary,Floor Mounted,Bathroom,Ceramic,Low,7.6,Piece,Per_Bathroom,1,Bathroom,False,5006,Floor Mounted,Not Applicable,Low: <= 5006
GROHE,Close Coupled Toilet,Sanitary,Floor Mounted,Bathroom,Ceramic,High,7.6,Piece,Per_Bathroom,1,Bathroom,False,8332,Floor Mounted,Not Applicable,High: > 7542
Ideal Standard,Wash Basin,Sanitary,Pedestal,Bathroom,60 cm,Low,7.4,Piece,Per_Bathroom,1,Bathroom,False,3653,Pedestal,Not Applicable,Low: <= 5006
Ceramica Cleopatra,Wash Basin,Sanitary,Pedestal,Bathroom,60 cm,Low,7.4,Piece,Per_Bathroom,1,Bathroom,False,2083,Pedestal,Not Applicable,Low: <= 5006
Roca,Close Coupled Toilet,Sanitary,Floor Mounted,Bathroom,Ceramic,Low,7.6,Piece,Per_Bathroom,1,Bathroom,False,3916,Floor Mounted,Not Applicable,Low: <= 5006
Roca,Shower Cabin,Sanitary,Sliding Cabin,Master Bathroom,90x90 cm,Medium,8.4,Piece,Per_Master_Bathroom,1,Master Bathroom,True,5696,Sliding Cabin,Not Applicable,Medium: 5006 - 7542
Ideal Standard,Wash Basin,Sanitary,Pedestal,Bathroom,60 cm,Low,7.4,Piece,Per_Bathroom,1,Bathroom,False,2478,Pedestal,Not Applicable,Low: <= 5006
Roca,Rain Shower,Sanitary,Rain Shower,Master Bathroom,Chrome,High,9.0,Set,Per_Master_Bathroom,1,Master Bathroom,True,9623,Rain Shower,Not Applicable,High: > 7542
Ceramica Cleopatra,Wash Basin,Sanitary,Pedestal,Bathroom,60 cm,Low,7.4,Piece,Per_Bathroom,1,Bathroom,False,2094,Pedestal,Not Applicable,Low: <= 5006
Roca,Close Coupled Toilet,Sanitary,Floor Mounted,Bathroom,Ceramic,Medium,7.6,Piece,Per_Bathroom,1,Bathroom,False,6903,Floor Mounted,Not Applicable,Medium: 5006 - 7542
Ceramica Cleopatra,Shower Cabin,Sanitary,Sliding Cabin,Master Bathroom,90x90 cm,Medium,8.4,Piece,Per_Master_Bathroom,1,Master Bathroom,True,5482,Sliding Cabin,Not Applicable,Medium: 5006 - 7542
Roca,Shower Cabin,Sanitary,Sliding Cabin,Master Bathroom,90x90 cm,High,8.4,Piece,Per_Master_Bathroom,1,Master Bathroom,True,9042,Sliding Cabin,Not Applicable,High: > 7542
GROHE,Rain Shower,Sanitary,Rain Shower,Master Bathroom,Chrome,Medium,9.0,Set,Per_Master_Bathroom,1,Master Bathroom,True,6295,Rain Shower,Not Applicable,Medium: 5006 - 7542
Ideal Standard,Wash Basin,Sanitary,Pedestal,Bathroom,60 cm,Low,7.4,Piece,Per_Bathroom,1,Bathroom,False,3847,Pedestal,Not Applicable,Low: <= 5006
Ceramica Cleopatra,Wash Basin,Sanitary,Pedestal,Bathroom,60 cm,Low,7.4,Piece,Per_Bathroom,1,Bathroom,False,2547,Pedestal,Not Applicable,Low: <= 5006
Lecico,Wash Basin,Sanitary,Pedestal,Bathroom,60 cm,Low,7.4,Piece,Per_Bathroom,1,Bathroom,False,3364,Pedestal,Not Applicable,Low: <= 5006
Ideal Standard,Close Coupled Toilet,Sanitary,Floor Mounted,Bathroom,Ceramic,High,7.6,Piece,Per_Bathroom,1,Bathroom,False,7834,Floor Mounted,Not Applicable,High: > 7542
GROHE,Wash Basin,Sanitary,Pedestal,Bathroom,60 cm,Low,7.4,Piece,Per_Bathroom,1,Bathroom,False,4032,Pedestal,Not Applicable,Low: <= 5006
Ideal Standard,Wash Basin,Sanitary,Pedestal,Bathroom,60 cm,Low,7.4,Piece,Per_Bathroom,1,Bathroom,False,2171,Pedestal,Not Applicable,Low: <= 5006
Lecico,Rain Shower,Sanitary,Rain Shower,Master Bathroom,Chrome,High,9.0,Set,Per_Master_Bathroom,1,Master Bathroom,True,10394,Rain Shower,Not Applicable,High: > 7542
Ideal Standard,Wash Basin,Sanitary,Pedestal,Bathroom,60 cm,Low,7.4,Piece,Per_Bathroom,1,Bathroom,False,3580,Pedestal,Not Applicable,Low: <= 5006
Ideal Standard,Shower Cabin,Sanitary,Sliding Cabin,Master Bathroom,90x90 cm,Low,8.4,Piece,Per_Master_Bathroom,1,Master Bathroom,True,4824,Sliding Cabin,Not Applicable,Low: <= 5006
GROHE,Close Coupled Toilet,Sanitary,Floor Mounted,Bathroom,Ceramic,Low,7.6,Piece,Per_Bathroom,1,Bathroom,False,4474,Floor Mounted,Not Applicable,Low: <= 5006
Roca,Close Coupled Toilet,Sanitary,Floor Mounted,Bathroom,Ceramic,Low,7.6,Piece,Per_Bathroom,1,Bathroom,False,3871,Floor Mounted,Not Applicable,Low: <= 5006
Roca,Wash Basin,Sanitary,Pedestal,Bathroom,60 cm,Low,7.4,Piece,Per_Bathroom,1,Bathroom,False,2060,Pedestal,Not Applicable,Low: <= 5006
Lecico,Rain Shower,Sanitary,Rain Shower,Master Bathroom,Chrome,Medium,9.0,Set,Per_Master_Bathroom,1,Master Bathroom,True,5283,Rain Shower,Not Applicable,Medium: 5006 - 7542
Ideal Standard,Rain Shower,Sanitary,Rain Shower,Master Bathroom,Chrome,High,9.0,Set,Per_Master_Bathroom,1,Master Bathroom,True,7862,Rain Shower,Not Applicable,High: > 7542
GROHE,Rain Shower,Sanitary,Rain Shower,Master Bathroom,Chrome,High,9.0,Set,Per_Master_Bathroom,1,Master Bathroom,True,10989,Rain Shower,Not Applicable,High: > 7542
Lecico,Shower Cabin,Sanitary,Sliding Cabin,Master Bathroom,90x90 cm,Medium,8.4,Piece,Per_Master_Bathroom,1,Master Bathroom,True,6229,Sliding Cabin,Not Applicable,Medium: 5006 - 7542
Ceramica Cleopatra,Close Coupled Toilet,Sanitary,Floor Mounted,Bathroom,Ceramic,Low,7.6,Piece,Per_Bathroom,1,Bathroom,False,4232,Floor Mounted,Not Applicable,Low: <= 5006
Ceramica Cleopatra,Close Coupled Toilet,Sanitary,Floor Mounted,Bathroom,Ceramic,Medium,7.6,Piece,Per_Bathroom,1,Bathroom,False,5689,Floor Mounted,Not Applicable,Medium: 5006 - 7542
Ideal Standard,Close Coupled Toilet,Sanitary,Floor Mounted,Bathroom,Ceramic,Medium,7.6,Piece,Per_Bathroom,1,Bathroom,False,5112,Floor Mounted,Not Applicable,Medium: 5006 - 7542
Lecico,Shower Cabin,Sanitary,Sliding Cabin,Master Bathroom,90x90 cm,High,8.4,Piece,Per_Master_Bathroom,1,Master Bathroom,True,10380,Sliding Cabin,Not Applicable,High: > 7542
GROHE,Shower Cabin,Sanitary,Sliding Cabin,Master Bathroom,90x90 cm,High,8.4,Piece,Per_Master_Bathroom,1,Master Bathroom,True,9632,Sliding Cabin,Not Applicable,High: > 7542
GROHE,Shower Cabin,Sanitary,Sliding Cabin,Master Bathroom,90x90 cm,Medium,8.4,Piece,Per_Master_Bathroom,1,Master Bathroom,True,5854,Sliding Cabin,Not Applicable,Medium: 5006 - 7542
Roca,Shower Cabin,Sanitary,Sliding Cabin,Master Bathroom,90x90 cm,Medium,8.4,Piece,Per_Master_Bathroom,1,Master Bathroom,True,6683,Sliding Cabin,Not Applicable,Medium: 5006 - 7542
Ideal Standard,Shower Cabin,Sanitary,Sliding Cabin,Master Bathroom,90x90 cm,Medium,8.4,Piece,Per_Master_Bathroom,1,Master Bathroom,True,6187,Sliding Cabin,Not Applicable,Medium: 5006 - 7542
Ceramica Cleopatra,Close Coupled Toilet,Sanitary,Floor Mounted,Bathroom,Ceramic,Medium,7.6,Piece,Per_Bathroom,1,Bathroom,False,6651,Floor Mounted,Not Applicable,Medium: 5006 - 7542
Ideal Standard,Wash Basin,Sanitary,Pedestal,Bathroom,60 cm,Low,7.4,Piece,Per_Bathroom,1,Bathroom,False,1971,Pedestal,Not Applicable,Low: <= 5006
Ceramica Cleopatra,Rain Shower,Sanitary,Rain Shower,Master Bathroom,Chrome,High,9.0,Set,Per_Master_Bathroom,1,Master Bathroom,True,9798,Rain Shower,Not Applicable,High: > 7542
Ceramica Cleopatra,Shower Cabin,Sanitary,Sliding Cabin,Master Bathroom,90x90 cm,High,8.4,Piece,Per_Master_Bathroom,1,Master Bathroom,True,10401,Sliding Cabin,Not Applicable,High: > 7542
GROHE,Shower Cabin,Sanitary,Sliding Cabin,Master Bathroom,90x90 cm,Medium,8.4,Piece,Per_Master_Bathroom,1,Master Bathroom,True,6273,Sliding Cabin,Not Applicable,Medium: 5006 - 7542
Lecico,Close Coupled Toilet,Sanitary,Floor Mounted,Bathroom,Ceramic,High,7.6,Piece,Per_Bathroom,1,Bathroom,False,7830,Floor Mounted,Not Applicable,High: > 7542
Ideal Standard,Rain Shower,Sanitary,Rain Shower,Master Bathroom,Chrome,High,9.0,Set,Per_Master_Bathroom,1,Master Bathroom,True,9944,Rain Shower,Not Applicable,High: > 7542
Lecico,Rain Shower,Sanitary,Rain Shower,Master Bathroom,Chrome,High,9.0,Set,Per_Master_Bathroom,1,Master Bathroom,True,8753,Rain Shower,Not Applicable,High: > 7542
GROHE,Rain Shower,Sanitary,Rain Shower,Master Bathroom,Chrome,High,9.0,Set,Per_Master_Bathroom,1,Master Bathroom,True,7908,Rain Shower,Not Applicable,High: > 7542
Ceramica Cleopatra,Rain Shower,Sanitary,Rain Shower,Master Bathroom,Chrome,High,9.0,Set,Per_Master_Bathroom,1,Master Bathroom,True,8778,Rain Shower,Not Applicable,High: > 7542
Lecico,Close Coupled Toilet,Sanitary,Floor Mounted,Bathroom,Ceramic,Medium,7.6,Piece,Per_Bathroom,1,Bathroom,False,5258,Floor Mounted,Not Applicable,Medium: 5006 - 7542
Lecico,Close Coupled Toilet,Sanitary,Floor Mounted,Bathroom,Ceramic,Medium,7.6,Piece,Per_Bathroom,1,Bathroom,False,6114,Floor Mounted,Not Applicable,Medium: 5006 - 7542
Roca,Rain Shower,Sanitary,Rain Shower,Master Bathroom,Chrome,Low,9.0,Set,Per_Master_Bathroom,1,Master Bathroom,True,4826,Rain Shower,Not Applicable,Low: <= 5006
Lecico,Wash Basin,Sanitary,Pedestal,Bathroom,60 cm,Low,7.4,Piece,Per_Bathroom,1,Bathroom,False,1845,Pedestal,Not Applicable,Low: <= 5006
Lecico,Wash Basin,Sanitary,Pedestal,Bathroom,60 cm,Low,7.4,Piece,Per_Bathroom,1,Bathroom,False,2925,Pedestal,Not Applicable,Low: <= 5006
Ceramica Cleopatra,Shower Cabin,Sanitary,Sliding Cabin,Master Bathroom,90x90 cm,Medium,8.4,Piece,Per_Master_Bathroom,1,Master Bathroom,True,5736,Sliding Cabin,Not Applicable,Medium: 5006 - 7542
Lecico,Shower Cabin,Sanitary,Sliding Cabin,Master Bathroom,90x90 cm,Medium,8.4,Piece,Per_Master_Bathroom,1,Master Bathroom,True,7326,Sliding Cabin,Not Applicable,Medium: 5006 - 7542
Ideal Standard,Rain Shower,Sanitary,Rain Shower,Master Bathroom,Chrome,High,9.0,Set,Per_Master_Bathroom,1,Master Bathroom,True,9982,Rain Shower,Not Applicable,High: > 7542
Ideal Standard,Close Coupled Toilet,Sanitary,Floor Mounted,Bathroom,Ceramic,High,7.6,Piece,Per_Bathroom,1,Bathroom,False,7624,Floor Mounted,Not Applicable,High: > 7542
Lecico,Close Coupled Toilet,Sanitary,Floor Mounted,Bathroom,Ceramic,Medium,7.6,Piece,Per_Bathroom,1,Bathroom,False,6433,Floor Mounted,Not Applicable,Medium: 5006 - 7542
Lecico,Shower Cabin,Sanitary,Sliding Cabin,Master Bathroom,90x90 cm,High,8.4,Piece,Per_Master_Bathroom,1,Master Bathroom,True,8779,Sliding Cabin,Not Applicable,High: > 7542
Roca,Shower Cabin,Sanitary,Sliding Cabin,Master Bathroom,90x90 cm,High,8.4,Piece,Per_Master_Bathroom,1,Master Bathroom,True,10831,Sliding Cabin,Not Applicable,High: > 7542
Lecico,Shower Cabin,Sanitary,Sliding Cabin,Master Bathroom,90x90 cm,Medium,8.4,Piece,Per_Master_Bathroom,1,Master Bathroom,True,7086,Sliding Cabin,Not Applicable,Medium: 5006 - 7542
Ceramica Cleopatra,Close Coupled Toilet,Sanitary,Floor Mounted,Bathroom,Ceramic,Low,7.6,Piece,Per_Bathroom,1,Bathroom,False,4982,Floor Mounted,Not Applicable,Low: <= 5006
Ideal Standard,Close Coupled Toilet,Sanitary,Floor Mounted,Bathroom,Ceramic,Low,7.6,Piece,Per_Bathroom,1,Bathroom,False,4143,Floor Mounted,Not Applicable,Low: <= 5006
Roca,Wash Basin,Sanitary,Pedestal,Bathroom,60 cm,Low,7.4,Piece,Per_Bathroom,1,Bathroom,False,2007,Pedestal,Not Applicable,Low: <= 5006
Lecico,Rain Shower,Sanitary,Rain Shower,Master Bathroom,Chrome,Medium,9.0,Set,Per_Master_Bathroom,1,Master Bathroom,True,5404,Rain Shower,Not Applicable,Medium: 5006 - 7542
Ideal Standard,Rain Shower,Sanitary,Rain Shower,Master Bathroom,Chrome,High,9.0,Set,Per_Master_Bathroom,1,Master Bathroom,True,10250,Rain Shower,Not Applicable,High: > 7542
Lecico,Rain Shower,Sanitary,Rain Shower,Master Bathroom,Chrome,High,9.0,Set,Per_Master_Bathroom,1,Master Bathroom,True,8669,Rain Shower,Not Applicable,High: > 7542
Lecico,Wash Basin,Sanitary,Pedestal,Bathroom,60 cm,Low,7.4,Piece,Per_Bathroom,1,Bathroom,False,3557,Pedestal,Not Applicable,Low: <= 5006
Ceramica Cleopatra,Rain Shower,Sanitary,Rain Shower,Master Bathroom,Chrome,High,9.0,Set,Per_Master_Bathroom,1,Master Bathroom,True,9667,Rain Shower,Not Applicable,High: > 7542
Lecico,Close Coupled Toilet,Sanitary,Floor Mounted,Bathroom,Ceramic,Low,7.6,Piece,Per_Bathroom,1,Bathroom,False,4276,Floor Mounted,Not Applicable,Low: <= 5006
Ideal Standard,Rain Shower,Sanitary,Rain Shower,Master Bathroom,Chrome,Medium,9.0,Set,Per_Master_Bathroom,1,Master Bathroom,True,5750,Rain Shower,Not Applicable,Medium: 5006 - 7542
Ceramica Cleopatra,Shower Cabin,Sanitary,Sliding Cabin,Master Bathroom,90x90 cm,High,8.4,Piece,Per_Master_Bathroom,1,Master Bathroom,True,9673,Sliding Cabin,Not Applicable,High: > 7542
Lecico,Shower Cabin,Sanitary,Sliding Cabin,Master Bathroom,90x90 cm,High,8.4,Piece,Per_Master_Bathroom,1,Master Bathroom,True,9450,Sliding Cabin,Not Applicable,High: > 7542
Lecico,Rain Shower,Sanitary,Rain Shower,Master Bathroom,Chrome,Medium,9.0,Set,Per_Master_Bathroom,1,Master Bathroom,True,6291,Rain Shower,Not Applicable,Medium: 5006 - 7542
Ceramica Cleopatra,Rain Shower,Sanitary,Rain Shower,Master Bathroom,Chrome,Medium,9.0,Set,Per_Master_Bathroom,1,Master Bathroom,True,6526,Rain Shower,Not Applicable,Medium: 5006 - 7542
Roca,Close Coupled Toilet,Sanitary,Floor Mounted,Bathroom,Ceramic,Low,7.6,Piece,Per_Bathroom,1,Bathroom,False,4004,Floor Mounted,Not Applicable,Low: <= 5006
Ideal Standard,Close Coupled Toilet,Sanitary,Floor Mounted,Bathroom,Ceramic,Low,7.6,Piece,Per_Bathroom,1,Bathroom,False,4771,Floor Mounted,Not Applicable,Low: <= 5006
Ceramica Cleopatra,Close Coupled Toilet,Sanitary,Floor Mounted,Bathroom,Ceramic,Medium,7.6,Piece,Per_Bathroom,1,Bathroom,False,6041,Floor Mounted,Not Applicable,Medium: 5006 - 7542
GROHE,Rain Shower,Sanitary,Rain Shower,Master Bathroom,Chrome,Medium,9.0,Set,Per_Master_Bathroom,1,Master Bathroom,True,6318,Rain Shower,Not Applicable,Medium: 5006 - 7542
GROHE,Shower Cabin,Sanitary,Sliding Cabin,Master Bathroom,90x90 cm,Medium,8.4,Piece,Per_Master_Bathroom,1,Master Bathroom,True,7279,Sliding Cabin,Not Applicable,Medium: 5006 - 7542
GROHE,Shower Cabin,Sanitary,Sliding Cabin,Master Bathroom,90x90 cm,High,8.4,Piece,Per_Master_Bathroom,1,Master Bathroom,True,8047,Sliding Cabin,Not Applicable,High: > 7542
Roca,Shower Cabin,Sanitary,Sliding Cabin,Master Bathroom,90x90 cm,High,8.4,Piece,Per_Master_Bathroom,1,Master Bathroom,True,9692,Sliding Cabin,Not Applicable,High: > 7542
GROHE,Rain Shower,Sanitary,Rain Shower,Master Bathroom,Chrome,High,9.0,Set,Per_Master_Bathroom,1,Master Bathroom,True,9908,Rain Shower,Not Applicable,High: > 7542
Lecico,Wash Basin,Sanitary,Pedestal,Bathroom,60 cm,Low,7.4,Piece,Per_Bathroom,1,Bathroom,False,2902,Pedestal,Not Applicable,Low: <= 5006
Ideal Standard,Shower Cabin,Sanitary,Sliding Cabin,Master Bathroom,90x90 cm,Medium,8.4,Piece,Per_Master_Bathroom,1,Master Bathroom,True,6257,Sliding Cabin,Not Applicable,Medium: 5006 - 7542
Lecico,Shower Cabin,Sanitary,Sliding Cabin,Master Bathroom,90x90 cm,Medium,8.4,Piece,Per_Master_Bathroom,1,Master Bathroom,True,7464,Sliding Cabin,Not Applicable,Medium: 5006 - 7542
Ceramica Cleopatra,Shower Cabin,Sanitary,Sliding Cabin,Master Bathroom,90x90 cm,High,8.4,Piece,Per_Master_Bathroom,1,Master Bathroom,True,9395,Sliding Cabin,Not Applicable,High: > 7542
Roca,Close Coupled Toilet,Sanitary,Floor Mounted,Bathroom,Ceramic,Low,7.6,Piece,Per_Bathroom,1,Bathroom,False,4566,Floor Mounted,Not Applicable,Low: <= 5006
Roca,Wash Basin,Sanitary,Pedestal,Bathroom,60 cm,Low,7.4,Piece,Per_Bathroom,1,Bathroom,False,4120,Pedestal,Not Applicable,Low: <= 5006
GROHE,Close Coupled Toilet,Sanitary,Floor Mounted,Bathroom,Ceramic,Medium,7.6,Piece,Per_Bathroom,1,Bathroom,False,5131,Floor Mounted,Not Applicable,Medium: 5006 - 7542
GROHE,Rain Shower,Sanitary,Rain Shower,Master Bathroom,Chrome,High,9.0,Set,Per_Master_Bathroom,1,Master Bathroom,True,8425,Rain Shower,Not Applicable,High: > 7542
Ideal Standard,Wash Basin,Sanitary,Pedestal,Bathroom,60 cm,Low,7.4,Piece,Per_Bathroom,1,Bathroom,False,4180,Pedestal,Not Applicable,Low: <= 5006
Lecico,Rain Shower,Sanitary,Rain Shower,Master Bathroom,Chrome,Medium,9.0,Set,Per_Master_Bathroom,1,Master Bathroom,True,5528,Rain Shower,Not Applicable,Medium: 5006 - 7542
Ceramica Cleopatra,Rain Shower,Sanitary,Rain Shower,Master Bathroom,Chrome,High,9.0,Set,Per_Master_Bathroom,1,Master Bathroom,True,10360,Rain Shower,Not Applicable,High: > 7542
GROHE,Rain Shower,Sanitary,Rain Shower,Master Bathroom,Chrome,High,9.0,Set,Per_Master_Bathroom,1,Master Bathroom,True,8451,Rain Shower,Not Applicable,High: > 7542
Lecico,Close Coupled Toilet,Sanitary,Floor Mounted,Bathroom,Ceramic,Low,7.6,Piece,Per_Bathroom,1,Bathroom,False,4474,Floor Mounted,Not Applicable,Low: <= 5006
Lecico,Wash Basin,Sanitary,Pedestal,Bathroom,60 cm,Low,7.4,Piece,Per_Bathroom,1,Bathroom,False,1957,Pedestal,Not Applicable,Low: <= 5006
Roca,Shower Cabin,Sanitary,Sliding Cabin,Master Bathroom,90x90 cm,Medium,8.4,Piece,Per_Master_Bathroom,1,Master Bathroom,True,5376,Sliding Cabin,Not Applicable,Medium: 5006 - 7542
Lecico,Close Coupled Toilet,Sanitary,Floor Mounted,Bathroom,Ceramic,Medium,7.6,Piece,Per_Bathroom,1,Bathroom,False,6279,Floor Mounted,Not Applicable,Medium: 5006 - 7542
Ceramica Cleopatra,Rain Shower,Sanitary,Rain Shower,Master Bathroom,Chrome,High,9.0,Set,Per_Master_Bathroom,1,Master Bathroom,True,10068,Rain Shower,Not Applicable,High: > 7542
Ceramica Cleopatra,Shower Cabin,Sanitary,Sliding Cabin,Master Bathroom,90x90 cm,Low,8.4,Piece,Per_Master_Bathroom,1,Master Bathroom,True,4699,Sliding Cabin,Not Applicable,Low: <= 5006
Roca,Close Coupled Toilet,Sanitary,Floor Mounted,Bathroom,Ceramic,Medium,7.6,Piece,Per_Bathroom,1,Bathroom,False,6401,Floor Mounted,Not Applicable,Medium: 5006 - 7542
Ceramica Cleopatra,Wash Basin,Sanitary,Pedestal,Bathroom,60 cm,Low,7.4,Piece,Per_Bathroom,1,Bathroom,False,2436,Pedestal,Not Applicable,Low: <= 5006
Ceramica Cleopatra,Shower Cabin,Sanitary,Sliding Cabin,Master Bathroom,90x90 cm,Medium,8.4,Piece,Per_Master_Bathroom,1,Master Bathroom,True,7375,Sliding Cabin,Not Applicable,Medium: 5006 - 7542
Lecico,Rain Shower,Sanitary,Rain Shower,Master Bathroom,Chrome,High,9.0,Set,Per_Master_Bathroom,1,Master Bathroom,True,10876,Rain Shower,Not Applicable,High: > 7542
Ideal Standard,Close Coupled Toilet,Sanitary,Floor Mounted,Bathroom,Ceramic,Medium,7.6,Piece,Per_Bathroom,1,Bathroom,False,6831,Floor Mounted,Not Applicable,Medium: 5006 - 7542
GROHE,Close Coupled Toilet,Sanitary,Floor Mounted,Bathroom,Ceramic,Low,7.6,Piece,Per_Bathroom,1,Bathroom,False,3983,Floor Mounted,Not Applicable,Low: <= 5006
Ceramica Cleopatra,Close Coupled Toilet,Sanitary,Floor Mounted,Bathroom,Ceramic,Medium,7.6,Piece,Per_Bathroom,1,Bathroom,False,5261,Floor Mounted,Not Applicable,Medium: 5006 - 7542
Lecico,Rain Shower,Sanitary,Rain Shower,Master Bathroom,Chrome,Medium,9.0,Set,Per_Master_Bathroom,1,Master Bathroom,True,6546,Rain Shower,Not Applicable,Medium: 5006 - 7542
Ideal Standard,Close Coupled Toilet,Sanitary,Floor Mounted,Bathroom,Ceramic,Medium,7.6,Piece,Per_Bathroom,1,Bathroom,False,6299,Floor Mounted,Not Applicable,Medium: 5006 - 7542
Ideal Standard,Shower Cabin,Sanitary,Sliding Cabin,Master Bathroom,90x90 cm,High,8.4,Piece,Per_Master_Bathroom,1,Master Bathroom,True,9576,Sliding Cabin,Not Applicable,High: > 7542
Roca,Rain Shower,Sanitary,Rain Shower,Master Bathroom,Chrome,High,9.0,Set,Per_Master_Bathroom,1,Master Bathroom,True,7778,Rain Shower,Not Applicable,High: > 7542
GROHE,Rain Shower,Sanitary,Rain Shower,Master Bathroom,Chrome,High,9.0,Set,Per_Master_Bathroom,1,Master Bathroom,True,9176,Rain Shower,Not Applicable,High: > 7542
Ceramica Cleopatra,Rain Shower,Sanitary,Rain Shower,Master Bathroom,Chrome,High,9.0,Set,Per_Master_Bathroom,1,Master Bathroom,True,10321,Rain Shower,Not Applicable,High: > 7542
GROHE,Shower Cabin,Sanitary,Sliding Cabin,Master Bathroom,90x90 cm,Medium,8.4,Piece,Per_Master_Bathroom,1,Master Bathroom,True,6427,Sliding Cabin,Not Applicable,Medium: 5006 - 7542
GROHE,Rain Shower,Sanitary,Rain Shower,Master Bathroom,Chrome,Low,9.0,Set,Per_Master_Bathroom,1,Master Bathroom,True,4700,Rain Shower,Not Applicable,Low: <= 5006
Ideal Standard,Wash Basin,Sanitary,Pedestal,Bathroom,60 cm,Low,7.4,Piece,Per_Bathroom,1,Bathroom,False,3617,Pedestal,Not Applicable,Low: <= 5006
Ideal Standard,Wash Basin,Sanitary,Pedestal,Bathroom,60 cm,Low,7.4,Piece,Per_Bathroom,1,Bathroom,False,1812,Pedestal,Not Applicable,Low: <= 5006
Lecico,Shower Cabin,Sanitary,Sliding Cabin,Master Bathroom,90x90 cm,Medium,8.4,Piece,Per_Master_Bathroom,1,Master Bathroom,True,6093,Sliding Cabin,Not Applicable,Medium: 5006 - 7542
GROHE,Close Coupled Toilet,Sanitary,Floor Mounted,Bathroom,Ceramic,High,7.6,Piece,Per_Bathroom,1,Bathroom,False,8294,Floor Mounted,Not Applicable,High: > 7542
Roca,Rain Shower,Sanitary,Rain Shower,Master Bathroom,Chrome,High,9.0,Set,Per_Master_Bathroom,1,Master Bathroom,True,9460,Rain Shower,Not Applicable,High: > 7542
Roca,Wash Basin,Sanitary,Pedestal,Bathroom,60 cm,Low,7.4,Piece,Per_Bathroom,1,Bathroom,False,2486,Pedestal,Not Applicable,Low: <= 5006
GROHE,Close Coupled Toilet,Sanitary,Floor Mounted,Bathroom,Ceramic,Medium,7.6,Piece,Per_Bathroom,1,Bathroom,False,7429,Floor Mounted,Not Applicable,Medium: 5006 - 7542
Ideal Standard,Rain Shower,Sanitary,Rain Shower,Master Bathroom,Chrome,High,9.0,Set,Per_Master_Bathroom,1,Master Bathroom,True,8238,Rain Shower,Not Applicable,High: > 7542
Roca,Rain Shower,Sanitary,Rain Shower,Master Bathroom,Chrome,Low,9.0,Set,Per_Master_Bathroom,1,Master Bathroom,True,4518,Rain Shower,Not Applicable,Low: <= 5006
Roca,Wash Basin,Sanitary,Pedestal,Bathroom,60 cm,Low,7.4,Piece,Per_Bathroom,1,Bathroom,False,3720,Pedestal,Not Applicable,Low: <= 5006
Ceramica Cleopatra,Wash Basin,Sanitary,Pedestal,Bathroom,60 cm,Low,7.4,Piece,Per_Bathroom,1,Bathroom,False,2703,Pedestal,Not Applicable,Low: <= 5006
Ceramica Cleopatra,Wash Basin,Sanitary,Pedestal,Bathroom,60 cm,Low,7.4,Piece,Per_Bathroom,1,Bathroom,False,2130,Pedestal,Not Applicable,Low: <= 5006
GROHE,Rain Shower,Sanitary,Rain Shower,Master Bathroom,Chrome,Medium,9.0,Set,Per_Master_Bathroom,1,Master Bathroom,True,7345,Rain Shower,Not Applicable,Medium: 5006 - 7542
Lecico,Wash Basin,Sanitary,Pedestal,Bathroom,60 cm,Low,7.4,Piece,Per_Bathroom,1,Bathroom,False,2003,Pedestal,Not Applicable,Low: <= 5006
Lecico,Wash Basin,Sanitary,Pedestal,Bathroom,60 cm,Low,7.4,Piece,Per_Bathroom,1,Bathroom,False,2295,Pedestal,Not Applicable,Low: <= 5006
Ceramica Cleopatra,Close Coupled Toilet,Sanitary,Floor Mounted,Bathroom,Ceramic,Medium,7.6,Piece,Per_Bathroom,1,Bathroom,False,5625,Floor Mounted,Not Applicable,Medium: 5006 - 7542
Ceramica Cleopatra,Wash Basin,Sanitary,Pedestal,Bathroom,60 cm,Low,7.4,Piece,Per_Bathroom,1,Bathroom,False,2942,Pedestal,Not Applicable,Low: <= 5006
Ideal Standard,Shower Cabin,Sanitary,Sliding Cabin,Master Bathroom,90x90 cm,High,8.4,Piece,Per_Master_Bathroom,1,Master Bathroom,True,10807,Sliding Cabin,Not Applicable,High: > 7542
Ideal Standard,Wash Basin,Sanitary,Pedestal,Bathroom,60 cm,Low,7.4,Piece,Per_Bathroom,1,Bathroom,False,2522,Pedestal,Not Applicable,Low: <= 5006
Lecico,Shower Cabin,Sanitary,Sliding Cabin,Master Bathroom,90x90 cm,Low,8.4,Piece,Per_Master_Bathroom,1,Master Bathroom,True,4913,Sliding Cabin,Not Applicable,Low: <= 5006
Ceramica Cleopatra,Rain Shower,Sanitary,Rain Shower,Master Bathroom,Chrome,Medium,9.0,Set,Per_Master_Bathroom,1,Master Bathroom,True,6828,Rain Shower,Not Applicable,Medium: 5006 - 7542
Lecico,Shower Cabin,Sanitary,Sliding Cabin,Master Bathroom,90x90 cm,High,8.4,Piece,Per_Master_Bathroom,1,Master Bathroom,True,10434,Sliding Cabin,Not Applicable,High: > 7542
Ceramica Cleopatra,Rain Shower,Sanitary,Rain Shower,Master Bathroom,Chrome,High,9.0,Set,Per_Master_Bathroom,1,Master Bathroom,True,9589,Rain Shower,Not Applicable,High: > 7542
GROHE,Rain Shower,Sanitary,Rain Shower,Master Bathroom,Chrome,Medium,9.0,Set,Per_Master_Bathroom,1,Master Bathroom,True,5174,Rain Shower,Not Applicable,Medium: 5006 - 7542
Ideal Standard,Shower Cabin,Sanitary,Sliding Cabin,Master Bathroom,90x90 cm,Medium,8.4,Piece,Per_Master_Bathroom,1,Master Bathroom,True,5717,Sliding Cabin,Not Applicable,Medium: 5006 - 7542
Lecico,Rain Shower,Sanitary,Rain Shower,Master Bathroom,Chrome,Low,9.0,Set,Per_Master_Bathroom,1,Master Bathroom,True,4649,Rain Shower,Not Applicable,Low: <= 5006
Lecico,Shower Cabin,Sanitary,Sliding Cabin,Master Bathroom,90x90 cm,Medium,8.4,Piece,Per_Master_Bathroom,1,Master Bathroom,True,6102,Sliding Cabin,Not Applicable,Medium: 5006 - 7542
Ceramica Cleopatra,Close Coupled Toilet,Sanitary,Floor Mounted,Bathroom,Ceramic,Low,7.6,Piece,Per_Bathroom,1,Bathroom,False,4567,Floor Mounted,Not Applicable,Low: <= 5006
GROHE,Shower Cabin,Sanitary,Sliding Cabin,Master Bathroom,90x90 cm,Medium,8.4,Piece,Per_Master_Bathroom,1,Master Bathroom,True,5280,Sliding Cabin,Not Applicable,Medium: 5006 - 7542
Ceramica Cleopatra,Rain Shower,Sanitary,Rain Shower,Master Bathroom,Chrome,High,9.0,Set,Per_Master_Bathroom,1,Master Bathroom,True,10817,Rain Shower,Not Applicable,High: > 7542
Lecico,Close Coupled Toilet,Sanitary,Floor Mounted,Bathroom,Ceramic,Medium,7.6,Piece,Per_Bathroom,1,Bathroom,False,6492,Floor Mounted,Not Applicable,Medium: 5006 - 7542
Ideal Standard,Wash Basin,Sanitary,Pedestal,Bathroom,60 cm,Low,7.4,Piece,Per_Bathroom,1,Bathroom,False,3151,Pedestal,Not Applicable,Low: <= 5006
Ideal Standard,Wash Basin,Sanitary,Pedestal,Bathroom,60 cm,Low,7.4,Piece,Per_Bathroom,1,Bathroom,False,2161,Pedestal,Not Applicable,Low: <= 5006
GROHE,Wash Basin,Sanitary,Pedestal,Bathroom,60 cm,Low,7.4,Piece,Per_Bathroom,1,Bathroom,False,3508,Pedestal,Not Applicable,Low: <= 5006
GROHE,Close Coupled Toilet,Sanitary,Floor Mounted,Bathroom,Ceramic,Medium,7.6,Piece,Per_Bathroom,1,Bathroom,False,5565,Floor Mounted,Not Applicable,Medium: 5006 - 7542
Ceramica Cleopatra,Rain Shower,Sanitary,Rain Shower,Master Bathroom,Chrome,Medium,9.0,Set,Per_Master_Bathroom,1,Master Bathroom,True,6307,Rain Shower,Not Applicable,Medium: 5006 - 7542
Lecico,Close Coupled Toilet,Sanitary,Floor Mounted,Bathroom,Ceramic,High,7.6,Piece,Per_Bathroom,1,Bathroom,False,7983,Floor Mounted,Not Applicable,High: > 7542
Roca,Close Coupled Toilet,Sanitary,Floor Mounted,Bathroom,Ceramic,Low,7.6,Piece,Per_Bathroom,1,Bathroom,False,3869,Floor Mounted,Not Applicable,Low: <= 5006
GROHE,Wash Basin,Sanitary,Pedestal,Bathroom,60 cm,Low,7.4,Piece,Per_Bathroom,1,Bathroom,False,3612,Pedestal,Not Applicable,Low: <= 5006
GROHE,Close Coupled Toilet,Sanitary,Floor Mounted,Bathroom,Ceramic,High,7.6,Piece,Per_Bathroom,1,Bathroom,False,7840,Floor Mounted,Not Applicable,High: > 7542
Ceramica Cleopatra,Shower Cabin,Sanitary,Sliding Cabin,Master Bathroom,90x90 cm,Medium,8.4,Piece,Per_Master_Bathroom,1,Master Bathroom,True,6325,Sliding Cabin,Not Applicable,Medium: 5006 - 7542
Ideal Standard,Close Coupled Toilet,Sanitary,Floor Mounted,Bathroom,Ceramic,Medium,7.6,Piece,Per_Bathroom,1,Bathroom,False,7304,Floor Mounted,Not Applicable,Medium: 5006 - 7542
Lecico,Rain Shower,Sanitary,Rain Shower,Master Bathroom,Chrome,High,9.0,Set,Per_Master_Bathroom,1,Master Bathroom,True,9166,Rain Shower,Not Applicable,High: > 7542
Roca,Wash Basin,Sanitary,Pedestal,Bathroom,60 cm,Low,7.4,Piece,Per_Bathroom,1,Bathroom,False,2630,Pedestal,Not Applicable,Low: <= 5006
Roca,Rain Shower,Sanitary,Rain Shower,Master Bathroom,Chrome,High,9.0,Set,Per_Master_Bathroom,1,Master Bathroom,True,9858,Rain Shower,Not Applicable,High: > 7542
Roca,Wash Basin,Sanitary,Pedestal,Bathroom,60 cm,Low,7.4,Piece,Per_Bathroom,1,Bathroom,False,3276,Pedestal,Not Applicable,Low: <= 5006
Roca,Close Coupled Toilet,Sanitary,Floor Mounted,Bathroom,Ceramic,Low,7.6,Piece,Per_Bathroom,1,Bathroom,False,4979,Floor Mounted,Not Applicable,Low: <= 5006
Ideal Standard,Wash Basin,Sanitary,Pedestal,Bathroom,60 cm,Low,7.4,Piece,Per_Bathroom,1,Bathroom,False,2846,Pedestal,Not Applicable,Low: <= 5006
Roca,Wash Basin,Sanitary,Pedestal,Bathroom,60 cm,Low,7.4,Piece,Per_Bathroom,1,Bathroom,False,3764,Pedestal,Not Applicable,Low: <= 5006
Lecico,Close Coupled Toilet,Sanitary,Floor Mounted,Bathroom,Ceramic,Low,7.6,Piece,Per_Bathroom,1,Bathroom,False,3953,Floor Mounted,Not Applicable,Low: <= 5006
GROHE,Rain Shower,Sanitary,Rain Shower,Master Bathroom,Chrome,High,9.0,Set,Per_Master_Bathroom,1,Master Bathroom,True,9476,Rain Shower,Not Applicable,High: > 7542
Roca,Close Coupled Toilet,Sanitary,Floor Mounted,Bathroom,Ceramic,Medium,7.6,Piece,Per_Bathroom,1,Bathroom,False,5011,Floor Mounted,Not Applicable,Medium: 5006 - 7542
Lecico,Close Coupled Toilet,Sanitary,Floor Mounted,Bathroom,Ceramic,Low,7.6,Piece,Per_Bathroom,1,Bathroom,False,4049,Floor Mounted,Not Applicable,Low: <= 5006
Ceramica Cleopatra,Rain Shower,Sanitary,Rain Shower,Master Bathroom,Chrome,High,9.0,Set,Per_Master_Bathroom,1,Master Bathroom,True,8155,Rain Shower,Not Applicable,High: > 7542
Roca,Wash Basin,Sanitary,Pedestal,Bathroom,60 cm,Low,7.4,Piece,Per_Bathroom,1,Bathroom,False,2171,Pedestal,Not Applicable,Low: <= 5006
Roca,Shower Cabin,Sanitary,Sliding Cabin,Master Bathroom,90x90 cm,High,8.4,Piece,Per_Master_Bathroom,1,Master Bathroom,True,9017,Sliding Cabin,Not Applicable,High: > 7542
Ideal Standard,Close Coupled Toilet,Sanitary,Floor Mounted,Bathroom,Ceramic,High,7.6,Piece,Per_Bathroom,1,Bathroom,False,7749,Floor Mounted,Not Applicable,High: > 7542
Lecico,Wash Basin,Sanitary,Pedestal,Bathroom,60 cm,Low,7.4,Piece,Per_Bathroom,1,Bathroom,False,2728,Pedestal,Not Applicable,Low: <= 5006
Ceramica Cleopatra,Shower Cabin,Sanitary,Sliding Cabin,Master Bathroom,90x90 cm,Medium,8.4,Piece,Per_Master_Bathroom,1,Master Bathroom,True,5977,Sliding Cabin,Not Applicable,Medium: 5006 - 7542
GROHE,Rain Shower,Sanitary,Rain Shower,Master Bathroom,Chrome,Medium,9.0,Set,Per_Master_Bathroom,1,Master Bathroom,True,6527,Rain Shower,Not Applicable,Medium: 5006 - 7542
Ceramica Cleopatra,Shower Cabin,Sanitary,Sliding Cabin,Master Bathroom,90x90 cm,High,8.4,Piece,Per_Master_Bathroom,1,Master Bathroom,True,8059,Sliding Cabin,Not Applicable,High: > 7542
GROHE,Wash Basin,Sanitary,Pedestal,Bathroom,60 cm,Low,7.4,Piece,Per_Bathroom,1,Bathroom,False,3660,Pedestal,Not Applicable,Low: <= 5006
Ceramica Cleopatra,Wash Basin,Sanitary,Pedestal,Bathroom,60 cm,Low,7.4,Piece,Per_Bathroom,1,Bathroom,False,2242,Pedestal,Not Applicable,Low: <= 5006
GROHE,Rain Shower,Sanitary,Rain Shower,Master Bathroom,Chrome,High,9.0,Set,Per_Master_Bathroom,1,Master Bathroom,True,8746,Rain Shower,Not Applicable,High: > 7542
Lecico,Shower Cabin,Sanitary,Sliding Cabin,Master Bathroom,90x90 cm,High,8.4,Piece,Per_Master_Bathroom,1,Master Bathroom,True,9636,Sliding Cabin,Not Applicable,High: > 7542
GROHE,Shower Cabin,Sanitary,Sliding Cabin,Master Bathroom,90x90 cm,High,8.4,Piece,Per_Master_Bathroom,1,Master Bathroom,True,8266,Sliding Cabin,Not Applicable,High: > 7542
Ideal Standard,Rain Shower,Sanitary,Rain Shower,Master Bathroom,Chrome,Medium,9.0,Set,Per_Master_Bathroom,1,Master Bathroom,True,7272,Rain Shower,Not Applicable,Medium: 5006 - 7542
GROHE,Shower Cabin,Sanitary,Sliding Cabin,Master Bathroom,90x90 cm,High,8.4,Piece,Per_Master_Bathroom,1,Master Bathroom,True,8189,Sliding Cabin,Not Applicable,High: > 7542
Ideal Standard,Close Coupled Toilet,Sanitary,Floor Mounted,Bathroom,Ceramic,Low,7.6,Piece,Per_Bathroom,1,Bathroom,False,4486,Floor Mounted,Not Applicable,Low: <= 5006
GROHE,Shower Cabin,Sanitary,Sliding Cabin,Master Bathroom,90x90 cm,High,8.4,Piece,Per_Master_Bathroom,1,Master Bathroom,True,8625,Sliding Cabin,Not Applicable,High: > 7542
GROHE,Wash Basin,Sanitary,Pedestal,Bathroom,60 cm,Low,7.4,Piece,Per_Bathroom,1,Bathroom,False,4191,Pedestal,Not Applicable,Low: <= 5006
Lecico,Close Coupled Toilet,Sanitary,Floor Mounted,Bathroom,Ceramic,Low,7.6,Piece,Per_Bathroom,1,Bathroom,False,4069,Floor Mounted,Not Applicable,Low: <= 5006
Ceramica Cleopatra,Close Coupled Toilet,Sanitary,Floor Mounted,Bathroom,Ceramic,High,7.6,Piece,Per_Bathroom,1,Bathroom,False,8208,Floor Mounted,Not Applicable,High: > 7542
GROHE,Shower Cabin,Sanitary,Sliding Cabin,Master Bathroom,90x90 cm,High,8.4,Piece,Per_Master_Bathroom,1,Master Bathroom,True,7807,Sliding Cabin,Not Applicable,High: > 7542
Ceramica Cleopatra,Shower Cabin,Sanitary,Sliding Cabin,Master Bathroom,90x90 cm,Medium,8.4,Piece,Per_Master_Bathroom,1,Master Bathroom,True,5205,Sliding Cabin,Not Applicable,Medium: 5006 - 7542
Ceramica Cleopatra,Rain Shower,Sanitary,Rain Shower,Master Bathroom,Chrome,Medium,9.0,Set,Per_Master_Bathroom,1,Master Bathroom,True,6792,Rain Shower,Not Applicable,Medium: 5006 - 7542
Roca,Rain Shower,Sanitary,Rain Shower,Master Bathroom,Chrome,Medium,9.0,Set,Per_Master_Bathroom,1,Master Bathroom,True,5994,Rain Shower,Not Applicable,Medium: 5006 - 7542
Ideal Standard,Rain Shower,Sanitary,Rain Shower,Master Bathroom,Chrome,Medium,9.0,Set,Per_Master_Bathroom,1,Master Bathroom,True,5396,Rain Shower,Not Applicable,Medium: 5006 - 7542
GROHE,Shower Cabin,Sanitary,Sliding Cabin,Master Bathroom,90x90 cm,High,8.4,Piece,Per_Master_Bathroom,1,Master Bathroom,True,7864,Sliding Cabin,Not Applicable,High: > 7542
Roca,Shower Cabin,Sanitary,Sliding Cabin,Master Bathroom,90x90 cm,Medium,8.4,Piece,Per_Master_Bathroom,1,Master Bathroom,True,5169,Sliding Cabin,Not Applicable,Medium: 5006 - 7542
Ideal Standard,Shower Cabin,Sanitary,Sliding Cabin,Master Bathroom,90x90 cm,Medium,8.4,Piece,Per_Master_Bathroom,1,Master Bathroom,True,6323,Sliding Cabin,Not Applicable,Medium: 5006 - 7542
Lecico,Shower Cabin,Sanitary,Sliding Cabin,Master Bathroom,90x90 cm,High,8.4,Piece,Per_Master_Bathroom,1,Master Bathroom,True,10880,Sliding Cabin,Not Applicable,High: > 7542
Ideal Standard,Shower Cabin,Sanitary,Sliding Cabin,Master Bathroom,90x90 cm,Medium,8.4,Piece,Per_Master_Bathroom,1,Master Bathroom,True,5517,Sliding Cabin,Not Applicable,Medium: 5006 - 7542
Lecico,Rain Shower,Sanitary,Rain Shower,Master Bathroom,Chrome,Medium,9.0,Set,Per_Master_Bathroom,1,Master Bathroom,True,5740,Rain Shower,Not Applicable,Medium: 5006 - 7542
Roca,Close Coupled Toilet,Sanitary,Floor Mounted,Bathroom,Ceramic,Low,7.6,Piece,Per_Bathroom,1,Bathroom,False,4248,Floor Mounted,Not Applicable,Low: <= 5006
Ceramica Cleopatra,Close Coupled Toilet,Sanitary,Floor Mounted,Bathroom,Ceramic,Medium,7.6,Piece,Per_Bathroom,1,Bathroom,False,5120,Floor Mounted,Not Applicable,Medium: 5006 - 7542
Roca,Shower Cabin,Sanitary,Sliding Cabin,Master Bathroom,90x90 cm,High,8.4,Piece,Per_Master_Bathroom,1,Master Bathroom,True,9646,Sliding Cabin,Not Applicable,High: > 7542
GROHE,Rain Shower,Sanitary,Rain Shower,Master Bathroom,Chrome,Medium,9.0,Set,Per_Master_Bathroom,1,Master Bathroom,True,5473,Rain Shower,Not Applicable,Medium: 5006 - 7542
Roca,Rain Shower,Sanitary,Rain Shower,Master Bathroom,Chrome,Medium,9.0,Set,Per_Master_Bathroom,1,Master Bathroom,True,5529,Rain Shower,Not Applicable,Medium: 5006 - 7542
Ceramica Cleopatra,Shower Cabin,Sanitary,Sliding Cabin,Master Bathroom,90x90 cm,High,8.4,Piece,Per_Master_Bathroom,1,Master Bathroom,True,7587,Sliding Cabin,Not Applicable,High: > 7542
Ideal Standard,Rain Shower,Sanitary,Rain Shower,Master Bathroom,Chrome,Low,9.0,Set,Per_Master_Bathroom,1,Master Bathroom,True,4673,Rain Shower,Not Applicable,Low: <= 5006
Lecico,Shower Cabin,Sanitary,Sliding Cabin,Master Bathroom,90x90 cm,Medium,8.4,Piece,Per_Master_Bathroom,1,Master Bathroom,True,6990,Sliding Cabin,Not Applicable,Medium: 5006 - 7542
GROHE,Close Coupled Toilet,Sanitary,Floor Mounted,Bathroom,Ceramic,High,7.6,Piece,Per_Bathroom,1,Bathroom,False,7627,Floor Mounted,Not Applicable,High: > 7542
Roca,Wash Basin,Sanitary,Pedestal,Bathroom,60 cm,Low,7.4,Piece,Per_Bathroom,1,Bathroom,False,2464,Pedestal,Not Applicable,Low: <= 5006
Ceramica Cleopatra,Rain Shower,Sanitary,Rain Shower,Master Bathroom,Chrome,High,9.0,Set,Per_Master_Bathroom,1,Master Bathroom,True,10006,Rain Shower,Not Applicable,High: > 7542
Roca,Shower Cabin,Sanitary,Sliding Cabin,Master Bathroom,90x90 cm,Medium,8.4,Piece,Per_Master_Bathroom,1,Master Bathroom,True,6059,Sliding Cabin,Not Applicable,Medium: 5006 - 7542
Ceramica Cleopatra,Shower Cabin,Sanitary,Sliding Cabin,Master Bathroom,90x90 cm,Low,8.4,Piece,Per_Master_Bathroom,1,Master Bathroom,True,5001,Sliding Cabin,Not Applicable,Low: <= 5006
Ideal Standard,Shower Cabin,Sanitary,Sliding Cabin,Master Bathroom,90x90 cm,High,8.4,Piece,Per_Master_Bathroom,1,Master Bathroom,True,10583,Sliding Cabin,Not Applicable,High: > 7542
Ideal Standard,Wash Basin,Sanitary,Pedestal,Bathroom,60 cm,Low,7.4,Piece,Per_Bathroom,1,Bathroom,False,3735,Pedestal,Not Applicable,Low: <= 5006
Roca,Rain Shower,Sanitary,Rain Shower,Master Bathroom,Chrome,High,9.0,Set,Per_Master_Bathroom,1,Master Bathroom,True,10235,Rain Shower,Not Applicable,High: > 7542
Ideal Standard,Rain Shower,Sanitary,Rain Shower,Master Bathroom,Chrome,Medium,9.0,Set,Per_Master_Bathroom,1,Master Bathroom,True,6848,Rain Shower,Not Applicable,Medium: 5006 - 7542
Ceramica Cleopatra,Close Coupled Toilet,Sanitary,Floor Mounted,Bathroom,Ceramic,Medium,7.6,Piece,Per_Bathroom,1,Bathroom,False,6773,Floor Mounted,Not Applicable,Medium: 5006 - 7542
Roca,Close Coupled Toilet,Sanitary,Floor Mounted,Bathroom,Ceramic,Medium,7.6,Piece,Per_Bathroom,1,Bathroom,False,7252,Floor Mounted,Not Applicable,Medium: 5006 - 7542
Lecico,Close Coupled Toilet,Sanitary,Floor Mounted,Bathroom,Ceramic,Medium,7.6,Piece,Per_Bathroom,1,Bathroom,False,6896,Floor Mounted,Not Applicable,Medium: 5006 - 7542
Roca,Shower Cabin,Sanitary,Sliding Cabin,Master Bathroom,90x90 cm,High,8.4,Piece,Per_Master_Bathroom,1,Master Bathroom,True,10421,Sliding Cabin,Not Applicable,High: > 7542
Ideal Standard,Shower Cabin,Sanitary,Sliding Cabin,Master Bathroom,90x90 cm,High,8.4,Piece,Per_Master_Bathroom,1,Master Bathroom,True,10337,Sliding Cabin,Not Applicable,High: > 7542
Ceramica Cleopatra,Rain Shower,Sanitary,Rain Shower,Master Bathroom,Chrome,High,9.0,Set,Per_Master_Bathroom,1,Master Bathroom,True,10145,Rain Shower,Not Applicable,High: > 7542
GROHE,Close Coupled Toilet,Sanitary,Floor Mounted,Bathroom,Ceramic,Low,7.6,Piece,Per_Bathroom,1,Bathroom,False,3884,Floor Mounted,Not Applicable,Low: <= 5006
Roca,Wash Basin,Sanitary,Pedestal,Bathroom,60 cm,Low,7.4,Piece,Per_Bathroom,1,Bathroom,False,2133,Pedestal,Not Applicable,Low: <= 5006
Lecico,Close Coupled Toilet,Sanitary,Floor Mounted,Bathroom,Ceramic,Low,7.6,Piece,Per_Bathroom,1,Bathroom,False,4960,Floor Mounted,Not Applicable,Low: <= 5006
Roca,Close Coupled Toilet,Sanitary,Floor Mounted,Bathroom,Ceramic,High,7.6,Piece,Per_Bathroom,1,Bathroom,False,8403,Floor Mounted,Not Applicable,High: > 7542
Roca,Rain Shower,Sanitary,Rain Shower,Master Bathroom,Chrome,High,9.0,Set,Per_Master_Bathroom,1,Master Bathroom,True,9618,Rain Shower,Not Applicable,High: > 7542
Roca,Rain Shower,Sanitary,Rain Shower,Master Bathroom,Chrome,Medium,9.0,Set,Per_Master_Bathroom,1,Master Bathroom,True,5524,Rain Shower,Not Applicable,Medium: 5006 - 7542
Lecico,Wash Basin,Sanitary,Pedestal,Bathroom,60 cm,Low,7.4,Piece,Per_Bathroom,1,Bathroom,False,3094,Pedestal,Not Applicable,Low: <= 5006
Roca,Close Coupled Toilet,Sanitary,Floor Mounted,Bathroom,Ceramic,Medium,7.6,Piece,Per_Bathroom,1,Bathroom,False,6087,Floor Mounted,Not Applicable,Medium: 5006 - 7542
Roca,Shower Cabin,Sanitary,Sliding Cabin,Master Bathroom,90x90 cm,Medium,8.4,Piece,Per_Master_Bathroom,1,Master Bathroom,True,6523,Sliding Cabin,Not Applicable,Medium: 5006 - 7542
GROHE,Rain Shower,Sanitary,Rain Shower,Master Bathroom,Chrome,High,9.0,Set,Per_Master_Bathroom,1,Master Bathroom,True,9428,Rain Shower,Not Applicable,High: > 7542
Lecico,Shower Cabin,Sanitary,Sliding Cabin,Master Bathroom,90x90 cm,High,8.4,Piece,Per_Master_Bathroom,1,Master Bathroom,True,10602,Sliding Cabin,Not Applicable,High: > 7542
Ideal Standard,Close Coupled Toilet,Sanitary,Floor Mounted,Bathroom,Ceramic,Medium,7.6,Piece,Per_Bathroom,1,Bathroom,False,5746,Floor Mounted,Not Applicable,Medium: 5006 - 7542
Lecico,Close Coupled Toilet,Sanitary,Floor Mounted,Bathroom,Ceramic,High,7.6,Piece,Per_Bathroom,1,Bathroom,False,8277,Floor Mounted,Not Applicable,High: > 7542
Lecico,Rain Shower,Sanitary,Rain Shower,Master Bathroom,Chrome,High,9.0,Set,Per_Master_Bathroom,1,Master Bathroom,True,10789,Rain Shower,Not Applicable,High: > 7542
Lecico,Rain Shower,Sanitary,Rain Shower,Master Bathroom,Chrome,High,9.0,Set,Per_Master_Bathroom,1,Master Bathroom,True,7562,Rain Shower,Not Applicable,High: > 7542
Ideal Standard,Shower Cabin,Sanitary,Sliding Cabin,Master Bathroom,90x90 cm,High,8.4,Piece,Per_Master_Bathroom,1,Master Bathroom,True,9073,Sliding Cabin,Not Applicable,High: > 7542
Roca,Close Coupled Toilet,Sanitary,Floor Mounted,Bathroom,Ceramic,Medium,7.6,Piece,Per_Bathroom,1,Bathroom,False,6629,Floor Mounted,Not Applicable,Medium: 5006 - 7542
Lecico,Wash Basin,Sanitary,Pedestal,Bathroom,60 cm,Low,7.4,Piece,Per_Bathroom,1,Bathroom,False,2869,Pedestal,Not Applicable,Low: <= 5006
Ideal Standard,Shower Cabin,Sanitary,Sliding Cabin,Master Bathroom,90x90 cm,Medium,8.4,Piece,Per_Master_Bathroom,1,Master Bathroom,True,5119,Sliding Cabin,Not Applicable,Medium: 5006 - 7542
Ceramica Cleopatra,Rain Shower,Sanitary,Rain Shower,Master Bathroom,Chrome,High,9.0,Set,Per_Master_Bathroom,1,Master Bathroom,True,9614,Rain Shower,Not Applicable,High: > 7542
Ceramica Cleopatra,Rain Shower,Sanitary,Rain Shower,Master Bathroom,Chrome,High,9.0,Set,Per_Master_Bathroom,1,Master Bathroom,True,8844,Rain Shower,Not Applicable,High: > 7542
Lecico,Shower Cabin,Sanitary,Sliding Cabin,Master Bathroom,90x90 cm,Medium,8.4,Piece,Per_Master_Bathroom,1,Master Bathroom,True,7487,Sliding Cabin,Not Applicable,Medium: 5006 - 7542
Ideal Standard,Rain Shower,Sanitary,Rain Shower,Master Bathroom,Chrome,Medium,9.0,Set,Per_Master_Bathroom,1,Master Bathroom,True,7531,Rain Shower,Not Applicable,Medium: 5006 - 7542
Ideal Standard,Rain Shower,Sanitary,Rain Shower,Master Bathroom,Chrome,Medium,9.0,Set,Per_Master_Bathroom,1,Master Bathroom,True,5889,Rain Shower,Not Applicable,Medium: 5006 - 7542
GROHE,Wash Basin,Sanitary,Pedestal,Bathroom,60 cm,Low,7.4,Piece,Per_Bathroom,1,Bathroom,False,3219,Pedestal,Not Applicable,Low: <= 5006
Roca,Shower Cabin,Sanitary,Sliding Cabin,Master Bathroom,90x90 cm,High,8.4,Piece,Per_Master_Bathroom,1,Master Bathroom,True,7706,Sliding Cabin,Not Applicable,High: > 7542
Roca,Shower Cabin,Sanitary,Sliding Cabin,Master Bathroom,90x90 cm,Low,8.4,Piece,Per_Master_Bathroom,1,Master Bathroom,True,4644,Sliding Cabin,Not Applicable,Low: <= 5006
Ceramica Cleopatra,Wash Basin,Sanitary,Pedestal,Bathroom,60 cm,Low,7.4,Piece,Per_Bathroom,1,Bathroom,False,2555,Pedestal,Not Applicable,Low: <= 5006
Ceramica Cleopatra,Close Coupled Toilet,Sanitary,Floor Mounted,Bathroom,Ceramic,Medium,7.6,Piece,Per_Bathroom,1,Bathroom,False,5932,Floor Mounted,Not Applicable,Medium: 5006 - 7542
GROHE,Wash Basin,Sanitary,Pedestal,Bathroom,60 cm,Low,7.4,Piece,Per_Bathroom,1,Bathroom,False,3649,Pedestal,Not Applicable,Low: <= 5006
GROHE,Wash Basin,Sanitary,Pedestal,Bathroom,60 cm,Low,7.4,Piece,Per_Bathroom,1,Bathroom,False,1859,Pedestal,Not Applicable,Low: <= 5006
Lecico,Close Coupled Toilet,Sanitary,Floor Mounted,Bathroom,Ceramic,Medium,7.6,Piece,Per_Bathroom,1,Bathroom,False,5985,Floor Mounted,Not Applicable,Medium: 5006 - 7542
Roca,Wash Basin,Sanitary,Pedestal,Bathroom,60 cm,Low,7.4,Piece,Per_Bathroom,1,Bathroom,False,2030,Pedestal,Not Applicable,Low: <= 5006
GROHE,Close Coupled Toilet,Sanitary,Floor Mounted,Bathroom,Ceramic,Medium,7.6,Piece,Per_Bathroom,1,Bathroom,False,5327,Floor Mounted,Not Applicable,Medium: 5006 - 7542
Ceramica Cleopatra,Wash Basin,Sanitary,Pedestal,Bathroom,60 cm,Low,7.4,Piece,Per_Bathroom,1,Bathroom,False,1951,Pedestal,Not Applicable,Low: <= 5006
GROHE,Wash Basin,Sanitary,Pedestal,Bathroom,60 cm,Low,7.4,Piece,Per_Bathroom,1,Bathroom,False,3236,Pedestal,Not Applicable,Low: <= 5006
Lecico,Wash Basin,Sanitary,Pedestal,Bathroom,60 cm,Low,7.4,Piece,Per_Bathroom,1,Bathroom,False,3848,Pedestal,Not Applicable,Low: <= 5006
Lecico,Wash Basin,Sanitary,Pedestal,Bathroom,60 cm,Low,7.4,Piece,Per_Bathroom,1,Bathroom,False,2036,Pedestal,Not Applicable,Low: <= 5006
GROHE,Wash Basin,Sanitary,Pedestal,Bathroom,60 cm,Low,7.4,Piece,Per_Bathroom,1,Bathroom,False,2390,Pedestal,Not Applicable,Low: <= 5006
Lecico,Shower Cabin,Sanitary,Sliding Cabin,Master Bathroom,90x90 cm,High,8.4,Piece,Per_Master_Bathroom,1,Master Bathroom,True,8933,Sliding Cabin,Not Applicable,High: > 7542
Ideal Standard,Close Coupled Toilet,Sanitary,Floor Mounted,Bathroom,Ceramic,Medium,7.6,Piece,Per_Bathroom,1,Bathroom,False,5592,Floor Mounted,Not Applicable,Medium: 5006 - 7542
Ceramica Cleopatra,Rain Shower,Sanitary,Rain Shower,Master Bathroom,Chrome,Medium,9.0,Set,Per_Master_Bathroom,1,Master Bathroom,True,6231,Rain Shower,Not Applicable,Medium: 5006 - 7542
Ceramica Cleopatra,Close Coupled Toilet,Sanitary,Floor Mounted,Bathroom,Ceramic,Medium,7.6,Piece,Per_Bathroom,1,Bathroom,False,5620,Floor Mounted,Not Applicable,Medium: 5006 - 7542
Roca,Wash Basin,Sanitary,Pedestal,Bathroom,60 cm,Low,7.4,Piece,Per_Bathroom,1,Bathroom,False,3908,Pedestal,Not Applicable,Low: <= 5006
Ideal Standard,Wash Basin,Sanitary,Pedestal,Bathroom,60 cm,Low,7.4,Piece,Per_Bathroom,1,Bathroom,False,2191,Pedestal,Not Applicable,Low: <= 5006
Lecico,Rain Shower,Sanitary,Rain Shower,Master Bathroom,Chrome,High,9.0,Set,Per_Master_Bathroom,1,Master Bathroom,True,10056,Rain Shower,Not Applicable,High: > 7542
Roca,Rain Shower,Sanitary,Rain Shower,Master Bathroom,Chrome,Low,9.0,Set,Per_Master_Bathroom,1,Master Bathroom,True,4898,Rain Shower,Not Applicable,Low: <= 5006
Ceramica Cleopatra,Close Coupled Toilet,Sanitary,Floor Mounted,Bathroom,Ceramic,Medium,7.6,Piece,Per_Bathroom,1,Bathroom,False,6508,Floor Mounted,Not Applicable,Medium: 5006 - 7542
GROHE,Shower Cabin,Sanitary,Sliding Cabin,Master Bathroom,90x90 cm,Medium,8.4,Piece,Per_Master_Bathroom,1,Master Bathroom,True,5216,Sliding Cabin,Not Applicable,Medium: 5006 - 7542
Lecico,Rain Shower,Sanitary,Rain Shower,Master Bathroom,Chrome,High,9.0,Set,Per_Master_Bathroom,1,Master Bathroom,True,10402,Rain Shower,Not Applicable,High: > 7542
GROHE,Wash Basin,Sanitary,Pedestal,Bathroom,60 cm,Low,7.4,Piece,Per_Bathroom,1,Bathroom,False,3730,Pedestal,Not Applicable,Low: <= 5006
Roca,Wash Basin,Sanitary,Pedestal,Bathroom,60 cm,Low,7.4,Piece,Per_Bathroom,1,Bathroom,False,2170,Pedestal,Not Applicable,Low: <= 5006
Ceramica Cleopatra,Shower Cabin,Sanitary,Sliding Cabin,Master Bathroom,90x90 cm,High,8.4,Piece,Per_Master_Bathroom,1,Master Bathroom,True,8322,Sliding Cabin,Not Applicable,High: > 7542
Ceramica Cleopatra,Rain Shower,Sanitary,Rain Shower,Master Bathroom,Chrome,High,9.0,Set,Per_Master_Bathroom,1,Master Bathroom,True,10455,Rain Shower,Not Applicable,High: > 7542
Roca,Shower Cabin,Sanitary,Sliding Cabin,Master Bathroom,90x90 cm,Medium,8.4,Piece,Per_Master_Bathroom,1,Master Bathroom,True,7100,Sliding Cabin,Not Applicable,Medium: 5006 - 7542
Roca,Wash Basin,Sanitary,Pedestal,Bathroom,60 cm,Low,7.4,Piece,Per_Bathroom,1,Bathroom,False,3885,Pedestal,Not Applicable,Low: <= 5006
GROHE,Rain Shower,Sanitary,Rain Shower,Master Bathroom,Chrome,High,9.0,Set,Per_Master_Bathroom,1,Master Bathroom,True,10730,Rain Shower,Not Applicable,High: > 7542
GROHE,Rain Shower,Sanitary,Rain Shower,Master Bathroom,Chrome,Medium,9.0,Set,Per_Master_Bathroom,1,Master Bathroom,True,5560,Rain Shower,Not Applicable,Medium: 5006 - 7542
Roca,Rain Shower,Sanitary,Rain Shower,Master Bathroom,Chrome,High,9.0,Set,Per_Master_Bathroom,1,Master Bathroom,True,9037,Rain Shower,Not Applicable,High: > 7542
GROHE,Rain Shower,Sanitary,Rain Shower,Master Bathroom,Chrome,High,9.0,Set,Per_Master_Bathroom,1,Master Bathroom,True,7596,Rain Shower,Not Applicable,High: > 7542
Roca,Wash Basin,Sanitary,Pedestal,Bathroom,60 cm,Low,7.4,Piece,Per_Bathroom,1,Bathroom,False,1846,Pedestal,Not Applicable,Low: <= 5006
GROHE,Shower Cabin,Sanitary,Sliding Cabin,Master Bathroom,90x90 cm,High,8.4,Piece,Per_Master_Bathroom,1,Master Bathroom,True,9388,Sliding Cabin,Not Applicable,High: > 7542
Ceramica Cleopatra,Close Coupled Toilet,Sanitary,Floor Mounted,Bathroom,Ceramic,High,7.6,Piece,Per_Bathroom,1,Bathroom,False,7905,Floor Mounted,Not Applicable,High: > 7542
Ceramica Cleopatra,Rain Shower,Sanitary,Rain Shower,Master Bathroom,Chrome,Medium,9.0,Set,Per_Master_Bathroom,1,Master Bathroom,True,6685,Rain Shower,Not Applicable,Medium: 5006 - 7542
Roca,Rain Shower,Sanitary,Rain Shower,Master Bathroom,Chrome,Medium,9.0,Set,Per_Master_Bathroom,1,Master Bathroom,True,6153,Rain Shower,Not Applicable,Medium: 5006 - 7542
Lecico,Close Coupled Toilet,Sanitary,Floor Mounted,Bathroom,Ceramic,High,7.6,Piece,Per_Bathroom,1,Bathroom,False,7682,Floor Mounted,Not Applicable,High: > 7542
GROHE,Rain Shower,Sanitary,Rain Shower,Master Bathroom,Chrome,High,9.0,Set,Per_Master_Bathroom,1,Master Bathroom,True,8170,Rain Shower,Not Applicable,High: > 7542
Ceramica Cleopatra,Rain Shower,Sanitary,Rain Shower,Master Bathroom,Chrome,High,9.0,Set,Per_Master_Bathroom,1,Master Bathroom,True,9268,Rain Shower,Not Applicable,High: > 7542
Lecico,Rain Shower,Sanitary,Rain Shower,Master Bathroom,Chrome,High,9.0,Set,Per_Master_Bathroom,1,Master Bathroom,True,10874,Rain Shower,Not Applicable,High: > 7542
Ideal Standard,Shower Cabin,Sanitary,Sliding Cabin,Master Bathroom,90x90 cm,High,8.4,Piece,Per_Master_Bathroom,1,Master Bathroom,True,9986,Sliding Cabin,Not Applicable,High: > 7542
Lecico,Wash Basin,Sanitary,Pedestal,Bathroom,60 cm,Low,7.4,Piece,Per_Bathroom,1,Bathroom,False,2641,Pedestal,Not Applicable,Low: <= 5006
Ideal Standard,Rain Shower,Sanitary,Rain Shower,Master Bathroom,Chrome,High,9.0,Set,Per_Master_Bathroom,1,Master Bathroom,True,9919,Rain Shower,Not Applicable,High: > 7542
Roca,Close Coupled Toilet,Sanitary,Floor Mounted,Bathroom,Ceramic,Medium,7.6,Piece,Per_Bathroom,1,Bathroom,False,6410,Floor Mounted,Not Applicable,Medium: 5006 - 7542
Roca,Close Coupled Toilet,Sanitary,Floor Mounted,Bathroom,Ceramic,Low,7.6,Piece,Per_Bathroom,1,Bathroom,False,4084,Floor Mounted,Not Applicable,Low: <= 5006
Ideal Standard,Rain Shower,Sanitary,Rain Shower,Master Bathroom,Chrome,Medium,9.0,Set,Per_Master_Bathroom,1,Master Bathroom,True,6439,Rain Shower,Not Applicable,Medium: 5006 - 7542
Roca,Rain Shower,Sanitary,Rain Shower,Master Bathroom,Chrome,Medium,9.0,Set,Per_Master_Bathroom,1,Master Bathroom,True,7384,Rain Shower,Not Applicable,Medium: 5006 - 7542
Lecico,Wash Basin,Sanitary,Pedestal,Bathroom,60 cm,Low,7.4,Piece,Per_Bathroom,1,Bathroom,False,3942,Pedestal,Not Applicable,Low: <= 5006
Lecico,Close Coupled Toilet,Sanitary,Floor Mounted,Bathroom,Ceramic,High,7.6,Piece,Per_Bathroom,1,Bathroom,False,7668,Floor Mounted,Not Applicable,High: > 7542
Lecico,Close Coupled Toilet,Sanitary,Floor Mounted,Bathroom,Ceramic,Medium,7.6,Piece,Per_Bathroom,1,Bathroom,False,6732,Floor Mounted,Not Applicable,Medium: 5006 - 7542
Lecico,Rain Shower,Sanitary,Rain Shower,Master Bathroom,Chrome,High,9.0,Set,Per_Master_Bathroom,1,Master Bathroom,True,9885,Rain Shower,Not Applicable,High: > 7542
Roca,Shower Cabin,Sanitary,Sliding Cabin,Master Bathroom,90x90 cm,Medium,8.4,Piece,Per_Master_Bathroom,1,Master Bathroom,True,6313,Sliding Cabin,Not Applicable,Medium: 5006 - 7542
Ideal Standard,Shower Cabin,Sanitary,Sliding Cabin,Master Bathroom,90x90 cm,Medium,8.4,Piece,Per_Master_Bathroom,1,Master Bathroom,True,6405,Sliding Cabin,Not Applicable,Medium: 5006 - 7542
Lecico,Close Coupled Toilet,Sanitary,Floor Mounted,Bathroom,Ceramic,Medium,7.6,Piece,Per_Bathroom,1,Bathroom,False,5111,Floor Mounted,Not Applicable,Medium: 5006 - 7542
GROHE,Close Coupled Toilet,Sanitary,Floor Mounted,Bathroom,Ceramic,Medium,7.6,Piece,Per_Bathroom,1,Bathroom,False,6255,Floor Mounted,Not Applicable,Medium: 5006 - 7542
GROHE,Shower Cabin,Sanitary,Sliding Cabin,Master Bathroom,90x90 cm,High,8.4,Piece,Per_Master_Bathroom,1,Master Bathroom,True,8926,Sliding Cabin,Not Applicable,High: > 7542
Roca,Wash Basin,Sanitary,Pedestal,Bathroom,60 cm,Low,7.4,Piece,Per_Bathroom,1,Bathroom,False,3785,Pedestal,Not Applicable,Low: <= 5006
Ceramica Cleopatra,Shower Cabin,Sanitary,Sliding Cabin,Master Bathroom,90x90 cm,Medium,8.4,Piece,Per_Master_Bathroom,1,Master Bathroom,True,6639,Sliding Cabin,Not Applicable,Medium: 5006 - 7542
Ceramica Cleopatra,Close Coupled Toilet,Sanitary,Floor Mounted,Bathroom,Ceramic,Low,7.6,Piece,Per_Bathroom,1,Bathroom,False,4409,Floor Mounted,Not Applicable,Low: <= 5006
Ideal Standard,Wash Basin,Sanitary,Pedestal,Bathroom,60 cm,Low,7.4,Piece,Per_Bathroom,1,Bathroom,False,3546,Pedestal,Not Applicable,Low: <= 5006
Ceramica Cleopatra,Shower Cabin,Sanitary,Sliding Cabin,Master Bathroom,90x90 cm,Medium,8.4,Piece,Per_Master_Bathroom,1,Master Bathroom,True,6104,Sliding Cabin,Not Applicable,Medium: 5006 - 7542
Ceramica Cleopatra,Shower Cabin,Sanitary,Sliding Cabin,Master Bathroom,90x90 cm,High,8.4,Piece,Per_Master_Bathroom,1,Master Bathroom,True,8594,Sliding Cabin,Not Applicable,High: > 7542
Roca,Rain Shower,Sanitary,Rain Shower,Master Bathroom,Chrome,High,9.0,Set,Per_Master_Bathroom,1,Master Bathroom,True,9184,Rain Shower,Not Applicable,High: > 7542
Roca,Wash Basin,Sanitary,Pedestal,Bathroom,60 cm,Low,7.4,Piece,Per_Bathroom,1,Bathroom,False,3532,Pedestal,Not Applicable,Low: <= 5006
GROHE,Shower Cabin,Sanitary,Sliding Cabin,Master Bathroom,90x90 cm,Medium,8.4,Piece,Per_Master_Bathroom,1,Master Bathroom,True,6525,Sliding Cabin,Not Applicable,Medium: 5006 - 7542
Ideal Standard,Shower Cabin,Sanitary,Sliding Cabin,Master Bathroom,90x90 cm,High,8.4,Piece,Per_Master_Bathroom,1,Master Bathroom,True,10384,Sliding Cabin,Not Applicable,High: > 7542
GROHE,Wash Basin,Sanitary,Pedestal,Bathroom,60 cm,Low,7.4,Piece,Per_Bathroom,1,Bathroom,False,3883,Pedestal,Not Applicable,Low: <= 5006
Roca,Shower Cabin,Sanitary,Sliding Cabin,Master Bathroom,90x90 cm,Medium,8.4,Piece,Per_Master_Bathroom,1,Master Bathroom,True,5772,Sliding Cabin,Not Applicable,Medium: 5006 - 7542
Ceramica Cleopatra,Shower Cabin,Sanitary,Sliding Cabin,Master Bathroom,90x90 cm,Medium,8.4,Piece,Per_Master_Bathroom,1,Master Bathroom,True,6454,Sliding Cabin,Not Applicable,Medium: 5006 - 7542
Ideal Standard,Close Coupled Toilet,Sanitary,Floor Mounted,Bathroom,Ceramic,Low,7.6,Piece,Per_Bathroom,1,Bathroom,False,4803,Floor Mounted,Not Applicable,Low: <= 5006
Ceramica Cleopatra,Wash Basin,Sanitary,Pedestal,Bathroom,60 cm,Low,7.4,Piece,Per_Bathroom,1,Bathroom,False,3293,Pedestal,Not Applicable,Low: <= 5006
Ceramica Cleopatra,Close Coupled Toilet,Sanitary,Floor Mounted,Bathroom,Ceramic,Low,7.6,Piece,Per_Bathroom,1,Bathroom,False,4400,Floor Mounted,Not Applicable,Low: <= 5006
Lecico,Wash Basin,Sanitary,Pedestal,Bathroom,60 cm,Low,7.4,Piece,Per_Bathroom,1,Bathroom,False,4152,Pedestal,Not Applicable,Low: <= 5006
GROHE,Close Coupled Toilet,Sanitary,Floor Mounted,Bathroom,Ceramic,Low,7.6,Piece,Per_Bathroom,1,Bathroom,False,3981,Floor Mounted,Not Applicable,Low: <= 5006
Ideal Standard,Rain Shower,Sanitary,Rain Shower,Master Bathroom,Chrome,Medium,9.0,Set,Per_Master_Bathroom,1,Master Bathroom,True,7262,Rain Shower,Not Applicable,Medium: 5006 - 7542
Lecico,Close Coupled Toilet,Sanitary,Floor Mounted,Bathroom,Ceramic,Medium,7.6,Piece,Per_Bathroom,1,Bathroom,False,7025,Floor Mounted,Not Applicable,Medium: 5006 - 7542
Roca,Rain Shower,Sanitary,Rain Shower,Master Bathroom,Chrome,High,9.0,Set,Per_Master_Bathroom,1,Master Bathroom,True,9418,Rain Shower,Not Applicable,High: > 7542
Ceramica Cleopatra,Close Coupled Toilet,Sanitary,Floor Mounted,Bathroom,Ceramic,High,7.6,Piece,Per_Bathroom,1,Bathroom,False,8120,Floor Mounted,Not Applicable,High: > 7542
Lecico,Close Coupled Toilet,Sanitary,Floor Mounted,Bathroom,Ceramic,Medium,7.6,Piece,Per_Bathroom,1,Bathroom,False,7008,Floor Mounted,Not Applicable,Medium: 5006 - 7542
Roca,Wash Basin,Sanitary,Pedestal,Bathroom,60 cm,Low,7.4,Piece,Per_Bathroom,1,Bathroom,False,4099,Pedestal,Not Applicable,Low: <= 5006
Lecico,Shower Cabin,Sanitary,Sliding Cabin,Master Bathroom,90x90 cm,High,8.4,Piece,Per_Master_Bathroom,1,Master Bathroom,True,7615,Sliding Cabin,Not Applicable,High: > 7542
Ceramica Cleopatra,Wash Basin,Sanitary,Pedestal,Bathroom,60 cm,Low,7.4,Piece,Per_Bathroom,1,Bathroom,False,2721,Pedestal,Not Applicable,Low: <= 5006
Ideal Standard,Rain Shower,Sanitary,Rain Shower,Master Bathroom,Chrome,Medium,9.0,Set,Per_Master_Bathroom,1,Master Bathroom,True,6882,Rain Shower,Not Applicable,Medium: 5006 - 7542
GROHE,Wash Basin,Sanitary,Pedestal,Bathroom,60 cm,Low,7.4,Piece,Per_Bathroom,1,Bathroom,False,2858,Pedestal,Not Applicable,Low: <= 5006
Ceramica Cleopatra,Wash Basin,Sanitary,Pedestal,Bathroom,60 cm,Low,7.4,Piece,Per_Bathroom,1,Bathroom,False,2636,Pedestal,Not Applicable,Low: <= 5006
Roca,Rain Shower,Sanitary,Rain Shower,Master Bathroom,Chrome,High,9.0,Set,Per_Master_Bathroom,1,Master Bathroom,True,8587,Rain Shower,Not Applicable,High: > 7542
Ceramica Cleopatra,Shower Cabin,Sanitary,Sliding Cabin,Master Bathroom,90x90 cm,High,8.4,Piece,Per_Master_Bathroom,1,Master Bathroom,True,9406,Sliding Cabin,Not Applicable,High: > 7542
Ceramica Cleopatra,Close Coupled Toilet,Sanitary,Floor Mounted,Bathroom,Ceramic,Medium,7.6,Piece,Per_Bathroom,1,Bathroom,False,5362,Floor Mounted,Not Applicable,Medium: 5006 - 7542
Roca,Shower Cabin,Sanitary,Sliding Cabin,Master Bathroom,90x90 cm,Medium,8.4,Piece,Per_Master_Bathroom,1,Master Bathroom,True,5326,Sliding Cabin,Not Applicable,Medium: 5006 - 7542
Ceramica Cleopatra,Rain Shower,Sanitary,Rain Shower,Master Bathroom,Chrome,High,9.0,Set,Per_Master_Bathroom,1,Master Bathroom,True,9664,Rain Shower,Not Applicable,High: > 7542
Ceramica Cleopatra,Rain Shower,Sanitary,Rain Shower,Master Bathroom,Chrome,High,9.0,Set,Per_Master_Bathroom,1,Master Bathroom,True,9260,Rain Shower,Not Applicable,High: > 7542
Lecico,Rain Shower,Sanitary,Rain Shower,Master Bathroom,Chrome,High,9.0,Set,Per_Master_Bathroom,1,Master Bathroom,True,8855,Rain Shower,Not Applicable,High: > 7542
Lecico,Close Coupled Toilet,Sanitary,Floor Mounted,Bathroom,Ceramic,Medium,7.6,Piece,Per_Bathroom,1,Bathroom,False,5534,Floor Mounted,Not Applicable,Medium: 5006 - 7542
Lecico,Close Coupled Toilet,Sanitary,Floor Mounted,Bathroom,Ceramic,High,7.6,Piece,Per_Bathroom,1,Bathroom,False,7673,Floor Mounted,Not Applicable,High: > 7542
Roca,Rain Shower,Sanitary,Rain Shower,Master Bathroom,Chrome,High,9.0,Set,Per_Master_Bathroom,1,Master Bathroom,True,10470,Rain Shower,Not Applicable,High: > 7542
Lecico,Shower Cabin,Sanitary,Sliding Cabin,Master Bathroom,90x90 cm,Medium,8.4,Piece,Per_Master_Bathroom,1,Master Bathroom,True,6723,Sliding Cabin,Not Applicable,Medium: 5006 - 7542
Lecico,Rain Shower,Sanitary,Rain Shower,Master Bathroom,Chrome,High,9.0,Set,Per_Master_Bathroom,1,Master Bathroom,True,10451,Rain Shower,Not Applicable,High: > 7542
Ideal Standard,Close Coupled Toilet,Sanitary,Floor Mounted,Bathroom,Ceramic,Medium,7.6,Piece,Per_Bathroom,1,Bathroom,False,6682,Floor Mounted,Not Applicable,Medium: 5006 - 7542
Roca,Shower Cabin,Sanitary,Sliding Cabin,Master Bathroom,90x90 cm,High,8.4,Piece,Per_Master_Bathroom,1,Master Bathroom,True,10227,Sliding Cabin,Not Applicable,High: > 7542
Roca,Rain Shower,Sanitary,Rain Shower,Master Bathroom,Chrome,High,9.0,Set,Per_Master_Bathroom,1,Master Bathroom,True,10001,Rain Shower,Not Applicable,High: > 7542
Ideal Standard,Close Coupled Toilet,Sanitary,Floor Mounted,Bathroom,Ceramic,High,7.6,Piece,Per_Bathroom,1,Bathroom,False,8339,Floor Mounted,Not Applicable,High: > 7542
Ideal Standard,Rain Shower,Sanitary,Rain Shower,Master Bathroom,Chrome,High,9.0,Set,Per_Master_Bathroom,1,Master Bathroom,True,9874,Rain Shower,Not Applicable,High: > 7542
Lecico,Shower Cabin,Sanitary,Sliding Cabin,Master Bathroom,90x90 cm,Medium,8.4,Piece,Per_Master_Bathroom,1,Master Bathroom,True,5142,Sliding Cabin,Not Applicable,Medium: 5006 - 7542
Lecico,Wash Basin,Sanitary,Pedestal,Bathroom,60 cm,Low,7.4,Piece,Per_Bathroom,1,Bathroom,False,3807,Pedestal,Not Applicable,Low: <= 5006
Roca,Shower Cabin,Sanitary,Sliding Cabin,Master Bathroom,90x90 cm,High,8.4,Piece,Per_Master_Bathroom,1,Master Bathroom,True,8391,Sliding Cabin,Not Applicable,High: > 7542
Lecico,Shower Cabin,Sanitary,Sliding Cabin,Master Bathroom,90x90 cm,High,8.4,Piece,Per_Master_Bathroom,1,Master Bathroom,True,10091,Sliding Cabin,Not Applicable,High: > 7542
Ideal Standard,Shower Cabin,Sanitary,Sliding Cabin,Master Bathroom,90x90 cm,High,8.4,Piece,Per_Master_Bathroom,1,Master Bathroom,True,9318,Sliding Cabin,Not Applicable,High: > 7542
Ideal Standard,Shower Cabin,Sanitary,Sliding Cabin,Master Bathroom,90x90 cm,High,8.4,Piece,Per_Master_Bathroom,1,Master Bathroom,True,9568,Sliding Cabin,Not Applicable,High: > 7542
Ceramica Cleopatra,Shower Cabin,Sanitary,Sliding Cabin,Master Bathroom,90x90 cm,Medium,8.4,Piece,Per_Master_Bathroom,1,Master Bathroom,True,6314,Sliding Cabin,Not Applicable,Medium: 5006 - 7542
Lecico,Close Coupled Toilet,Sanitary,Floor Mounted,Bathroom,Ceramic,Medium,7.6,Piece,Per_Bathroom,1,Bathroom,False,6834,Floor Mounted,Not Applicable,Medium: 5006 - 7542
GROHE,Rain Shower,Sanitary,Rain Shower,Master Bathroom,Chrome,High,9.0,Set,Per_Master_Bathroom,1,Master Bathroom,True,8047,Rain Shower,Not Applicable,High: > 7542
Ideal Standard,Shower Cabin,Sanitary,Sliding Cabin,Master Bathroom,90x90 cm,High,8.4,Piece,Per_Master_Bathroom,1,Master Bathroom,True,7781,Sliding Cabin,Not Applicable,High: > 7542
Roca,Close Coupled Toilet,Sanitary,Floor Mounted,Bathroom,Ceramic,Medium,7.6,Piece,Per_Bathroom,1,Bathroom,False,6915,Floor Mounted,Not Applicable,Medium: 5006 - 7542
Ideal Standard,Close Coupled Toilet,Sanitary,Floor Mounted,Bathroom,Ceramic,Low,7.6,Piece,Per_Bathroom,1,Bathroom,False,4753,Floor Mounted,Not Applicable,Low: <= 5006
Ceramica Cleopatra,Shower Cabin,Sanitary,Sliding Cabin,Master Bathroom,90x90 cm,Low,8.4,Piece,Per_Master_Bathroom,1,Master Bathroom,True,4905,Sliding Cabin,Not Applicable,Low: <= 5006
Ideal Standard,Wash Basin,Sanitary,Pedestal,Bathroom,60 cm,Low,7.4,Piece,Per_Bathroom,1,Bathroom,False,4080,Pedestal,Not Applicable,Low: <= 5006
Ceramica Cleopatra,Close Coupled Toilet,Sanitary,Floor Mounted,Bathroom,Ceramic,Medium,7.6,Piece,Per_Bathroom,1,Bathroom,False,5838,Floor Mounted,Not Applicable,Medium: 5006 - 7542
GROHE,Wash Basin,Sanitary,Pedestal,Bathroom,60 cm,Low,7.4,Piece,Per_Bathroom,1,Bathroom,False,2341,Pedestal,Not Applicable,Low: <= 5006
Ideal Standard,Shower Cabin,Sanitary,Sliding Cabin,Master Bathroom,90x90 cm,High,8.4,Piece,Per_Master_Bathroom,1,Master Bathroom,True,8894,Sliding Cabin,Not Applicable,High: > 7542
GROHE,Rain Shower,Sanitary,Rain Shower,Master Bathroom,Chrome,Medium,9.0,Set,Per_Master_Bathroom,1,Master Bathroom,True,6376,Rain Shower,Not Applicable,Medium: 5006 - 7542
GROHE,Close Coupled Toilet,Sanitary,Floor Mounted,Bathroom,Ceramic,Medium,7.6,Piece,Per_Bathroom,1,Bathroom,False,6867,Floor Mounted,Not Applicable,Medium: 5006 - 7542
Ideal Standard,Shower Cabin,Sanitary,Sliding Cabin,Master Bathroom,90x90 cm,High,8.4,Piece,Per_Master_Bathroom,1,Master Bathroom,True,8169,Sliding Cabin,Not Applicable,High: > 7542
Ceramica Cleopatra,Close Coupled Toilet,Sanitary,Floor Mounted,Bathroom,Ceramic,Low,7.6,Piece,Per_Bathroom,1,Bathroom,False,4717,Floor Mounted,Not Applicable,Low: <= 5006
Ceramica Cleopatra,Wash Basin,Sanitary,Pedestal,Bathroom,60 cm,Low,7.4,Piece,Per_Bathroom,1,Bathroom,False,3781,Pedestal,Not Applicable,Low: <= 5006
Roca,Shower Cabin,Sanitary,Sliding Cabin,Master Bathroom,90x90 cm,Medium,8.4,Piece,Per_Master_Bathroom,1,Master Bathroom,True,6173,Sliding Cabin,Not Applicable,Medium: 5006 - 7542
Ceramica Cleopatra,Rain Shower,Sanitary,Rain Shower,Master Bathroom,Chrome,High,9.0,Set,Per_Master_Bathroom,1,Master Bathroom,True,9501,Rain Shower,Not Applicable,High: > 7542
Lecico,Wash Basin,Sanitary,Pedestal,Bathroom,60 cm,Low,7.4,Piece,Per_Bathroom,1,Bathroom,False,1914,Pedestal,Not Applicable,Low: <= 5006
Ceramica Cleopatra,Shower Cabin,Sanitary,Sliding Cabin,Master Bathroom,90x90 cm,High,8.4,Piece,Per_Master_Bathroom,1,Master Bathroom,True,8516,Sliding Cabin,Not Applicable,High: > 7542
GROHE,Close Coupled Toilet,Sanitary,Floor Mounted,Bathroom,Ceramic,Medium,7.6,Piece,Per_Bathroom,1,Bathroom,False,6565,Floor Mounted,Not Applicable,Medium: 5006 - 7542
Ideal Standard,Shower Cabin,Sanitary,Sliding Cabin,Master Bathroom,90x90 cm,Medium,8.4,Piece,Per_Master_Bathroom,1,Master Bathroom,True,7225,Sliding Cabin,Not Applicable,Medium: 5006 - 7542
Ideal Standard,Wash Basin,Sanitary,Pedestal,Bathroom,60 cm,Low,7.4,Piece,Per_Bathroom,1,Bathroom,False,3555,Pedestal,Not Applicable,Low: <= 5006
Lecico,Wash Basin,Sanitary,Pedestal,Bathroom,60 cm,Low,7.4,Piece,Per_Bathroom,1,Bathroom,False,4055,Pedestal,Not Applicable,Low: <= 5006
Roca,Rain Shower,Sanitary,Rain Shower,Master Bathroom,Chrome,High,9.0,Set,Per_Master_Bathroom,1,Master Bathroom,True,9652,Rain Shower,Not Applicable,High: > 7542
Roca,Rain Shower,Sanitary,Rain Shower,Master Bathroom,Chrome,High,9.0,Set,Per_Master_Bathroom,1,Master Bathroom,True,10783,Rain Shower,Not Applicable,High: > 7542
GROHE,Rain Shower,Sanitary,Rain Shower,Master Bathroom,Chrome,High,9.0,Set,Per_Master_Bathroom,1,Master Bathroom,True,10521,Rain Shower,Not Applicable,High: > 7542
Lecico,Shower Cabin,Sanitary,Sliding Cabin,Master Bathroom,90x90 cm,High,8.4,Piece,Per_Master_Bathroom,1,Master Bathroom,True,10067,Sliding Cabin,Not Applicable,High: > 7542
Lecico,Shower Cabin,Sanitary,Sliding Cabin,Master Bathroom,90x90 cm,High,8.4,Piece,Per_Master_Bathroom,1,Master Bathroom,True,9790,Sliding Cabin,Not Applicable,High: > 7542
GROHE,Shower Cabin,Sanitary,Sliding Cabin,Master Bathroom,90x90 cm,High,8.4,Piece,Per_Master_Bathroom,1,Master Bathroom,True,8875,Sliding Cabin,Not Applicable,High: > 7542
GROHE,Shower Cabin,Sanitary,Sliding Cabin,Master Bathroom,90x90 cm,Medium,8.4,Piece,Per_Master_Bathroom,1,Master Bathroom,True,7448,Sliding Cabin,Not Applicable,Medium: 5006 - 7542
Ideal Standard,Close Coupled Toilet,Sanitary,Floor Mounted,Bathroom,Ceramic,High,7.6,Piece,Per_Bathroom,1,Bathroom,False,7611,Floor Mounted,Not Applicable,High: > 7542
Roca,Close Coupled Toilet,Sanitary,Floor Mounted,Bathroom,Ceramic,Medium,7.6,Piece,Per_Bathroom,1,Bathroom,False,7054,Floor Mounted,Not Applicable,Medium: 5006 - 7542
Lecico,Wash Basin,Sanitary,Pedestal,Bathroom,60 cm,Low,7.4,Piece,Per_Bathroom,1,Bathroom,False,2788,Pedestal,Not Applicable,Low: <= 5006
Ceramica Cleopatra,Rain Shower,Sanitary,Rain Shower,Master Bathroom,Chrome,High,9.0,Set,Per_Master_Bathroom,1,Master Bathroom,True,8554,Rain Shower,Not Applicable,High: > 7542
Roca,Shower Cabin,Sanitary,Sliding Cabin,Master Bathroom,90x90 cm,Medium,8.4,Piece,Per_Master_Bathroom,1,Master Bathroom,True,6163,Sliding Cabin,Not Applicable,Medium: 5006 - 7542
Ideal Standard,Wash Basin,Sanitary,Pedestal,Bathroom,60 cm,Low,7.4,Piece,Per_Bathroom,1,Bathroom,False,3728,Pedestal,Not Applicable,Low: <= 5006
Roca,Close Coupled Toilet,Sanitary,Floor Mounted,Bathroom,Ceramic,Medium,7.6,Piece,Per_Bathroom,1,Bathroom,False,7512,Floor Mounted,Not Applicable,Medium: 5006 - 7542
Roca,Rain Shower,Sanitary,Rain Shower,Master Bathroom,Chrome,Low,9.0,Set,Per_Master_Bathroom,1,Master Bathroom,True,4661,Rain Shower,Not Applicable,Low: <= 5006
Ceramica Cleopatra,Shower Cabin,Sanitary,Sliding Cabin,Master Bathroom,90x90 cm,High,8.4,Piece,Per_Master_Bathroom,1,Master Bathroom,True,9571,Sliding Cabin,Not Applicable,High: > 7542
Roca,Shower Cabin,Sanitary,Sliding Cabin,Master Bathroom,90x90 cm,High,8.4,Piece,Per_Master_Bathroom,1,Master Bathroom,True,8548,Sliding Cabin,Not Applicable,High: > 7542
Ideal Standard,Wash Basin,Sanitary,Pedestal,Bathroom,60 cm,Low,7.4,Piece,Per_Bathroom,1,Bathroom,False,4057,Pedestal,Not Applicable,Low: <= 5006
Lecico,Shower Cabin,Sanitary,Sliding Cabin,Master Bathroom,90x90 cm,High,8.4,Piece,Per_Master_Bathroom,1,Master Bathroom,True,8909,Sliding Cabin,Not Applicable,High: > 7542
Lecico,Wash Basin,Sanitary,Pedestal,Bathroom,60 cm,Low,7.4,Piece,Per_Bathroom,1,Bathroom,False,3633,Pedestal,Not Applicable,Low: <= 5006
Lecico,Rain Shower,Sanitary,Rain Shower,Master Bathroom,Chrome,High,9.0,Set,Per_Master_Bathroom,1,Master Bathroom,True,9121,Rain Shower,Not Applicable,High: > 7542
GROHE,Shower Cabin,Sanitary,Sliding Cabin,Master Bathroom,90x90 cm,Medium,8.4,Piece,Per_Master_Bathroom,1,Master Bathroom,True,5392,Sliding Cabin,Not Applicable,Medium: 5006 - 7542
Lecico,Wash Basin,Sanitary,Pedestal,Bathroom,60 cm,Low,7.4,Piece,Per_Bathroom,1,Bathroom,False,2135,Pedestal,Not Applicable,Low: <= 5006
Roca,Wash Basin,Sanitary,Pedestal,Bathroom,60 cm,Low,7.4,Piece,Per_Bathroom,1,Bathroom,False,3524,Pedestal,Not Applicable,Low: <= 5006
Ideal Standard,Close Coupled Toilet,Sanitary,Floor Mounted,Bathroom,Ceramic,High,7.6,Piece,Per_Bathroom,1,Bathroom,False,8165,Floor Mounted,Not Applicable,High: > 7542
Roca,Wash Basin,Sanitary,Pedestal,Bathroom,60 cm,Low,7.4,Piece,Per_Bathroom,1,Bathroom,False,2368,Pedestal,Not Applicable,Low: <= 5006
GROHE,Close Coupled Toilet,Sanitary,Floor Mounted,Bathroom,Ceramic,Medium,7.6,Piece,Per_Bathroom,1,Bathroom,False,6711,Floor Mounted,Not Applicable,Medium: 5006 - 7542
Ideal Standard,Rain Shower,Sanitary,Rain Shower,Master Bathroom,Chrome,High,9.0,Set,Per_Master_Bathroom,1,Master Bathroom,True,10736,Rain Shower,Not Applicable,High: > 7542
Ceramica Cleopatra,Wash Basin,Sanitary,Pedestal,Bathroom,60 cm,Low,7.4,Piece,Per_Bathroom,1,Bathroom,False,2639,Pedestal,Not Applicable,Low: <= 5006
Lecico,Shower Cabin,Sanitary,Sliding Cabin,Master Bathroom,90x90 cm,Medium,8.4,Piece,Per_Master_Bathroom,1,Master Bathroom,True,6290,Sliding Cabin,Not Applicable,Medium: 5006 - 7542
GROHE,Shower Cabin,Sanitary,Sliding Cabin,Master Bathroom,90x90 cm,Medium,8.4,Piece,Per_Master_Bathroom,1,Master Bathroom,True,5478,Sliding Cabin,Not Applicable,Medium: 5006 - 7542
Ceramica Cleopatra,Wash Basin,Sanitary,Pedestal,Bathroom,60 cm,Low,7.4,Piece,Per_Bathroom,1,Bathroom,False,2375,Pedestal,Not Applicable,Low: <= 5006
Ideal Standard,Shower Cabin,Sanitary,Sliding Cabin,Master Bathroom,90x90 cm,High,8.4,Piece,Per_Master_Bathroom,1,Master Bathroom,True,7746,Sliding Cabin,Not Applicable,High: > 7542
Ceramica Cleopatra,Shower Cabin,Sanitary,Sliding Cabin,Master Bathroom,90x90 cm,High,8.4,Piece,Per_Master_Bathroom,1,Master Bathroom,True,10345,Sliding Cabin,Not Applicable,High: > 7542
Lecico,Close Coupled Toilet,Sanitary,Floor Mounted,Bathroom,Ceramic,Medium,7.6,Piece,Per_Bathroom,1,Bathroom,False,6480,Floor Mounted,Not Applicable,Medium: 5006 - 7542
GROHE,Close Coupled Toilet,Sanitary,Floor Mounted,Bathroom,Ceramic,Low,7.6,Piece,Per_Bathroom,1,Bathroom,False,4830,Floor Mounted,Not Applicable,Low: <= 5006
Roca,Wash Basin,Sanitary,Pedestal,Bathroom,60 cm,Low,7.4,Piece,Per_Bathroom,1,Bathroom,False,4007,Pedestal,Not Applicable,Low: <= 5006
Lecico,Rain Shower,Sanitary,Rain Shower,Master Bathroom,Chrome,High,9.0,Set,Per_Master_Bathroom,1,Master Bathroom,True,9379,Rain Shower,Not Applicable,High: > 7542
Lecico,Rain Shower,Sanitary,Rain Shower,Master Bathroom,Chrome,High,9.0,Set,Per_Master_Bathroom,1,Master Bathroom,True,9351,Rain Shower,Not Applicable,High: > 7542
Lecico,Shower Cabin,Sanitary,Sliding Cabin,Master Bathroom,90x90 cm,Medium,8.4,Piece,Per_Master_Bathroom,1,Master Bathroom,True,5442,Sliding Cabin,Not Applicable,Medium: 5006 - 7542
Ideal Standard,Wash Basin,Sanitary,Pedestal,Bathroom,60 cm,Low,7.4,Piece,Per_Bathroom,1,Bathroom,False,3092,Pedestal,Not Applicable,Low: <= 5006
Ideal Standard,Close Coupled Toilet,Sanitary,Floor Mounted,Bathroom,Ceramic,Low,7.6,Piece,Per_Bathroom,1,Bathroom,False,4404,Floor Mounted,Not Applicable,Low: <= 5006
Ceramica Cleopatra,Wash Basin,Sanitary,Pedestal,Bathroom,60 cm,Low,7.4,Piece,Per_Bathroom,1,Bathroom,False,3587,Pedestal,Not Applicable,Low: <= 5006
Ceramica Cleopatra,Close Coupled Toilet,Sanitary,Floor Mounted,Bathroom,Ceramic,High,7.6,Piece,Per_Bathroom,1,Bathroom,False,7952,Floor Mounted,Not Applicable,High: > 7542
Ideal Standard,Shower Cabin,Sanitary,Sliding Cabin,Master Bathroom,90x90 cm,High,8.4,Piece,Per_Master_Bathroom,1,Master Bathroom,True,8588,Sliding Cabin,Not Applicable,High: > 7542
GROHE,Rain Shower,Sanitary,Rain Shower,Master Bathroom,Chrome,High,9.0,Set,Per_Master_Bathroom,1,Master Bathroom,True,10330,Rain Shower,Not Applicable,High: > 7542
Ceramica Cleopatra,Shower Cabin,Sanitary,Sliding Cabin,Master Bathroom,90x90 cm,Medium,8.4,Piece,Per_Master_Bathroom,1,Master Bathroom,True,6943,Sliding Cabin,Not Applicable,Medium: 5006 - 7542
Ceramica Cleopatra,Rain Shower,Sanitary,Rain Shower,Master Bathroom,Chrome,High,9.0,Set,Per_Master_Bathroom,1,Master Bathroom,True,10295,Rain Shower,Not Applicable,High: > 7542
GROHE,Close Coupled Toilet,Sanitary,Floor Mounted,Bathroom,Ceramic,Low,7.6,Piece,Per_Bathroom,1,Bathroom,False,4914,Floor Mounted,Not Applicable,Low: <= 5006
Roca,Close Coupled Toilet,Sanitary,Floor Mounted,Bathroom,Ceramic,Medium,7.6,Piece,Per_Bathroom,1,Bathroom,False,5846,Floor Mounted,Not Applicable,Medium: 5006 - 7542
Lecico,Close Coupled Toilet,Sanitary,Floor Mounted,Bathroom,Ceramic,High,7.6,Piece,Per_Bathroom,1,Bathroom,False,7966,Floor Mounted,Not Applicable,High: > 7542
Lecico,Wash Basin,Sanitary,Pedestal,Bathroom,60 cm,Low,7.4,Piece,Per_Bathroom,1,Bathroom,False,2016,Pedestal,Not Applicable,Low: <= 5006
Roca,Rain Shower,Sanitary,Rain Shower,Master Bathroom,Chrome,Medium,9.0,Set,Per_Master_Bathroom,1,Master Bathroom,True,7092,Rain Shower,Not Applicable,Medium: 5006 - 7542
Lecico,Shower Cabin,Sanitary,Sliding Cabin,Master Bathroom,90x90 cm,High,8.4,Piece,Per_Master_Bathroom,1,Master Bathroom,True,10323,Sliding Cabin,Not Applicable,High: > 7542
Ceramica Cleopatra,Wash Basin,Sanitary,Pedestal,Bathroom,60 cm,Low,7.4,Piece,Per_Bathroom,1,Bathroom,False,2024,Pedestal,Not Applicable,Low: <= 5006
Ideal Standard,Wash Basin,Sanitary,Pedestal,Bathroom,60 cm,Low,7.4,Piece,Per_Bathroom,1,Bathroom,False,2203,Pedestal,Not Applicable,Low: <= 5006
Ideal Standard,Wash Basin,Sanitary,Pedestal,Bathroom,60 cm,Low,7.4,Piece,Per_Bathroom,1,Bathroom,False,3855,Pedestal,Not Applicable,Low: <= 5006
GROHE,Rain Shower,Sanitary,Rain Shower,Master Bathroom,Chrome,High,9.0,Set,Per_Master_Bathroom,1,Master Bathroom,True,10169,Rain Shower,Not Applicable,High: > 7542
Ceramica Cleopatra,Shower Cabin,Sanitary,Sliding Cabin,Master Bathroom,90x90 cm,Low,8.4,Piece,Per_Master_Bathroom,1,Master Bathroom,True,4911,Sliding Cabin,Not Applicable,Low: <= 5006
GROHE,Close Coupled Toilet,Sanitary,Floor Mounted,Bathroom,Ceramic,Medium,7.6,Piece,Per_Bathroom,1,Bathroom,False,5013,Floor Mounted,Not Applicable,Medium: 5006 - 7542
Roca,Close Coupled Toilet,Sanitary,Floor Mounted,Bathroom,Ceramic,High,7.6,Piece,Per_Bathroom,1,Bathroom,False,8491,Floor Mounted,Not Applicable,High: > 7542
Roca,Rain Shower,Sanitary,Rain Shower,Master Bathroom,Chrome,High,9.0,Set,Per_Master_Bathroom,1,Master Bathroom,True,8829,Rain Shower,Not Applicable,High: > 7542
GROHE,Shower Cabin,Sanitary,Sliding Cabin,Master Bathroom,90x90 cm,High,8.4,Piece,Per_Master_Bathroom,1,Master Bathroom,True,10231,Sliding Cabin,Not Applicable,High: > 7542
GROHE,Rain Shower,Sanitary,Rain Shower,Master Bathroom,Chrome,Low,9.0,Set,Per_Master_Bathroom,1,Master Bathroom,True,4756,Rain Shower,Not Applicable,Low: <= 5006
Roca,Shower Cabin,Sanitary,Sliding Cabin,Master Bathroom,90x90 cm,High,8.4,Piece,Per_Master_Bathroom,1,Master Bathroom,True,9818,Sliding Cabin,Not Applicable,High: > 7542
Ceramica Cleopatra,Wash Basin,Sanitary,Pedestal,Bathroom,60 cm,Low,7.4,Piece,Per_Bathroom,1,Bathroom,False,2279,Pedestal,Not Applicable,Low: <= 5006
Ideal Standard,Close Coupled Toilet,Sanitary,Floor Mounted,Bathroom,Ceramic,Low,7.6,Piece,Per_Bathroom,1,Bathroom,False,4313,Floor Mounted,Not Applicable,Low: <= 5006
Ideal Standard,Close Coupled Toilet,Sanitary,Floor Mounted,Bathroom,Ceramic,High,7.6,Piece,Per_Bathroom,1,Bathroom,False,8435,Floor Mounted,Not Applicable,High: > 7542
Ceramica Cleopatra,Wash Basin,Sanitary,Pedestal,Bathroom,60 cm,Low,7.4,Piece,Per_Bathroom,1,Bathroom,False,2321,Pedestal,Not Applicable,Low: <= 5006
Lecico,Shower Cabin,Sanitary,Sliding Cabin,Master Bathroom,90x90 cm,High,8.4,Piece,Per_Master_Bathroom,1,Master Bathroom,True,10971,Sliding Cabin,Not Applicable,High: > 7542
GROHE,Shower Cabin,Sanitary,Sliding Cabin,Master Bathroom,90x90 cm,Medium,8.4,Piece,Per_Master_Bathroom,1,Master Bathroom,True,5354,Sliding Cabin,Not Applicable,Medium: 5006 - 7542
Ideal Standard,Rain Shower,Sanitary,Rain Shower,Master Bathroom,Chrome,Medium,9.0,Set,Per_Master_Bathroom,1,Master Bathroom,True,5157,Rain Shower,Not Applicable,Medium: 5006 - 7542
Lecico,Shower Cabin,Sanitary,Sliding Cabin,Master Bathroom,90x90 cm,High,8.4,Piece,Per_Master_Bathroom,1,Master Bathroom,True,8117,Sliding Cabin,Not Applicable,High: > 7542
Ceramica Cleopatra,Close Coupled Toilet,Sanitary,Floor Mounted,Bathroom,Ceramic,Low,7.6,Piece,Per_Bathroom,1,Bathroom,False,4227,Floor Mounted,Not Applicable,Low: <= 5006
Ceramica Cleopatra,Close Coupled Toilet,Sanitary,Floor Mounted,Bathroom,Ceramic,Medium,7.6,Piece,Per_Bathroom,1,Bathroom,False,7120,Floor Mounted,Not Applicable,Medium: 5006 - 7542
Roca,Rain Shower,Sanitary,Rain Shower,Master Bathroom,Chrome,Medium,9.0,Set,Per_Master_Bathroom,1,Master Bathroom,True,7319,Rain Shower,Not Applicable,Medium: 5006 - 7542
GROHE,Wash Basin,Sanitary,Pedestal,Bathroom,60 cm,Low,7.4,Piece,Per_Bathroom,1,Bathroom,False,1995,Pedestal,Not Applicable,Low: <= 5006
Roca,Shower Cabin,Sanitary,Sliding Cabin,Master Bathroom,90x90 cm,Medium,8.4,Piece,Per_Master_Bathroom,1,Master Bathroom,True,7354,Sliding Cabin,Not Applicable,Medium: 5006 - 7542
GROHE,Shower Cabin,Sanitary,Sliding Cabin,Master Bathroom,90x90 cm,High,8.4,Piece,Per_Master_Bathroom,1,Master Bathroom,True,8169,Sliding Cabin,Not Applicable,High: > 7542
Ideal Standard,Shower Cabin,Sanitary,Sliding Cabin,Master Bathroom,90x90 cm,Medium,8.4,Piece,Per_Master_Bathroom,1,Master Bathroom,True,6301,Sliding Cabin,Not Applicable,Medium: 5006 - 7542
Ideal Standard,Shower Cabin,Sanitary,Sliding Cabin,Master Bathroom,90x90 cm,High,8.4,Piece,Per_Master_Bathroom,1,Master Bathroom,True,8576,Sliding Cabin,Not Applicable,High: > 7542
Ceramica Cleopatra,Rain Shower,Sanitary,Rain Shower,Master Bathroom,Chrome,Medium,9.0,Set,Per_Master_Bathroom,1,Master Bathroom,True,6255,Rain Shower,Not Applicable,Medium: 5006 - 7542
Lecico,Rain Shower,Sanitary,Rain Shower,Master Bathroom,Chrome,Low,9.0,Set,Per_Master_Bathroom,1,Master Bathroom,True,4815,Rain Shower,Not Applicable,Low: <= 5006
Ideal Standard,Shower Cabin,Sanitary,Sliding Cabin,Master Bathroom,90x90 cm,Medium,8.4,Piece,Per_Master_Bathroom,1,Master Bathroom,True,7257,Sliding Cabin,Not Applicable,Medium: 5006 - 7542
Ideal Standard,Shower Cabin,Sanitary,Sliding Cabin,Master Bathroom,90x90 cm,Medium,8.4,Piece,Per_Master_Bathroom,1,Master Bathroom,True,5290,Sliding Cabin,Not Applicable,Medium: 5006 - 7542
Ideal Standard,Wash Basin,Sanitary,Pedestal,Bathroom,60 cm,Low,7.4,Piece,Per_Bathroom,1,Bathroom,False,1825,Pedestal,Not Applicable,Low: <= 5006
Roca,Wash Basin,Sanitary,Pedestal,Bathroom,60 cm,Low,7.4,Piece,Per_Bathroom,1,Bathroom,False,3917,Pedestal,Not Applicable,Low: <= 5006
Ceramica Cleopatra,Rain Shower,Sanitary,Rain Shower,Master Bathroom,Chrome,High,9.0,Set,Per_Master_Bathroom,1,Master Bathroom,True,9957,Rain Shower,Not Applicable,High: > 7542
Roca,Shower Cabin,Sanitary,Sliding Cabin,Master Bathroom,90x90 cm,High,8.4,Piece,Per_Master_Bathroom,1,Master Bathroom,True,9269,Sliding Cabin,Not Applicable,High: > 7542
Roca,Close Coupled Toilet,Sanitary,Floor Mounted,Bathroom,Ceramic,Medium,7.6,Piece,Per_Bathroom,1,Bathroom,False,6302,Floor Mounted,Not Applicable,Medium: 5006 - 7542
Ideal Standard,Rain Shower,Sanitary,Rain Shower,Master Bathroom,Chrome,Medium,9.0,Set,Per_Master_Bathroom,1,Master Bathroom,True,5430,Rain Shower,Not Applicable,Medium: 5006 - 7542
GROHE,Close Coupled Toilet,Sanitary,Floor Mounted,Bathroom,Ceramic,Medium,7.6,Piece,Per_Bathroom,1,Bathroom,False,6443,Floor Mounted,Not Applicable,Medium: 5006 - 7542
Roca,Rain Shower,Sanitary,Rain Shower,Master Bathroom,Chrome,High,9.0,Set,Per_Master_Bathroom,1,Master Bathroom,True,10311,Rain Shower,Not Applicable,High: > 7542
Ceramica Cleopatra,Rain Shower,Sanitary,Rain Shower,Master Bathroom,Chrome,Medium,9.0,Set,Per_Master_Bathroom,1,Master Bathroom,True,7539,Rain Shower,Not Applicable,Medium: 5006 - 7542
Ceramica Cleopatra,Close Coupled Toilet,Sanitary,Floor Mounted,Bathroom,Ceramic,Medium,7.6,Piece,Per_Bathroom,1,Bathroom,False,7542,Floor Mounted,Not Applicable,Medium: 5006 - 7542
Ceramica Cleopatra,Shower Cabin,Sanitary,Sliding Cabin,Master Bathroom,90x90 cm,Medium,8.4,Piece,Per_Master_Bathroom,1,Master Bathroom,True,7034,Sliding Cabin,Not Applicable,Medium: 5006 - 7542
Ideal Standard,Shower Cabin,Sanitary,Sliding Cabin,Master Bathroom,90x90 cm,Medium,8.4,Piece,Per_Master_Bathroom,1,Master Bathroom,True,5405,Sliding Cabin,Not Applicable,Medium: 5006 - 7542
GROHE,Close Coupled Toilet,Sanitary,Floor Mounted,Bathroom,Ceramic,High,7.6,Piece,Per_Bathroom,1,Bathroom,False,8203,Floor Mounted,Not Applicable,High: > 7542
Lecico,Close Coupled Toilet,Sanitary,Floor Mounted,Bathroom,Ceramic,High,7.6,Piece,Per_Bathroom,1,Bathroom,False,8430,Floor Mounted,Not Applicable,High: > 7542
Lecico,Close Coupled Toilet,Sanitary,Floor Mounted,Bathroom,Ceramic,Low,7.6,Piece,Per_Bathroom,1,Bathroom,False,4513,Floor Mounted,Not Applicable,Low: <= 5006
GROHE,Close Coupled Toilet,Sanitary,Floor Mounted,Bathroom,Ceramic,Medium,7.6,Piece,Per_Bathroom,1,Bathroom,False,6609,Floor Mounted,Not Applicable,Medium: 5006 - 7542
Lecico,Shower Cabin,Sanitary,Sliding Cabin,Master Bathroom,90x90 cm,Medium,8.4,Piece,Per_Master_Bathroom,1,Master Bathroom,True,6342,Sliding Cabin,Not Applicable,Medium: 5006 - 7542
Ceramica Cleopatra,Close Coupled Toilet,Sanitary,Floor Mounted,Bathroom,Ceramic,Medium,7.6,Piece,Per_Bathroom,1,Bathroom,False,6600,Floor Mounted,Not Applicable,Medium: 5006 - 7542
Lecico,Wash Basin,Sanitary,Pedestal,Bathroom,60 cm,Low,7.4,Piece,Per_Bathroom,1,Bathroom,False,2742,Pedestal,Not Applicable,Low: <= 5006
Lecico,Wash Basin,Sanitary,Pedestal,Bathroom,60 cm,Low,7.4,Piece,Per_Bathroom,1,Bathroom,False,2801,Pedestal,Not Applicable,Low: <= 5006
Lecico,Rain Shower,Sanitary,Rain Shower,Master Bathroom,Chrome,High,9.0,Set,Per_Master_Bathroom,1,Master Bathroom,True,9259,Rain Shower,Not Applicable,High: > 7542
Ceramica Cleopatra,Wash Basin,Sanitary,Pedestal,Bathroom,60 cm,Low,7.4,Piece,Per_Bathroom,1,Bathroom,False,2054,Pedestal,Not Applicable,Low: <= 5006
Ideal Standard,Rain Shower,Sanitary,Rain Shower,Master Bathroom,Chrome,High,9.0,Set,Per_Master_Bathroom,1,Master Bathroom,True,7710,Rain Shower,Not Applicable,High: > 7542
Ceramica Cleopatra,Wash Basin,Sanitary,Pedestal,Bathroom,60 cm,Low,7.4,Piece,Per_Bathroom,1,Bathroom,False,3176,Pedestal,Not Applicable,Low: <= 5006
Lecico,Close Coupled Toilet,Sanitary,Floor Mounted,Bathroom,Ceramic,Medium,7.6,Piece,Per_Bathroom,1,Bathroom,False,6733,Floor Mounted,Not Applicable,Medium: 5006 - 7542
Ceramica Cleopatra,Close Coupled Toilet,Sanitary,Floor Mounted,Bathroom,Ceramic,Low,7.6,Piece,Per_Bathroom,1,Bathroom,False,4963,Floor Mounted,Not Applicable,Low: <= 5006
GROHE,Rain Shower,Sanitary,Rain Shower,Master Bathroom,Chrome,High,9.0,Set,Per_Master_Bathroom,1,Master Bathroom,True,10745,Rain Shower,Not Applicable,High: > 7542
Ideal Standard,Close Coupled Toilet,Sanitary,Floor Mounted,Bathroom,Ceramic,High,7.6,Piece,Per_Bathroom,1,Bathroom,False,8000,Floor Mounted,Not Applicable,High: > 7542
Ideal Standard,Wash Basin,Sanitary,Pedestal,Bathroom,60 cm,Low,7.4,Piece,Per_Bathroom,1,Bathroom,False,2640,Pedestal,Not Applicable,Low: <= 5006
Lecico,Shower Cabin,Sanitary,Sliding Cabin,Master Bathroom,90x90 cm,Medium,8.4,Piece,Per_Master_Bathroom,1,Master Bathroom,True,6822,Sliding Cabin,Not Applicable,Medium: 5006 - 7542
Ceramica Cleopatra,Rain Shower,Sanitary,Rain Shower,Master Bathroom,Chrome,High,9.0,Set,Per_Master_Bathroom,1,Master Bathroom,True,9959,Rain Shower,Not Applicable,High: > 7542
GROHE,Wash Basin,Sanitary,Pedestal,Bathroom,60 cm,Low,7.4,Piece,Per_Bathroom,1,Bathroom,False,3291,Pedestal,Not Applicable,Low: <= 5006
Roca,Close Coupled Toilet,Sanitary,Floor Mounted,Bathroom,Ceramic,Medium,7.6,Piece,Per_Bathroom,1,Bathroom,False,7507,Floor Mounted,Not Applicable,Medium: 5006 - 7542
Roca,Close Coupled Toilet,Sanitary,Floor Mounted,Bathroom,Ceramic,Low,7.6,Piece,Per_Bathroom,1,Bathroom,False,3961,Floor Mounted,Not Applicable,Low: <= 5006
Lecico,Close Coupled Toilet,Sanitary,Floor Mounted,Bathroom,Ceramic,Medium,7.6,Piece,Per_Bathroom,1,Bathroom,False,6669,Floor Mounted,Not Applicable,Medium: 5006 - 7542
Roca,Close Coupled Toilet,Sanitary,Floor Mounted,Bathroom,Ceramic,High,7.6,Piece,Per_Bathroom,1,Bathroom,False,8003,Floor Mounted,Not Applicable,High: > 7542
Ceramica Cleopatra,Wash Basin,Sanitary,Pedestal,Bathroom,60 cm,Low,7.4,Piece,Per_Bathroom,1,Bathroom,False,3830,Pedestal,Not Applicable,Low: <= 5006
Ideal Standard,Shower Cabin,Sanitary,Sliding Cabin,Master Bathroom,90x90 cm,Low,8.4,Piece,Per_Master_Bathroom,1,Master Bathroom,True,4927,Sliding Cabin,Not Applicable,Low: <= 5006
Lecico,Shower Cabin,Sanitary,Sliding Cabin,Master Bathroom,90x90 cm,High,8.4,Piece,Per_Master_Bathroom,1,Master Bathroom,True,9501,Sliding Cabin,Not Applicable,High: > 7542
Ideal Standard,Rain Shower,Sanitary,Rain Shower,Master Bathroom,Chrome,Low,9.0,Set,Per_Master_Bathroom,1,Master Bathroom,True,4833,Rain Shower,Not Applicable,Low: <= 5006
Ceramica Cleopatra,Rain Shower,Sanitary,Rain Shower,Master Bathroom,Chrome,Medium,9.0,Set,Per_Master_Bathroom,1,Master Bathroom,True,6314,Rain Shower,Not Applicable,Medium: 5006 - 7542
GROHE,Rain Shower,Sanitary,Rain Shower,Master Bathroom,Chrome,Medium,9.0,Set,Per_Master_Bathroom,1,Master Bathroom,True,7297,Rain Shower,Not Applicable,Medium: 5006 - 7542
Roca,Close Coupled Toilet,Sanitary,Floor Mounted,Bathroom,Ceramic,Medium,7.6,Piece,Per_Bathroom,1,Bathroom,False,6046,Floor Mounted,Not Applicable,Medium: 5006 - 7542
Lecico,Rain Shower,Sanitary,Rain Shower,Master Bathroom,Chrome,High,9.0,Set,Per_Master_Bathroom,1,Master Bathroom,True,10078,Rain Shower,Not Applicable,High: > 7542
Roca,Wash Basin,Sanitary,Pedestal,Bathroom,60 cm,Low,7.4,Piece,Per_Bathroom,1,Bathroom,False,3530,Pedestal,Not Applicable,Low: <= 5006
Lecico,Rain Shower,Sanitary,Rain Shower,Master Bathroom,Chrome,Medium,9.0,Set,Per_Master_Bathroom,1,Master Bathroom,True,6503,Rain Shower,Not Applicable,Medium: 5006 - 7542
Ceramica Cleopatra,Rain Shower,Sanitary,Rain Shower,Master Bathroom,Chrome,Medium,9.0,Set,Per_Master_Bathroom,1,Master Bathroom,True,7438,Rain Shower,Not Applicable,Medium: 5006 - 7542
Ceramica Cleopatra,Shower Cabin,Sanitary,Sliding Cabin,Master Bathroom,90x90 cm,High,8.4,Piece,Per_Master_Bathroom,1,Master Bathroom,True,10311,Sliding Cabin,Not Applicable,High: > 7542
Ceramica Cleopatra,Close Coupled Toilet,Sanitary,Floor Mounted,Bathroom,Ceramic,Medium,7.6,Piece,Per_Bathroom,1,Bathroom,False,5442,Floor Mounted,Not Applicable,Medium: 5006 - 7542
Ceramica Cleopatra,Shower Cabin,Sanitary,Sliding Cabin,Master Bathroom,90x90 cm,High,8.4,Piece,Per_Master_Bathroom,1,Master Bathroom,True,8833,Sliding Cabin,Not Applicable,High: > 7542
Lecico,Close Coupled Toilet,Sanitary,Floor Mounted,Bathroom,Ceramic,Medium,7.6,Piece,Per_Bathroom,1,Bathroom,False,5680,Floor Mounted,Not Applicable,Medium: 5006 - 7542
Ceramica Cleopatra,Shower Cabin,Sanitary,Sliding Cabin,Master Bathroom,90x90 cm,High,8.4,Piece,Per_Master_Bathroom,1,Master Bathroom,True,8569,Sliding Cabin,Not Applicable,High: > 7542
Ideal Standard,Wash Basin,Sanitary,Pedestal,Bathroom,60 cm,Low,7.4,Piece,Per_Bathroom,1,Bathroom,False,2261,Pedestal,Not Applicable,Low: <= 5006
Ceramica Cleopatra,Shower Cabin,Sanitary,Sliding Cabin,Master Bathroom,90x90 cm,Medium,8.4,Piece,Per_Master_Bathroom,1,Master Bathroom,True,6064,Sliding Cabin,Not Applicable,Medium: 5006 - 7542
Roca,Close Coupled Toilet,Sanitary,Floor Mounted,Bathroom,Ceramic,High,7.6,Piece,Per_Bathroom,1,Bathroom,False,8104,Floor Mounted,Not Applicable,High: > 7542
GROHE,Close Coupled Toilet,Sanitary,Floor Mounted,Bathroom,Ceramic,Low,7.6,Piece,Per_Bathroom,1,Bathroom,False,4815,Floor Mounted,Not Applicable,Low: <= 5006
Lecico,Shower Cabin,Sanitary,Sliding Cabin,Master Bathroom,90x90 cm,High,8.4,Piece,Per_Master_Bathroom,1,Master Bathroom,True,9840,Sliding Cabin,Not Applicable,High: > 7542
Ceramica Cleopatra,Close Coupled Toilet,Sanitary,Floor Mounted,Bathroom,Ceramic,Medium,7.6,Piece,Per_Bathroom,1,Bathroom,False,5423,Floor Mounted,Not Applicable,Medium: 5006 - 7542
Roca,Close Coupled Toilet,Sanitary,Floor Mounted,Bathroom,Ceramic,High,7.6,Piece,Per_Bathroom,1,Bathroom,False,7827,Floor Mounted,Not Applicable,High: > 7542
Roca,Wash Basin,Sanitary,Pedestal,Bathroom,60 cm,Low,7.4,Piece,Per_Bathroom,1,Bathroom,False,2384,Pedestal,Not Applicable,Low: <= 5006
GROHE,Close Coupled Toilet,Sanitary,Floor Mounted,Bathroom,Ceramic,High,7.6,Piece,Per_Bathroom,1,Bathroom,False,8028,Floor Mounted,Not Applicable,High: > 7542
GROHE,Close Coupled Toilet,Sanitary,Floor Mounted,Bathroom,Ceramic,High,7.6,Piece,Per_Bathroom,1,Bathroom,False,8200,Floor Mounted,Not Applicable,High: > 7542
Ceramica Cleopatra,Wash Basin,Sanitary,Pedestal,Bathroom,60 cm,Low,7.4,Piece,Per_Bathroom,1,Bathroom,False,3852,Pedestal,Not Applicable,Low: <= 5006
Roca,Rain Shower,Sanitary,Rain Shower,Master Bathroom,Chrome,High,9.0,Set,Per_Master_Bathroom,1,Master Bathroom,True,8135,Rain Shower,Not Applicable,High: > 7542
Ceramica Cleopatra,Wash Basin,Sanitary,Pedestal,Bathroom,60 cm,Low,7.4,Piece,Per_Bathroom,1,Bathroom,False,3522,Pedestal,Not Applicable,Low: <= 5006
GROHE,Wash Basin,Sanitary,Pedestal,Bathroom,60 cm,Low,7.4,Piece,Per_Bathroom,1,Bathroom,False,1842,Pedestal,Not Applicable,Low: <= 5006
GROHE,Rain Shower,Sanitary,Rain Shower,Master Bathroom,Chrome,Medium,9.0,Set,Per_Master_Bathroom,1,Master Bathroom,True,5201,Rain Shower,Not Applicable,Medium: 5006 - 7542
Lecico,Close Coupled Toilet,Sanitary,Floor Mounted,Bathroom,Ceramic,Medium,7.6,Piece,Per_Bathroom,1,Bathroom,False,5632,Floor Mounted,Not Applicable,Medium: 5006 - 7542
Lecico,Close Coupled Toilet,Sanitary,Floor Mounted,Bathroom,Ceramic,Medium,7.6,Piece,Per_Bathroom,1,Bathroom,False,6637,Floor Mounted,Not Applicable,Medium: 5006 - 7542
GROHE,Close Coupled Toilet,Sanitary,Floor Mounted,Bathroom,Ceramic,Medium,7.6,Piece,Per_Bathroom,1,Bathroom,False,7403,Floor Mounted,Not Applicable,Medium: 5006 - 7542
Ideal Standard,Rain Shower,Sanitary,Rain Shower,Master Bathroom,Chrome,Low,9.0,Set,Per_Master_Bathroom,1,Master Bathroom,True,4978,Rain Shower,Not Applicable,Low: <= 5006
Roca,Rain Shower,Sanitary,Rain Shower,Master Bathroom,Chrome,High,9.0,Set,Per_Master_Bathroom,1,Master Bathroom,True,10474,Rain Shower,Not Applicable,High: > 7542
Ideal Standard,Wash Basin,Sanitary,Pedestal,Bathroom,60 cm,Low,7.4,Piece,Per_Bathroom,1,Bathroom,False,3335,Pedestal,Not Applicable,Low: <= 5006
Ideal Standard,Close Coupled Toilet,Sanitary,Floor Mounted,Bathroom,Ceramic,Low,7.6,Piece,Per_Bathroom,1,Bathroom,False,4200,Floor Mounted,Not Applicable,Low: <= 5006
Ideal Standard,Wash Basin,Sanitary,Pedestal,Bathroom,60 cm,Low,7.4,Piece,Per_Bathroom,1,Bathroom,False,3297,Pedestal,Not Applicable,Low: <= 5006
GROHE,Rain Shower,Sanitary,Rain Shower,Master Bathroom,Chrome,Medium,9.0,Set,Per_Master_Bathroom,1,Master Bathroom,True,7538,Rain Shower,Not Applicable,Medium: 5006 - 7542
Ceramica Cleopatra,Close Coupled Toilet,Sanitary,Floor Mounted,Bathroom,Ceramic,Medium,7.6,Piece,Per_Bathroom,1,Bathroom,False,5556,Floor Mounted,Not Applicable,Medium: 5006 - 7542
GROHE,Close Coupled Toilet,Sanitary,Floor Mounted,Bathroom,Ceramic,High,7.6,Piece,Per_Bathroom,1,Bathroom,False,7685,Floor Mounted,Not Applicable,High: > 7542
GROHE,Rain Shower,Sanitary,Rain Shower,Master Bathroom,Chrome,High,9.0,Set,Per_Master_Bathroom,1,Master Bathroom,True,9689,Rain Shower,Not Applicable,High: > 7542
GROHE,Shower Cabin,Sanitary,Sliding Cabin,Master Bathroom,90x90 cm,High,8.4,Piece,Per_Master_Bathroom,1,Master Bathroom,True,8994,Sliding Cabin,Not Applicable,High: > 7542
GROHE,Shower Cabin,Sanitary,Sliding Cabin,Master Bathroom,90x90 cm,Medium,8.4,Piece,Per_Master_Bathroom,1,Master Bathroom,True,5667,Sliding Cabin,Not Applicable,Medium: 5006 - 7542
GROHE,Rain Shower,Sanitary,Rain Shower,Master Bathroom,Chrome,Medium,9.0,Set,Per_Master_Bathroom,1,Master Bathroom,True,6423,Rain Shower,Not Applicable,Medium: 5006 - 7542
Roca,Close Coupled Toilet,Sanitary,Floor Mounted,Bathroom,Ceramic,Low,7.6,Piece,Per_Bathroom,1,Bathroom,False,4417,Floor Mounted,Not Applicable,Low: <= 5006
Lecico,Shower Cabin,Sanitary,Sliding Cabin,Master Bathroom,90x90 cm,Medium,8.4,Piece,Per_Master_Bathroom,1,Master Bathroom,True,5130,Sliding Cabin,Not Applicable,Medium: 5006 - 7542
Ceramica Cleopatra,Shower Cabin,Sanitary,Sliding Cabin,Master Bathroom,90x90 cm,High,8.4,Piece,Per_Master_Bathroom,1,Master Bathroom,True,9596,Sliding Cabin,Not Applicable,High: > 7542
Roca,Rain Shower,Sanitary,Rain Shower,Master Bathroom,Chrome,Medium,9.0,Set,Per_Master_Bathroom,1,Master Bathroom,True,5681,Rain Shower,Not Applicable,Medium: 5006 - 7542
Ceramica Cleopatra,Wash Basin,Sanitary,Pedestal,Bathroom,60 cm,Low,7.4,Piece,Per_Bathroom,1,Bathroom,False,2736,Pedestal,Not Applicable,Low: <= 5006
Roca,Rain Shower,Sanitary,Rain Shower,Master Bathroom,Chrome,Low,9.0,Set,Per_Master_Bathroom,1,Master Bathroom,True,4875,Rain Shower,Not Applicable,Low: <= 5006
Ideal Standard,Wash Basin,Sanitary,Pedestal,Bathroom,60 cm,Low,7.4,Piece,Per_Bathroom,1,Bathroom,False,2222,Pedestal,Not Applicable,Low: <= 5006
Ideal Standard,Rain Shower,Sanitary,Rain Shower,Master Bathroom,Chrome,High,9.0,Set,Per_Master_Bathroom,1,Master Bathroom,True,9498,Rain Shower,Not Applicable,High: > 7542
Ideal Standard,Rain Shower,Sanitary,Rain Shower,Master Bathroom,Chrome,High,9.0,Set,Per_Master_Bathroom,1,Master Bathroom,True,8211,Rain Shower,Not Applicable,High: > 7542
Roca,Close Coupled Toilet,Sanitary,Floor Mounted,Bathroom,Ceramic,Low,7.6,Piece,Per_Bathroom,1,Bathroom,False,4254,Floor Mounted,Not Applicable,Low: <= 5006
Ideal Standard,Rain Shower,Sanitary,Rain Shower,Master Bathroom,Chrome,High,9.0,Set,Per_Master_Bathroom,1,Master Bathroom,True,9617,Rain Shower,Not Applicable,High: > 7542
Lecico,Close Coupled Toilet,Sanitary,Floor Mounted,Bathroom,Ceramic,Low,7.6,Piece,Per_Bathroom,1,Bathroom,False,4432,Floor Mounted,Not Applicable,Low: <= 5006
GROHE,Wash Basin,Sanitary,Pedestal,Bathroom,60 cm,Low,7.4,Piece,Per_Bathroom,1,Bathroom,False,2790,Pedestal,Not Applicable,Low: <= 5006
Roca,Wash Basin,Sanitary,Pedestal,Bathroom,60 cm,Low,7.4,Piece,Per_Bathroom,1,Bathroom,False,3778,Pedestal,Not Applicable,Low: <= 5006
Ideal Standard,Rain Shower,Sanitary,Rain Shower,Master Bathroom,Chrome,Medium,9.0,Set,Per_Master_Bathroom,1,Master Bathroom,True,7272,Rain Shower,Not Applicable,Medium: 5006 - 7542
Ideal Standard,Shower Cabin,Sanitary,Sliding Cabin,Master Bathroom,90x90 cm,Medium,8.4,Piece,Per_Master_Bathroom,1,Master Bathroom,True,5139,Sliding Cabin,Not Applicable,Medium: 5006 - 7542
GROHE,Wash Basin,Sanitary,Pedestal,Bathroom,60 cm,Low,7.4,Piece,Per_Bathroom,1,Bathroom,False,2184,Pedestal,Not Applicable,Low: <= 5006
Ceramica Cleopatra,Wash Basin,Sanitary,Pedestal,Bathroom,60 cm,Low,7.4,Piece,Per_Bathroom,1,Bathroom,False,2087,Pedestal,Not Applicable,Low: <= 5006
Lecico,Close Coupled Toilet,Sanitary,Floor Mounted,Bathroom,Ceramic,High,7.6,Piece,Per_Bathroom,1,Bathroom,False,8116,Floor Mounted,Not Applicable,High: > 7542
Roca,Rain Shower,Sanitary,Rain Shower,Master Bathroom,Chrome,High,9.0,Set,Per_Master_Bathroom,1,Master Bathroom,True,8657,Rain Shower,Not Applicable,High: > 7542
Roca,Wash Basin,Sanitary,Pedestal,Bathroom,60 cm,Low,7.4,Piece,Per_Bathroom,1,Bathroom,False,3826,Pedestal,Not Applicable,Low: <= 5006
Ideal Standard,Close Coupled Toilet,Sanitary,Floor Mounted,Bathroom,Ceramic,Medium,7.6,Piece,Per_Bathroom,1,Bathroom,False,6806,Floor Mounted,Not Applicable,Medium: 5006 - 7542
Ceramica Cleopatra,Rain Shower,Sanitary,Rain Shower,Master Bathroom,Chrome,High,9.0,Set,Per_Master_Bathroom,1,Master Bathroom,True,7575,Rain Shower,Not Applicable,High: > 7542
Ceramica Cleopatra,Rain Shower,Sanitary,Rain Shower,Master Bathroom,Chrome,High,9.0,Set,Per_Master_Bathroom,1,Master Bathroom,True,9291,Rain Shower,Not Applicable,High: > 7542
Lecico,Rain Shower,Sanitary,Rain Shower,Master Bathroom,Chrome,High,9.0,Set,Per_Master_Bathroom,1,Master Bathroom,True,8512,Rain Shower,Not Applicable,High: > 7542
Ideal Standard,Rain Shower,Sanitary,Rain Shower,Master Bathroom,Chrome,High,9.0,Set,Per_Master_Bathroom,1,Master Bathroom,True,9831,Rain Shower,Not Applicable,High: > 7542
GROHE,Close Coupled Toilet,Sanitary,Floor Mounted,Bathroom,Ceramic,Low,7.6,Piece,Per_Bathroom,1,Bathroom,False,4711,Floor Mounted,Not Applicable,Low: <= 5006
Lecico,Rain Shower,Sanitary,Rain Shower,Master Bathroom,Chrome,High,9.0,Set,Per_Master_Bathroom,1,Master Bathroom,True,10192,Rain Shower,Not Applicable,High: > 7542
Roca,Close Coupled Toilet,Sanitary,Floor Mounted,Bathroom,Ceramic,Low,7.6,Piece,Per_Bathroom,1,Bathroom,False,4922,Floor Mounted,Not Applicable,Low: <= 5006
Lecico,Shower Cabin,Sanitary,Sliding Cabin,Master Bathroom,90x90 cm,Medium,8.4,Piece,Per_Master_Bathroom,1,Master Bathroom,True,7385,Sliding Cabin,Not Applicable,Medium: 5006 - 7542
Lecico,Close Coupled Toilet,Sanitary,Floor Mounted,Bathroom,Ceramic,Low,7.6,Piece,Per_Bathroom,1,Bathroom,False,4670,Floor Mounted,Not Applicable,Low: <= 5006
Ceramica Cleopatra,Wash Basin,Sanitary,Pedestal,Bathroom,60 cm,Low,7.4,Piece,Per_Bathroom,1,Bathroom,False,2861,Pedestal,Not Applicable,Low: <= 5006
Ceramica Cleopatra,Wash Basin,Sanitary,Pedestal,Bathroom,60 cm,Low,7.4,Piece,Per_Bathroom,1,Bathroom,False,2211,Pedestal,Not Applicable,Low: <= 5006
GROHE,Close Coupled Toilet,Sanitary,Floor Mounted,Bathroom,Ceramic,Medium,7.6,Piece,Per_Bathroom,1,Bathroom,False,5814,Floor Mounted,Not Applicable,Medium: 5006 - 7542
Lecico,Wash Basin,Sanitary,Pedestal,Bathroom,60 cm,Low,7.4,Piece,Per_Bathroom,1,Bathroom,False,3596,Pedestal,Not Applicable,Low: <= 5006
Ceramica Cleopatra,Close Coupled Toilet,Sanitary,Floor Mounted,Bathroom,Ceramic,Medium,7.6,Piece,Per_Bathroom,1,Bathroom,False,5653,Floor Mounted,Not Applicable,Medium: 5006 - 7542
Ceramica Cleopatra,Close Coupled Toilet,Sanitary,Floor Mounted,Bathroom,Ceramic,Medium,7.6,Piece,Per_Bathroom,1,Bathroom,False,6534,Floor Mounted,Not Applicable,Medium: 5006 - 7542
Roca,Rain Shower,Sanitary,Rain Shower,Master Bathroom,Chrome,Low,9.0,Set,Per_Master_Bathroom,1,Master Bathroom,True,4612,Rain Shower,Not Applicable,Low: <= 5006
GROHE,Wash Basin,Sanitary,Pedestal,Bathroom,60 cm,Low,7.4,Piece,Per_Bathroom,1,Bathroom,False,2561,Pedestal,Not Applicable,Low: <= 5006
GROHE,Rain Shower,Sanitary,Rain Shower,Master Bathroom,Chrome,Medium,9.0,Set,Per_Master_Bathroom,1,Master Bathroom,True,6907,Rain Shower,Not Applicable,Medium: 5006 - 7542
GROHE,Wash Basin,Sanitary,Pedestal,Bathroom,60 cm,Low,7.4,Piece,Per_Bathroom,1,Bathroom,False,4005,Pedestal,Not Applicable,Low: <= 5006
Roca,Rain Shower,Sanitary,Rain Shower,Master Bathroom,Chrome,High,9.0,Set,Per_Master_Bathroom,1,Master Bathroom,True,9439,Rain Shower,Not Applicable,High: > 7542
Roca,Rain Shower,Sanitary,Rain Shower,Master Bathroom,Chrome,High,9.0,Set,Per_Master_Bathroom,1,Master Bathroom,True,10500,Rain Shower,Not Applicable,High: > 7542
Ideal Standard,Rain Shower,Sanitary,Rain Shower,Master Bathroom,Chrome,Low,9.0,Set,Per_Master_Bathroom,1,Master Bathroom,True,4757,Rain Shower,Not Applicable,Low: <= 5006
Ideal Standard,Rain Shower,Sanitary,Rain Shower,Master Bathroom,Chrome,High,9.0,Set,Per_Master_Bathroom,1,Master Bathroom,True,10309,Rain Shower,Not Applicable,High: > 7542
Roca,Wash Basin,Sanitary,Pedestal,Bathroom,60 cm,Low,7.4,Piece,Per_Bathroom,1,Bathroom,False,3994,Pedestal,Not Applicable,Low: <= 5006
Ideal Standard,Rain Shower,Sanitary,Rain Shower,Master Bathroom,Chrome,Low,9.0,Set,Per_Master_Bathroom,1,Master Bathroom,True,4949,Rain Shower,Not Applicable,Low: <= 5006
Ideal Standard,Close Coupled Toilet,Sanitary,Floor Mounted,Bathroom,Ceramic,Low,7.6,Piece,Per_Bathroom,1,Bathroom,False,4195,Floor Mounted,Not Applicable,Low: <= 5006
Ideal Standard,Close Coupled Toilet,Sanitary,Floor Mounted,Bathroom,Ceramic,Medium,7.6,Piece,Per_Bathroom,1,Bathroom,False,6064,Floor Mounted,Not Applicable,Medium: 5006 - 7542
Lecico,Rain Shower,Sanitary,Rain Shower,Master Bathroom,Chrome,High,9.0,Set,Per_Master_Bathroom,1,Master Bathroom,True,9041,Rain Shower,Not Applicable,High: > 7542
Ceramica Cleopatra,Wash Basin,Sanitary,Pedestal,Bathroom,60 cm,Low,7.4,Piece,Per_Bathroom,1,Bathroom,False,3884,Pedestal,Not Applicable,Low: <= 5006
Ceramica Cleopatra,Wash Basin,Sanitary,Pedestal,Bathroom,60 cm,Low,7.4,Piece,Per_Bathroom,1,Bathroom,False,2563,Pedestal,Not Applicable,Low: <= 5006
Ideal Standard,Rain Shower,Sanitary,Rain Shower,Master Bathroom,Chrome,Low,9.0,Set,Per_Master_Bathroom,1,Master Bathroom,True,4680,Rain Shower,Not Applicable,Low: <= 5006
Ceramica Cleopatra,Wash Basin,Sanitary,Pedestal,Bathroom,60 cm,Low,7.4,Piece,Per_Bathroom,1,Bathroom,False,3397,Pedestal,Not Applicable,Low: <= 5006
Ceramica Cleopatra,Close Coupled Toilet,Sanitary,Floor Mounted,Bathroom,Ceramic,Medium,7.6,Piece,Per_Bathroom,1,Bathroom,False,6497,Floor Mounted,Not Applicable,Medium: 5006 - 7542
Roca,Rain Shower,Sanitary,Rain Shower,Master Bathroom,Chrome,High,9.0,Set,Per_Master_Bathroom,1,Master Bathroom,True,7749,Rain Shower,Not Applicable,High: > 7542
Lecico,Close Coupled Toilet,Sanitary,Floor Mounted,Bathroom,Ceramic,Medium,7.6,Piece,Per_Bathroom,1,Bathroom,False,5236,Floor Mounted,Not Applicable,Medium: 5006 - 7542
Lecico,Wash Basin,Sanitary,Pedestal,Bathroom,60 cm,Low,7.4,Piece,Per_Bathroom,1,Bathroom,False,3735,Pedestal,Not Applicable,Low: <= 5006
GROHE,Close Coupled Toilet,Sanitary,Floor Mounted,Bathroom,Ceramic,Medium,7.6,Piece,Per_Bathroom,1,Bathroom,False,7326,Floor Mounted,Not Applicable,Medium: 5006 - 7542
Lecico,Close Coupled Toilet,Sanitary,Floor Mounted,Bathroom,Ceramic,Medium,7.6,Piece,Per_Bathroom,1,Bathroom,False,6206,Floor Mounted,Not Applicable,Medium: 5006 - 7542
Lecico,Rain Shower,Sanitary,Rain Shower,Master Bathroom,Chrome,Low,9.0,Set,Per_Master_Bathroom,1,Master Bathroom,True,4757,Rain Shower,Not Applicable,Low: <= 5006
Ceramica Cleopatra,Close Coupled Toilet,Sanitary,Floor Mounted,Bathroom,Ceramic,Medium,7.6,Piece,Per_Bathroom,1,Bathroom,False,6723,Floor Mounted,Not Applicable,Medium: 5006 - 7542
Roca,Rain Shower,Sanitary,Rain Shower,Master Bathroom,Chrome,Medium,9.0,Set,Per_Master_Bathroom,1,Master Bathroom,True,6962,Rain Shower,Not Applicable,Medium: 5006 - 7542
GROHE,Close Coupled Toilet,Sanitary,Floor Mounted,Bathroom,Ceramic,High,7.6,Piece,Per_Bathroom,1,Bathroom,False,7706,Floor Mounted,Not Applicable,High: > 7542
Ideal Standard,Shower Cabin,Sanitary,Sliding Cabin,Master Bathroom,90x90 cm,High,8.4,Piece,Per_Master_Bathroom,1,Master Bathroom,True,9607,Sliding Cabin,Not Applicable,High: > 7542
Lecico,Rain Shower,Sanitary,Rain Shower,Master Bathroom,Chrome,High,9.0,Set,Per_Master_Bathroom,1,Master Bathroom,True,9917,Rain Shower,Not Applicable,High: > 7542
Lecico,Shower Cabin,Sanitary,Sliding Cabin,Master Bathroom,90x90 cm,Medium,8.4,Piece,Per_Master_Bathroom,1,Master Bathroom,True,5350,Sliding Cabin,Not Applicable,Medium: 5006 - 7542
Roca,Shower Cabin,Sanitary,Sliding Cabin,Master Bathroom,90x90 cm,High,8.4,Piece,Per_Master_Bathroom,1,Master Bathroom,True,8251,Sliding Cabin,Not Applicable,High: > 7542
Roca,Shower Cabin,Sanitary,Sliding Cabin,Master Bathroom,90x90 cm,Medium,8.4,Piece,Per_Master_Bathroom,1,Master Bathroom,True,6613,Sliding Cabin,Not Applicable,Medium: 5006 - 7542
GROHE,Rain Shower,Sanitary,Rain Shower,Master Bathroom,Chrome,Low,9.0,Set,Per_Master_Bathroom,1,Master Bathroom,True,4751,Rain Shower,Not Applicable,Low: <= 5006
Ideal Standard,Rain Shower,Sanitary,Rain Shower,Master Bathroom,Chrome,High,9.0,Set,Per_Master_Bathroom,1,Master Bathroom,True,9080,Rain Shower,Not Applicable,High: > 7542
Roca,Shower Cabin,Sanitary,Sliding Cabin,Master Bathroom,90x90 cm,High,8.4,Piece,Per_Master_Bathroom,1,Master Bathroom,True,9840,Sliding Cabin,Not Applicable,High: > 7542
Ceramica Cleopatra,Wash Basin,Sanitary,Pedestal,Bathroom,60 cm,Low,7.4,Piece,Per_Bathroom,1,Bathroom,False,2838,Pedestal,Not Applicable,Low: <= 5006
Lecico,Rain Shower,Sanitary,Rain Shower,Master Bathroom,Chrome,Medium,9.0,Set,Per_Master_Bathroom,1,Master Bathroom,True,6566,Rain Shower,Not Applicable,Medium: 5006 - 7542
Lecico,Rain Shower,Sanitary,Rain Shower,Master Bathroom,Chrome,Low,9.0,Set,Per_Master_Bathroom,1,Master Bathroom,True,4953,Rain Shower,Not Applicable,Low: <= 5006
Ideal Standard,Wash Basin,Sanitary,Pedestal,Bathroom,60 cm,Low,7.4,Piece,Per_Bathroom,1,Bathroom,False,2047,Pedestal,Not Applicable,Low: <= 5006
Roca,Close Coupled Toilet,Sanitary,Floor Mounted,Bathroom,Ceramic,Low,7.6,Piece,Per_Bathroom,1,Bathroom,False,4308,Floor Mounted,Not Applicable,Low: <= 5006
GROHE,Shower Cabin,Sanitary,Sliding Cabin,Master Bathroom,90x90 cm,Medium,8.4,Piece,Per_Master_Bathroom,1,Master Bathroom,True,7508,Sliding Cabin,Not Applicable,Medium: 5006 - 7542
GROHE,Close Coupled Toilet,Sanitary,Floor Mounted,Bathroom,Ceramic,High,7.6,Piece,Per_Bathroom,1,Bathroom,False,8276,Floor Mounted,Not Applicable,High: > 7542
Lecico,Shower Cabin,Sanitary,Sliding Cabin,Master Bathroom,90x90 cm,High,8.4,Piece,Per_Master_Bathroom,1,Master Bathroom,True,8256,Sliding Cabin,Not Applicable,High: > 7542
Roca,Close Coupled Toilet,Sanitary,Floor Mounted,Bathroom,Ceramic,High,7.6,Piece,Per_Bathroom,1,Bathroom,False,7856,Floor Mounted,Not Applicable,High: > 7542
Lecico,Wash Basin,Sanitary,Pedestal,Bathroom,60 cm,Low,7.4,Piece,Per_Bathroom,1,Bathroom,False,3764,Pedestal,Not Applicable,Low: <= 5006
Ceramica Cleopatra,Shower Cabin,Sanitary,Sliding Cabin,Master Bathroom,90x90 cm,High,8.4,Piece,Per_Master_Bathroom,1,Master Bathroom,True,10502,Sliding Cabin,Not Applicable,High: > 7542
Ceramica Cleopatra,Shower Cabin,Sanitary,Sliding Cabin,Master Bathroom,90x90 cm,High,8.4,Piece,Per_Master_Bathroom,1,Master Bathroom,True,9944,Sliding Cabin,Not Applicable,High: > 7542
Ideal Standard,Close Coupled Toilet,Sanitary,Floor Mounted,Bathroom,Ceramic,High,7.6,Piece,Per_Bathroom,1,Bathroom,False,7874,Floor Mounted,Not Applicable,High: > 7542
Lecico,Close Coupled Toilet,Sanitary,Floor Mounted,Bathroom,Ceramic,Low,7.6,Piece,Per_Bathroom,1,Bathroom,False,4219,Floor Mounted,Not Applicable,Low: <= 5006
Lecico,Wash Basin,Sanitary,Pedestal,Bathroom,60 cm,Low,7.4,Piece,Per_Bathroom,1,Bathroom,False,3022,Pedestal,Not Applicable,Low: <= 5006
Roca,Shower Cabin,Sanitary,Sliding Cabin,Master Bathroom,90x90 cm,High,8.4,Piece,Per_Master_Bathroom,1,Master Bathroom,True,9302,Sliding Cabin,Not Applicable,High: > 7542
Lecico,Shower Cabin,Sanitary,Sliding Cabin,Master Bathroom,90x90 cm,High,8.4,Piece,Per_Master_Bathroom,1,Master Bathroom,True,8357,Sliding Cabin,Not Applicable,High: > 7542
Ideal Standard,Rain Shower,Sanitary,Rain Shower,Master Bathroom,Chrome,High,9.0,Set,Per_Master_Bathroom,1,Master Bathroom,True,9865,Rain Shower,Not Applicable,High: > 7542
Roca,Wash Basin,Sanitary,Pedestal,Bathroom,60 cm,Low,7.4,Piece,Per_Bathroom,1,Bathroom,False,2740,Pedestal,Not Applicable,Low: <= 5006
Ceramica Cleopatra,Close Coupled Toilet,Sanitary,Floor Mounted,Bathroom,Ceramic,Low,7.6,Piece,Per_Bathroom,1,Bathroom,False,4400,Floor Mounted,Not Applicable,Low: <= 5006
Lecico,Close Coupled Toilet,Sanitary,Floor Mounted,Bathroom,Ceramic,Low,7.6,Piece,Per_Bathroom,1,Bathroom,False,4305,Floor Mounted,Not Applicable,Low: <= 5006
Roca,Rain Shower,Sanitary,Rain Shower,Master Bathroom,Chrome,Medium,9.0,Set,Per_Master_Bathroom,1,Master Bathroom,True,7220,Rain Shower,Not Applicable,Medium: 5006 - 7542
Roca,Close Coupled Toilet,Sanitary,Floor Mounted,Bathroom,Ceramic,Low,7.6,Piece,Per_Bathroom,1,Bathroom,False,4020,Floor Mounted,Not Applicable,Low: <= 5006
Roca,Close Coupled Toilet,Sanitary,Floor Mounted,Bathroom,Ceramic,Medium,7.6,Piece,Per_Bathroom,1,Bathroom,False,6940,Floor Mounted,Not Applicable,Medium: 5006 - 7542
Ideal Standard,Rain Shower,Sanitary,Rain Shower,Master Bathroom,Chrome,High,9.0,Set,Per_Master_Bathroom,1,Master Bathroom,True,8853,Rain Shower,Not Applicable,High: > 7542
Ideal Standard,Rain Shower,Sanitary,Rain Shower,Master Bathroom,Chrome,High,9.0,Set,Per_Master_Bathroom,1,Master Bathroom,True,10562,Rain Shower,Not Applicable,High: > 7542
GROHE,Shower Cabin,Sanitary,Sliding Cabin,Master Bathroom,90x90 cm,High,8.4,Piece,Per_Master_Bathroom,1,Master Bathroom,True,10906,Sliding Cabin,Not Applicable,High: > 7542
Lecico,Close Coupled Toilet,Sanitary,Floor Mounted,Bathroom,Ceramic,Medium,7.6,Piece,Per_Bathroom,1,Bathroom,False,5738,Floor Mounted,Not Applicable,Medium: 5006 - 7542
Roca,Rain Shower,Sanitary,Rain Shower,Master Bathroom,Chrome,Medium,9.0,Set,Per_Master_Bathroom,1,Master Bathroom,True,6240,Rain Shower,Not Applicable,Medium: 5006 - 7542
GROHE,Close Coupled Toilet,Sanitary,Floor Mounted,Bathroom,Ceramic,Low,7.6,Piece,Per_Bathroom,1,Bathroom,False,3943,Floor Mounted,Not Applicable,Low: <= 5006
Ideal Standard,Rain Shower,Sanitary,Rain Shower,Master Bathroom,Chrome,Medium,9.0,Set,Per_Master_Bathroom,1,Master Bathroom,True,5372,Rain Shower,Not Applicable,Medium: 5006 - 7542
Roca,Wash Basin,Sanitary,Pedestal,Bathroom,60 cm,Low,7.4,Piece,Per_Bathroom,1,Bathroom,False,2902,Pedestal,Not Applicable,Low: <= 5006
GROHE,Rain Shower,Sanitary,Rain Shower,Master Bathroom,Chrome,High,9.0,Set,Per_Master_Bathroom,1,Master Bathroom,True,10720,Rain Shower,Not Applicable,High: > 7542
Lecico,Rain Shower,Sanitary,Rain Shower,Master Bathroom,Chrome,High,9.0,Set,Per_Master_Bathroom,1,Master Bathroom,True,10292,Rain Shower,Not Applicable,High: > 7542
Ideal Standard,Close Coupled Toilet,Sanitary,Floor Mounted,Bathroom,Ceramic,Medium,7.6,Piece,Per_Bathroom,1,Bathroom,False,5868,Floor Mounted,Not Applicable,Medium: 5006 - 7542
Ideal Standard,Shower Cabin,Sanitary,Sliding Cabin,Master Bathroom,90x90 cm,High,8.4,Piece,Per_Master_Bathroom,1,Master Bathroom,True,7875,Sliding Cabin,Not Applicable,High: > 7542
Ceramica Cleopatra,Wash Basin,Sanitary,Pedestal,Bathroom,60 cm,Low,7.4,Piece,Per_Bathroom,1,Bathroom,False,3281,Pedestal,Not Applicable,Low: <= 5006
Ideal Standard,Shower Cabin,Sanitary,Sliding Cabin,Master Bathroom,90x90 cm,Medium,8.4,Piece,Per_Master_Bathroom,1,Master Bathroom,True,6597,Sliding Cabin,Not Applicable,Medium: 5006 - 7542
Ceramica Cleopatra,Close Coupled Toilet,Sanitary,Floor Mounted,Bathroom,Ceramic,Low,7.6,Piece,Per_Bathroom,1,Bathroom,False,4726,Floor Mounted,Not Applicable,Low: <= 5006
Ceramica Cleopatra,Wash Basin,Sanitary,Pedestal,Bathroom,60 cm,Low,7.4,Piece,Per_Bathroom,1,Bathroom,False,3850,Pedestal,Not Applicable,Low: <= 5006
Roca,Close Coupled Toilet,Sanitary,Floor Mounted,Bathroom,Ceramic,Medium,7.6,Piece,Per_Bathroom,1,Bathroom,False,5440,Floor Mounted,Not Applicable,Medium: 5006 - 7542
Roca,Rain Shower,Sanitary,Rain Shower,Master Bathroom,Chrome,High,9.0,Set,Per_Master_Bathroom,1,Master Bathroom,True,7984,Rain Shower,Not Applicable,High: > 7542
GROHE,Rain Shower,Sanitary,Rain Shower,Master Bathroom,Chrome,Medium,9.0,Set,Per_Master_Bathroom,1,Master Bathroom,True,5345,Rain Shower,Not Applicable,Medium: 5006 - 7542
GROHE,Shower Cabin,Sanitary,Sliding Cabin,Master Bathroom,90x90 cm,High,8.4,Piece,Per_Master_Bathroom,1,Master Bathroom,True,10745,Sliding Cabin,Not Applicable,High: > 7542
Roca,Shower Cabin,Sanitary,Sliding Cabin,Master Bathroom,90x90 cm,Medium,8.4,Piece,Per_Master_Bathroom,1,Master Bathroom,True,7387,Sliding Cabin,Not Applicable,Medium: 5006 - 7542
Ideal Standard,Shower Cabin,Sanitary,Sliding Cabin,Master Bathroom,90x90 cm,Medium,8.4,Piece,Per_Master_Bathroom,1,Master Bathroom,True,6580,Sliding Cabin,Not Applicable,Medium: 5006 - 7542
Lecico,Close Coupled Toilet,Sanitary,Floor Mounted,Bathroom,Ceramic,Low,7.6,Piece,Per_Bathroom,1,Bathroom,False,4116,Floor Mounted,Not Applicable,Low: <= 5006
Ceramica Cleopatra,Close Coupled Toilet,Sanitary,Floor Mounted,Bathroom,Ceramic,Medium,7.6,Piece,Per_Bathroom,1,Bathroom,False,6586,Floor Mounted,Not Applicable,Medium: 5006 - 7542
Roca,Wash Basin,Sanitary,Pedestal,Bathroom,60 cm,Low,7.4,Piece,Per_Bathroom,1,Bathroom,False,3161,Pedestal,Not Applicable,Low: <= 5006
Ceramica Cleopatra,Wash Basin,Sanitary,Pedestal,Bathroom,60 cm,Low,7.4,Piece,Per_Bathroom,1,Bathroom,False,2429,Pedestal,Not Applicable,Low: <= 5006
Ceramica Cleopatra,Wash Basin,Sanitary,Pedestal,Bathroom,60 cm,Low,7.4,Piece,Per_Bathroom,1,Bathroom,False,3479,Pedestal,Not Applicable,Low: <= 5006
Roca,Wash Basin,Sanitary,Pedestal,Bathroom,60 cm,Low,7.4,Piece,Per_Bathroom,1,Bathroom,False,3251,Pedestal,Not Applicable,Low: <= 5006
Roca,Shower Cabin,Sanitary,Sliding Cabin,Master Bathroom,90x90 cm,High,8.4,Piece,Per_Master_Bathroom,1,Master Bathroom,True,9223,Sliding Cabin,Not Applicable,High: > 7542
Ceramica Cleopatra,Shower Cabin,Sanitary,Sliding Cabin,Master Bathroom,90x90 cm,Medium,8.4,Piece,Per_Master_Bathroom,1,Master Bathroom,True,5007,Sliding Cabin,Not Applicable,Medium: 5006 - 7542
GROHE,Wash Basin,Sanitary,Pedestal,Bathroom,60 cm,Low,7.4,Piece,Per_Bathroom,1,Bathroom,False,2039,Pedestal,Not Applicable,Low: <= 5006
Lecico,Shower Cabin,Sanitary,Sliding Cabin,Master Bathroom,90x90 cm,High,8.4,Piece,Per_Master_Bathroom,1,Master Bathroom,True,9632,Sliding Cabin,Not Applicable,High: > 7542
Roca,Close Coupled Toilet,Sanitary,Floor Mounted,Bathroom,Ceramic,Medium,7.6,Piece,Per_Bathroom,1,Bathroom,False,5013,Floor Mounted,Not Applicable,Medium: 5006 - 7542
Ceramica Cleopatra,Shower Cabin,Sanitary,Sliding Cabin,Master Bathroom,90x90 cm,Medium,8.4,Piece,Per_Master_Bathroom,1,Master Bathroom,True,6688,Sliding Cabin,Not Applicable,Medium: 5006 - 7542
Roca,Close Coupled Toilet,Sanitary,Floor Mounted,Bathroom,Ceramic,Medium,7.6,Piece,Per_Bathroom,1,Bathroom,False,5632,Floor Mounted,Not Applicable,Medium: 5006 - 7542
GROHE,Shower Cabin,Sanitary,Sliding Cabin,Master Bathroom,90x90 cm,Medium,8.4,Piece,Per_Master_Bathroom,1,Master Bathroom,True,5463,Sliding Cabin,Not Applicable,Medium: 5006 - 7542
Ideal Standard,Wash Basin,Sanitary,Pedestal,Bathroom,60 cm,Low,7.4,Piece,Per_Bathroom,1,Bathroom,False,3062,Pedestal,Not Applicable,Low: <= 5006
Ceramica Cleopatra,Close Coupled Toilet,Sanitary,Floor Mounted,Bathroom,Ceramic,Medium,7.6,Piece,Per_Bathroom,1,Bathroom,False,5347,Floor Mounted,Not Applicable,Medium: 5006 - 7542
GROHE,Rain Shower,Sanitary,Rain Shower,Master Bathroom,Chrome,High,9.0,Set,Per_Master_Bathroom,1,Master Bathroom,True,7681,Rain Shower,Not Applicable,High: > 7542
Lecico,Shower Cabin,Sanitary,Sliding Cabin,Master Bathroom,90x90 cm,High,8.4,Piece,Per_Master_Bathroom,1,Master Bathroom,True,8989,Sliding Cabin,Not Applicable,High: > 7542
GROHE,Shower Cabin,Sanitary,Sliding Cabin,Master Bathroom,90x90 cm,Medium,8.4,Piece,Per_Master_Bathroom,1,Master Bathroom,True,5338,Sliding Cabin,Not Applicable,Medium: 5006 - 7542
Roca,Rain Shower,Sanitary,Rain Shower,Master Bathroom,Chrome,Low,9.0,Set,Per_Master_Bathroom,1,Master Bathroom,True,4512,Rain Shower,Not Applicable,Low: <= 5006
Roca,Close Coupled Toilet,Sanitary,Floor Mounted,Bathroom,Ceramic,High,7.6,Piece,Per_Bathroom,1,Bathroom,False,7824,Floor Mounted,Not Applicable,High: > 7542
Ideal Standard,Shower Cabin,Sanitary,Sliding Cabin,Master Bathroom,90x90 cm,Medium,8.4,Piece,Per_Master_Bathroom,1,Master Bathroom,True,5295,Sliding Cabin,Not Applicable,Medium: 5006 - 7542
Ceramica Cleopatra,Wash Basin,Sanitary,Pedestal,Bathroom,60 cm,Low,7.4,Piece,Per_Bathroom,1,Bathroom,False,2506,Pedestal,Not Applicable,Low: <= 5006
Ceramica Cleopatra,Shower Cabin,Sanitary,Sliding Cabin,Master Bathroom,90x90 cm,High,8.4,Piece,Per_Master_Bathroom,1,Master Bathroom,True,8336,Sliding Cabin,Not Applicable,High: > 7542
Ceramica Cleopatra,Wash Basin,Sanitary,Pedestal,Bathroom,60 cm,Low,7.4,Piece,Per_Bathroom,1,Bathroom,False,2470,Pedestal,Not Applicable,Low: <= 5006
Lecico,Wash Basin,Sanitary,Pedestal,Bathroom,60 cm,Low,7.4,Piece,Per_Bathroom,1,Bathroom,False,3131,Pedestal,Not Applicable,Low: <= 5006
Ceramica Cleopatra,Wash Basin,Sanitary,Pedestal,Bathroom,60 cm,Low,7.4,Piece,Per_Bathroom,1,Bathroom,False,3195,Pedestal,Not Applicable,Low: <= 5006
Ideal Standard,Shower Cabin,Sanitary,Sliding Cabin,Master Bathroom,90x90 cm,High,8.4,Piece,Per_Master_Bathroom,1,Master Bathroom,True,7799,Sliding Cabin,Not Applicable,High: > 7542
Roca,Rain Shower,Sanitary,Rain Shower,Master Bathroom,Chrome,Medium,9.0,Set,Per_Master_Bathroom,1,Master Bathroom,True,6024,Rain Shower,Not Applicable,Medium: 5006 - 7542
Ceramica Cleopatra,Rain Shower,Sanitary,Rain Shower,Master Bathroom,Chrome,High,9.0,Set,Per_Master_Bathroom,1,Master Bathroom,True,8876,Rain Shower,Not Applicable,High: > 7542
Ideal Standard,Rain Shower,Sanitary,Rain Shower,Master Bathroom,Chrome,Medium,9.0,Set,Per_Master_Bathroom,1,Master Bathroom,True,6343,Rain Shower,Not Applicable,Medium: 5006 - 7542
Roca,Shower Cabin,Sanitary,Sliding Cabin,Master Bathroom,90x90 cm,Medium,8.4,Piece,Per_Master_Bathroom,1,Master Bathroom,True,5821,Sliding Cabin,Not Applicable,Medium: 5006 - 7542
Ceramica Cleopatra,Wash Basin,Sanitary,Pedestal,Bathroom,60 cm,Low,7.4,Piece,Per_Bathroom,1,Bathroom,False,4125,Pedestal,Not Applicable,Low: <= 5006
Ideal Standard,Rain Shower,Sanitary,Rain Shower,Master Bathroom,Chrome,High,9.0,Set,Per_Master_Bathroom,1,Master Bathroom,True,10674,Rain Shower,Not Applicable,High: > 7542
Ideal Standard,Wash Basin,Sanitary,Pedestal,Bathroom,60 cm,Low,7.4,Piece,Per_Bathroom,1,Bathroom,False,2023,Pedestal,Not Applicable,Low: <= 5006
Roca,Shower Cabin,Sanitary,Sliding Cabin,Master Bathroom,90x90 cm,Medium,8.4,Piece,Per_Master_Bathroom,1,Master Bathroom,True,6845,Sliding Cabin,Not Applicable,Medium: 5006 - 7542
